id_dis,territorio,id_tiempo,razon,numero_sociedades
1,Andalucía,202604,Voluntaria,300
2,Andalucía,202603,Voluntaria,395
3,Andalucía,202602,Voluntaria,442
4,Andalucía,202601,Voluntaria,668
5,Andalucía,202512,Voluntaria,507
6,Andalucía,202511,Voluntaria,423
7,Andalucía,202510,Voluntaria,299
8,Andalucía,202509,Voluntaria,241
9,Andalucía,202508,Voluntaria,190
10,Andalucía,202507,Voluntaria,234
11,Andalucía,202506,Voluntaria,217
12,Andalucía,202505,Voluntaria,288
13,Andalucía,202504,Voluntaria,250
14,Andalucía,202503,Voluntaria,319
15,Andalucía,202502,Voluntaria,357
16,Andalucía,202501,Voluntaria,609
17,Andalucía,202412,Voluntaria,493
18,Andalucía,202411,Voluntaria,366
19,Andalucía,202410,Voluntaria,305
20,Andalucía,202409,Voluntaria,235
21,Andalucía,202408,Voluntaria,171
22,Andalucía,202407,Voluntaria,242
23,Andalucía,202406,Voluntaria,207
24,Andalucía,202405,Voluntaria,218
25,Andalucía,202404,Voluntaria,284
26,Andalucía,202403,Voluntaria,301
27,Andalucía,202402,Voluntaria,374
28,Andalucía,202401,Voluntaria,568
29,Andalucía,202312,Voluntaria,386
30,Andalucía,202311,Voluntaria,304
31,Andalucía,202310,Voluntaria,224
32,Andalucía,202309,Voluntaria,195
33,Andalucía,202308,Voluntaria,163
34,Andalucía,202307,Voluntaria,217
35,Andalucía,202306,Voluntaria,227
36,Andalucía,202305,Voluntaria,241
37,Andalucía,202304,Voluntaria,197
38,Andalucía,202303,Voluntaria,374
39,Andalucía,202302,Voluntaria,296
40,Andalucía,202301,Voluntaria,478
41,Andalucía,202212,Voluntaria,440
42,Andalucía,202211,Voluntaria,338
43,Andalucía,202210,Voluntaria,191
44,Andalucía,202209,Voluntaria,205
45,Andalucía,202208,Voluntaria,169
46,Andalucía,202207,Voluntaria,184
47,Andalucía,202206,Voluntaria,219
48,Andalucía,202205,Voluntaria,234
49,Andalucía,202204,Voluntaria,195
50,Andalucía,202203,Voluntaria,319
51,Andalucía,202202,Voluntaria,371
52,Andalucía,202201,Voluntaria,497
53,Andalucía,202112,Voluntaria,401
54,Andalucía,202111,Voluntaria,268
55,Andalucía,202110,Voluntaria,209
56,Andalucía,202109,Voluntaria,143
57,Andalucía,202108,Voluntaria,176
58,Andalucía,202107,Voluntaria,181
59,Andalucía,202106,Voluntaria,220
60,Andalucía,202105,Voluntaria,222
61,Andalucía,202104,Voluntaria,233
62,Andalucía,202103,Voluntaria,281
63,Andalucía,202102,Voluntaria,289
64,Andalucía,202101,Voluntaria,357
65,Andalucía,202012,Voluntaria,328
66,Andalucía,202011,Voluntaria,247
67,Andalucía,202010,Voluntaria,206
68,Andalucía,202009,Voluntaria,177
69,Andalucía,202008,Voluntaria,125
70,Andalucía,202007,Voluntaria,139
71,Andalucía,202006,Voluntaria,135
72,Andalucía,202005,Voluntaria,54
73,Andalucía,202004,Voluntaria,61
74,Andalucía,202003,Voluntaria,211
75,Andalucía,202002,Voluntaria,334
76,Andalucía,202001,Voluntaria,411
77,Andalucía,201912,Voluntaria,307
78,Andalucía,201911,Voluntaria,225
79,Andalucía,201910,Voluntaria,215
80,Andalucía,201909,Voluntaria,152
81,Andalucía,201908,Voluntaria,135
82,Andalucía,201907,Voluntaria,159
83,Andalucía,201906,Voluntaria,175
84,Andalucía,201905,Voluntaria,182
85,Andalucía,201904,Voluntaria,195
86,Andalucía,201903,Voluntaria,260
87,Andalucía,201902,Voluntaria,306
88,Andalucía,201901,Voluntaria,449
89,Andalucía,201812,Voluntaria,322
90,Andalucía,201811,Voluntaria,231
91,Andalucía,201810,Voluntaria,207
92,Andalucía,201809,Voluntaria,141
93,Andalucía,201808,Voluntaria,138
94,Andalucía,201807,Voluntaria,135
95,Andalucía,201806,Voluntaria,153
96,Andalucía,201805,Voluntaria,167
97,Andalucía,201804,Voluntaria,199
98,Andalucía,201803,Voluntaria,218
99,Andalucía,201802,Voluntaria,273
100,Andalucía,201801,Voluntaria,433
101,Andalucía,201712,Voluntaria,325
102,Andalucía,201711,Voluntaria,245
103,Andalucía,201710,Voluntaria,154
104,Andalucía,201709,Voluntaria,132
105,Andalucía,201708,Voluntaria,158
106,Andalucía,201707,Voluntaria,147
107,Andalucía,201706,Voluntaria,187
108,Andalucía,201705,Voluntaria,190
109,Andalucía,201704,Voluntaria,151
110,Andalucía,201703,Voluntaria,295
111,Andalucía,201702,Voluntaria,309
112,Andalucía,201701,Voluntaria,398
113,Andalucía,201612,Voluntaria,287
114,Andalucía,201611,Voluntaria,207
115,Andalucía,201610,Voluntaria,156
116,Andalucía,201609,Voluntaria,131
117,Andalucía,201608,Voluntaria,128
118,Andalucía,201607,Voluntaria,188
119,Andalucía,201606,Voluntaria,231
120,Andalucía,201605,Voluntaria,152
121,Andalucía,201604,Voluntaria,176
122,Andalucía,201603,Voluntaria,214
123,Andalucía,201602,Voluntaria,244
124,Andalucía,201601,Voluntaria,342
125,Andalucía,201512,Voluntaria,253
126,Andalucía,201511,Voluntaria,203
127,Andalucía,201510,Voluntaria,127
128,Andalucía,201509,Voluntaria,141
129,Andalucía,201508,Voluntaria,141
130,Andalucía,201507,Voluntaria,134
131,Andalucía,201506,Voluntaria,133
132,Andalucía,201505,Voluntaria,164
133,Andalucía,201504,Voluntaria,158
134,Andalucía,201503,Voluntaria,201
135,Andalucía,201502,Voluntaria,215
136,Andalucía,201501,Voluntaria,365
137,Andalucía,201412,Voluntaria,224
138,Andalucía,201411,Voluntaria,194
139,Andalucía,201410,Voluntaria,183
140,Andalucía,201409,Voluntaria,160
141,Andalucía,201408,Voluntaria,135
142,Andalucía,201407,Voluntaria,156
143,Andalucía,201406,Voluntaria,126
144,Andalucía,201405,Voluntaria,158
145,Andalucía,201404,Voluntaria,177
146,Andalucía,201403,Voluntaria,203
147,Andalucía,201402,Voluntaria,226
148,Andalucía,201401,Voluntaria,345
149,Andalucía,201312,Voluntaria,265
150,Andalucía,201311,Voluntaria,199
151,Andalucía,201310,Voluntaria,229
152,Andalucía,201309,Voluntaria,174
153,Andalucía,201308,Voluntaria,146
154,Andalucía,201307,Voluntaria,187
155,Andalucía,201306,Voluntaria,153
156,Andalucía,201305,Voluntaria,234
157,Andalucía,201304,Voluntaria,237
158,Andalucía,201303,Voluntaria,214
159,Andalucía,201302,Voluntaria,272
160,Andalucía,201301,Voluntaria,443
161,Andalucía,201212,Voluntaria,285
162,Andalucía,201211,Voluntaria,212
163,Andalucía,201210,Voluntaria,193
164,Andalucía,201209,Voluntaria,145
165,Andalucía,201208,Voluntaria,167
166,Andalucía,201207,Voluntaria,154
167,Andalucía,201206,Voluntaria,169
168,Andalucía,201205,Voluntaria,181
169,Andalucía,201204,Voluntaria,176
170,Andalucía,201203,Voluntaria,252
171,Andalucía,201202,Voluntaria,311
172,Andalucía,201201,Voluntaria,419
173,Andalucía,201112,Voluntaria,302
174,Andalucía,201111,Voluntaria,179
175,Andalucía,201110,Voluntaria,186
176,Andalucía,201109,Voluntaria,167
177,Andalucía,201108,Voluntaria,131
178,Andalucía,201107,Voluntaria,127
179,Andalucía,201106,Voluntaria,171
180,Andalucía,201105,Voluntaria,201
181,Andalucía,201104,Voluntaria,149
182,Andalucía,201103,Voluntaria,244
183,Andalucía,201102,Voluntaria,220
184,Andalucía,201101,Voluntaria,332
185,Andalucía,201012,Voluntaria,273
186,Andalucía,201011,Voluntaria,196
187,Andalucía,201010,Voluntaria,144
188,Andalucía,201009,Voluntaria,154
189,Andalucía,201008,Voluntaria,121
190,Andalucía,201007,Voluntaria,166
191,Andalucía,201006,Voluntaria,155
192,Andalucía,201005,Voluntaria,302
193,Andalucía,201004,Voluntaria,149
194,Andalucía,201003,Voluntaria,219
195,Andalucía,201002,Voluntaria,232
196,Andalucía,201001,Voluntaria,319
197,Andalucía,200912,Voluntaria,271
198,Andalucía,200911,Voluntaria,172
199,Andalucía,200910,Voluntaria,148
200,Andalucía,200909,Voluntaria,137
201,Andalucía,200908,Voluntaria,112
202,Andalucía,200907,Voluntaria,111
203,Andalucía,200906,Voluntaria,199
204,Andalucía,200905,Voluntaria,146
205,Andalucía,200904,Voluntaria,159
206,Andalucía,200903,Voluntaria,314
207,Andalucía,200902,Voluntaria,382
208,Andalucía,200901,Voluntaria,336
209,Andalucía,200812,Voluntaria,244
210,Andalucía,200811,Voluntaria,230
211,Andalucía,200810,Voluntaria,169
212,Andalucía,200809,Voluntaria,186
213,Andalucía,200808,Voluntaria,105
214,Andalucía,200807,Voluntaria,117
215,Andalucía,200806,Voluntaria,126
216,Andalucía,200805,Voluntaria,144
217,Andalucía,200804,Voluntaria,180
218,Andalucía,200803,Voluntaria,178
219,Andalucía,200802,Voluntaria,259
220,Andalucía,200801,Voluntaria,346
221,Aragón,202604,Voluntaria,53
222,Aragón,202603,Voluntaria,58
223,Aragón,202602,Voluntaria,75
224,Aragón,202601,Voluntaria,110
225,Aragón,202512,Voluntaria,144
226,Aragón,202511,Voluntaria,77
227,Aragón,202510,Voluntaria,58
228,Aragón,202509,Voluntaria,26
229,Aragón,202508,Voluntaria,33
230,Aragón,202507,Voluntaria,26
231,Aragón,202506,Voluntaria,38
232,Aragón,202505,Voluntaria,51
233,Aragón,202504,Voluntaria,44
234,Aragón,202503,Voluntaria,51
235,Aragón,202502,Voluntaria,66
236,Aragón,202501,Voluntaria,115
237,Aragón,202412,Voluntaria,142
238,Aragón,202411,Voluntaria,63
239,Aragón,202410,Voluntaria,46
240,Aragón,202409,Voluntaria,38
241,Aragón,202408,Voluntaria,36
242,Aragón,202407,Voluntaria,23
243,Aragón,202406,Voluntaria,38
244,Aragón,202405,Voluntaria,35
245,Aragón,202404,Voluntaria,38
246,Aragón,202403,Voluntaria,48
247,Aragón,202402,Voluntaria,59
248,Aragón,202401,Voluntaria,142
249,Aragón,202312,Voluntaria,127
250,Aragón,202311,Voluntaria,69
251,Aragón,202310,Voluntaria,40
252,Aragón,202309,Voluntaria,25
253,Aragón,202308,Voluntaria,37
254,Aragón,202307,Voluntaria,26
255,Aragón,202306,Voluntaria,43
256,Aragón,202305,Voluntaria,38
257,Aragón,202304,Voluntaria,32
258,Aragón,202303,Voluntaria,71
259,Aragón,202302,Voluntaria,77
260,Aragón,202301,Voluntaria,103
261,Aragón,202212,Voluntaria,107
262,Aragón,202211,Voluntaria,71
263,Aragón,202210,Voluntaria,51
264,Aragón,202209,Voluntaria,31
265,Aragón,202208,Voluntaria,34
266,Aragón,202207,Voluntaria,33
267,Aragón,202206,Voluntaria,40
268,Aragón,202205,Voluntaria,36
269,Aragón,202204,Voluntaria,32
270,Aragón,202203,Voluntaria,52
271,Aragón,202202,Voluntaria,71
272,Aragón,202201,Voluntaria,107
273,Aragón,202112,Voluntaria,102
274,Aragón,202111,Voluntaria,94
275,Aragón,202110,Voluntaria,23
276,Aragón,202109,Voluntaria,31
277,Aragón,202108,Voluntaria,33
278,Aragón,202107,Voluntaria,30
279,Aragón,202106,Voluntaria,32
280,Aragón,202105,Voluntaria,51
281,Aragón,202104,Voluntaria,39
282,Aragón,202103,Voluntaria,48
283,Aragón,202102,Voluntaria,80
284,Aragón,202101,Voluntaria,82
285,Aragón,202012,Voluntaria,103
286,Aragón,202011,Voluntaria,63
287,Aragón,202010,Voluntaria,30
288,Aragón,202009,Voluntaria,37
289,Aragón,202008,Voluntaria,21
290,Aragón,202007,Voluntaria,26
291,Aragón,202006,Voluntaria,34
292,Aragón,202005,Voluntaria,14
293,Aragón,202004,Voluntaria,9
294,Aragón,202003,Voluntaria,33
295,Aragón,202002,Voluntaria,66
296,Aragón,202001,Voluntaria,120
297,Aragón,201912,Voluntaria,128
298,Aragón,201911,Voluntaria,69
299,Aragón,201910,Voluntaria,44
300,Aragón,201909,Voluntaria,27
301,Aragón,201908,Voluntaria,44
302,Aragón,201907,Voluntaria,33
303,Aragón,201906,Voluntaria,28
304,Aragón,201905,Voluntaria,29
305,Aragón,201904,Voluntaria,46
306,Aragón,201903,Voluntaria,49
307,Aragón,201902,Voluntaria,60
308,Aragón,201901,Voluntaria,112
309,Aragón,201812,Voluntaria,131
310,Aragón,201811,Voluntaria,61
311,Aragón,201810,Voluntaria,37
312,Aragón,201809,Voluntaria,19
313,Aragón,201808,Voluntaria,30
314,Aragón,201807,Voluntaria,28
315,Aragón,201806,Voluntaria,35
316,Aragón,201805,Voluntaria,32
317,Aragón,201804,Voluntaria,41
318,Aragón,201803,Voluntaria,34
319,Aragón,201802,Voluntaria,81
320,Aragón,201801,Voluntaria,125
321,Aragón,201712,Voluntaria,82
322,Aragón,201711,Voluntaria,40
323,Aragón,201710,Voluntaria,27
324,Aragón,201709,Voluntaria,22
325,Aragón,201708,Voluntaria,40
326,Aragón,201707,Voluntaria,35
327,Aragón,201706,Voluntaria,32
328,Aragón,201705,Voluntaria,47
329,Aragón,201704,Voluntaria,35
330,Aragón,201703,Voluntaria,55
331,Aragón,201702,Voluntaria,74
332,Aragón,201701,Voluntaria,142
333,Aragón,201612,Voluntaria,84
334,Aragón,201611,Voluntaria,66
335,Aragón,201610,Voluntaria,24
336,Aragón,201609,Voluntaria,32
337,Aragón,201608,Voluntaria,28
338,Aragón,201607,Voluntaria,27
339,Aragón,201606,Voluntaria,35
340,Aragón,201605,Voluntaria,37
341,Aragón,201604,Voluntaria,36
342,Aragón,201603,Voluntaria,46
343,Aragón,201602,Voluntaria,100
344,Aragón,201601,Voluntaria,69
345,Aragón,201512,Voluntaria,80
346,Aragón,201511,Voluntaria,47
347,Aragón,201510,Voluntaria,29
348,Aragón,201509,Voluntaria,28
349,Aragón,201508,Voluntaria,43
350,Aragón,201507,Voluntaria,35
351,Aragón,201506,Voluntaria,33
352,Aragón,201505,Voluntaria,24
353,Aragón,201504,Voluntaria,28
354,Aragón,201503,Voluntaria,34
355,Aragón,201502,Voluntaria,54
356,Aragón,201501,Voluntaria,93
357,Aragón,201412,Voluntaria,53
358,Aragón,201411,Voluntaria,63
359,Aragón,201410,Voluntaria,40
360,Aragón,201409,Voluntaria,30
361,Aragón,201408,Voluntaria,37
362,Aragón,201407,Voluntaria,39
363,Aragón,201406,Voluntaria,33
364,Aragón,201405,Voluntaria,28
365,Aragón,201404,Voluntaria,33
366,Aragón,201403,Voluntaria,47
367,Aragón,201402,Voluntaria,81
368,Aragón,201401,Voluntaria,84
369,Aragón,201312,Voluntaria,110
370,Aragón,201311,Voluntaria,35
371,Aragón,201310,Voluntaria,55
372,Aragón,201309,Voluntaria,30
373,Aragón,201308,Voluntaria,27
374,Aragón,201307,Voluntaria,50
375,Aragón,201306,Voluntaria,48
376,Aragón,201305,Voluntaria,48
377,Aragón,201304,Voluntaria,51
378,Aragón,201303,Voluntaria,48
379,Aragón,201302,Voluntaria,77
380,Aragón,201301,Voluntaria,99
381,Aragón,201212,Voluntaria,82
382,Aragón,201211,Voluntaria,26
383,Aragón,201210,Voluntaria,31
384,Aragón,201209,Voluntaria,32
385,Aragón,201208,Voluntaria,32
386,Aragón,201207,Voluntaria,31
387,Aragón,201206,Voluntaria,50
388,Aragón,201205,Voluntaria,48
389,Aragón,201204,Voluntaria,45
390,Aragón,201203,Voluntaria,63
391,Aragón,201202,Voluntaria,80
392,Aragón,201201,Voluntaria,113
393,Aragón,201112,Voluntaria,64
394,Aragón,201111,Voluntaria,55
395,Aragón,201110,Voluntaria,32
396,Aragón,201109,Voluntaria,32
397,Aragón,201108,Voluntaria,40
398,Aragón,201107,Voluntaria,38
399,Aragón,201106,Voluntaria,29
400,Aragón,201105,Voluntaria,24
401,Aragón,201104,Voluntaria,37
402,Aragón,201103,Voluntaria,48
403,Aragón,201102,Voluntaria,66
404,Aragón,201101,Voluntaria,84
405,Aragón,201012,Voluntaria,69
406,Aragón,201011,Voluntaria,57
407,Aragón,201010,Voluntaria,34
408,Aragón,201009,Voluntaria,25
409,Aragón,201008,Voluntaria,33
410,Aragón,201007,Voluntaria,32
411,Aragón,201006,Voluntaria,27
412,Aragón,201005,Voluntaria,33
413,Aragón,201004,Voluntaria,31
414,Aragón,201003,Voluntaria,51
415,Aragón,201002,Voluntaria,83
416,Aragón,201001,Voluntaria,89
417,Aragón,200912,Voluntaria,83
418,Aragón,200911,Voluntaria,50
419,Aragón,200910,Voluntaria,19
420,Aragón,200909,Voluntaria,43
421,Aragón,200908,Voluntaria,29
422,Aragón,200907,Voluntaria,27
423,Aragón,200906,Voluntaria,31
424,Aragón,200905,Voluntaria,37
425,Aragón,200904,Voluntaria,46
426,Aragón,200903,Voluntaria,45
427,Aragón,200902,Voluntaria,58
428,Aragón,200901,Voluntaria,84
429,Aragón,200812,Voluntaria,94
430,Aragón,200811,Voluntaria,87
431,Aragón,200810,Voluntaria,33
432,Aragón,200809,Voluntaria,30
433,Aragón,200808,Voluntaria,36
434,Aragón,200807,Voluntaria,25
435,Aragón,200806,Voluntaria,18
436,Aragón,200805,Voluntaria,33
437,Aragón,200804,Voluntaria,35
438,Aragón,200803,Voluntaria,48
439,Aragón,200802,Voluntaria,67
440,Aragón,200801,Voluntaria,92
441,"Asturias, Principado de",202604,Voluntaria,28
442,"Asturias, Principado de",202603,Voluntaria,29
443,"Asturias, Principado de",202602,Voluntaria,51
444,"Asturias, Principado de",202601,Voluntaria,76
445,"Asturias, Principado de",202512,Voluntaria,57
446,"Asturias, Principado de",202511,Voluntaria,30
447,"Asturias, Principado de",202510,Voluntaria,35
448,"Asturias, Principado de",202509,Voluntaria,14
449,"Asturias, Principado de",202508,Voluntaria,64
450,"Asturias, Principado de",202507,Voluntaria,17
451,"Asturias, Principado de",202506,Voluntaria,16
452,"Asturias, Principado de",202505,Voluntaria,27
453,"Asturias, Principado de",202504,Voluntaria,28
454,"Asturias, Principado de",202503,Voluntaria,32
455,"Asturias, Principado de",202502,Voluntaria,51
456,"Asturias, Principado de",202501,Voluntaria,69
457,"Asturias, Principado de",202412,Voluntaria,32
458,"Asturias, Principado de",202411,Voluntaria,31
459,"Asturias, Principado de",202410,Voluntaria,29
460,"Asturias, Principado de",202409,Voluntaria,20
461,"Asturias, Principado de",202408,Voluntaria,20
462,"Asturias, Principado de",202407,Voluntaria,28
463,"Asturias, Principado de",202406,Voluntaria,20
464,"Asturias, Principado de",202405,Voluntaria,27
465,"Asturias, Principado de",202404,Voluntaria,22
466,"Asturias, Principado de",202403,Voluntaria,25
467,"Asturias, Principado de",202402,Voluntaria,39
468,"Asturias, Principado de",202401,Voluntaria,64
469,"Asturias, Principado de",202312,Voluntaria,53
470,"Asturias, Principado de",202311,Voluntaria,29
471,"Asturias, Principado de",202310,Voluntaria,30
472,"Asturias, Principado de",202309,Voluntaria,17
473,"Asturias, Principado de",202308,Voluntaria,18
474,"Asturias, Principado de",202307,Voluntaria,20
475,"Asturias, Principado de",202306,Voluntaria,22
476,"Asturias, Principado de",202305,Voluntaria,12
477,"Asturias, Principado de",202304,Voluntaria,13
478,"Asturias, Principado de",202303,Voluntaria,32
479,"Asturias, Principado de",202302,Voluntaria,34
480,"Asturias, Principado de",202301,Voluntaria,70
481,"Asturias, Principado de",202212,Voluntaria,54
482,"Asturias, Principado de",202211,Voluntaria,49
483,"Asturias, Principado de",202210,Voluntaria,28
484,"Asturias, Principado de",202209,Voluntaria,19
485,"Asturias, Principado de",202208,Voluntaria,19
486,"Asturias, Principado de",202207,Voluntaria,28
487,"Asturias, Principado de",202206,Voluntaria,20
488,"Asturias, Principado de",202205,Voluntaria,29
489,"Asturias, Principado de",202204,Voluntaria,24
490,"Asturias, Principado de",202203,Voluntaria,29
491,"Asturias, Principado de",202202,Voluntaria,22
492,"Asturias, Principado de",202201,Voluntaria,64
493,"Asturias, Principado de",202112,Voluntaria,60
494,"Asturias, Principado de",202111,Voluntaria,31
495,"Asturias, Principado de",202110,Voluntaria,29
496,"Asturias, Principado de",202109,Voluntaria,22
497,"Asturias, Principado de",202108,Voluntaria,14
498,"Asturias, Principado de",202107,Voluntaria,18
499,"Asturias, Principado de",202106,Voluntaria,25
500,"Asturias, Principado de",202105,Voluntaria,15
501,"Asturias, Principado de",202104,Voluntaria,25
502,"Asturias, Principado de",202103,Voluntaria,16
503,"Asturias, Principado de",202102,Voluntaria,43
504,"Asturias, Principado de",202101,Voluntaria,76
505,"Asturias, Principado de",202012,Voluntaria,30
506,"Asturias, Principado de",202011,Voluntaria,18
507,"Asturias, Principado de",202010,Voluntaria,16
508,"Asturias, Principado de",202009,Voluntaria,18
509,"Asturias, Principado de",202008,Voluntaria,16
510,"Asturias, Principado de",202007,Voluntaria,15
511,"Asturias, Principado de",202006,Voluntaria,12
512,"Asturias, Principado de",202005,Voluntaria,3
513,"Asturias, Principado de",202004,Voluntaria,5
514,"Asturias, Principado de",202003,Voluntaria,19
515,"Asturias, Principado de",202002,Voluntaria,27
516,"Asturias, Principado de",202001,Voluntaria,69
517,"Asturias, Principado de",201912,Voluntaria,43
518,"Asturias, Principado de",201911,Voluntaria,23
519,"Asturias, Principado de",201910,Voluntaria,23
520,"Asturias, Principado de",201909,Voluntaria,16
521,"Asturias, Principado de",201908,Voluntaria,14
522,"Asturias, Principado de",201907,Voluntaria,23
523,"Asturias, Principado de",201906,Voluntaria,16
524,"Asturias, Principado de",201905,Voluntaria,19
525,"Asturias, Principado de",201904,Voluntaria,21
526,"Asturias, Principado de",201903,Voluntaria,27
527,"Asturias, Principado de",201902,Voluntaria,41
528,"Asturias, Principado de",201901,Voluntaria,62
529,"Asturias, Principado de",201812,Voluntaria,43
530,"Asturias, Principado de",201811,Voluntaria,39
531,"Asturias, Principado de",201810,Voluntaria,32
532,"Asturias, Principado de",201809,Voluntaria,19
533,"Asturias, Principado de",201808,Voluntaria,15
534,"Asturias, Principado de",201807,Voluntaria,19
535,"Asturias, Principado de",201806,Voluntaria,17
536,"Asturias, Principado de",201805,Voluntaria,18
537,"Asturias, Principado de",201804,Voluntaria,24
538,"Asturias, Principado de",201803,Voluntaria,33
539,"Asturias, Principado de",201802,Voluntaria,47
540,"Asturias, Principado de",201801,Voluntaria,60
541,"Asturias, Principado de",201712,Voluntaria,40
542,"Asturias, Principado de",201711,Voluntaria,25
543,"Asturias, Principado de",201710,Voluntaria,25
544,"Asturias, Principado de",201709,Voluntaria,15
545,"Asturias, Principado de",201708,Voluntaria,14
546,"Asturias, Principado de",201707,Voluntaria,15
547,"Asturias, Principado de",201706,Voluntaria,23
548,"Asturias, Principado de",201705,Voluntaria,32
549,"Asturias, Principado de",201704,Voluntaria,15
550,"Asturias, Principado de",201703,Voluntaria,38
551,"Asturias, Principado de",201702,Voluntaria,43
552,"Asturias, Principado de",201701,Voluntaria,62
553,"Asturias, Principado de",201612,Voluntaria,46
554,"Asturias, Principado de",201611,Voluntaria,41
555,"Asturias, Principado de",201610,Voluntaria,27
556,"Asturias, Principado de",201609,Voluntaria,14
557,"Asturias, Principado de",201608,Voluntaria,14
558,"Asturias, Principado de",201607,Voluntaria,11
559,"Asturias, Principado de",201606,Voluntaria,20
560,"Asturias, Principado de",201605,Voluntaria,22
561,"Asturias, Principado de",201604,Voluntaria,27
562,"Asturias, Principado de",201603,Voluntaria,22
563,"Asturias, Principado de",201602,Voluntaria,29
564,"Asturias, Principado de",201601,Voluntaria,51
565,"Asturias, Principado de",201512,Voluntaria,43
566,"Asturias, Principado de",201511,Voluntaria,18
567,"Asturias, Principado de",201510,Voluntaria,15
568,"Asturias, Principado de",201509,Voluntaria,11
569,"Asturias, Principado de",201508,Voluntaria,14
570,"Asturias, Principado de",201507,Voluntaria,13
571,"Asturias, Principado de",201506,Voluntaria,19
572,"Asturias, Principado de",201505,Voluntaria,18
573,"Asturias, Principado de",201504,Voluntaria,23
574,"Asturias, Principado de",201503,Voluntaria,34
575,"Asturias, Principado de",201502,Voluntaria,26
576,"Asturias, Principado de",201501,Voluntaria,57
577,"Asturias, Principado de",201412,Voluntaria,41
578,"Asturias, Principado de",201411,Voluntaria,38
579,"Asturias, Principado de",201410,Voluntaria,22
580,"Asturias, Principado de",201409,Voluntaria,15
581,"Asturias, Principado de",201408,Voluntaria,17
582,"Asturias, Principado de",201407,Voluntaria,20
583,"Asturias, Principado de",201406,Voluntaria,3
584,"Asturias, Principado de",201405,Voluntaria,23
585,"Asturias, Principado de",201404,Voluntaria,17
586,"Asturias, Principado de",201403,Voluntaria,36
587,"Asturias, Principado de",201402,Voluntaria,27
588,"Asturias, Principado de",201401,Voluntaria,47
589,"Asturias, Principado de",201312,Voluntaria,45
590,"Asturias, Principado de",201311,Voluntaria,27
591,"Asturias, Principado de",201310,Voluntaria,46
592,"Asturias, Principado de",201309,Voluntaria,20
593,"Asturias, Principado de",201308,Voluntaria,19
594,"Asturias, Principado de",201307,Voluntaria,17
595,"Asturias, Principado de",201306,Voluntaria,17
596,"Asturias, Principado de",201305,Voluntaria,32
597,"Asturias, Principado de",201304,Voluntaria,33
598,"Asturias, Principado de",201303,Voluntaria,29
599,"Asturias, Principado de",201302,Voluntaria,40
600,"Asturias, Principado de",201301,Voluntaria,56
601,"Asturias, Principado de",201212,Voluntaria,41
602,"Asturias, Principado de",201211,Voluntaria,24
603,"Asturias, Principado de",201210,Voluntaria,27
604,"Asturias, Principado de",201209,Voluntaria,10
605,"Asturias, Principado de",201208,Voluntaria,17
606,"Asturias, Principado de",201207,Voluntaria,21
607,"Asturias, Principado de",201206,Voluntaria,20
608,"Asturias, Principado de",201205,Voluntaria,21
609,"Asturias, Principado de",201204,Voluntaria,24
610,"Asturias, Principado de",201203,Voluntaria,27
611,"Asturias, Principado de",201202,Voluntaria,29
612,"Asturias, Principado de",201201,Voluntaria,59
613,"Asturias, Principado de",201112,Voluntaria,29
614,"Asturias, Principado de",201111,Voluntaria,23
615,"Asturias, Principado de",201110,Voluntaria,19
616,"Asturias, Principado de",201109,Voluntaria,12
617,"Asturias, Principado de",201108,Voluntaria,15
618,"Asturias, Principado de",201107,Voluntaria,13
619,"Asturias, Principado de",201106,Voluntaria,13
620,"Asturias, Principado de",201105,Voluntaria,20
621,"Asturias, Principado de",201104,Voluntaria,9
622,"Asturias, Principado de",201103,Voluntaria,29
623,"Asturias, Principado de",201102,Voluntaria,28
624,"Asturias, Principado de",201101,Voluntaria,51
625,"Asturias, Principado de",201012,Voluntaria,40
626,"Asturias, Principado de",201011,Voluntaria,20
627,"Asturias, Principado de",201010,Voluntaria,20
628,"Asturias, Principado de",201009,Voluntaria,13
629,"Asturias, Principado de",201008,Voluntaria,10
630,"Asturias, Principado de",201007,Voluntaria,15
631,"Asturias, Principado de",201006,Voluntaria,12
632,"Asturias, Principado de",201005,Voluntaria,12
633,"Asturias, Principado de",201004,Voluntaria,21
634,"Asturias, Principado de",201003,Voluntaria,26
635,"Asturias, Principado de",201002,Voluntaria,35
636,"Asturias, Principado de",201001,Voluntaria,45
637,"Asturias, Principado de",200912,Voluntaria,42
638,"Asturias, Principado de",200911,Voluntaria,21
639,"Asturias, Principado de",200910,Voluntaria,17
640,"Asturias, Principado de",200909,Voluntaria,18
641,"Asturias, Principado de",200908,Voluntaria,18
642,"Asturias, Principado de",200907,Voluntaria,32
643,"Asturias, Principado de",200906,Voluntaria,24
644,"Asturias, Principado de",200905,Voluntaria,15
645,"Asturias, Principado de",200904,Voluntaria,18
646,"Asturias, Principado de",200903,Voluntaria,30
647,"Asturias, Principado de",200902,Voluntaria,46
648,"Asturias, Principado de",200901,Voluntaria,41
649,"Asturias, Principado de",200812,Voluntaria,25
650,"Asturias, Principado de",200811,Voluntaria,39
651,"Asturias, Principado de",200810,Voluntaria,30
652,"Asturias, Principado de",200809,Voluntaria,15
653,"Asturias, Principado de",200808,Voluntaria,8
654,"Asturias, Principado de",200807,Voluntaria,8
655,"Asturias, Principado de",200806,Voluntaria,8
656,"Asturias, Principado de",200805,Voluntaria,19
657,"Asturias, Principado de",200804,Voluntaria,25
658,"Asturias, Principado de",200803,Voluntaria,21
659,"Asturias, Principado de",200802,Voluntaria,42
660,"Asturias, Principado de",200801,Voluntaria,89
661,"Balears, Illes",202604,Voluntaria,67
662,"Balears, Illes",202603,Voluntaria,80
663,"Balears, Illes",202602,Voluntaria,93
664,"Balears, Illes",202601,Voluntaria,134
665,"Balears, Illes",202512,Voluntaria,149
666,"Balears, Illes",202511,Voluntaria,95
667,"Balears, Illes",202510,Voluntaria,101
668,"Balears, Illes",202509,Voluntaria,64
669,"Balears, Illes",202508,Voluntaria,40
670,"Balears, Illes",202507,Voluntaria,64
671,"Balears, Illes",202506,Voluntaria,72
672,"Balears, Illes",202505,Voluntaria,77
673,"Balears, Illes",202504,Voluntaria,59
674,"Balears, Illes",202503,Voluntaria,68
675,"Balears, Illes",202502,Voluntaria,100
676,"Balears, Illes",202501,Voluntaria,148
677,"Balears, Illes",202412,Voluntaria,117
678,"Balears, Illes",202411,Voluntaria,76
679,"Balears, Illes",202410,Voluntaria,70
680,"Balears, Illes",202409,Voluntaria,66
681,"Balears, Illes",202408,Voluntaria,69
682,"Balears, Illes",202407,Voluntaria,56
683,"Balears, Illes",202406,Voluntaria,55
684,"Balears, Illes",202405,Voluntaria,50
685,"Balears, Illes",202404,Voluntaria,66
686,"Balears, Illes",202403,Voluntaria,61
687,"Balears, Illes",202402,Voluntaria,106
688,"Balears, Illes",202401,Voluntaria,179
689,"Balears, Illes",202312,Voluntaria,97
690,"Balears, Illes",202311,Voluntaria,69
691,"Balears, Illes",202310,Voluntaria,71
692,"Balears, Illes",202309,Voluntaria,58
693,"Balears, Illes",202308,Voluntaria,44
694,"Balears, Illes",202307,Voluntaria,38
695,"Balears, Illes",202306,Voluntaria,58
696,"Balears, Illes",202305,Voluntaria,74
697,"Balears, Illes",202304,Voluntaria,65
698,"Balears, Illes",202303,Voluntaria,86
699,"Balears, Illes",202302,Voluntaria,103
700,"Balears, Illes",202301,Voluntaria,184
701,"Balears, Illes",202212,Voluntaria,128
702,"Balears, Illes",202211,Voluntaria,86
703,"Balears, Illes",202210,Voluntaria,69
704,"Balears, Illes",202209,Voluntaria,51
705,"Balears, Illes",202208,Voluntaria,58
706,"Balears, Illes",202207,Voluntaria,33
707,"Balears, Illes",202206,Voluntaria,60
708,"Balears, Illes",202205,Voluntaria,42
709,"Balears, Illes",202204,Voluntaria,56
710,"Balears, Illes",202203,Voluntaria,72
711,"Balears, Illes",202202,Voluntaria,103
712,"Balears, Illes",202201,Voluntaria,155
713,"Balears, Illes",202112,Voluntaria,120
714,"Balears, Illes",202111,Voluntaria,70
715,"Balears, Illes",202110,Voluntaria,63
716,"Balears, Illes",202109,Voluntaria,52
717,"Balears, Illes",202108,Voluntaria,46
718,"Balears, Illes",202107,Voluntaria,43
719,"Balears, Illes",202106,Voluntaria,55
720,"Balears, Illes",202105,Voluntaria,49
721,"Balears, Illes",202104,Voluntaria,52
722,"Balears, Illes",202103,Voluntaria,60
723,"Balears, Illes",202102,Voluntaria,109
724,"Balears, Illes",202101,Voluntaria,135
725,"Balears, Illes",202012,Voluntaria,114
726,"Balears, Illes",202011,Voluntaria,70
727,"Balears, Illes",202010,Voluntaria,58
728,"Balears, Illes",202009,Voluntaria,60
729,"Balears, Illes",202008,Voluntaria,50
730,"Balears, Illes",202007,Voluntaria,57
731,"Balears, Illes",202006,Voluntaria,45
732,"Balears, Illes",202005,Voluntaria,26
733,"Balears, Illes",202004,Voluntaria,31
734,"Balears, Illes",202003,Voluntaria,46
735,"Balears, Illes",202002,Voluntaria,67
736,"Balears, Illes",202001,Voluntaria,122
737,"Balears, Illes",201912,Voluntaria,112
738,"Balears, Illes",201911,Voluntaria,108
739,"Balears, Illes",201910,Voluntaria,69
740,"Balears, Illes",201909,Voluntaria,48
741,"Balears, Illes",201908,Voluntaria,51
742,"Balears, Illes",201907,Voluntaria,56
743,"Balears, Illes",201906,Voluntaria,59
744,"Balears, Illes",201905,Voluntaria,75
745,"Balears, Illes",201904,Voluntaria,36
746,"Balears, Illes",201903,Voluntaria,54
747,"Balears, Illes",201902,Voluntaria,87
748,"Balears, Illes",201901,Voluntaria,143
749,"Balears, Illes",201812,Voluntaria,90
750,"Balears, Illes",201811,Voluntaria,81
751,"Balears, Illes",201810,Voluntaria,72
752,"Balears, Illes",201809,Voluntaria,53
753,"Balears, Illes",201808,Voluntaria,50
754,"Balears, Illes",201807,Voluntaria,52
755,"Balears, Illes",201806,Voluntaria,38
756,"Balears, Illes",201805,Voluntaria,81
757,"Balears, Illes",201804,Voluntaria,56
758,"Balears, Illes",201803,Voluntaria,62
759,"Balears, Illes",201802,Voluntaria,128
760,"Balears, Illes",201801,Voluntaria,170
761,"Balears, Illes",201712,Voluntaria,102
762,"Balears, Illes",201711,Voluntaria,89
763,"Balears, Illes",201710,Voluntaria,57
764,"Balears, Illes",201709,Voluntaria,33
765,"Balears, Illes",201708,Voluntaria,58
766,"Balears, Illes",201707,Voluntaria,42
767,"Balears, Illes",201706,Voluntaria,58
768,"Balears, Illes",201705,Voluntaria,51
769,"Balears, Illes",201704,Voluntaria,46
770,"Balears, Illes",201703,Voluntaria,61
771,"Balears, Illes",201702,Voluntaria,74
772,"Balears, Illes",201701,Voluntaria,133
773,"Balears, Illes",201612,Voluntaria,129
774,"Balears, Illes",201611,Voluntaria,63
775,"Balears, Illes",201610,Voluntaria,45
776,"Balears, Illes",201609,Voluntaria,38
777,"Balears, Illes",201608,Voluntaria,25
778,"Balears, Illes",201607,Voluntaria,41
779,"Balears, Illes",201606,Voluntaria,37
780,"Balears, Illes",201605,Voluntaria,49
781,"Balears, Illes",201604,Voluntaria,35
782,"Balears, Illes",201603,Voluntaria,54
783,"Balears, Illes",201602,Voluntaria,81
784,"Balears, Illes",201601,Voluntaria,116
785,"Balears, Illes",201512,Voluntaria,85
786,"Balears, Illes",201511,Voluntaria,54
787,"Balears, Illes",201510,Voluntaria,38
788,"Balears, Illes",201509,Voluntaria,37
789,"Balears, Illes",201508,Voluntaria,34
790,"Balears, Illes",201507,Voluntaria,32
791,"Balears, Illes",201506,Voluntaria,44
792,"Balears, Illes",201505,Voluntaria,51
793,"Balears, Illes",201504,Voluntaria,31
794,"Balears, Illes",201503,Voluntaria,56
795,"Balears, Illes",201502,Voluntaria,69
796,"Balears, Illes",201501,Voluntaria,101
797,"Balears, Illes",201412,Voluntaria,64
798,"Balears, Illes",201411,Voluntaria,62
799,"Balears, Illes",201410,Voluntaria,39
800,"Balears, Illes",201409,Voluntaria,35
801,"Balears, Illes",201408,Voluntaria,27
802,"Balears, Illes",201407,Voluntaria,31
803,"Balears, Illes",201406,Voluntaria,43
804,"Balears, Illes",201405,Voluntaria,39
805,"Balears, Illes",201404,Voluntaria,31
806,"Balears, Illes",201403,Voluntaria,53
807,"Balears, Illes",201402,Voluntaria,69
808,"Balears, Illes",201401,Voluntaria,126
809,"Balears, Illes",201312,Voluntaria,82
810,"Balears, Illes",201311,Voluntaria,46
811,"Balears, Illes",201310,Voluntaria,41
812,"Balears, Illes",201309,Voluntaria,28
813,"Balears, Illes",201308,Voluntaria,32
814,"Balears, Illes",201307,Voluntaria,52
815,"Balears, Illes",201306,Voluntaria,41
816,"Balears, Illes",201305,Voluntaria,46
817,"Balears, Illes",201304,Voluntaria,56
818,"Balears, Illes",201303,Voluntaria,49
819,"Balears, Illes",201302,Voluntaria,71
820,"Balears, Illes",201301,Voluntaria,113
821,"Balears, Illes",201212,Voluntaria,93
822,"Balears, Illes",201211,Voluntaria,60
823,"Balears, Illes",201210,Voluntaria,50
824,"Balears, Illes",201209,Voluntaria,20
825,"Balears, Illes",201208,Voluntaria,41
826,"Balears, Illes",201207,Voluntaria,37
827,"Balears, Illes",201206,Voluntaria,39
828,"Balears, Illes",201205,Voluntaria,53
829,"Balears, Illes",201204,Voluntaria,29
830,"Balears, Illes",201203,Voluntaria,54
831,"Balears, Illes",201202,Voluntaria,45
832,"Balears, Illes",201201,Voluntaria,130
833,"Balears, Illes",201112,Voluntaria,90
834,"Balears, Illes",201111,Voluntaria,69
835,"Balears, Illes",201110,Voluntaria,45
836,"Balears, Illes",201109,Voluntaria,35
837,"Balears, Illes",201108,Voluntaria,35
838,"Balears, Illes",201107,Voluntaria,27
839,"Balears, Illes",201106,Voluntaria,37
840,"Balears, Illes",201105,Voluntaria,40
841,"Balears, Illes",201104,Voluntaria,43
842,"Balears, Illes",201103,Voluntaria,64
843,"Balears, Illes",201102,Voluntaria,64
844,"Balears, Illes",201101,Voluntaria,88
845,"Balears, Illes",201012,Voluntaria,69
846,"Balears, Illes",201011,Voluntaria,58
847,"Balears, Illes",201010,Voluntaria,38
848,"Balears, Illes",201009,Voluntaria,24
849,"Balears, Illes",201008,Voluntaria,38
850,"Balears, Illes",201007,Voluntaria,33
851,"Balears, Illes",201006,Voluntaria,38
852,"Balears, Illes",201005,Voluntaria,34
853,"Balears, Illes",201004,Voluntaria,43
854,"Balears, Illes",201003,Voluntaria,48
855,"Balears, Illes",201002,Voluntaria,61
856,"Balears, Illes",201001,Voluntaria,85
857,"Balears, Illes",200912,Voluntaria,81
858,"Balears, Illes",200911,Voluntaria,56
859,"Balears, Illes",200910,Voluntaria,48
860,"Balears, Illes",200909,Voluntaria,28
861,"Balears, Illes",200908,Voluntaria,29
862,"Balears, Illes",200907,Voluntaria,25
863,"Balears, Illes",200906,Voluntaria,39
864,"Balears, Illes",200905,Voluntaria,34
865,"Balears, Illes",200904,Voluntaria,36
866,"Balears, Illes",200903,Voluntaria,39
867,"Balears, Illes",200902,Voluntaria,50
868,"Balears, Illes",200901,Voluntaria,79
869,"Balears, Illes",200812,Voluntaria,70
870,"Balears, Illes",200811,Voluntaria,40
871,"Balears, Illes",200810,Voluntaria,40
872,"Balears, Illes",200809,Voluntaria,39
873,"Balears, Illes",200808,Voluntaria,27
874,"Balears, Illes",200807,Voluntaria,38
875,"Balears, Illes",200806,Voluntaria,26
876,"Balears, Illes",200805,Voluntaria,43
877,"Balears, Illes",200804,Voluntaria,41
878,"Balears, Illes",200803,Voluntaria,36
879,"Balears, Illes",200802,Voluntaria,64
880,"Balears, Illes",200801,Voluntaria,104
881,Canarias,202604,Voluntaria,97
882,Canarias,202603,Voluntaria,103
883,Canarias,202602,Voluntaria,112
884,Canarias,202601,Voluntaria,139
885,Canarias,202512,Voluntaria,156
886,Canarias,202511,Voluntaria,71
887,Canarias,202510,Voluntaria,85
888,Canarias,202509,Voluntaria,58
889,Canarias,202508,Voluntaria,40
890,Canarias,202507,Voluntaria,73
891,Canarias,202506,Voluntaria,45
892,Canarias,202505,Voluntaria,59
893,Canarias,202504,Voluntaria,71
894,Canarias,202503,Voluntaria,63
895,Canarias,202502,Voluntaria,72
896,Canarias,202501,Voluntaria,135
897,Canarias,202412,Voluntaria,130
898,Canarias,202411,Voluntaria,86
899,Canarias,202410,Voluntaria,61
900,Canarias,202409,Voluntaria,43
901,Canarias,202408,Voluntaria,59
902,Canarias,202407,Voluntaria,55
903,Canarias,202406,Voluntaria,54
904,Canarias,202405,Voluntaria,56
905,Canarias,202404,Voluntaria,84
906,Canarias,202403,Voluntaria,76
907,Canarias,202402,Voluntaria,96
908,Canarias,202401,Voluntaria,164
909,Canarias,202312,Voluntaria,88
910,Canarias,202311,Voluntaria,71
911,Canarias,202310,Voluntaria,48
912,Canarias,202309,Voluntaria,61
913,Canarias,202308,Voluntaria,53
914,Canarias,202307,Voluntaria,67
915,Canarias,202306,Voluntaria,69
916,Canarias,202305,Voluntaria,44
917,Canarias,202304,Voluntaria,55
918,Canarias,202303,Voluntaria,76
919,Canarias,202302,Voluntaria,87
920,Canarias,202301,Voluntaria,160
921,Canarias,202212,Voluntaria,105
922,Canarias,202211,Voluntaria,87
923,Canarias,202210,Voluntaria,57
924,Canarias,202209,Voluntaria,45
925,Canarias,202208,Voluntaria,42
926,Canarias,202207,Voluntaria,63
927,Canarias,202206,Voluntaria,54
928,Canarias,202205,Voluntaria,63
929,Canarias,202204,Voluntaria,55
930,Canarias,202203,Voluntaria,61
931,Canarias,202202,Voluntaria,87
932,Canarias,202201,Voluntaria,148
933,Canarias,202112,Voluntaria,113
934,Canarias,202111,Voluntaria,66
935,Canarias,202110,Voluntaria,43
936,Canarias,202109,Voluntaria,53
937,Canarias,202108,Voluntaria,40
938,Canarias,202107,Voluntaria,55
939,Canarias,202106,Voluntaria,59
940,Canarias,202105,Voluntaria,52
941,Canarias,202104,Voluntaria,56
942,Canarias,202103,Voluntaria,75
943,Canarias,202102,Voluntaria,68
944,Canarias,202101,Voluntaria,139
945,Canarias,202012,Voluntaria,104
946,Canarias,202011,Voluntaria,66
947,Canarias,202010,Voluntaria,63
948,Canarias,202009,Voluntaria,44
949,Canarias,202008,Voluntaria,51
950,Canarias,202007,Voluntaria,37
951,Canarias,202006,Voluntaria,37
952,Canarias,202005,Voluntaria,10
953,Canarias,202004,Voluntaria,3
954,Canarias,202003,Voluntaria,45
955,Canarias,202002,Voluntaria,88
956,Canarias,202001,Voluntaria,143
957,Canarias,201912,Voluntaria,70
958,Canarias,201911,Voluntaria,62
959,Canarias,201910,Voluntaria,59
960,Canarias,201909,Voluntaria,42
961,Canarias,201908,Voluntaria,42
962,Canarias,201907,Voluntaria,43
963,Canarias,201906,Voluntaria,53
964,Canarias,201905,Voluntaria,53
965,Canarias,201904,Voluntaria,51
966,Canarias,201903,Voluntaria,79
967,Canarias,201902,Voluntaria,77
968,Canarias,201901,Voluntaria,137
969,Canarias,201812,Voluntaria,97
970,Canarias,201811,Voluntaria,67
971,Canarias,201810,Voluntaria,56
972,Canarias,201809,Voluntaria,37
973,Canarias,201808,Voluntaria,35
974,Canarias,201807,Voluntaria,44
975,Canarias,201806,Voluntaria,55
976,Canarias,201805,Voluntaria,48
977,Canarias,201804,Voluntaria,55
978,Canarias,201803,Voluntaria,58
979,Canarias,201802,Voluntaria,77
980,Canarias,201801,Voluntaria,160
981,Canarias,201712,Voluntaria,82
982,Canarias,201711,Voluntaria,58
983,Canarias,201710,Voluntaria,49
984,Canarias,201709,Voluntaria,36
985,Canarias,201708,Voluntaria,50
986,Canarias,201707,Voluntaria,33
987,Canarias,201706,Voluntaria,48
988,Canarias,201705,Voluntaria,44
989,Canarias,201704,Voluntaria,51
990,Canarias,201703,Voluntaria,73
991,Canarias,201702,Voluntaria,77
992,Canarias,201701,Voluntaria,134
993,Canarias,201612,Voluntaria,61
994,Canarias,201611,Voluntaria,52
995,Canarias,201610,Voluntaria,45
996,Canarias,201609,Voluntaria,45
997,Canarias,201608,Voluntaria,50
998,Canarias,201607,Voluntaria,33
999,Canarias,201606,Voluntaria,39
1000,Canarias,201605,Voluntaria,43
1001,Canarias,201604,Voluntaria,60
1002,Canarias,201603,Voluntaria,54
1003,Canarias,201602,Voluntaria,64
1004,Canarias,201601,Voluntaria,117
1005,Canarias,201512,Voluntaria,100
1006,Canarias,201511,Voluntaria,63
1007,Canarias,201510,Voluntaria,44
1008,Canarias,201509,Voluntaria,34
1009,Canarias,201508,Voluntaria,36
1010,Canarias,201507,Voluntaria,34
1011,Canarias,201506,Voluntaria,43
1012,Canarias,201505,Voluntaria,42
1013,Canarias,201504,Voluntaria,51
1014,Canarias,201503,Voluntaria,69
1015,Canarias,201502,Voluntaria,71
1016,Canarias,201501,Voluntaria,108
1017,Canarias,201412,Voluntaria,109
1018,Canarias,201411,Voluntaria,53
1019,Canarias,201410,Voluntaria,50
1020,Canarias,201409,Voluntaria,34
1021,Canarias,201408,Voluntaria,41
1022,Canarias,201407,Voluntaria,47
1023,Canarias,201406,Voluntaria,40
1024,Canarias,201405,Voluntaria,46
1025,Canarias,201404,Voluntaria,49
1026,Canarias,201403,Voluntaria,52
1027,Canarias,201402,Voluntaria,76
1028,Canarias,201401,Voluntaria,144
1029,Canarias,201312,Voluntaria,85
1030,Canarias,201311,Voluntaria,65
1031,Canarias,201310,Voluntaria,43
1032,Canarias,201309,Voluntaria,43
1033,Canarias,201308,Voluntaria,58
1034,Canarias,201307,Voluntaria,57
1035,Canarias,201306,Voluntaria,41
1036,Canarias,201305,Voluntaria,62
1037,Canarias,201304,Voluntaria,70
1038,Canarias,201303,Voluntaria,83
1039,Canarias,201302,Voluntaria,92
1040,Canarias,201301,Voluntaria,137
1041,Canarias,201212,Voluntaria,102
1042,Canarias,201211,Voluntaria,65
1043,Canarias,201210,Voluntaria,49
1044,Canarias,201209,Voluntaria,66
1045,Canarias,201208,Voluntaria,52
1046,Canarias,201207,Voluntaria,59
1047,Canarias,201206,Voluntaria,40
1048,Canarias,201205,Voluntaria,51
1049,Canarias,201204,Voluntaria,59
1050,Canarias,201203,Voluntaria,70
1051,Canarias,201202,Voluntaria,97
1052,Canarias,201201,Voluntaria,99
1053,Canarias,201112,Voluntaria,106
1054,Canarias,201111,Voluntaria,51
1055,Canarias,201110,Voluntaria,49
1056,Canarias,201109,Voluntaria,42
1057,Canarias,201108,Voluntaria,33
1058,Canarias,201107,Voluntaria,48
1059,Canarias,201106,Voluntaria,46
1060,Canarias,201105,Voluntaria,41
1061,Canarias,201104,Voluntaria,32
1062,Canarias,201103,Voluntaria,42
1063,Canarias,201102,Voluntaria,90
1064,Canarias,201101,Voluntaria,124
1065,Canarias,201012,Voluntaria,102
1066,Canarias,201011,Voluntaria,60
1067,Canarias,201010,Voluntaria,27
1068,Canarias,201009,Voluntaria,41
1069,Canarias,201008,Voluntaria,40
1070,Canarias,201007,Voluntaria,32
1071,Canarias,201006,Voluntaria,48
1072,Canarias,201005,Voluntaria,39
1073,Canarias,201004,Voluntaria,28
1074,Canarias,201003,Voluntaria,65
1075,Canarias,201002,Voluntaria,88
1076,Canarias,201001,Voluntaria,98
1077,Canarias,200912,Voluntaria,82
1078,Canarias,200911,Voluntaria,56
1079,Canarias,200910,Voluntaria,45
1080,Canarias,200909,Voluntaria,40
1081,Canarias,200908,Voluntaria,41
1082,Canarias,200907,Voluntaria,45
1083,Canarias,200906,Voluntaria,40
1084,Canarias,200905,Voluntaria,44
1085,Canarias,200904,Voluntaria,45
1086,Canarias,200903,Voluntaria,79
1087,Canarias,200902,Voluntaria,89
1088,Canarias,200901,Voluntaria,97
1089,Canarias,200812,Voluntaria,59
1090,Canarias,200811,Voluntaria,58
1091,Canarias,200810,Voluntaria,39
1092,Canarias,200809,Voluntaria,40
1093,Canarias,200808,Voluntaria,20
1094,Canarias,200807,Voluntaria,25
1095,Canarias,200806,Voluntaria,28
1096,Canarias,200805,Voluntaria,21
1097,Canarias,200804,Voluntaria,55
1098,Canarias,200803,Voluntaria,37
1099,Canarias,200802,Voluntaria,65
1100,Canarias,200801,Voluntaria,75
1101,Cantabria,202604,Voluntaria,17
1102,Cantabria,202603,Voluntaria,20
1103,Cantabria,202602,Voluntaria,35
1104,Cantabria,202601,Voluntaria,43
1105,Cantabria,202512,Voluntaria,24
1106,Cantabria,202511,Voluntaria,25
1107,Cantabria,202510,Voluntaria,21
1108,Cantabria,202509,Voluntaria,13
1109,Cantabria,202508,Voluntaria,9
1110,Cantabria,202507,Voluntaria,14
1111,Cantabria,202506,Voluntaria,14
1112,Cantabria,202505,Voluntaria,18
1113,Cantabria,202504,Voluntaria,22
1114,Cantabria,202503,Voluntaria,24
1115,Cantabria,202502,Voluntaria,34
1116,Cantabria,202501,Voluntaria,47
1117,Cantabria,202412,Voluntaria,26
1118,Cantabria,202411,Voluntaria,9
1119,Cantabria,202410,Voluntaria,19
1120,Cantabria,202409,Voluntaria,12
1121,Cantabria,202408,Voluntaria,12
1122,Cantabria,202407,Voluntaria,13
1123,Cantabria,202406,Voluntaria,8
1124,Cantabria,202405,Voluntaria,21
1125,Cantabria,202404,Voluntaria,17
1126,Cantabria,202403,Voluntaria,17
1127,Cantabria,202402,Voluntaria,50
1128,Cantabria,202401,Voluntaria,32
1129,Cantabria,202312,Voluntaria,30
1130,Cantabria,202311,Voluntaria,22
1131,Cantabria,202310,Voluntaria,17
1132,Cantabria,202309,Voluntaria,10
1133,Cantabria,202308,Voluntaria,12
1134,Cantabria,202307,Voluntaria,9
1135,Cantabria,202306,Voluntaria,11
1136,Cantabria,202305,Voluntaria,15
1137,Cantabria,202304,Voluntaria,13
1138,Cantabria,202303,Voluntaria,32
1139,Cantabria,202302,Voluntaria,21
1140,Cantabria,202301,Voluntaria,28
1141,Cantabria,202212,Voluntaria,37
1142,Cantabria,202211,Voluntaria,21
1143,Cantabria,202210,Voluntaria,16
1144,Cantabria,202209,Voluntaria,19
1145,Cantabria,202208,Voluntaria,14
1146,Cantabria,202207,Voluntaria,11
1147,Cantabria,202206,Voluntaria,11
1148,Cantabria,202205,Voluntaria,19
1149,Cantabria,202204,Voluntaria,11
1150,Cantabria,202203,Voluntaria,35
1151,Cantabria,202202,Voluntaria,32
1152,Cantabria,202201,Voluntaria,42
1153,Cantabria,202112,Voluntaria,30
1154,Cantabria,202111,Voluntaria,16
1155,Cantabria,202110,Voluntaria,9
1156,Cantabria,202109,Voluntaria,13
1157,Cantabria,202108,Voluntaria,9
1158,Cantabria,202107,Voluntaria,3
1159,Cantabria,202106,Voluntaria,16
1160,Cantabria,202105,Voluntaria,21
1161,Cantabria,202104,Voluntaria,14
1162,Cantabria,202103,Voluntaria,21
1163,Cantabria,202102,Voluntaria,31
1164,Cantabria,202101,Voluntaria,37
1165,Cantabria,202012,Voluntaria,20
1166,Cantabria,202011,Voluntaria,15
1167,Cantabria,202010,Voluntaria,5
1168,Cantabria,202009,Voluntaria,10
1169,Cantabria,202008,Voluntaria,11
1170,Cantabria,202007,Voluntaria,3
1171,Cantabria,202006,Voluntaria,13
1172,Cantabria,202005,Voluntaria,2
1173,Cantabria,202004,Voluntaria,4
1174,Cantabria,202003,Voluntaria,17
1175,Cantabria,202002,Voluntaria,28
1176,Cantabria,202001,Voluntaria,45
1177,Cantabria,201912,Voluntaria,19
1178,Cantabria,201911,Voluntaria,18
1179,Cantabria,201910,Voluntaria,7
1180,Cantabria,201909,Voluntaria,24
1181,Cantabria,201908,Voluntaria,8
1182,Cantabria,201907,Voluntaria,15
1183,Cantabria,201906,Voluntaria,5
1184,Cantabria,201905,Voluntaria,15
1185,Cantabria,201904,Voluntaria,14
1186,Cantabria,201903,Voluntaria,17
1187,Cantabria,201902,Voluntaria,21
1188,Cantabria,201901,Voluntaria,36
1189,Cantabria,201812,Voluntaria,32
1190,Cantabria,201811,Voluntaria,19
1191,Cantabria,201810,Voluntaria,10
1192,Cantabria,201809,Voluntaria,5
1193,Cantabria,201808,Voluntaria,20
1194,Cantabria,201807,Voluntaria,4
1195,Cantabria,201806,Voluntaria,12
1196,Cantabria,201805,Voluntaria,13
1197,Cantabria,201804,Voluntaria,17
1198,Cantabria,201803,Voluntaria,20
1199,Cantabria,201802,Voluntaria,30
1200,Cantabria,201801,Voluntaria,40
1201,Cantabria,201712,Voluntaria,17
1202,Cantabria,201711,Voluntaria,8
1203,Cantabria,201710,Voluntaria,14
1204,Cantabria,201709,Voluntaria,12
1205,Cantabria,201708,Voluntaria,8
1206,Cantabria,201707,Voluntaria,15
1207,Cantabria,201706,Voluntaria,7
1208,Cantabria,201705,Voluntaria,13
1209,Cantabria,201704,Voluntaria,11
1210,Cantabria,201703,Voluntaria,14
1211,Cantabria,201702,Voluntaria,26
1212,Cantabria,201701,Voluntaria,39
1213,Cantabria,201612,Voluntaria,35
1214,Cantabria,201611,Voluntaria,22
1215,Cantabria,201610,Voluntaria,17
1216,Cantabria,201609,Voluntaria,12
1217,Cantabria,201608,Voluntaria,18
1218,Cantabria,201607,Voluntaria,8
1219,Cantabria,201606,Voluntaria,11
1220,Cantabria,201605,Voluntaria,9
1221,Cantabria,201604,Voluntaria,15
1222,Cantabria,201603,Voluntaria,18
1223,Cantabria,201602,Voluntaria,16
1224,Cantabria,201601,Voluntaria,20
1225,Cantabria,201512,Voluntaria,15
1226,Cantabria,201511,Voluntaria,15
1227,Cantabria,201510,Voluntaria,14
1228,Cantabria,201509,Voluntaria,13
1229,Cantabria,201508,Voluntaria,10
1230,Cantabria,201507,Voluntaria,8
1231,Cantabria,201506,Voluntaria,9
1232,Cantabria,201505,Voluntaria,6
1233,Cantabria,201504,Voluntaria,8
1234,Cantabria,201503,Voluntaria,18
1235,Cantabria,201502,Voluntaria,24
1236,Cantabria,201501,Voluntaria,26
1237,Cantabria,201412,Voluntaria,15
1238,Cantabria,201411,Voluntaria,12
1239,Cantabria,201410,Voluntaria,8
1240,Cantabria,201409,Voluntaria,12
1241,Cantabria,201408,Voluntaria,5
1242,Cantabria,201407,Voluntaria,13
1243,Cantabria,201406,Voluntaria,17
1244,Cantabria,201405,Voluntaria,21
1245,Cantabria,201404,Voluntaria,18
1246,Cantabria,201403,Voluntaria,22
1247,Cantabria,201402,Voluntaria,24
1248,Cantabria,201401,Voluntaria,26
1249,Cantabria,201312,Voluntaria,29
1250,Cantabria,201311,Voluntaria,17
1251,Cantabria,201310,Voluntaria,15
1252,Cantabria,201309,Voluntaria,8
1253,Cantabria,201308,Voluntaria,13
1254,Cantabria,201307,Voluntaria,9
1255,Cantabria,201306,Voluntaria,6
1256,Cantabria,201305,Voluntaria,21
1257,Cantabria,201304,Voluntaria,26
1258,Cantabria,201303,Voluntaria,28
1259,Cantabria,201302,Voluntaria,29
1260,Cantabria,201301,Voluntaria,31
1261,Cantabria,201212,Voluntaria,23
1262,Cantabria,201211,Voluntaria,17
1263,Cantabria,201210,Voluntaria,24
1264,Cantabria,201209,Voluntaria,13
1265,Cantabria,201208,Voluntaria,16
1266,Cantabria,201207,Voluntaria,12
1267,Cantabria,201206,Voluntaria,13
1268,Cantabria,201205,Voluntaria,26
1269,Cantabria,201204,Voluntaria,27
1270,Cantabria,201203,Voluntaria,25
1271,Cantabria,201202,Voluntaria,23
1272,Cantabria,201201,Voluntaria,37
1273,Cantabria,201112,Voluntaria,21
1274,Cantabria,201111,Voluntaria,15
1275,Cantabria,201110,Voluntaria,20
1276,Cantabria,201109,Voluntaria,20
1277,Cantabria,201108,Voluntaria,6
1278,Cantabria,201107,Voluntaria,9
1279,Cantabria,201106,Voluntaria,13
1280,Cantabria,201105,Voluntaria,23
1281,Cantabria,201104,Voluntaria,11
1282,Cantabria,201103,Voluntaria,19
1283,Cantabria,201102,Voluntaria,24
1284,Cantabria,201101,Voluntaria,29
1285,Cantabria,201012,Voluntaria,17
1286,Cantabria,201011,Voluntaria,13
1287,Cantabria,201010,Voluntaria,5
1288,Cantabria,201009,Voluntaria,13
1289,Cantabria,201008,Voluntaria,5
1290,Cantabria,201007,Voluntaria,4
1291,Cantabria,201006,Voluntaria,16
1292,Cantabria,201005,Voluntaria,9
1293,Cantabria,201004,Voluntaria,16
1294,Cantabria,201003,Voluntaria,17
1295,Cantabria,201002,Voluntaria,14
1296,Cantabria,201001,Voluntaria,27
1297,Cantabria,200912,Voluntaria,26
1298,Cantabria,200911,Voluntaria,12
1299,Cantabria,200910,Voluntaria,10
1300,Cantabria,200909,Voluntaria,12
1301,Cantabria,200908,Voluntaria,10
1302,Cantabria,200907,Voluntaria,9
1303,Cantabria,200906,Voluntaria,13
1304,Cantabria,200905,Voluntaria,14
1305,Cantabria,200904,Voluntaria,13
1306,Cantabria,200903,Voluntaria,17
1307,Cantabria,200902,Voluntaria,29
1308,Cantabria,200901,Voluntaria,23
1309,Cantabria,200812,Voluntaria,20
1310,Cantabria,200811,Voluntaria,18
1311,Cantabria,200810,Voluntaria,19
1312,Cantabria,200809,Voluntaria,13
1313,Cantabria,200808,Voluntaria,10
1314,Cantabria,200807,Voluntaria,9
1315,Cantabria,200806,Voluntaria,8
1316,Cantabria,200805,Voluntaria,18
1317,Cantabria,200804,Voluntaria,16
1318,Cantabria,200803,Voluntaria,14
1319,Cantabria,200802,Voluntaria,30
1320,Cantabria,200801,Voluntaria,21
1321,Castilla y León,202604,Voluntaria,61
1322,Castilla y León,202603,Voluntaria,101
1323,Castilla y León,202602,Voluntaria,103
1324,Castilla y León,202601,Voluntaria,175
1325,Castilla y León,202512,Voluntaria,195
1326,Castilla y León,202511,Voluntaria,106
1327,Castilla y León,202510,Voluntaria,56
1328,Castilla y León,202509,Voluntaria,58
1329,Castilla y León,202508,Voluntaria,43
1330,Castilla y León,202507,Voluntaria,50
1331,Castilla y León,202506,Voluntaria,57
1332,Castilla y León,202505,Voluntaria,70
1333,Castilla y León,202504,Voluntaria,56
1334,Castilla y León,202503,Voluntaria,70
1335,Castilla y León,202502,Voluntaria,103
1336,Castilla y León,202501,Voluntaria,174
1337,Castilla y León,202412,Voluntaria,135
1338,Castilla y León,202411,Voluntaria,87
1339,Castilla y León,202410,Voluntaria,75
1340,Castilla y León,202409,Voluntaria,47
1341,Castilla y León,202408,Voluntaria,42
1342,Castilla y León,202407,Voluntaria,65
1343,Castilla y León,202406,Voluntaria,68
1344,Castilla y León,202405,Voluntaria,56
1345,Castilla y León,202404,Voluntaria,67
1346,Castilla y León,202403,Voluntaria,59
1347,Castilla y León,202402,Voluntaria,107
1348,Castilla y León,202401,Voluntaria,196
1349,Castilla y León,202312,Voluntaria,127
1350,Castilla y León,202311,Voluntaria,104
1351,Castilla y León,202310,Voluntaria,79
1352,Castilla y León,202309,Voluntaria,54
1353,Castilla y León,202308,Voluntaria,37
1354,Castilla y León,202307,Voluntaria,55
1355,Castilla y León,202306,Voluntaria,64
1356,Castilla y León,202305,Voluntaria,76
1357,Castilla y León,202304,Voluntaria,72
1358,Castilla y León,202303,Voluntaria,117
1359,Castilla y León,202302,Voluntaria,95
1360,Castilla y León,202301,Voluntaria,164
1361,Castilla y León,202212,Voluntaria,160
1362,Castilla y León,202211,Voluntaria,75
1363,Castilla y León,202210,Voluntaria,63
1364,Castilla y León,202209,Voluntaria,54
1365,Castilla y León,202208,Voluntaria,70
1366,Castilla y León,202207,Voluntaria,63
1367,Castilla y León,202206,Voluntaria,68
1368,Castilla y León,202205,Voluntaria,56
1369,Castilla y León,202204,Voluntaria,61
1370,Castilla y León,202203,Voluntaria,70
1371,Castilla y León,202202,Voluntaria,113
1372,Castilla y León,202201,Voluntaria,165
1373,Castilla y León,202112,Voluntaria,170
1374,Castilla y León,202111,Voluntaria,68
1375,Castilla y León,202110,Voluntaria,53
1376,Castilla y León,202109,Voluntaria,51
1377,Castilla y León,202108,Voluntaria,37
1378,Castilla y León,202107,Voluntaria,57
1379,Castilla y León,202106,Voluntaria,65
1380,Castilla y León,202105,Voluntaria,68
1381,Castilla y León,202104,Voluntaria,66
1382,Castilla y León,202103,Voluntaria,97
1383,Castilla y León,202102,Voluntaria,116
1384,Castilla y León,202101,Voluntaria,129
1385,Castilla y León,202012,Voluntaria,132
1386,Castilla y León,202011,Voluntaria,68
1387,Castilla y León,202010,Voluntaria,51
1388,Castilla y León,202009,Voluntaria,54
1389,Castilla y León,202008,Voluntaria,36
1390,Castilla y León,202007,Voluntaria,65
1391,Castilla y León,202006,Voluntaria,35
1392,Castilla y León,202005,Voluntaria,11
1393,Castilla y León,202004,Voluntaria,17
1394,Castilla y León,202003,Voluntaria,48
1395,Castilla y León,202002,Voluntaria,90
1396,Castilla y León,202001,Voluntaria,181
1397,Castilla y León,201912,Voluntaria,130
1398,Castilla y León,201911,Voluntaria,76
1399,Castilla y León,201910,Voluntaria,64
1400,Castilla y León,201909,Voluntaria,57
1401,Castilla y León,201908,Voluntaria,40
1402,Castilla y León,201907,Voluntaria,50
1403,Castilla y León,201906,Voluntaria,42
1404,Castilla y León,201905,Voluntaria,65
1405,Castilla y León,201904,Voluntaria,64
1406,Castilla y León,201903,Voluntaria,71
1407,Castilla y León,201902,Voluntaria,77
1408,Castilla y León,201901,Voluntaria,159
1409,Castilla y León,201812,Voluntaria,129
1410,Castilla y León,201811,Voluntaria,79
1411,Castilla y León,201810,Voluntaria,48
1412,Castilla y León,201809,Voluntaria,41
1413,Castilla y León,201808,Voluntaria,40
1414,Castilla y León,201807,Voluntaria,39
1415,Castilla y León,201806,Voluntaria,40
1416,Castilla y León,201805,Voluntaria,61
1417,Castilla y León,201804,Voluntaria,44
1418,Castilla y León,201803,Voluntaria,65
1419,Castilla y León,201802,Voluntaria,73
1420,Castilla y León,201801,Voluntaria,144
1421,Castilla y León,201712,Voluntaria,135
1422,Castilla y León,201711,Voluntaria,71
1423,Castilla y León,201710,Voluntaria,46
1424,Castilla y León,201709,Voluntaria,43
1425,Castilla y León,201708,Voluntaria,54
1426,Castilla y León,201707,Voluntaria,40
1427,Castilla y León,201706,Voluntaria,55
1428,Castilla y León,201705,Voluntaria,61
1429,Castilla y León,201704,Voluntaria,36
1430,Castilla y León,201703,Voluntaria,69
1431,Castilla y León,201702,Voluntaria,92
1432,Castilla y León,201701,Voluntaria,149
1433,Castilla y León,201612,Voluntaria,148
1434,Castilla y León,201611,Voluntaria,91
1435,Castilla y León,201610,Voluntaria,57
1436,Castilla y León,201609,Voluntaria,60
1437,Castilla y León,201608,Voluntaria,34
1438,Castilla y León,201607,Voluntaria,50
1439,Castilla y León,201606,Voluntaria,56
1440,Castilla y León,201605,Voluntaria,51
1441,Castilla y León,201604,Voluntaria,58
1442,Castilla y León,201603,Voluntaria,69
1443,Castilla y León,201602,Voluntaria,88
1444,Castilla y León,201601,Voluntaria,142
1445,Castilla y León,201512,Voluntaria,151
1446,Castilla y León,201511,Voluntaria,65
1447,Castilla y León,201510,Voluntaria,51
1448,Castilla y León,201509,Voluntaria,55
1449,Castilla y León,201508,Voluntaria,43
1450,Castilla y León,201507,Voluntaria,61
1451,Castilla y León,201506,Voluntaria,45
1452,Castilla y León,201505,Voluntaria,54
1453,Castilla y León,201504,Voluntaria,41
1454,Castilla y León,201503,Voluntaria,82
1455,Castilla y León,201502,Voluntaria,86
1456,Castilla y León,201501,Voluntaria,115
1457,Castilla y León,201412,Voluntaria,110
1458,Castilla y León,201411,Voluntaria,59
1459,Castilla y León,201410,Voluntaria,61
1460,Castilla y León,201409,Voluntaria,52
1461,Castilla y León,201408,Voluntaria,43
1462,Castilla y León,201407,Voluntaria,55
1463,Castilla y León,201406,Voluntaria,45
1464,Castilla y León,201405,Voluntaria,54
1465,Castilla y León,201404,Voluntaria,55
1466,Castilla y León,201403,Voluntaria,84
1467,Castilla y León,201402,Voluntaria,87
1468,Castilla y León,201401,Voluntaria,146
1469,Castilla y León,201312,Voluntaria,112
1470,Castilla y León,201311,Voluntaria,89
1471,Castilla y León,201310,Voluntaria,59
1472,Castilla y León,201309,Voluntaria,58
1473,Castilla y León,201308,Voluntaria,46
1474,Castilla y León,201307,Voluntaria,63
1475,Castilla y León,201306,Voluntaria,54
1476,Castilla y León,201305,Voluntaria,76
1477,Castilla y León,201304,Voluntaria,89
1478,Castilla y León,201303,Voluntaria,78
1479,Castilla y León,201302,Voluntaria,133
1480,Castilla y León,201301,Voluntaria,175
1481,Castilla y León,201212,Voluntaria,106
1482,Castilla y León,201211,Voluntaria,84
1483,Castilla y León,201210,Voluntaria,69
1484,Castilla y León,201209,Voluntaria,51
1485,Castilla y León,201208,Voluntaria,63
1486,Castilla y León,201207,Voluntaria,61
1487,Castilla y León,201206,Voluntaria,91
1488,Castilla y León,201205,Voluntaria,85
1489,Castilla y León,201204,Voluntaria,49
1490,Castilla y León,201203,Voluntaria,85
1491,Castilla y León,201202,Voluntaria,131
1492,Castilla y León,201201,Voluntaria,102
1493,Castilla y León,201112,Voluntaria,99
1494,Castilla y León,201111,Voluntaria,75
1495,Castilla y León,201110,Voluntaria,42
1496,Castilla y León,201109,Voluntaria,57
1497,Castilla y León,201108,Voluntaria,31
1498,Castilla y León,201107,Voluntaria,52
1499,Castilla y León,201106,Voluntaria,54
1500,Castilla y León,201105,Voluntaria,63
1501,Castilla y León,201104,Voluntaria,53
1502,Castilla y León,201103,Voluntaria,87
1503,Castilla y León,201102,Voluntaria,112
1504,Castilla y León,201101,Voluntaria,130
1505,Castilla y León,201012,Voluntaria,85
1506,Castilla y León,201011,Voluntaria,58
1507,Castilla y León,201010,Voluntaria,44
1508,Castilla y León,201009,Voluntaria,38
1509,Castilla y León,201008,Voluntaria,33
1510,Castilla y León,201007,Voluntaria,31
1511,Castilla y León,201006,Voluntaria,45
1512,Castilla y León,201005,Voluntaria,44
1513,Castilla y León,201004,Voluntaria,40
1514,Castilla y León,201003,Voluntaria,66
1515,Castilla y León,201002,Voluntaria,174
1516,Castilla y León,201001,Voluntaria,147
1517,Castilla y León,200912,Voluntaria,105
1518,Castilla y León,200911,Voluntaria,43
1519,Castilla y León,200910,Voluntaria,60
1520,Castilla y León,200909,Voluntaria,55
1521,Castilla y León,200908,Voluntaria,38
1522,Castilla y León,200907,Voluntaria,47
1523,Castilla y León,200906,Voluntaria,46
1524,Castilla y León,200905,Voluntaria,63
1525,Castilla y León,200904,Voluntaria,60
1526,Castilla y León,200903,Voluntaria,54
1527,Castilla y León,200902,Voluntaria,82
1528,Castilla y León,200901,Voluntaria,99
1529,Castilla y León,200812,Voluntaria,86
1530,Castilla y León,200811,Voluntaria,62
1531,Castilla y León,200810,Voluntaria,34
1532,Castilla y León,200809,Voluntaria,43
1533,Castilla y León,200808,Voluntaria,23
1534,Castilla y León,200807,Voluntaria,43
1535,Castilla y León,200806,Voluntaria,30
1536,Castilla y León,200805,Voluntaria,40
1537,Castilla y León,200804,Voluntaria,45
1538,Castilla y León,200803,Voluntaria,51
1539,Castilla y León,200802,Voluntaria,89
1540,Castilla y León,200801,Voluntaria,102
1541,Castilla - La Mancha,202604,Voluntaria,42
1542,Castilla - La Mancha,202603,Voluntaria,49
1543,Castilla - La Mancha,202602,Voluntaria,52
1544,Castilla - La Mancha,202601,Voluntaria,65
1545,Castilla - La Mancha,202512,Voluntaria,67
1546,Castilla - La Mancha,202511,Voluntaria,49
1547,Castilla - La Mancha,202510,Voluntaria,34
1548,Castilla - La Mancha,202509,Voluntaria,41
1549,Castilla - La Mancha,202508,Voluntaria,21
1550,Castilla - La Mancha,202507,Voluntaria,25
1551,Castilla - La Mancha,202506,Voluntaria,25
1552,Castilla - La Mancha,202505,Voluntaria,35
1553,Castilla - La Mancha,202504,Voluntaria,37
1554,Castilla - La Mancha,202503,Voluntaria,40
1555,Castilla - La Mancha,202502,Voluntaria,36
1556,Castilla - La Mancha,202501,Voluntaria,51
1557,Castilla - La Mancha,202412,Voluntaria,87
1558,Castilla - La Mancha,202411,Voluntaria,35
1559,Castilla - La Mancha,202410,Voluntaria,29
1560,Castilla - La Mancha,202409,Voluntaria,26
1561,Castilla - La Mancha,202408,Voluntaria,20
1562,Castilla - La Mancha,202407,Voluntaria,24
1563,Castilla - La Mancha,202406,Voluntaria,18
1564,Castilla - La Mancha,202405,Voluntaria,12
1565,Castilla - La Mancha,202404,Voluntaria,30
1566,Castilla - La Mancha,202403,Voluntaria,28
1567,Castilla - La Mancha,202402,Voluntaria,45
1568,Castilla - La Mancha,202401,Voluntaria,87
1569,Castilla - La Mancha,202312,Voluntaria,40
1570,Castilla - La Mancha,202311,Voluntaria,29
1571,Castilla - La Mancha,202310,Voluntaria,21
1572,Castilla - La Mancha,202309,Voluntaria,13
1573,Castilla - La Mancha,202308,Voluntaria,16
1574,Castilla - La Mancha,202307,Voluntaria,12
1575,Castilla - La Mancha,202306,Voluntaria,33
1576,Castilla - La Mancha,202305,Voluntaria,30
1577,Castilla - La Mancha,202304,Voluntaria,23
1578,Castilla - La Mancha,202303,Voluntaria,23
1579,Castilla - La Mancha,202302,Voluntaria,29
1580,Castilla - La Mancha,202301,Voluntaria,46
1581,Castilla - La Mancha,202212,Voluntaria,40
1582,Castilla - La Mancha,202211,Voluntaria,31
1583,Castilla - La Mancha,202210,Voluntaria,19
1584,Castilla - La Mancha,202209,Voluntaria,24
1585,Castilla - La Mancha,202208,Voluntaria,14
1586,Castilla - La Mancha,202207,Voluntaria,29
1587,Castilla - La Mancha,202206,Voluntaria,23
1588,Castilla - La Mancha,202205,Voluntaria,16
1589,Castilla - La Mancha,202204,Voluntaria,35
1590,Castilla - La Mancha,202203,Voluntaria,35
1591,Castilla - La Mancha,202202,Voluntaria,33
1592,Castilla - La Mancha,202201,Voluntaria,43
1593,Castilla - La Mancha,202112,Voluntaria,44
1594,Castilla - La Mancha,202111,Voluntaria,20
1595,Castilla - La Mancha,202110,Voluntaria,20
1596,Castilla - La Mancha,202109,Voluntaria,18
1597,Castilla - La Mancha,202108,Voluntaria,20
1598,Castilla - La Mancha,202107,Voluntaria,22
1599,Castilla - La Mancha,202106,Voluntaria,30
1600,Castilla - La Mancha,202105,Voluntaria,19
1601,Castilla - La Mancha,202104,Voluntaria,33
1602,Castilla - La Mancha,202103,Voluntaria,44
1603,Castilla - La Mancha,202102,Voluntaria,29
1604,Castilla - La Mancha,202101,Voluntaria,55
1605,Castilla - La Mancha,202012,Voluntaria,43
1606,Castilla - La Mancha,202011,Voluntaria,35
1607,Castilla - La Mancha,202010,Voluntaria,21
1608,Castilla - La Mancha,202009,Voluntaria,23
1609,Castilla - La Mancha,202008,Voluntaria,12
1610,Castilla - La Mancha,202007,Voluntaria,16
1611,Castilla - La Mancha,202006,Voluntaria,12
1612,Castilla - La Mancha,202005,Voluntaria,2
1613,Castilla - La Mancha,202004,Voluntaria,5
1614,Castilla - La Mancha,202003,Voluntaria,25
1615,Castilla - La Mancha,202002,Voluntaria,25
1616,Castilla - La Mancha,202001,Voluntaria,51
1617,Castilla - La Mancha,201912,Voluntaria,62
1618,Castilla - La Mancha,201911,Voluntaria,30
1619,Castilla - La Mancha,201910,Voluntaria,25
1620,Castilla - La Mancha,201909,Voluntaria,12
1621,Castilla - La Mancha,201908,Voluntaria,10
1622,Castilla - La Mancha,201907,Voluntaria,15
1623,Castilla - La Mancha,201906,Voluntaria,16
1624,Castilla - La Mancha,201905,Voluntaria,26
1625,Castilla - La Mancha,201904,Voluntaria,22
1626,Castilla - La Mancha,201903,Voluntaria,19
1627,Castilla - La Mancha,201902,Voluntaria,31
1628,Castilla - La Mancha,201901,Voluntaria,54
1629,Castilla - La Mancha,201812,Voluntaria,39
1630,Castilla - La Mancha,201811,Voluntaria,20
1631,Castilla - La Mancha,201810,Voluntaria,25
1632,Castilla - La Mancha,201809,Voluntaria,10
1633,Castilla - La Mancha,201808,Voluntaria,23
1634,Castilla - La Mancha,201807,Voluntaria,19
1635,Castilla - La Mancha,201806,Voluntaria,18
1636,Castilla - La Mancha,201805,Voluntaria,22
1637,Castilla - La Mancha,201804,Voluntaria,26
1638,Castilla - La Mancha,201803,Voluntaria,30
1639,Castilla - La Mancha,201802,Voluntaria,34
1640,Castilla - La Mancha,201801,Voluntaria,67
1641,Castilla - La Mancha,201712,Voluntaria,36
1642,Castilla - La Mancha,201711,Voluntaria,18
1643,Castilla - La Mancha,201710,Voluntaria,19
1644,Castilla - La Mancha,201709,Voluntaria,15
1645,Castilla - La Mancha,201708,Voluntaria,17
1646,Castilla - La Mancha,201707,Voluntaria,14
1647,Castilla - La Mancha,201706,Voluntaria,13
1648,Castilla - La Mancha,201705,Voluntaria,19
1649,Castilla - La Mancha,201704,Voluntaria,13
1650,Castilla - La Mancha,201703,Voluntaria,22
1651,Castilla - La Mancha,201702,Voluntaria,26
1652,Castilla - La Mancha,201701,Voluntaria,36
1653,Castilla - La Mancha,201612,Voluntaria,25
1654,Castilla - La Mancha,201611,Voluntaria,27
1655,Castilla - La Mancha,201610,Voluntaria,11
1656,Castilla - La Mancha,201609,Voluntaria,11
1657,Castilla - La Mancha,201608,Voluntaria,15
1658,Castilla - La Mancha,201607,Voluntaria,16
1659,Castilla - La Mancha,201606,Voluntaria,21
1660,Castilla - La Mancha,201605,Voluntaria,15
1661,Castilla - La Mancha,201604,Voluntaria,15
1662,Castilla - La Mancha,201603,Voluntaria,20
1663,Castilla - La Mancha,201602,Voluntaria,32
1664,Castilla - La Mancha,201601,Voluntaria,37
1665,Castilla - La Mancha,201512,Voluntaria,43
1666,Castilla - La Mancha,201511,Voluntaria,19
1667,Castilla - La Mancha,201510,Voluntaria,18
1668,Castilla - La Mancha,201509,Voluntaria,14
1669,Castilla - La Mancha,201508,Voluntaria,12
1670,Castilla - La Mancha,201507,Voluntaria,17
1671,Castilla - La Mancha,201506,Voluntaria,15
1672,Castilla - La Mancha,201505,Voluntaria,12
1673,Castilla - La Mancha,201504,Voluntaria,22
1674,Castilla - La Mancha,201503,Voluntaria,13
1675,Castilla - La Mancha,201502,Voluntaria,24
1676,Castilla - La Mancha,201501,Voluntaria,44
1677,Castilla - La Mancha,201412,Voluntaria,36
1678,Castilla - La Mancha,201411,Voluntaria,20
1679,Castilla - La Mancha,201410,Voluntaria,19
1680,Castilla - La Mancha,201409,Voluntaria,15
1681,Castilla - La Mancha,201408,Voluntaria,10
1682,Castilla - La Mancha,201407,Voluntaria,15
1683,Castilla - La Mancha,201406,Voluntaria,13
1684,Castilla - La Mancha,201405,Voluntaria,28
1685,Castilla - La Mancha,201404,Voluntaria,19
1686,Castilla - La Mancha,201403,Voluntaria,19
1687,Castilla - La Mancha,201402,Voluntaria,36
1688,Castilla - La Mancha,201401,Voluntaria,35
1689,Castilla - La Mancha,201312,Voluntaria,47
1690,Castilla - La Mancha,201311,Voluntaria,28
1691,Castilla - La Mancha,201310,Voluntaria,21
1692,Castilla - La Mancha,201309,Voluntaria,25
1693,Castilla - La Mancha,201308,Voluntaria,23
1694,Castilla - La Mancha,201307,Voluntaria,27
1695,Castilla - La Mancha,201306,Voluntaria,25
1696,Castilla - La Mancha,201305,Voluntaria,24
1697,Castilla - La Mancha,201304,Voluntaria,33
1698,Castilla - La Mancha,201303,Voluntaria,37
1699,Castilla - La Mancha,201302,Voluntaria,40
1700,Castilla - La Mancha,201301,Voluntaria,59
1701,Castilla - La Mancha,201212,Voluntaria,30
1702,Castilla - La Mancha,201211,Voluntaria,28
1703,Castilla - La Mancha,201210,Voluntaria,26
1704,Castilla - La Mancha,201209,Voluntaria,12
1705,Castilla - La Mancha,201208,Voluntaria,22
1706,Castilla - La Mancha,201207,Voluntaria,25
1707,Castilla - La Mancha,201206,Voluntaria,16
1708,Castilla - La Mancha,201205,Voluntaria,25
1709,Castilla - La Mancha,201204,Voluntaria,22
1710,Castilla - La Mancha,201203,Voluntaria,28
1711,Castilla - La Mancha,201202,Voluntaria,40
1712,Castilla - La Mancha,201201,Voluntaria,62
1713,Castilla - La Mancha,201112,Voluntaria,22
1714,Castilla - La Mancha,201111,Voluntaria,28
1715,Castilla - La Mancha,201110,Voluntaria,12
1716,Castilla - La Mancha,201109,Voluntaria,19
1717,Castilla - La Mancha,201108,Voluntaria,10
1718,Castilla - La Mancha,201107,Voluntaria,17
1719,Castilla - La Mancha,201106,Voluntaria,10
1720,Castilla - La Mancha,201105,Voluntaria,15
1721,Castilla - La Mancha,201104,Voluntaria,24
1722,Castilla - La Mancha,201103,Voluntaria,31
1723,Castilla - La Mancha,201102,Voluntaria,28
1724,Castilla - La Mancha,201101,Voluntaria,32
1725,Castilla - La Mancha,201012,Voluntaria,48
1726,Castilla - La Mancha,201011,Voluntaria,16
1727,Castilla - La Mancha,201010,Voluntaria,17
1728,Castilla - La Mancha,201009,Voluntaria,11
1729,Castilla - La Mancha,201008,Voluntaria,11
1730,Castilla - La Mancha,201007,Voluntaria,15
1731,Castilla - La Mancha,201006,Voluntaria,24
1732,Castilla - La Mancha,201005,Voluntaria,14
1733,Castilla - La Mancha,201004,Voluntaria,22
1734,Castilla - La Mancha,201003,Voluntaria,31
1735,Castilla - La Mancha,201002,Voluntaria,26
1736,Castilla - La Mancha,201001,Voluntaria,21
1737,Castilla - La Mancha,200912,Voluntaria,41
1738,Castilla - La Mancha,200911,Voluntaria,34
1739,Castilla - La Mancha,200910,Voluntaria,20
1740,Castilla - La Mancha,200909,Voluntaria,18
1741,Castilla - La Mancha,200908,Voluntaria,24
1742,Castilla - La Mancha,200907,Voluntaria,25
1743,Castilla - La Mancha,200906,Voluntaria,17
1744,Castilla - La Mancha,200905,Voluntaria,11
1745,Castilla - La Mancha,200904,Voluntaria,26
1746,Castilla - La Mancha,200903,Voluntaria,26
1747,Castilla - La Mancha,200902,Voluntaria,39
1748,Castilla - La Mancha,200901,Voluntaria,51
1749,Castilla - La Mancha,200812,Voluntaria,33
1750,Castilla - La Mancha,200811,Voluntaria,13
1751,Castilla - La Mancha,200810,Voluntaria,21
1752,Castilla - La Mancha,200809,Voluntaria,8
1753,Castilla - La Mancha,200808,Voluntaria,18
1754,Castilla - La Mancha,200807,Voluntaria,27
1755,Castilla - La Mancha,200806,Voluntaria,20
1756,Castilla - La Mancha,200805,Voluntaria,16
1757,Castilla - La Mancha,200804,Voluntaria,27
1758,Castilla - La Mancha,200803,Voluntaria,15
1759,Castilla - La Mancha,200802,Voluntaria,41
1760,Castilla - La Mancha,200801,Voluntaria,24
1761,Cataluña,202604,Voluntaria,93
1762,Cataluña,202603,Voluntaria,119
1763,Cataluña,202602,Voluntaria,148
1764,Cataluña,202601,Voluntaria,298
1765,Cataluña,202512,Voluntaria,198
1766,Cataluña,202511,Voluntaria,128
1767,Cataluña,202510,Voluntaria,81
1768,Cataluña,202509,Voluntaria,93
1769,Cataluña,202508,Voluntaria,59
1770,Cataluña,202507,Voluntaria,77
1771,Cataluña,202506,Voluntaria,73
1772,Cataluña,202505,Voluntaria,91
1773,Cataluña,202504,Voluntaria,69
1774,Cataluña,202503,Voluntaria,78
1775,Cataluña,202502,Voluntaria,121
1776,Cataluña,202501,Voluntaria,294
1777,Cataluña,202412,Voluntaria,153
1778,Cataluña,202411,Voluntaria,120
1779,Cataluña,202410,Voluntaria,84
1780,Cataluña,202409,Voluntaria,67
1781,Cataluña,202408,Voluntaria,86
1782,Cataluña,202407,Voluntaria,86
1783,Cataluña,202406,Voluntaria,86
1784,Cataluña,202405,Voluntaria,72
1785,Cataluña,202404,Voluntaria,109
1786,Cataluña,202403,Voluntaria,95
1787,Cataluña,202402,Voluntaria,120
1788,Cataluña,202401,Voluntaria,295
1789,Cataluña,202312,Voluntaria,164
1790,Cataluña,202311,Voluntaria,114
1791,Cataluña,202310,Voluntaria,82
1792,Cataluña,202309,Voluntaria,59
1793,Cataluña,202308,Voluntaria,86
1794,Cataluña,202307,Voluntaria,82
1795,Cataluña,202306,Voluntaria,85
1796,Cataluña,202305,Voluntaria,113
1797,Cataluña,202304,Voluntaria,93
1798,Cataluña,202303,Voluntaria,92
1799,Cataluña,202302,Voluntaria,132
1800,Cataluña,202301,Voluntaria,229
1801,Cataluña,202212,Voluntaria,157
1802,Cataluña,202211,Voluntaria,127
1803,Cataluña,202210,Voluntaria,79
1804,Cataluña,202209,Voluntaria,59
1805,Cataluña,202208,Voluntaria,87
1806,Cataluña,202207,Voluntaria,66
1807,Cataluña,202206,Voluntaria,62
1808,Cataluña,202205,Voluntaria,97
1809,Cataluña,202204,Voluntaria,87
1810,Cataluña,202203,Voluntaria,164
1811,Cataluña,202202,Voluntaria,173
1812,Cataluña,202201,Voluntaria,259
1813,Cataluña,202112,Voluntaria,173
1814,Cataluña,202111,Voluntaria,113
1815,Cataluña,202110,Voluntaria,90
1816,Cataluña,202109,Voluntaria,54
1817,Cataluña,202108,Voluntaria,88
1818,Cataluña,202107,Voluntaria,66
1819,Cataluña,202106,Voluntaria,67
1820,Cataluña,202105,Voluntaria,85
1821,Cataluña,202104,Voluntaria,97
1822,Cataluña,202103,Voluntaria,119
1823,Cataluña,202102,Voluntaria,154
1824,Cataluña,202101,Voluntaria,185
1825,Cataluña,202012,Voluntaria,165
1826,Cataluña,202011,Voluntaria,117
1827,Cataluña,202010,Voluntaria,84
1828,Cataluña,202009,Voluntaria,64
1829,Cataluña,202008,Voluntaria,59
1830,Cataluña,202007,Voluntaria,65
1831,Cataluña,202006,Voluntaria,50
1832,Cataluña,202005,Voluntaria,33
1833,Cataluña,202004,Voluntaria,33
1834,Cataluña,202003,Voluntaria,82
1835,Cataluña,202002,Voluntaria,112
1836,Cataluña,202001,Voluntaria,203
1837,Cataluña,201912,Voluntaria,169
1838,Cataluña,201911,Voluntaria,102
1839,Cataluña,201910,Voluntaria,87
1840,Cataluña,201909,Voluntaria,47
1841,Cataluña,201908,Voluntaria,64
1842,Cataluña,201907,Voluntaria,63
1843,Cataluña,201906,Voluntaria,74
1844,Cataluña,201905,Voluntaria,99
1845,Cataluña,201904,Voluntaria,80
1846,Cataluña,201903,Voluntaria,94
1847,Cataluña,201902,Voluntaria,107
1848,Cataluña,201901,Voluntaria,215
1849,Cataluña,201812,Voluntaria,151
1850,Cataluña,201811,Voluntaria,123
1851,Cataluña,201810,Voluntaria,71
1852,Cataluña,201809,Voluntaria,53
1853,Cataluña,201808,Voluntaria,78
1854,Cataluña,201807,Voluntaria,70
1855,Cataluña,201806,Voluntaria,72
1856,Cataluña,201805,Voluntaria,79
1857,Cataluña,201804,Voluntaria,78
1858,Cataluña,201803,Voluntaria,109
1859,Cataluña,201802,Voluntaria,136
1860,Cataluña,201801,Voluntaria,220
1861,Cataluña,201712,Voluntaria,160
1862,Cataluña,201711,Voluntaria,92
1863,Cataluña,201710,Voluntaria,65
1864,Cataluña,201709,Voluntaria,56
1865,Cataluña,201708,Voluntaria,66
1866,Cataluña,201707,Voluntaria,76
1867,Cataluña,201706,Voluntaria,69
1868,Cataluña,201705,Voluntaria,102
1869,Cataluña,201704,Voluntaria,61
1870,Cataluña,201703,Voluntaria,109
1871,Cataluña,201702,Voluntaria,118
1872,Cataluña,201701,Voluntaria,210
1873,Cataluña,201612,Voluntaria,182
1874,Cataluña,201611,Voluntaria,101
1875,Cataluña,201610,Voluntaria,59
1876,Cataluña,201609,Voluntaria,68
1877,Cataluña,201608,Voluntaria,83
1878,Cataluña,201607,Voluntaria,69
1879,Cataluña,201606,Voluntaria,83
1880,Cataluña,201605,Voluntaria,76
1881,Cataluña,201604,Voluntaria,100
1882,Cataluña,201603,Voluntaria,109
1883,Cataluña,201602,Voluntaria,124
1884,Cataluña,201601,Voluntaria,165
1885,Cataluña,201512,Voluntaria,188
1886,Cataluña,201511,Voluntaria,110
1887,Cataluña,201510,Voluntaria,79
1888,Cataluña,201509,Voluntaria,59
1889,Cataluña,201508,Voluntaria,75
1890,Cataluña,201507,Voluntaria,79
1891,Cataluña,201506,Voluntaria,74
1892,Cataluña,201505,Voluntaria,88
1893,Cataluña,201504,Voluntaria,68
1894,Cataluña,201503,Voluntaria,116
1895,Cataluña,201502,Voluntaria,134
1896,Cataluña,201501,Voluntaria,190
1897,Cataluña,201412,Voluntaria,193
1898,Cataluña,201411,Voluntaria,129
1899,Cataluña,201410,Voluntaria,93
1900,Cataluña,201409,Voluntaria,65
1901,Cataluña,201408,Voluntaria,77
1902,Cataluña,201407,Voluntaria,84
1903,Cataluña,201406,Voluntaria,68
1904,Cataluña,201405,Voluntaria,86
1905,Cataluña,201404,Voluntaria,90
1906,Cataluña,201403,Voluntaria,126
1907,Cataluña,201402,Voluntaria,112
1908,Cataluña,201401,Voluntaria,235
1909,Cataluña,201312,Voluntaria,136
1910,Cataluña,201311,Voluntaria,136
1911,Cataluña,201310,Voluntaria,124
1912,Cataluña,201309,Voluntaria,77
1913,Cataluña,201308,Voluntaria,100
1914,Cataluña,201307,Voluntaria,133
1915,Cataluña,201306,Voluntaria,91
1916,Cataluña,201305,Voluntaria,114
1917,Cataluña,201304,Voluntaria,135
1918,Cataluña,201303,Voluntaria,118
1919,Cataluña,201302,Voluntaria,127
1920,Cataluña,201301,Voluntaria,267
1921,Cataluña,201212,Voluntaria,154
1922,Cataluña,201211,Voluntaria,118
1923,Cataluña,201210,Voluntaria,111
1924,Cataluña,201209,Voluntaria,82
1925,Cataluña,201208,Voluntaria,103
1926,Cataluña,201207,Voluntaria,137
1927,Cataluña,201206,Voluntaria,84
1928,Cataluña,201205,Voluntaria,104
1929,Cataluña,201204,Voluntaria,113
1930,Cataluña,201203,Voluntaria,132
1931,Cataluña,201202,Voluntaria,145
1932,Cataluña,201201,Voluntaria,229
1933,Cataluña,201112,Voluntaria,178
1934,Cataluña,201111,Voluntaria,132
1935,Cataluña,201110,Voluntaria,101
1936,Cataluña,201109,Voluntaria,79
1937,Cataluña,201108,Voluntaria,112
1938,Cataluña,201107,Voluntaria,107
1939,Cataluña,201106,Voluntaria,99
1940,Cataluña,201105,Voluntaria,120
1941,Cataluña,201104,Voluntaria,91
1942,Cataluña,201103,Voluntaria,153
1943,Cataluña,201102,Voluntaria,167
1944,Cataluña,201101,Voluntaria,228
1945,Cataluña,201012,Voluntaria,205
1946,Cataluña,201011,Voluntaria,140
1947,Cataluña,201010,Voluntaria,103
1948,Cataluña,201009,Voluntaria,100
1949,Cataluña,201008,Voluntaria,98
1950,Cataluña,201007,Voluntaria,93
1951,Cataluña,201006,Voluntaria,109
1952,Cataluña,201005,Voluntaria,102
1953,Cataluña,201004,Voluntaria,121
1954,Cataluña,201003,Voluntaria,135
1955,Cataluña,201002,Voluntaria,168
1956,Cataluña,201001,Voluntaria,247
1957,Cataluña,200912,Voluntaria,234
1958,Cataluña,200911,Voluntaria,117
1959,Cataluña,200910,Voluntaria,123
1960,Cataluña,200909,Voluntaria,96
1961,Cataluña,200908,Voluntaria,108
1962,Cataluña,200907,Voluntaria,103
1963,Cataluña,200906,Voluntaria,130
1964,Cataluña,200905,Voluntaria,117
1965,Cataluña,200904,Voluntaria,140
1966,Cataluña,200903,Voluntaria,156
1967,Cataluña,200902,Voluntaria,158
1968,Cataluña,200901,Voluntaria,224
1969,Cataluña,200812,Voluntaria,213
1970,Cataluña,200811,Voluntaria,117
1971,Cataluña,200810,Voluntaria,100
1972,Cataluña,200809,Voluntaria,83
1973,Cataluña,200808,Voluntaria,90
1974,Cataluña,200807,Voluntaria,99
1975,Cataluña,200806,Voluntaria,86
1976,Cataluña,200805,Voluntaria,125
1977,Cataluña,200804,Voluntaria,110
1978,Cataluña,200803,Voluntaria,125
1979,Cataluña,200802,Voluntaria,131
1980,Cataluña,200801,Voluntaria,248
1981,Comunitat Valenciana,202604,Voluntaria,135
1982,Comunitat Valenciana,202603,Voluntaria,124
1983,Comunitat Valenciana,202602,Voluntaria,174
1984,Comunitat Valenciana,202601,Voluntaria,248
1985,Comunitat Valenciana,202512,Voluntaria,184
1986,Comunitat Valenciana,202511,Voluntaria,144
1987,Comunitat Valenciana,202510,Voluntaria,113
1988,Comunitat Valenciana,202509,Voluntaria,97
1989,Comunitat Valenciana,202508,Voluntaria,77
1990,Comunitat Valenciana,202507,Voluntaria,92
1991,Comunitat Valenciana,202506,Voluntaria,67
1992,Comunitat Valenciana,202505,Voluntaria,121
1993,Comunitat Valenciana,202504,Voluntaria,101
1994,Comunitat Valenciana,202503,Voluntaria,106
1995,Comunitat Valenciana,202502,Voluntaria,134
1996,Comunitat Valenciana,202501,Voluntaria,255
1997,Comunitat Valenciana,202412,Voluntaria,155
1998,Comunitat Valenciana,202411,Voluntaria,140
1999,Comunitat Valenciana,202410,Voluntaria,106
2000,Comunitat Valenciana,202409,Voluntaria,92
2001,Comunitat Valenciana,202408,Voluntaria,62
2002,Comunitat Valenciana,202407,Voluntaria,58
2003,Comunitat Valenciana,202406,Voluntaria,70
2004,Comunitat Valenciana,202405,Voluntaria,76
2005,Comunitat Valenciana,202404,Voluntaria,112
2006,Comunitat Valenciana,202403,Voluntaria,108
2007,Comunitat Valenciana,202402,Voluntaria,135
2008,Comunitat Valenciana,202401,Voluntaria,242
2009,Comunitat Valenciana,202312,Voluntaria,130
2010,Comunitat Valenciana,202311,Voluntaria,115
2011,Comunitat Valenciana,202310,Voluntaria,90
2012,Comunitat Valenciana,202309,Voluntaria,73
2013,Comunitat Valenciana,202308,Voluntaria,68
2014,Comunitat Valenciana,202307,Voluntaria,70
2015,Comunitat Valenciana,202306,Voluntaria,88
2016,Comunitat Valenciana,202305,Voluntaria,116
2017,Comunitat Valenciana,202304,Voluntaria,79
2018,Comunitat Valenciana,202303,Voluntaria,127
2019,Comunitat Valenciana,202302,Voluntaria,162
2020,Comunitat Valenciana,202301,Voluntaria,269
2021,Comunitat Valenciana,202212,Voluntaria,186
2022,Comunitat Valenciana,202211,Voluntaria,159
2023,Comunitat Valenciana,202210,Voluntaria,76
2024,Comunitat Valenciana,202209,Voluntaria,69
2025,Comunitat Valenciana,202208,Voluntaria,81
2026,Comunitat Valenciana,202207,Voluntaria,98
2027,Comunitat Valenciana,202206,Voluntaria,68
2028,Comunitat Valenciana,202205,Voluntaria,88
2029,Comunitat Valenciana,202204,Voluntaria,77
2030,Comunitat Valenciana,202203,Voluntaria,120
2031,Comunitat Valenciana,202202,Voluntaria,112
2032,Comunitat Valenciana,202201,Voluntaria,305
2033,Comunitat Valenciana,202112,Voluntaria,138
2034,Comunitat Valenciana,202111,Voluntaria,139
2035,Comunitat Valenciana,202110,Voluntaria,88
2036,Comunitat Valenciana,202109,Voluntaria,89
2037,Comunitat Valenciana,202108,Voluntaria,80
2038,Comunitat Valenciana,202107,Voluntaria,73
2039,Comunitat Valenciana,202106,Voluntaria,72
2040,Comunitat Valenciana,202105,Voluntaria,99
2041,Comunitat Valenciana,202104,Voluntaria,98
2042,Comunitat Valenciana,202103,Voluntaria,93
2043,Comunitat Valenciana,202102,Voluntaria,140
2044,Comunitat Valenciana,202101,Voluntaria,222
2045,Comunitat Valenciana,202012,Voluntaria,160
2046,Comunitat Valenciana,202011,Voluntaria,85
2047,Comunitat Valenciana,202010,Voluntaria,94
2048,Comunitat Valenciana,202009,Voluntaria,79
2049,Comunitat Valenciana,202008,Voluntaria,63
2050,Comunitat Valenciana,202007,Voluntaria,89
2051,Comunitat Valenciana,202006,Voluntaria,54
2052,Comunitat Valenciana,202005,Voluntaria,29
2053,Comunitat Valenciana,202004,Voluntaria,30
2054,Comunitat Valenciana,202003,Voluntaria,77
2055,Comunitat Valenciana,202002,Voluntaria,113
2056,Comunitat Valenciana,202001,Voluntaria,230
2057,Comunitat Valenciana,201912,Voluntaria,144
2058,Comunitat Valenciana,201911,Voluntaria,92
2059,Comunitat Valenciana,201910,Voluntaria,86
2060,Comunitat Valenciana,201909,Voluntaria,66
2061,Comunitat Valenciana,201908,Voluntaria,58
2062,Comunitat Valenciana,201907,Voluntaria,83
2063,Comunitat Valenciana,201906,Voluntaria,47
2064,Comunitat Valenciana,201905,Voluntaria,86
2065,Comunitat Valenciana,201904,Voluntaria,101
2066,Comunitat Valenciana,201903,Voluntaria,72
2067,Comunitat Valenciana,201902,Voluntaria,116
2068,Comunitat Valenciana,201901,Voluntaria,246
2069,Comunitat Valenciana,201812,Voluntaria,133
2070,Comunitat Valenciana,201811,Voluntaria,81
2071,Comunitat Valenciana,201810,Voluntaria,61
2072,Comunitat Valenciana,201809,Voluntaria,55
2073,Comunitat Valenciana,201808,Voluntaria,72
2074,Comunitat Valenciana,201807,Voluntaria,82
2075,Comunitat Valenciana,201806,Voluntaria,54
2076,Comunitat Valenciana,201805,Voluntaria,65
2077,Comunitat Valenciana,201804,Voluntaria,70
2078,Comunitat Valenciana,201803,Voluntaria,88
2079,Comunitat Valenciana,201802,Voluntaria,105
2080,Comunitat Valenciana,201801,Voluntaria,248
2081,Comunitat Valenciana,201712,Voluntaria,133
2082,Comunitat Valenciana,201711,Voluntaria,97
2083,Comunitat Valenciana,201710,Voluntaria,66
2084,Comunitat Valenciana,201709,Voluntaria,69
2085,Comunitat Valenciana,201708,Voluntaria,50
2086,Comunitat Valenciana,201707,Voluntaria,58
2087,Comunitat Valenciana,201706,Voluntaria,60
2088,Comunitat Valenciana,201705,Voluntaria,76
2089,Comunitat Valenciana,201704,Voluntaria,51
2090,Comunitat Valenciana,201703,Voluntaria,96
2091,Comunitat Valenciana,201702,Voluntaria,106
2092,Comunitat Valenciana,201701,Voluntaria,234
2093,Comunitat Valenciana,201612,Voluntaria,113
2094,Comunitat Valenciana,201611,Voluntaria,93
2095,Comunitat Valenciana,201610,Voluntaria,78
2096,Comunitat Valenciana,201609,Voluntaria,59
2097,Comunitat Valenciana,201608,Voluntaria,55
2098,Comunitat Valenciana,201607,Voluntaria,59
2099,Comunitat Valenciana,201606,Voluntaria,63
2100,Comunitat Valenciana,201605,Voluntaria,87
2101,Comunitat Valenciana,201604,Voluntaria,84
2102,Comunitat Valenciana,201603,Voluntaria,74
2103,Comunitat Valenciana,201602,Voluntaria,116
2104,Comunitat Valenciana,201601,Voluntaria,218
2105,Comunitat Valenciana,201512,Voluntaria,122
2106,Comunitat Valenciana,201511,Voluntaria,96
2107,Comunitat Valenciana,201510,Voluntaria,52
2108,Comunitat Valenciana,201509,Voluntaria,84
2109,Comunitat Valenciana,201508,Voluntaria,67
2110,Comunitat Valenciana,201507,Voluntaria,73
2111,Comunitat Valenciana,201506,Voluntaria,57
2112,Comunitat Valenciana,201505,Voluntaria,70
2113,Comunitat Valenciana,201504,Voluntaria,66
2114,Comunitat Valenciana,201503,Voluntaria,77
2115,Comunitat Valenciana,201502,Voluntaria,107
2116,Comunitat Valenciana,201501,Voluntaria,167
2117,Comunitat Valenciana,201412,Voluntaria,128
2118,Comunitat Valenciana,201411,Voluntaria,90
2119,Comunitat Valenciana,201410,Voluntaria,85
2120,Comunitat Valenciana,201409,Voluntaria,59
2121,Comunitat Valenciana,201408,Voluntaria,66
2122,Comunitat Valenciana,201407,Voluntaria,72
2123,Comunitat Valenciana,201406,Voluntaria,66
2124,Comunitat Valenciana,201405,Voluntaria,57
2125,Comunitat Valenciana,201404,Voluntaria,68
2126,Comunitat Valenciana,201403,Voluntaria,97
2127,Comunitat Valenciana,201402,Voluntaria,105
2128,Comunitat Valenciana,201401,Voluntaria,211
2129,Comunitat Valenciana,201312,Voluntaria,123
2130,Comunitat Valenciana,201311,Voluntaria,112
2131,Comunitat Valenciana,201310,Voluntaria,57
2132,Comunitat Valenciana,201309,Voluntaria,63
2133,Comunitat Valenciana,201308,Voluntaria,74
2134,Comunitat Valenciana,201307,Voluntaria,80
2135,Comunitat Valenciana,201306,Voluntaria,81
2136,Comunitat Valenciana,201305,Voluntaria,113
2137,Comunitat Valenciana,201304,Voluntaria,90
2138,Comunitat Valenciana,201303,Voluntaria,125
2139,Comunitat Valenciana,201302,Voluntaria,170
2140,Comunitat Valenciana,201301,Voluntaria,242
2141,Comunitat Valenciana,201212,Voluntaria,140
2142,Comunitat Valenciana,201211,Voluntaria,115
2143,Comunitat Valenciana,201210,Voluntaria,79
2144,Comunitat Valenciana,201209,Voluntaria,80
2145,Comunitat Valenciana,201208,Voluntaria,73
2146,Comunitat Valenciana,201207,Voluntaria,88
2147,Comunitat Valenciana,201206,Voluntaria,73
2148,Comunitat Valenciana,201205,Voluntaria,93
2149,Comunitat Valenciana,201204,Voluntaria,80
2150,Comunitat Valenciana,201203,Voluntaria,109
2151,Comunitat Valenciana,201202,Voluntaria,130
2152,Comunitat Valenciana,201201,Voluntaria,216
2153,Comunitat Valenciana,201112,Voluntaria,102
2154,Comunitat Valenciana,201111,Voluntaria,120
2155,Comunitat Valenciana,201110,Voluntaria,70
2156,Comunitat Valenciana,201109,Voluntaria,76
2157,Comunitat Valenciana,201108,Voluntaria,60
2158,Comunitat Valenciana,201107,Voluntaria,68
2159,Comunitat Valenciana,201106,Voluntaria,81
2160,Comunitat Valenciana,201105,Voluntaria,103
2161,Comunitat Valenciana,201104,Voluntaria,53
2162,Comunitat Valenciana,201103,Voluntaria,98
2163,Comunitat Valenciana,201102,Voluntaria,151
2164,Comunitat Valenciana,201101,Voluntaria,197
2165,Comunitat Valenciana,201012,Voluntaria,161
2166,Comunitat Valenciana,201011,Voluntaria,78
2167,Comunitat Valenciana,201010,Voluntaria,68
2168,Comunitat Valenciana,201009,Voluntaria,74
2169,Comunitat Valenciana,201008,Voluntaria,63
2170,Comunitat Valenciana,201007,Voluntaria,85
2171,Comunitat Valenciana,201006,Voluntaria,80
2172,Comunitat Valenciana,201005,Voluntaria,81
2173,Comunitat Valenciana,201004,Voluntaria,92
2174,Comunitat Valenciana,201003,Voluntaria,128
2175,Comunitat Valenciana,201002,Voluntaria,139
2176,Comunitat Valenciana,201001,Voluntaria,204
2177,Comunitat Valenciana,200912,Voluntaria,161
2178,Comunitat Valenciana,200911,Voluntaria,129
2179,Comunitat Valenciana,200910,Voluntaria,73
2180,Comunitat Valenciana,200909,Voluntaria,73
2181,Comunitat Valenciana,200908,Voluntaria,75
2182,Comunitat Valenciana,200907,Voluntaria,76
2183,Comunitat Valenciana,200906,Voluntaria,76
2184,Comunitat Valenciana,200905,Voluntaria,83
2185,Comunitat Valenciana,200904,Voluntaria,57
2186,Comunitat Valenciana,200903,Voluntaria,117
2187,Comunitat Valenciana,200902,Voluntaria,173
2188,Comunitat Valenciana,200901,Voluntaria,202
2189,Comunitat Valenciana,200812,Voluntaria,140
2190,Comunitat Valenciana,200811,Voluntaria,125
2191,Comunitat Valenciana,200810,Voluntaria,95
2192,Comunitat Valenciana,200809,Voluntaria,95
2193,Comunitat Valenciana,200808,Voluntaria,36
2194,Comunitat Valenciana,200807,Voluntaria,77
2195,Comunitat Valenciana,200806,Voluntaria,54
2196,Comunitat Valenciana,200805,Voluntaria,88
2197,Comunitat Valenciana,200804,Voluntaria,94
2198,Comunitat Valenciana,200803,Voluntaria,81
2199,Comunitat Valenciana,200802,Voluntaria,165
2200,Comunitat Valenciana,200801,Voluntaria,275
2201,Extremadura,202604,Voluntaria,42
2202,Extremadura,202603,Voluntaria,36
2203,Extremadura,202602,Voluntaria,36
2204,Extremadura,202601,Voluntaria,29
2205,Extremadura,202512,Voluntaria,52
2206,Extremadura,202511,Voluntaria,31
2207,Extremadura,202510,Voluntaria,31
2208,Extremadura,202509,Voluntaria,10
2209,Extremadura,202508,Voluntaria,14
2210,Extremadura,202507,Voluntaria,16
2211,Extremadura,202506,Voluntaria,34
2212,Extremadura,202505,Voluntaria,19
2213,Extremadura,202504,Voluntaria,16
2214,Extremadura,202503,Voluntaria,16
2215,Extremadura,202502,Voluntaria,35
2216,Extremadura,202501,Voluntaria,43
2217,Extremadura,202412,Voluntaria,40
2218,Extremadura,202411,Voluntaria,34
2219,Extremadura,202410,Voluntaria,28
2220,Extremadura,202409,Voluntaria,15
2221,Extremadura,202408,Voluntaria,13
2222,Extremadura,202407,Voluntaria,21
2223,Extremadura,202406,Voluntaria,10
2224,Extremadura,202405,Voluntaria,24
2225,Extremadura,202404,Voluntaria,19
2226,Extremadura,202403,Voluntaria,25
2227,Extremadura,202402,Voluntaria,30
2228,Extremadura,202401,Voluntaria,52
2229,Extremadura,202312,Voluntaria,35
2230,Extremadura,202311,Voluntaria,27
2231,Extremadura,202310,Voluntaria,21
2232,Extremadura,202309,Voluntaria,18
2233,Extremadura,202308,Voluntaria,12
2234,Extremadura,202307,Voluntaria,16
2235,Extremadura,202306,Voluntaria,23
2236,Extremadura,202305,Voluntaria,15
2237,Extremadura,202304,Voluntaria,21
2238,Extremadura,202303,Voluntaria,30
2239,Extremadura,202302,Voluntaria,24
2240,Extremadura,202301,Voluntaria,54
2241,Extremadura,202212,Voluntaria,34
2242,Extremadura,202211,Voluntaria,36
2243,Extremadura,202210,Voluntaria,28
2244,Extremadura,202209,Voluntaria,13
2245,Extremadura,202208,Voluntaria,14
2246,Extremadura,202207,Voluntaria,20
2247,Extremadura,202206,Voluntaria,22
2248,Extremadura,202205,Voluntaria,18
2249,Extremadura,202204,Voluntaria,17
2250,Extremadura,202203,Voluntaria,21
2251,Extremadura,202202,Voluntaria,38
2252,Extremadura,202201,Voluntaria,44
2253,Extremadura,202112,Voluntaria,45
2254,Extremadura,202111,Voluntaria,24
2255,Extremadura,202110,Voluntaria,21
2256,Extremadura,202109,Voluntaria,19
2257,Extremadura,202108,Voluntaria,22
2258,Extremadura,202107,Voluntaria,21
2259,Extremadura,202106,Voluntaria,22
2260,Extremadura,202105,Voluntaria,25
2261,Extremadura,202104,Voluntaria,21
2262,Extremadura,202103,Voluntaria,19
2263,Extremadura,202102,Voluntaria,17
2264,Extremadura,202101,Voluntaria,36
2265,Extremadura,202012,Voluntaria,42
2266,Extremadura,202011,Voluntaria,29
2267,Extremadura,202010,Voluntaria,33
2268,Extremadura,202009,Voluntaria,17
2269,Extremadura,202008,Voluntaria,16
2270,Extremadura,202007,Voluntaria,22
2271,Extremadura,202006,Voluntaria,13
2272,Extremadura,202005,Voluntaria,5
2273,Extremadura,202004,Voluntaria,6
2274,Extremadura,202003,Voluntaria,12
2275,Extremadura,202002,Voluntaria,28
2276,Extremadura,202001,Voluntaria,41
2277,Extremadura,201912,Voluntaria,33
2278,Extremadura,201911,Voluntaria,22
2279,Extremadura,201910,Voluntaria,24
2280,Extremadura,201909,Voluntaria,9
2281,Extremadura,201908,Voluntaria,9
2282,Extremadura,201907,Voluntaria,20
2283,Extremadura,201906,Voluntaria,11
2284,Extremadura,201905,Voluntaria,16
2285,Extremadura,201904,Voluntaria,17
2286,Extremadura,201903,Voluntaria,19
2287,Extremadura,201902,Voluntaria,48
2288,Extremadura,201901,Voluntaria,34
2289,Extremadura,201812,Voluntaria,42
2290,Extremadura,201811,Voluntaria,24
2291,Extremadura,201810,Voluntaria,27
2292,Extremadura,201809,Voluntaria,14
2293,Extremadura,201808,Voluntaria,15
2294,Extremadura,201807,Voluntaria,22
2295,Extremadura,201806,Voluntaria,11
2296,Extremadura,201805,Voluntaria,15
2297,Extremadura,201804,Voluntaria,15
2298,Extremadura,201803,Voluntaria,19
2299,Extremadura,201802,Voluntaria,16
2300,Extremadura,201801,Voluntaria,44
2301,Extremadura,201712,Voluntaria,43
2302,Extremadura,201711,Voluntaria,29
2303,Extremadura,201710,Voluntaria,30
2304,Extremadura,201709,Voluntaria,16
2305,Extremadura,201708,Voluntaria,18
2306,Extremadura,201707,Voluntaria,20
2307,Extremadura,201706,Voluntaria,20
2308,Extremadura,201705,Voluntaria,14
2309,Extremadura,201704,Voluntaria,17
2310,Extremadura,201703,Voluntaria,25
2311,Extremadura,201702,Voluntaria,27
2312,Extremadura,201701,Voluntaria,46
2313,Extremadura,201612,Voluntaria,25
2314,Extremadura,201611,Voluntaria,21
2315,Extremadura,201610,Voluntaria,14
2316,Extremadura,201609,Voluntaria,12
2317,Extremadura,201608,Voluntaria,9
2318,Extremadura,201607,Voluntaria,15
2319,Extremadura,201606,Voluntaria,16
2320,Extremadura,201605,Voluntaria,18
2321,Extremadura,201604,Voluntaria,21
2322,Extremadura,201603,Voluntaria,23
2323,Extremadura,201602,Voluntaria,29
2324,Extremadura,201601,Voluntaria,45
2325,Extremadura,201512,Voluntaria,19
2326,Extremadura,201511,Voluntaria,11
2327,Extremadura,201510,Voluntaria,21
2328,Extremadura,201509,Voluntaria,9
2329,Extremadura,201508,Voluntaria,7
2330,Extremadura,201507,Voluntaria,21
2331,Extremadura,201506,Voluntaria,16
2332,Extremadura,201505,Voluntaria,13
2333,Extremadura,201504,Voluntaria,21
2334,Extremadura,201503,Voluntaria,13
2335,Extremadura,201502,Voluntaria,29
2336,Extremadura,201501,Voluntaria,32
2337,Extremadura,201412,Voluntaria,30
2338,Extremadura,201411,Voluntaria,17
2339,Extremadura,201410,Voluntaria,7
2340,Extremadura,201409,Voluntaria,14
2341,Extremadura,201408,Voluntaria,12
2342,Extremadura,201407,Voluntaria,20
2343,Extremadura,201406,Voluntaria,17
2344,Extremadura,201405,Voluntaria,23
2345,Extremadura,201404,Voluntaria,15
2346,Extremadura,201403,Voluntaria,14
2347,Extremadura,201402,Voluntaria,24
2348,Extremadura,201401,Voluntaria,44
2349,Extremadura,201312,Voluntaria,21
2350,Extremadura,201311,Voluntaria,23
2351,Extremadura,201310,Voluntaria,20
2352,Extremadura,201309,Voluntaria,10
2353,Extremadura,201308,Voluntaria,10
2354,Extremadura,201307,Voluntaria,18
2355,Extremadura,201306,Voluntaria,22
2356,Extremadura,201305,Voluntaria,23
2357,Extremadura,201304,Voluntaria,35
2358,Extremadura,201303,Voluntaria,21
2359,Extremadura,201302,Voluntaria,23
2360,Extremadura,201301,Voluntaria,54
2361,Extremadura,201212,Voluntaria,42
2362,Extremadura,201211,Voluntaria,28
2363,Extremadura,201210,Voluntaria,31
2364,Extremadura,201209,Voluntaria,16
2365,Extremadura,201208,Voluntaria,22
2366,Extremadura,201207,Voluntaria,15
2367,Extremadura,201206,Voluntaria,25
2368,Extremadura,201205,Voluntaria,34
2369,Extremadura,201204,Voluntaria,23
2370,Extremadura,201203,Voluntaria,31
2371,Extremadura,201202,Voluntaria,36
2372,Extremadura,201201,Voluntaria,55
2373,Extremadura,201112,Voluntaria,22
2374,Extremadura,201111,Voluntaria,36
2375,Extremadura,201110,Voluntaria,19
2376,Extremadura,201109,Voluntaria,21
2377,Extremadura,201108,Voluntaria,26
2378,Extremadura,201107,Voluntaria,17
2379,Extremadura,201106,Voluntaria,20
2380,Extremadura,201105,Voluntaria,17
2381,Extremadura,201104,Voluntaria,12
2382,Extremadura,201103,Voluntaria,20
2383,Extremadura,201102,Voluntaria,25
2384,Extremadura,201101,Voluntaria,37
2385,Extremadura,201012,Voluntaria,39
2386,Extremadura,201011,Voluntaria,22
2387,Extremadura,201010,Voluntaria,19
2388,Extremadura,201009,Voluntaria,22
2389,Extremadura,201008,Voluntaria,12
2390,Extremadura,201007,Voluntaria,14
2391,Extremadura,201006,Voluntaria,14
2392,Extremadura,201005,Voluntaria,17
2393,Extremadura,201004,Voluntaria,22
2394,Extremadura,201003,Voluntaria,22
2395,Extremadura,201002,Voluntaria,49
2396,Extremadura,201001,Voluntaria,46
2397,Extremadura,200912,Voluntaria,48
2398,Extremadura,200911,Voluntaria,23
2399,Extremadura,200910,Voluntaria,18
2400,Extremadura,200909,Voluntaria,19
2401,Extremadura,200908,Voluntaria,16
2402,Extremadura,200907,Voluntaria,23
2403,Extremadura,200906,Voluntaria,12
2404,Extremadura,200905,Voluntaria,22
2405,Extremadura,200904,Voluntaria,15
2406,Extremadura,200903,Voluntaria,23
2407,Extremadura,200902,Voluntaria,34
2408,Extremadura,200901,Voluntaria,51
2409,Extremadura,200812,Voluntaria,32
2410,Extremadura,200811,Voluntaria,29
2411,Extremadura,200810,Voluntaria,17
2412,Extremadura,200809,Voluntaria,18
2413,Extremadura,200808,Voluntaria,11
2414,Extremadura,200807,Voluntaria,24
2415,Extremadura,200806,Voluntaria,22
2416,Extremadura,200805,Voluntaria,19
2417,Extremadura,200804,Voluntaria,22
2418,Extremadura,200803,Voluntaria,20
2419,Extremadura,200802,Voluntaria,19
2420,Extremadura,200801,Voluntaria,36
2421,Galicia,202604,Voluntaria,103
2422,Galicia,202603,Voluntaria,124
2423,Galicia,202602,Voluntaria,152
2424,Galicia,202601,Voluntaria,242
2425,Galicia,202512,Voluntaria,177
2426,Galicia,202511,Voluntaria,123
2427,Galicia,202510,Voluntaria,117
2428,Galicia,202509,Voluntaria,79
2429,Galicia,202508,Voluntaria,53
2430,Galicia,202507,Voluntaria,58
2431,Galicia,202506,Voluntaria,86
2432,Galicia,202505,Voluntaria,75
2433,Galicia,202504,Voluntaria,71
2434,Galicia,202503,Voluntaria,93
2435,Galicia,202502,Voluntaria,160
2436,Galicia,202501,Voluntaria,222
2437,Galicia,202412,Voluntaria,192
2438,Galicia,202411,Voluntaria,119
2439,Galicia,202410,Voluntaria,102
2440,Galicia,202409,Voluntaria,64
2441,Galicia,202408,Voluntaria,54
2442,Galicia,202407,Voluntaria,54
2443,Galicia,202406,Voluntaria,70
2444,Galicia,202405,Voluntaria,74
2445,Galicia,202404,Voluntaria,82
2446,Galicia,202403,Voluntaria,89
2447,Galicia,202402,Voluntaria,139
2448,Galicia,202401,Voluntaria,239
2449,Galicia,202312,Voluntaria,165
2450,Galicia,202311,Voluntaria,99
2451,Galicia,202310,Voluntaria,69
2452,Galicia,202309,Voluntaria,78
2453,Galicia,202308,Voluntaria,43
2454,Galicia,202307,Voluntaria,62
2455,Galicia,202306,Voluntaria,64
2456,Galicia,202305,Voluntaria,82
2457,Galicia,202304,Voluntaria,60
2458,Galicia,202303,Voluntaria,108
2459,Galicia,202302,Voluntaria,128
2460,Galicia,202301,Voluntaria,173
2461,Galicia,202212,Voluntaria,235
2462,Galicia,202211,Voluntaria,121
2463,Galicia,202210,Voluntaria,83
2464,Galicia,202209,Voluntaria,82
2465,Galicia,202208,Voluntaria,70
2466,Galicia,202207,Voluntaria,53
2467,Galicia,202206,Voluntaria,60
2468,Galicia,202205,Voluntaria,75
2469,Galicia,202204,Voluntaria,64
2470,Galicia,202203,Voluntaria,103
2471,Galicia,202202,Voluntaria,120
2472,Galicia,202201,Voluntaria,198
2473,Galicia,202112,Voluntaria,242
2474,Galicia,202111,Voluntaria,116
2475,Galicia,202110,Voluntaria,74
2476,Galicia,202109,Voluntaria,83
2477,Galicia,202108,Voluntaria,58
2478,Galicia,202107,Voluntaria,82
2479,Galicia,202106,Voluntaria,64
2480,Galicia,202105,Voluntaria,82
2481,Galicia,202104,Voluntaria,87
2482,Galicia,202103,Voluntaria,111
2483,Galicia,202102,Voluntaria,158
2484,Galicia,202101,Voluntaria,156
2485,Galicia,202012,Voluntaria,252
2486,Galicia,202011,Voluntaria,112
2487,Galicia,202010,Voluntaria,72
2488,Galicia,202009,Voluntaria,77
2489,Galicia,202008,Voluntaria,50
2490,Galicia,202007,Voluntaria,43
2491,Galicia,202006,Voluntaria,41
2492,Galicia,202005,Voluntaria,21
2493,Galicia,202004,Voluntaria,17
2494,Galicia,202003,Voluntaria,67
2495,Galicia,202002,Voluntaria,124
2496,Galicia,202001,Voluntaria,201
2497,Galicia,201912,Voluntaria,184
2498,Galicia,201911,Voluntaria,104
2499,Galicia,201910,Voluntaria,85
2500,Galicia,201909,Voluntaria,54
2501,Galicia,201908,Voluntaria,46
2502,Galicia,201907,Voluntaria,58
2503,Galicia,201906,Voluntaria,47
2504,Galicia,201905,Voluntaria,73
2505,Galicia,201904,Voluntaria,84
2506,Galicia,201903,Voluntaria,82
2507,Galicia,201902,Voluntaria,147
2508,Galicia,201901,Voluntaria,207
2509,Galicia,201812,Voluntaria,167
2510,Galicia,201811,Voluntaria,115
2511,Galicia,201810,Voluntaria,92
2512,Galicia,201809,Voluntaria,47
2513,Galicia,201808,Voluntaria,50
2514,Galicia,201807,Voluntaria,50
2515,Galicia,201806,Voluntaria,70
2516,Galicia,201805,Voluntaria,55
2517,Galicia,201804,Voluntaria,78
2518,Galicia,201803,Voluntaria,98
2519,Galicia,201802,Voluntaria,111
2520,Galicia,201801,Voluntaria,247
2521,Galicia,201712,Voluntaria,176
2522,Galicia,201711,Voluntaria,90
2523,Galicia,201710,Voluntaria,79
2524,Galicia,201709,Voluntaria,58
2525,Galicia,201708,Voluntaria,63
2526,Galicia,201707,Voluntaria,50
2527,Galicia,201706,Voluntaria,68
2528,Galicia,201705,Voluntaria,59
2529,Galicia,201704,Voluntaria,70
2530,Galicia,201703,Voluntaria,97
2531,Galicia,201702,Voluntaria,141
2532,Galicia,201701,Voluntaria,212
2533,Galicia,201612,Voluntaria,190
2534,Galicia,201611,Voluntaria,135
2535,Galicia,201610,Voluntaria,93
2536,Galicia,201609,Voluntaria,75
2537,Galicia,201608,Voluntaria,54
2538,Galicia,201607,Voluntaria,63
2539,Galicia,201606,Voluntaria,49
2540,Galicia,201605,Voluntaria,70
2541,Galicia,201604,Voluntaria,74
2542,Galicia,201603,Voluntaria,103
2543,Galicia,201602,Voluntaria,133
2544,Galicia,201601,Voluntaria,167
2545,Galicia,201512,Voluntaria,188
2546,Galicia,201511,Voluntaria,94
2547,Galicia,201510,Voluntaria,90
2548,Galicia,201509,Voluntaria,62
2549,Galicia,201508,Voluntaria,50
2550,Galicia,201507,Voluntaria,57
2551,Galicia,201506,Voluntaria,76
2552,Galicia,201505,Voluntaria,64
2553,Galicia,201504,Voluntaria,90
2554,Galicia,201503,Voluntaria,84
2555,Galicia,201502,Voluntaria,142
2556,Galicia,201501,Voluntaria,169
2557,Galicia,201412,Voluntaria,166
2558,Galicia,201411,Voluntaria,85
2559,Galicia,201410,Voluntaria,99
2560,Galicia,201409,Voluntaria,82
2561,Galicia,201408,Voluntaria,54
2562,Galicia,201407,Voluntaria,59
2563,Galicia,201406,Voluntaria,73
2564,Galicia,201405,Voluntaria,73
2565,Galicia,201404,Voluntaria,68
2566,Galicia,201403,Voluntaria,77
2567,Galicia,201402,Voluntaria,104
2568,Galicia,201401,Voluntaria,192
2569,Galicia,201312,Voluntaria,167
2570,Galicia,201311,Voluntaria,127
2571,Galicia,201310,Voluntaria,100
2572,Galicia,201309,Voluntaria,64
2573,Galicia,201308,Voluntaria,69
2574,Galicia,201307,Voluntaria,72
2575,Galicia,201306,Voluntaria,95
2576,Galicia,201305,Voluntaria,111
2577,Galicia,201304,Voluntaria,110
2578,Galicia,201303,Voluntaria,118
2579,Galicia,201302,Voluntaria,199
2580,Galicia,201301,Voluntaria,274
2581,Galicia,201212,Voluntaria,159
2582,Galicia,201211,Voluntaria,103
2583,Galicia,201210,Voluntaria,100
2584,Galicia,201209,Voluntaria,66
2585,Galicia,201208,Voluntaria,57
2586,Galicia,201207,Voluntaria,77
2587,Galicia,201206,Voluntaria,78
2588,Galicia,201205,Voluntaria,86
2589,Galicia,201204,Voluntaria,83
2590,Galicia,201203,Voluntaria,101
2591,Galicia,201202,Voluntaria,143
2592,Galicia,201201,Voluntaria,225
2593,Galicia,201112,Voluntaria,198
2594,Galicia,201111,Voluntaria,99
2595,Galicia,201110,Voluntaria,63
2596,Galicia,201109,Voluntaria,69
2597,Galicia,201108,Voluntaria,67
2598,Galicia,201107,Voluntaria,51
2599,Galicia,201106,Voluntaria,68
2600,Galicia,201105,Voluntaria,78
2601,Galicia,201104,Voluntaria,64
2602,Galicia,201103,Voluntaria,91
2603,Galicia,201102,Voluntaria,133
2604,Galicia,201101,Voluntaria,188
2605,Galicia,201012,Voluntaria,152
2606,Galicia,201011,Voluntaria,76
2607,Galicia,201010,Voluntaria,70
2608,Galicia,201009,Voluntaria,92
2609,Galicia,201008,Voluntaria,55
2610,Galicia,201007,Voluntaria,59
2611,Galicia,201006,Voluntaria,66
2612,Galicia,201005,Voluntaria,59
2613,Galicia,201004,Voluntaria,62
2614,Galicia,201003,Voluntaria,99
2615,Galicia,201002,Voluntaria,119
2616,Galicia,201001,Voluntaria,165
2617,Galicia,200912,Voluntaria,129
2618,Galicia,200911,Voluntaria,87
2619,Galicia,200910,Voluntaria,65
2620,Galicia,200909,Voluntaria,61
2621,Galicia,200908,Voluntaria,53
2622,Galicia,200907,Voluntaria,39
2623,Galicia,200906,Voluntaria,36
2624,Galicia,200905,Voluntaria,43
2625,Galicia,200904,Voluntaria,58
2626,Galicia,200903,Voluntaria,73
2627,Galicia,200902,Voluntaria,110
2628,Galicia,200901,Voluntaria,177
2629,Galicia,200812,Voluntaria,113
2630,Galicia,200811,Voluntaria,70
2631,Galicia,200810,Voluntaria,59
2632,Galicia,200809,Voluntaria,53
2633,Galicia,200808,Voluntaria,38
2634,Galicia,200807,Voluntaria,52
2635,Galicia,200806,Voluntaria,42
2636,Galicia,200805,Voluntaria,54
2637,Galicia,200804,Voluntaria,57
2638,Galicia,200803,Voluntaria,44
2639,Galicia,200802,Voluntaria,117
2640,Galicia,200801,Voluntaria,151
2641,"Madrid, Comunidad de",202604,Voluntaria,487
2642,"Madrid, Comunidad de",202603,Voluntaria,623
2643,"Madrid, Comunidad de",202602,Voluntaria,563
2644,"Madrid, Comunidad de",202601,Voluntaria,981
2645,"Madrid, Comunidad de",202512,Voluntaria,934
2646,"Madrid, Comunidad de",202511,Voluntaria,642
2647,"Madrid, Comunidad de",202510,Voluntaria,573
2648,"Madrid, Comunidad de",202509,Voluntaria,384
2649,"Madrid, Comunidad de",202508,Voluntaria,341
2650,"Madrid, Comunidad de",202507,Voluntaria,446
2651,"Madrid, Comunidad de",202506,Voluntaria,420
2652,"Madrid, Comunidad de",202505,Voluntaria,387
2653,"Madrid, Comunidad de",202504,Voluntaria,452
2654,"Madrid, Comunidad de",202503,Voluntaria,529
2655,"Madrid, Comunidad de",202502,Voluntaria,634
2656,"Madrid, Comunidad de",202501,Voluntaria,1000
2657,"Madrid, Comunidad de",202412,Voluntaria,872
2658,"Madrid, Comunidad de",202411,Voluntaria,597
2659,"Madrid, Comunidad de",202410,Voluntaria,530
2660,"Madrid, Comunidad de",202409,Voluntaria,350
2661,"Madrid, Comunidad de",202408,Voluntaria,370
2662,"Madrid, Comunidad de",202407,Voluntaria,432
2663,"Madrid, Comunidad de",202406,Voluntaria,427
2664,"Madrid, Comunidad de",202405,Voluntaria,339
2665,"Madrid, Comunidad de",202404,Voluntaria,462
2666,"Madrid, Comunidad de",202403,Voluntaria,475
2667,"Madrid, Comunidad de",202402,Voluntaria,635
2668,"Madrid, Comunidad de",202401,Voluntaria,841
2669,"Madrid, Comunidad de",202312,Voluntaria,723
2670,"Madrid, Comunidad de",202311,Voluntaria,595
2671,"Madrid, Comunidad de",202310,Voluntaria,529
2672,"Madrid, Comunidad de",202309,Voluntaria,228
2673,"Madrid, Comunidad de",202308,Voluntaria,388
2674,"Madrid, Comunidad de",202307,Voluntaria,453
2675,"Madrid, Comunidad de",202306,Voluntaria,477
2676,"Madrid, Comunidad de",202305,Voluntaria,446
2677,"Madrid, Comunidad de",202304,Voluntaria,445
2678,"Madrid, Comunidad de",202303,Voluntaria,678
2679,"Madrid, Comunidad de",202302,Voluntaria,785
2680,"Madrid, Comunidad de",202301,Voluntaria,1114
2681,"Madrid, Comunidad de",202212,Voluntaria,905
2682,"Madrid, Comunidad de",202211,Voluntaria,756
2683,"Madrid, Comunidad de",202210,Voluntaria,599
2684,"Madrid, Comunidad de",202209,Voluntaria,398
2685,"Madrid, Comunidad de",202208,Voluntaria,454
2686,"Madrid, Comunidad de",202207,Voluntaria,423
2687,"Madrid, Comunidad de",202206,Voluntaria,482
2688,"Madrid, Comunidad de",202205,Voluntaria,432
2689,"Madrid, Comunidad de",202204,Voluntaria,431
2690,"Madrid, Comunidad de",202203,Voluntaria,547
2691,"Madrid, Comunidad de",202202,Voluntaria,558
2692,"Madrid, Comunidad de",202201,Voluntaria,922
2693,"Madrid, Comunidad de",202112,Voluntaria,681
2694,"Madrid, Comunidad de",202111,Voluntaria,513
2695,"Madrid, Comunidad de",202110,Voluntaria,410
2696,"Madrid, Comunidad de",202109,Voluntaria,275
2697,"Madrid, Comunidad de",202108,Voluntaria,339
2698,"Madrid, Comunidad de",202107,Voluntaria,364
2699,"Madrid, Comunidad de",202106,Voluntaria,420
2700,"Madrid, Comunidad de",202105,Voluntaria,443
2701,"Madrid, Comunidad de",202104,Voluntaria,428
2702,"Madrid, Comunidad de",202103,Voluntaria,514
2703,"Madrid, Comunidad de",202102,Voluntaria,599
2704,"Madrid, Comunidad de",202101,Voluntaria,648
2705,"Madrid, Comunidad de",202012,Voluntaria,671
2706,"Madrid, Comunidad de",202011,Voluntaria,450
2707,"Madrid, Comunidad de",202010,Voluntaria,347
2708,"Madrid, Comunidad de",202009,Voluntaria,282
2709,"Madrid, Comunidad de",202008,Voluntaria,305
2710,"Madrid, Comunidad de",202007,Voluntaria,424
2711,"Madrid, Comunidad de",202006,Voluntaria,268
2712,"Madrid, Comunidad de",202005,Voluntaria,110
2713,"Madrid, Comunidad de",202004,Voluntaria,70
2714,"Madrid, Comunidad de",202003,Voluntaria,378
2715,"Madrid, Comunidad de",202002,Voluntaria,605
2716,"Madrid, Comunidad de",202001,Voluntaria,848
2717,"Madrid, Comunidad de",201912,Voluntaria,611
2718,"Madrid, Comunidad de",201911,Voluntaria,545
2719,"Madrid, Comunidad de",201910,Voluntaria,386
2720,"Madrid, Comunidad de",201909,Voluntaria,254
2721,"Madrid, Comunidad de",201908,Voluntaria,330
2722,"Madrid, Comunidad de",201907,Voluntaria,403
2723,"Madrid, Comunidad de",201906,Voluntaria,335
2724,"Madrid, Comunidad de",201905,Voluntaria,320
2725,"Madrid, Comunidad de",201904,Voluntaria,382
2726,"Madrid, Comunidad de",201903,Voluntaria,451
2727,"Madrid, Comunidad de",201902,Voluntaria,591
2728,"Madrid, Comunidad de",201901,Voluntaria,833
2729,"Madrid, Comunidad de",201812,Voluntaria,621
2730,"Madrid, Comunidad de",201811,Voluntaria,470
2731,"Madrid, Comunidad de",201810,Voluntaria,380
2732,"Madrid, Comunidad de",201809,Voluntaria,262
2733,"Madrid, Comunidad de",201808,Voluntaria,312
2734,"Madrid, Comunidad de",201807,Voluntaria,361
2735,"Madrid, Comunidad de",201806,Voluntaria,341
2736,"Madrid, Comunidad de",201805,Voluntaria,324
2737,"Madrid, Comunidad de",201804,Voluntaria,365
2738,"Madrid, Comunidad de",201803,Voluntaria,440
2739,"Madrid, Comunidad de",201802,Voluntaria,462
2740,"Madrid, Comunidad de",201801,Voluntaria,859
2741,"Madrid, Comunidad de",201712,Voluntaria,524
2742,"Madrid, Comunidad de",201711,Voluntaria,410
2743,"Madrid, Comunidad de",201710,Voluntaria,344
2744,"Madrid, Comunidad de",201709,Voluntaria,262
2745,"Madrid, Comunidad de",201708,Voluntaria,309
2746,"Madrid, Comunidad de",201707,Voluntaria,332
2747,"Madrid, Comunidad de",201706,Voluntaria,363
2748,"Madrid, Comunidad de",201705,Voluntaria,356
2749,"Madrid, Comunidad de",201704,Voluntaria,358
2750,"Madrid, Comunidad de",201703,Voluntaria,471
2751,"Madrid, Comunidad de",201702,Voluntaria,521
2752,"Madrid, Comunidad de",201701,Voluntaria,761
2753,"Madrid, Comunidad de",201612,Voluntaria,506
2754,"Madrid, Comunidad de",201611,Voluntaria,421
2755,"Madrid, Comunidad de",201610,Voluntaria,344
2756,"Madrid, Comunidad de",201609,Voluntaria,258
2757,"Madrid, Comunidad de",201608,Voluntaria,272
2758,"Madrid, Comunidad de",201607,Voluntaria,262
2759,"Madrid, Comunidad de",201606,Voluntaria,295
2760,"Madrid, Comunidad de",201605,Voluntaria,240
2761,"Madrid, Comunidad de",201604,Voluntaria,300
2762,"Madrid, Comunidad de",201603,Voluntaria,360
2763,"Madrid, Comunidad de",201602,Voluntaria,463
2764,"Madrid, Comunidad de",201601,Voluntaria,640
2765,"Madrid, Comunidad de",201512,Voluntaria,449
2766,"Madrid, Comunidad de",201511,Voluntaria,336
2767,"Madrid, Comunidad de",201510,Voluntaria,305
2768,"Madrid, Comunidad de",201509,Voluntaria,249
2769,"Madrid, Comunidad de",201508,Voluntaria,240
2770,"Madrid, Comunidad de",201507,Voluntaria,273
2771,"Madrid, Comunidad de",201506,Voluntaria,302
2772,"Madrid, Comunidad de",201505,Voluntaria,248
2773,"Madrid, Comunidad de",201504,Voluntaria,291
2774,"Madrid, Comunidad de",201503,Voluntaria,325
2775,"Madrid, Comunidad de",201502,Voluntaria,385
2776,"Madrid, Comunidad de",201501,Voluntaria,599
2777,"Madrid, Comunidad de",201412,Voluntaria,404
2778,"Madrid, Comunidad de",201411,Voluntaria,355
2779,"Madrid, Comunidad de",201410,Voluntaria,325
2780,"Madrid, Comunidad de",201409,Voluntaria,257
2781,"Madrid, Comunidad de",201408,Voluntaria,199
2782,"Madrid, Comunidad de",201407,Voluntaria,264
2783,"Madrid, Comunidad de",201406,Voluntaria,251
2784,"Madrid, Comunidad de",201405,Voluntaria,218
2785,"Madrid, Comunidad de",201404,Voluntaria,255
2786,"Madrid, Comunidad de",201403,Voluntaria,347
2787,"Madrid, Comunidad de",201402,Voluntaria,349
2788,"Madrid, Comunidad de",201401,Voluntaria,688
2789,"Madrid, Comunidad de",201312,Voluntaria,390
2790,"Madrid, Comunidad de",201311,Voluntaria,351
2791,"Madrid, Comunidad de",201310,Voluntaria,323
2792,"Madrid, Comunidad de",201309,Voluntaria,223
2793,"Madrid, Comunidad de",201308,Voluntaria,263
2794,"Madrid, Comunidad de",201307,Voluntaria,328
2795,"Madrid, Comunidad de",201306,Voluntaria,359
2796,"Madrid, Comunidad de",201305,Voluntaria,306
2797,"Madrid, Comunidad de",201304,Voluntaria,397
2798,"Madrid, Comunidad de",201303,Voluntaria,321
2799,"Madrid, Comunidad de",201302,Voluntaria,457
2800,"Madrid, Comunidad de",201301,Voluntaria,568
2801,"Madrid, Comunidad de",201212,Voluntaria,361
2802,"Madrid, Comunidad de",201211,Voluntaria,306
2803,"Madrid, Comunidad de",201210,Voluntaria,309
2804,"Madrid, Comunidad de",201209,Voluntaria,194
2805,"Madrid, Comunidad de",201208,Voluntaria,230
2806,"Madrid, Comunidad de",201207,Voluntaria,251
2807,"Madrid, Comunidad de",201206,Voluntaria,282
2808,"Madrid, Comunidad de",201205,Voluntaria,254
2809,"Madrid, Comunidad de",201204,Voluntaria,185
2810,"Madrid, Comunidad de",201203,Voluntaria,334
2811,"Madrid, Comunidad de",201202,Voluntaria,358
2812,"Madrid, Comunidad de",201201,Voluntaria,511
2813,"Madrid, Comunidad de",201112,Voluntaria,306
2814,"Madrid, Comunidad de",201111,Voluntaria,254
2815,"Madrid, Comunidad de",201110,Voluntaria,217
2816,"Madrid, Comunidad de",201109,Voluntaria,159
2817,"Madrid, Comunidad de",201108,Voluntaria,155
2818,"Madrid, Comunidad de",201107,Voluntaria,162
2819,"Madrid, Comunidad de",201106,Voluntaria,220
2820,"Madrid, Comunidad de",201105,Voluntaria,235
2821,"Madrid, Comunidad de",201104,Voluntaria,205
2822,"Madrid, Comunidad de",201103,Voluntaria,364
2823,"Madrid, Comunidad de",201102,Voluntaria,354
2824,"Madrid, Comunidad de",201101,Voluntaria,457
2825,"Madrid, Comunidad de",201012,Voluntaria,303
2826,"Madrid, Comunidad de",201011,Voluntaria,271
2827,"Madrid, Comunidad de",201010,Voluntaria,164
2828,"Madrid, Comunidad de",201009,Voluntaria,142
2829,"Madrid, Comunidad de",201008,Voluntaria,155
2830,"Madrid, Comunidad de",201007,Voluntaria,195
2831,"Madrid, Comunidad de",201006,Voluntaria,180
2832,"Madrid, Comunidad de",201005,Voluntaria,219
2833,"Madrid, Comunidad de",201004,Voluntaria,214
2834,"Madrid, Comunidad de",201003,Voluntaria,230
2835,"Madrid, Comunidad de",201002,Voluntaria,303
2836,"Madrid, Comunidad de",201001,Voluntaria,444
2837,"Madrid, Comunidad de",200912,Voluntaria,360
2838,"Madrid, Comunidad de",200911,Voluntaria,235
2839,"Madrid, Comunidad de",200910,Voluntaria,183
2840,"Madrid, Comunidad de",200909,Voluntaria,164
2841,"Madrid, Comunidad de",200908,Voluntaria,136
2842,"Madrid, Comunidad de",200907,Voluntaria,197
2843,"Madrid, Comunidad de",200906,Voluntaria,217
2844,"Madrid, Comunidad de",200905,Voluntaria,206
2845,"Madrid, Comunidad de",200904,Voluntaria,160
2846,"Madrid, Comunidad de",200903,Voluntaria,248
2847,"Madrid, Comunidad de",200902,Voluntaria,249
2848,"Madrid, Comunidad de",200901,Voluntaria,400
2849,"Madrid, Comunidad de",200812,Voluntaria,300
2850,"Madrid, Comunidad de",200811,Voluntaria,253
2851,"Madrid, Comunidad de",200810,Voluntaria,194
2852,"Madrid, Comunidad de",200809,Voluntaria,166
2853,"Madrid, Comunidad de",200808,Voluntaria,126
2854,"Madrid, Comunidad de",200807,Voluntaria,195
2855,"Madrid, Comunidad de",200806,Voluntaria,159
2856,"Madrid, Comunidad de",200805,Voluntaria,161
2857,"Madrid, Comunidad de",200804,Voluntaria,229
2858,"Madrid, Comunidad de",200803,Voluntaria,158
2859,"Madrid, Comunidad de",200802,Voluntaria,476
2860,"Madrid, Comunidad de",200801,Voluntaria,433
2861,"Murcia, Región de",202604,Voluntaria,3
2862,"Murcia, Región de",202603,Voluntaria,3
2863,"Murcia, Región de",202602,Voluntaria,12
2864,"Murcia, Región de",202601,Voluntaria,11
2865,"Murcia, Región de",202512,Voluntaria,13
2866,"Murcia, Región de",202511,Voluntaria,15
2867,"Murcia, Región de",202510,Voluntaria,14
2868,"Murcia, Región de",202509,Voluntaria,17
2869,"Murcia, Región de",202508,Voluntaria,10
2870,"Murcia, Región de",202507,Voluntaria,7
2871,"Murcia, Región de",202506,Voluntaria,9
2872,"Murcia, Región de",202505,Voluntaria,14
2873,"Murcia, Región de",202504,Voluntaria,13
2874,"Murcia, Región de",202503,Voluntaria,22
2875,"Murcia, Región de",202502,Voluntaria,26
2876,"Murcia, Región de",202501,Voluntaria,43
2877,"Murcia, Región de",202412,Voluntaria,35
2878,"Murcia, Región de",202411,Voluntaria,24
2879,"Murcia, Región de",202410,Voluntaria,34
2880,"Murcia, Región de",202409,Voluntaria,25
2881,"Murcia, Región de",202408,Voluntaria,18
2882,"Murcia, Región de",202407,Voluntaria,14
2883,"Murcia, Región de",202406,Voluntaria,21
2884,"Murcia, Región de",202405,Voluntaria,13
2885,"Murcia, Región de",202404,Voluntaria,28
2886,"Murcia, Región de",202403,Voluntaria,25
2887,"Murcia, Región de",202402,Voluntaria,29
2888,"Murcia, Región de",202401,Voluntaria,45
2889,"Murcia, Región de",202312,Voluntaria,38
2890,"Murcia, Región de",202311,Voluntaria,31
2891,"Murcia, Región de",202310,Voluntaria,15
2892,"Murcia, Región de",202309,Voluntaria,18
2893,"Murcia, Región de",202308,Voluntaria,27
2894,"Murcia, Región de",202307,Voluntaria,12
2895,"Murcia, Región de",202306,Voluntaria,26
2896,"Murcia, Región de",202305,Voluntaria,14
2897,"Murcia, Región de",202304,Voluntaria,20
2898,"Murcia, Región de",202303,Voluntaria,23
2899,"Murcia, Región de",202302,Voluntaria,29
2900,"Murcia, Región de",202301,Voluntaria,51
2901,"Murcia, Región de",202212,Voluntaria,41
2902,"Murcia, Región de",202211,Voluntaria,24
2903,"Murcia, Región de",202210,Voluntaria,23
2904,"Murcia, Región de",202209,Voluntaria,14
2905,"Murcia, Región de",202208,Voluntaria,23
2906,"Murcia, Región de",202207,Voluntaria,30
2907,"Murcia, Región de",202206,Voluntaria,15
2908,"Murcia, Región de",202205,Voluntaria,21
2909,"Murcia, Región de",202204,Voluntaria,22
2910,"Murcia, Región de",202203,Voluntaria,34
2911,"Murcia, Región de",202202,Voluntaria,24
2912,"Murcia, Región de",202201,Voluntaria,23
2913,"Murcia, Región de",202112,Voluntaria,18
2914,"Murcia, Región de",202111,Voluntaria,20
2915,"Murcia, Región de",202110,Voluntaria,6
2916,"Murcia, Región de",202109,Voluntaria,8
2917,"Murcia, Región de",202108,Voluntaria,6
2918,"Murcia, Región de",202107,Voluntaria,12
2919,"Murcia, Región de",202106,Voluntaria,13
2920,"Murcia, Región de",202105,Voluntaria,17
2921,"Murcia, Región de",202104,Voluntaria,10
2922,"Murcia, Región de",202103,Voluntaria,13
2923,"Murcia, Región de",202102,Voluntaria,12
2924,"Murcia, Región de",202101,Voluntaria,9
2925,"Murcia, Región de",202012,Voluntaria,6
2926,"Murcia, Región de",202011,Voluntaria,4
2927,"Murcia, Región de",202010,Voluntaria,7
2928,"Murcia, Región de",202009,Voluntaria,9
2929,"Murcia, Región de",202008,Voluntaria,3
2930,"Murcia, Región de",202007,Voluntaria,10
2931,"Murcia, Región de",202006,Voluntaria,6
2932,"Murcia, Región de",202005,Voluntaria,1
2933,"Murcia, Región de",202004,Voluntaria,3
2934,"Murcia, Región de",202003,Voluntaria,3
2935,"Murcia, Región de",202002,Voluntaria,4
2936,"Murcia, Región de",202001,Voluntaria,22
2937,"Murcia, Región de",201912,Voluntaria,20
2938,"Murcia, Región de",201911,Voluntaria,7
2939,"Murcia, Región de",201910,Voluntaria,10
2940,"Murcia, Región de",201909,Voluntaria,8
2941,"Murcia, Región de",201908,Voluntaria,9
2942,"Murcia, Región de",201907,Voluntaria,11
2943,"Murcia, Región de",201906,Voluntaria,5
2944,"Murcia, Región de",201905,Voluntaria,10
2945,"Murcia, Región de",201904,Voluntaria,15
2946,"Murcia, Región de",201903,Voluntaria,11
2947,"Murcia, Región de",201902,Voluntaria,25
2948,"Murcia, Región de",201901,Voluntaria,25
2949,"Murcia, Región de",201812,Voluntaria,25
2950,"Murcia, Región de",201811,Voluntaria,18
2951,"Murcia, Región de",201810,Voluntaria,10
2952,"Murcia, Región de",201809,Voluntaria,17
2953,"Murcia, Región de",201808,Voluntaria,10
2954,"Murcia, Región de",201807,Voluntaria,9
2955,"Murcia, Región de",201806,Voluntaria,8
2956,"Murcia, Región de",201805,Voluntaria,16
2957,"Murcia, Región de",201804,Voluntaria,11
2958,"Murcia, Región de",201803,Voluntaria,16
2959,"Murcia, Región de",201802,Voluntaria,24
2960,"Murcia, Región de",201801,Voluntaria,18
2961,"Murcia, Región de",201712,Voluntaria,5
2962,"Murcia, Región de",201711,Voluntaria,1
2963,"Murcia, Región de",201710,Voluntaria,3
2964,"Murcia, Región de",201709,Voluntaria,7
2965,"Murcia, Región de",201708,Voluntaria,3
2966,"Murcia, Región de",201707,Voluntaria,16
2967,"Murcia, Región de",201706,Voluntaria,5
2968,"Murcia, Región de",201705,Voluntaria,13
2969,"Murcia, Región de",201704,Voluntaria,11
2970,"Murcia, Región de",201703,Voluntaria,20
2971,"Murcia, Región de",201702,Voluntaria,6
2972,"Murcia, Región de",201701,Voluntaria,21
2973,"Murcia, Región de",201612,Voluntaria,27
2974,"Murcia, Región de",201611,Voluntaria,15
2975,"Murcia, Región de",201610,Voluntaria,8
2976,"Murcia, Región de",201609,Voluntaria,5
2977,"Murcia, Región de",201608,Voluntaria,9
2978,"Murcia, Región de",201607,Voluntaria,7
2979,"Murcia, Región de",201606,Voluntaria,8
2980,"Murcia, Región de",201605,Voluntaria,7
2981,"Murcia, Región de",201604,Voluntaria,4
2982,"Murcia, Región de",201603,Voluntaria,4
2983,"Murcia, Región de",201602,Voluntaria,11
2984,"Murcia, Región de",201601,Voluntaria,22
2985,"Murcia, Región de",201512,Voluntaria,21
2986,"Murcia, Región de",201511,Voluntaria,5
2987,"Murcia, Región de",201510,Voluntaria,7
2988,"Murcia, Región de",201509,Voluntaria,7
2989,"Murcia, Región de",201508,Voluntaria,3
2990,"Murcia, Región de",201507,Voluntaria,5
2991,"Murcia, Región de",201506,Voluntaria,15
2992,"Murcia, Región de",201505,Voluntaria,0
2993,"Murcia, Región de",201504,Voluntaria,7
2994,"Murcia, Región de",201503,Voluntaria,14
2995,"Murcia, Región de",201502,Voluntaria,14
2996,"Murcia, Región de",201501,Voluntaria,19
2997,"Murcia, Región de",201412,Voluntaria,27
2998,"Murcia, Región de",201411,Voluntaria,6
2999,"Murcia, Región de",201410,Voluntaria,2
3000,"Murcia, Región de",201409,Voluntaria,5
3001,"Murcia, Región de",201408,Voluntaria,11
3002,"Murcia, Región de",201407,Voluntaria,5
3003,"Murcia, Región de",201406,Voluntaria,10
3004,"Murcia, Región de",201405,Voluntaria,3
3005,"Murcia, Región de",201404,Voluntaria,6
3006,"Murcia, Región de",201403,Voluntaria,13
3007,"Murcia, Región de",201402,Voluntaria,16
3008,"Murcia, Región de",201401,Voluntaria,26
3009,"Murcia, Región de",201312,Voluntaria,6
3010,"Murcia, Región de",201311,Voluntaria,80
3011,"Murcia, Región de",201310,Voluntaria,3
3012,"Murcia, Región de",201309,Voluntaria,15
3013,"Murcia, Región de",201308,Voluntaria,3
3014,"Murcia, Región de",201307,Voluntaria,10
3015,"Murcia, Región de",201306,Voluntaria,7
3016,"Murcia, Región de",201305,Voluntaria,8
3017,"Murcia, Región de",201304,Voluntaria,7
3018,"Murcia, Región de",201303,Voluntaria,7
3019,"Murcia, Región de",201302,Voluntaria,8
3020,"Murcia, Región de",201301,Voluntaria,6
3021,"Murcia, Región de",201212,Voluntaria,4
3022,"Murcia, Región de",201211,Voluntaria,11
3023,"Murcia, Región de",201210,Voluntaria,6
3024,"Murcia, Región de",201209,Voluntaria,3
3025,"Murcia, Región de",201208,Voluntaria,2
3026,"Murcia, Región de",201207,Voluntaria,11
3027,"Murcia, Región de",201206,Voluntaria,6
3028,"Murcia, Región de",201205,Voluntaria,5
3029,"Murcia, Región de",201204,Voluntaria,8
3030,"Murcia, Región de",201203,Voluntaria,7
3031,"Murcia, Región de",201202,Voluntaria,3
3032,"Murcia, Región de",201201,Voluntaria,3
3033,"Murcia, Región de",201112,Voluntaria,21
3034,"Murcia, Región de",201111,Voluntaria,3
3035,"Murcia, Región de",201110,Voluntaria,5
3036,"Murcia, Región de",201109,Voluntaria,6
3037,"Murcia, Región de",201108,Voluntaria,1
3038,"Murcia, Región de",201107,Voluntaria,2
3039,"Murcia, Región de",201106,Voluntaria,4
3040,"Murcia, Región de",201105,Voluntaria,1
3041,"Murcia, Región de",201104,Voluntaria,8
3042,"Murcia, Región de",201103,Voluntaria,4
3043,"Murcia, Región de",201102,Voluntaria,0
3044,"Murcia, Región de",201101,Voluntaria,15
3045,"Murcia, Región de",201012,Voluntaria,5
3046,"Murcia, Región de",201011,Voluntaria,2
3047,"Murcia, Región de",201010,Voluntaria,6
3048,"Murcia, Región de",201009,Voluntaria,1
3049,"Murcia, Región de",201008,Voluntaria,5
3050,"Murcia, Región de",201007,Voluntaria,4
3051,"Murcia, Región de",201006,Voluntaria,2
3052,"Murcia, Región de",201005,Voluntaria,8
3053,"Murcia, Región de",201004,Voluntaria,4
3054,"Murcia, Región de",201003,Voluntaria,2
3055,"Murcia, Región de",201002,Voluntaria,5
3056,"Murcia, Región de",201001,Voluntaria,8
3057,"Murcia, Región de",200912,Voluntaria,6
3058,"Murcia, Región de",200911,Voluntaria,4
3059,"Murcia, Región de",200910,Voluntaria,8
3060,"Murcia, Región de",200909,Voluntaria,2
3061,"Murcia, Región de",200908,Voluntaria,8
3062,"Murcia, Región de",200907,Voluntaria,2
3063,"Murcia, Región de",200906,Voluntaria,5
3064,"Murcia, Región de",200905,Voluntaria,4
3065,"Murcia, Región de",200904,Voluntaria,5
3066,"Murcia, Región de",200903,Voluntaria,44
3067,"Murcia, Región de",200902,Voluntaria,3
3068,"Murcia, Región de",200901,Voluntaria,9
3069,"Murcia, Región de",200812,Voluntaria,9
3070,"Murcia, Región de",200811,Voluntaria,0
3071,"Murcia, Región de",200810,Voluntaria,6
3072,"Murcia, Región de",200809,Voluntaria,7
3073,"Murcia, Región de",200808,Voluntaria,14
3074,"Murcia, Región de",200807,Voluntaria,2
3075,"Murcia, Región de",200806,Voluntaria,4
3076,"Murcia, Región de",200805,Voluntaria,3
3077,"Murcia, Región de",200804,Voluntaria,3
3078,"Murcia, Región de",200803,Voluntaria,1
3079,"Murcia, Región de",200802,Voluntaria,3
3080,"Murcia, Región de",200801,Voluntaria,9
3081,"Navarra, Comunidad Foral de",202604,Voluntaria,0
3082,"Navarra, Comunidad Foral de",202603,Voluntaria,2
3083,"Navarra, Comunidad Foral de",202602,Voluntaria,1
3084,"Navarra, Comunidad Foral de",202601,Voluntaria,0
3085,"Navarra, Comunidad Foral de",202512,Voluntaria,0
3086,"Navarra, Comunidad Foral de",202511,Voluntaria,2
3087,"Navarra, Comunidad Foral de",202510,Voluntaria,1
3088,"Navarra, Comunidad Foral de",202509,Voluntaria,1
3089,"Navarra, Comunidad Foral de",202508,Voluntaria,1
3090,"Navarra, Comunidad Foral de",202507,Voluntaria,1
3091,"Navarra, Comunidad Foral de",202506,Voluntaria,0
3092,"Navarra, Comunidad Foral de",202505,Voluntaria,1
3093,"Navarra, Comunidad Foral de",202504,Voluntaria,0
3094,"Navarra, Comunidad Foral de",202503,Voluntaria,0
3095,"Navarra, Comunidad Foral de",202502,Voluntaria,1
3096,"Navarra, Comunidad Foral de",202501,Voluntaria,0
3097,"Navarra, Comunidad Foral de",202412,Voluntaria,1
3098,"Navarra, Comunidad Foral de",202411,Voluntaria,2
3099,"Navarra, Comunidad Foral de",202410,Voluntaria,2
3100,"Navarra, Comunidad Foral de",202409,Voluntaria,1
3101,"Navarra, Comunidad Foral de",202408,Voluntaria,0
3102,"Navarra, Comunidad Foral de",202407,Voluntaria,0
3103,"Navarra, Comunidad Foral de",202406,Voluntaria,1
3104,"Navarra, Comunidad Foral de",202405,Voluntaria,0
3105,"Navarra, Comunidad Foral de",202404,Voluntaria,0
3106,"Navarra, Comunidad Foral de",202403,Voluntaria,1
3107,"Navarra, Comunidad Foral de",202402,Voluntaria,2
3108,"Navarra, Comunidad Foral de",202401,Voluntaria,0
3109,"Navarra, Comunidad Foral de",202312,Voluntaria,1
3110,"Navarra, Comunidad Foral de",202311,Voluntaria,0
3111,"Navarra, Comunidad Foral de",202310,Voluntaria,0
3112,"Navarra, Comunidad Foral de",202309,Voluntaria,0
3113,"Navarra, Comunidad Foral de",202308,Voluntaria,1
3114,"Navarra, Comunidad Foral de",202307,Voluntaria,0
3115,"Navarra, Comunidad Foral de",202306,Voluntaria,0
3116,"Navarra, Comunidad Foral de",202305,Voluntaria,0
3117,"Navarra, Comunidad Foral de",202304,Voluntaria,0
3118,"Navarra, Comunidad Foral de",202303,Voluntaria,0
3119,"Navarra, Comunidad Foral de",202302,Voluntaria,1
3120,"Navarra, Comunidad Foral de",202301,Voluntaria,1
3121,"Navarra, Comunidad Foral de",202212,Voluntaria,0
3122,"Navarra, Comunidad Foral de",202211,Voluntaria,0
3123,"Navarra, Comunidad Foral de",202210,Voluntaria,0
3124,"Navarra, Comunidad Foral de",202209,Voluntaria,0
3125,"Navarra, Comunidad Foral de",202208,Voluntaria,2
3126,"Navarra, Comunidad Foral de",202207,Voluntaria,0
3127,"Navarra, Comunidad Foral de",202206,Voluntaria,3
3128,"Navarra, Comunidad Foral de",202205,Voluntaria,0
3129,"Navarra, Comunidad Foral de",202204,Voluntaria,1
3130,"Navarra, Comunidad Foral de",202203,Voluntaria,0
3131,"Navarra, Comunidad Foral de",202202,Voluntaria,1
3132,"Navarra, Comunidad Foral de",202201,Voluntaria,1
3133,"Navarra, Comunidad Foral de",202112,Voluntaria,0
3134,"Navarra, Comunidad Foral de",202111,Voluntaria,0
3135,"Navarra, Comunidad Foral de",202110,Voluntaria,2
3136,"Navarra, Comunidad Foral de",202109,Voluntaria,0
3137,"Navarra, Comunidad Foral de",202108,Voluntaria,0
3138,"Navarra, Comunidad Foral de",202107,Voluntaria,0
3139,"Navarra, Comunidad Foral de",202106,Voluntaria,0
3140,"Navarra, Comunidad Foral de",202105,Voluntaria,0
3141,"Navarra, Comunidad Foral de",202104,Voluntaria,0
3142,"Navarra, Comunidad Foral de",202103,Voluntaria,0
3143,"Navarra, Comunidad Foral de",202102,Voluntaria,1
3144,"Navarra, Comunidad Foral de",202101,Voluntaria,0
3145,"Navarra, Comunidad Foral de",202012,Voluntaria,0
3146,"Navarra, Comunidad Foral de",202011,Voluntaria,0
3147,"Navarra, Comunidad Foral de",202010,Voluntaria,0
3148,"Navarra, Comunidad Foral de",202009,Voluntaria,0
3149,"Navarra, Comunidad Foral de",202008,Voluntaria,0
3150,"Navarra, Comunidad Foral de",202007,Voluntaria,0
3151,"Navarra, Comunidad Foral de",202006,Voluntaria,1
3152,"Navarra, Comunidad Foral de",202005,Voluntaria,0
3153,"Navarra, Comunidad Foral de",202004,Voluntaria,1
3154,"Navarra, Comunidad Foral de",202003,Voluntaria,0
3155,"Navarra, Comunidad Foral de",202002,Voluntaria,2
3156,"Navarra, Comunidad Foral de",202001,Voluntaria,0
3157,"Navarra, Comunidad Foral de",201912,Voluntaria,0
3158,"Navarra, Comunidad Foral de",201911,Voluntaria,0
3159,"Navarra, Comunidad Foral de",201910,Voluntaria,0
3160,"Navarra, Comunidad Foral de",201909,Voluntaria,1
3161,"Navarra, Comunidad Foral de",201908,Voluntaria,0
3162,"Navarra, Comunidad Foral de",201907,Voluntaria,1
3163,"Navarra, Comunidad Foral de",201906,Voluntaria,0
3164,"Navarra, Comunidad Foral de",201905,Voluntaria,0
3165,"Navarra, Comunidad Foral de",201904,Voluntaria,1
3166,"Navarra, Comunidad Foral de",201903,Voluntaria,1
3167,"Navarra, Comunidad Foral de",201902,Voluntaria,0
3168,"Navarra, Comunidad Foral de",201901,Voluntaria,2
3169,"Navarra, Comunidad Foral de",201812,Voluntaria,0
3170,"Navarra, Comunidad Foral de",201811,Voluntaria,1
3171,"Navarra, Comunidad Foral de",201810,Voluntaria,0
3172,"Navarra, Comunidad Foral de",201809,Voluntaria,1
3173,"Navarra, Comunidad Foral de",201808,Voluntaria,0
3174,"Navarra, Comunidad Foral de",201807,Voluntaria,0
3175,"Navarra, Comunidad Foral de",201806,Voluntaria,1
3176,"Navarra, Comunidad Foral de",201805,Voluntaria,2
3177,"Navarra, Comunidad Foral de",201804,Voluntaria,0
3178,"Navarra, Comunidad Foral de",201803,Voluntaria,0
3179,"Navarra, Comunidad Foral de",201802,Voluntaria,0
3180,"Navarra, Comunidad Foral de",201801,Voluntaria,0
3181,"Navarra, Comunidad Foral de",201712,Voluntaria,0
3182,"Navarra, Comunidad Foral de",201711,Voluntaria,0
3183,"Navarra, Comunidad Foral de",201710,Voluntaria,2
3184,"Navarra, Comunidad Foral de",201709,Voluntaria,1
3185,"Navarra, Comunidad Foral de",201708,Voluntaria,1
3186,"Navarra, Comunidad Foral de",201707,Voluntaria,0
3187,"Navarra, Comunidad Foral de",201706,Voluntaria,0
3188,"Navarra, Comunidad Foral de",201705,Voluntaria,3
3189,"Navarra, Comunidad Foral de",201704,Voluntaria,0
3190,"Navarra, Comunidad Foral de",201703,Voluntaria,0
3191,"Navarra, Comunidad Foral de",201702,Voluntaria,1
3192,"Navarra, Comunidad Foral de",201701,Voluntaria,2
3193,"Navarra, Comunidad Foral de",201612,Voluntaria,0
3194,"Navarra, Comunidad Foral de",201611,Voluntaria,2
3195,"Navarra, Comunidad Foral de",201610,Voluntaria,1
3196,"Navarra, Comunidad Foral de",201609,Voluntaria,0
3197,"Navarra, Comunidad Foral de",201608,Voluntaria,0
3198,"Navarra, Comunidad Foral de",201607,Voluntaria,0
3199,"Navarra, Comunidad Foral de",201606,Voluntaria,0
3200,"Navarra, Comunidad Foral de",201605,Voluntaria,0
3201,"Navarra, Comunidad Foral de",201604,Voluntaria,1
3202,"Navarra, Comunidad Foral de",201603,Voluntaria,3
3203,"Navarra, Comunidad Foral de",201602,Voluntaria,0
3204,"Navarra, Comunidad Foral de",201601,Voluntaria,1
3205,"Navarra, Comunidad Foral de",201512,Voluntaria,0
3206,"Navarra, Comunidad Foral de",201511,Voluntaria,1
3207,"Navarra, Comunidad Foral de",201510,Voluntaria,0
3208,"Navarra, Comunidad Foral de",201509,Voluntaria,0
3209,"Navarra, Comunidad Foral de",201508,Voluntaria,1
3210,"Navarra, Comunidad Foral de",201507,Voluntaria,0
3211,"Navarra, Comunidad Foral de",201506,Voluntaria,1
3212,"Navarra, Comunidad Foral de",201505,Voluntaria,0
3213,"Navarra, Comunidad Foral de",201504,Voluntaria,0
3214,"Navarra, Comunidad Foral de",201503,Voluntaria,1
3215,"Navarra, Comunidad Foral de",201502,Voluntaria,2
3216,"Navarra, Comunidad Foral de",201501,Voluntaria,2
3217,"Navarra, Comunidad Foral de",201412,Voluntaria,0
3218,"Navarra, Comunidad Foral de",201411,Voluntaria,0
3219,"Navarra, Comunidad Foral de",201410,Voluntaria,1
3220,"Navarra, Comunidad Foral de",201409,Voluntaria,1
3221,"Navarra, Comunidad Foral de",201408,Voluntaria,1
3222,"Navarra, Comunidad Foral de",201407,Voluntaria,0
3223,"Navarra, Comunidad Foral de",201406,Voluntaria,1
3224,"Navarra, Comunidad Foral de",201405,Voluntaria,1
3225,"Navarra, Comunidad Foral de",201404,Voluntaria,1
3226,"Navarra, Comunidad Foral de",201403,Voluntaria,2
3227,"Navarra, Comunidad Foral de",201402,Voluntaria,1
3228,"Navarra, Comunidad Foral de",201401,Voluntaria,4
3229,"Navarra, Comunidad Foral de",201312,Voluntaria,0
3230,"Navarra, Comunidad Foral de",201311,Voluntaria,1
3231,"Navarra, Comunidad Foral de",201310,Voluntaria,1
3232,"Navarra, Comunidad Foral de",201309,Voluntaria,2
3233,"Navarra, Comunidad Foral de",201308,Voluntaria,1
3234,"Navarra, Comunidad Foral de",201307,Voluntaria,0
3235,"Navarra, Comunidad Foral de",201306,Voluntaria,2
3236,"Navarra, Comunidad Foral de",201305,Voluntaria,2
3237,"Navarra, Comunidad Foral de",201304,Voluntaria,2
3238,"Navarra, Comunidad Foral de",201303,Voluntaria,0
3239,"Navarra, Comunidad Foral de",201302,Voluntaria,4
3240,"Navarra, Comunidad Foral de",201301,Voluntaria,1
3241,"Navarra, Comunidad Foral de",201212,Voluntaria,1
3242,"Navarra, Comunidad Foral de",201211,Voluntaria,1
3243,"Navarra, Comunidad Foral de",201210,Voluntaria,4
3244,"Navarra, Comunidad Foral de",201209,Voluntaria,3
3245,"Navarra, Comunidad Foral de",201208,Voluntaria,1
3246,"Navarra, Comunidad Foral de",201207,Voluntaria,0
3247,"Navarra, Comunidad Foral de",201206,Voluntaria,3
3248,"Navarra, Comunidad Foral de",201205,Voluntaria,3
3249,"Navarra, Comunidad Foral de",201204,Voluntaria,1
3250,"Navarra, Comunidad Foral de",201203,Voluntaria,0
3251,"Navarra, Comunidad Foral de",201202,Voluntaria,1
3252,"Navarra, Comunidad Foral de",201201,Voluntaria,3
3253,"Navarra, Comunidad Foral de",201112,Voluntaria,1
3254,"Navarra, Comunidad Foral de",201111,Voluntaria,1
3255,"Navarra, Comunidad Foral de",201110,Voluntaria,0
3256,"Navarra, Comunidad Foral de",201109,Voluntaria,1
3257,"Navarra, Comunidad Foral de",201108,Voluntaria,0
3258,"Navarra, Comunidad Foral de",201107,Voluntaria,1
3259,"Navarra, Comunidad Foral de",201106,Voluntaria,1
3260,"Navarra, Comunidad Foral de",201105,Voluntaria,1
3261,"Navarra, Comunidad Foral de",201104,Voluntaria,2
3262,"Navarra, Comunidad Foral de",201103,Voluntaria,2
3263,"Navarra, Comunidad Foral de",201102,Voluntaria,1
3264,"Navarra, Comunidad Foral de",201101,Voluntaria,5
3265,"Navarra, Comunidad Foral de",201012,Voluntaria,4
3266,"Navarra, Comunidad Foral de",201011,Voluntaria,4
3267,"Navarra, Comunidad Foral de",201010,Voluntaria,8
3268,"Navarra, Comunidad Foral de",201009,Voluntaria,0
3269,"Navarra, Comunidad Foral de",201008,Voluntaria,1
3270,"Navarra, Comunidad Foral de",201007,Voluntaria,2
3271,"Navarra, Comunidad Foral de",201006,Voluntaria,3
3272,"Navarra, Comunidad Foral de",201005,Voluntaria,6
3273,"Navarra, Comunidad Foral de",201004,Voluntaria,6
3274,"Navarra, Comunidad Foral de",201003,Voluntaria,5
3275,"Navarra, Comunidad Foral de",201002,Voluntaria,10
3276,"Navarra, Comunidad Foral de",201001,Voluntaria,10
3277,"Navarra, Comunidad Foral de",200912,Voluntaria,9
3278,"Navarra, Comunidad Foral de",200911,Voluntaria,3
3279,"Navarra, Comunidad Foral de",200910,Voluntaria,4
3280,"Navarra, Comunidad Foral de",200909,Voluntaria,6
3281,"Navarra, Comunidad Foral de",200908,Voluntaria,2
3282,"Navarra, Comunidad Foral de",200907,Voluntaria,7
3283,"Navarra, Comunidad Foral de",200906,Voluntaria,9
3284,"Navarra, Comunidad Foral de",200905,Voluntaria,2
3285,"Navarra, Comunidad Foral de",200904,Voluntaria,6
3286,"Navarra, Comunidad Foral de",200903,Voluntaria,4
3287,"Navarra, Comunidad Foral de",200902,Voluntaria,2
3288,"Navarra, Comunidad Foral de",200901,Voluntaria,6
3289,"Navarra, Comunidad Foral de",200812,Voluntaria,1
3290,"Navarra, Comunidad Foral de",200811,Voluntaria,3
3291,"Navarra, Comunidad Foral de",200810,Voluntaria,4
3292,"Navarra, Comunidad Foral de",200809,Voluntaria,1
3293,"Navarra, Comunidad Foral de",200808,Voluntaria,3
3294,"Navarra, Comunidad Foral de",200807,Voluntaria,1
3295,"Navarra, Comunidad Foral de",200806,Voluntaria,1
3296,"Navarra, Comunidad Foral de",200805,Voluntaria,1
3297,"Navarra, Comunidad Foral de",200804,Voluntaria,3
3298,"Navarra, Comunidad Foral de",200803,Voluntaria,1
3299,"Navarra, Comunidad Foral de",200802,Voluntaria,4
3300,"Navarra, Comunidad Foral de",200801,Voluntaria,7
3301,País Vasco,202604,Voluntaria,70
3302,País Vasco,202603,Voluntaria,107
3303,País Vasco,202602,Voluntaria,120
3304,País Vasco,202601,Voluntaria,205
3305,País Vasco,202512,Voluntaria,182
3306,País Vasco,202511,Voluntaria,98
3307,País Vasco,202510,Voluntaria,98
3308,País Vasco,202509,Voluntaria,68
3309,País Vasco,202508,Voluntaria,52
3310,País Vasco,202507,Voluntaria,72
3311,País Vasco,202506,Voluntaria,79
3312,País Vasco,202505,Voluntaria,84
3313,País Vasco,202504,Voluntaria,91
3314,País Vasco,202503,Voluntaria,96
3315,País Vasco,202502,Voluntaria,156
3316,País Vasco,202501,Voluntaria,237
3317,País Vasco,202412,Voluntaria,168
3318,País Vasco,202411,Voluntaria,103
3319,País Vasco,202410,Voluntaria,107
3320,País Vasco,202409,Voluntaria,68
3321,País Vasco,202408,Voluntaria,46
3322,País Vasco,202407,Voluntaria,56
3323,País Vasco,202406,Voluntaria,86
3324,País Vasco,202405,Voluntaria,71
3325,País Vasco,202404,Voluntaria,93
3326,País Vasco,202403,Voluntaria,61
3327,País Vasco,202402,Voluntaria,175
3328,País Vasco,202401,Voluntaria,223
3329,País Vasco,202312,Voluntaria,105
3330,País Vasco,202311,Voluntaria,120
3331,País Vasco,202310,Voluntaria,75
3332,País Vasco,202309,Voluntaria,57
3333,País Vasco,202308,Voluntaria,71
3334,País Vasco,202307,Voluntaria,70
3335,País Vasco,202306,Voluntaria,77
3336,País Vasco,202305,Voluntaria,82
3337,País Vasco,202304,Voluntaria,65
3338,País Vasco,202303,Voluntaria,99
3339,País Vasco,202302,Voluntaria,111
3340,País Vasco,202301,Voluntaria,173
3341,País Vasco,202212,Voluntaria,162
3342,País Vasco,202211,Voluntaria,117
3343,País Vasco,202210,Voluntaria,63
3344,País Vasco,202209,Voluntaria,44
3345,País Vasco,202208,Voluntaria,60
3346,País Vasco,202207,Voluntaria,62
3347,País Vasco,202206,Voluntaria,63
3348,País Vasco,202205,Voluntaria,76
3349,País Vasco,202204,Voluntaria,67
3350,País Vasco,202203,Voluntaria,98
3351,País Vasco,202202,Voluntaria,119
3352,País Vasco,202201,Voluntaria,182
3353,País Vasco,202112,Voluntaria,162
3354,País Vasco,202111,Voluntaria,112
3355,País Vasco,202110,Voluntaria,68
3356,País Vasco,202109,Voluntaria,44
3357,País Vasco,202108,Voluntaria,61
3358,País Vasco,202107,Voluntaria,81
3359,País Vasco,202106,Voluntaria,58
3360,País Vasco,202105,Voluntaria,92
3361,País Vasco,202104,Voluntaria,78
3362,País Vasco,202103,Voluntaria,97
3363,País Vasco,202102,Voluntaria,132
3364,País Vasco,202101,Voluntaria,180
3365,País Vasco,202012,Voluntaria,155
3366,País Vasco,202011,Voluntaria,93
3367,País Vasco,202010,Voluntaria,56
3368,País Vasco,202009,Voluntaria,50
3369,País Vasco,202008,Voluntaria,50
3370,País Vasco,202007,Voluntaria,57
3371,País Vasco,202006,Voluntaria,57
3372,País Vasco,202005,Voluntaria,38
3373,País Vasco,202004,Voluntaria,21
3374,País Vasco,202003,Voluntaria,54
3375,País Vasco,202002,Voluntaria,115
3376,País Vasco,202001,Voluntaria,220
3377,País Vasco,201912,Voluntaria,167
3378,País Vasco,201911,Voluntaria,108
3379,País Vasco,201910,Voluntaria,68
3380,País Vasco,201909,Voluntaria,38
3381,País Vasco,201908,Voluntaria,44
3382,País Vasco,201907,Voluntaria,81
3383,País Vasco,201906,Voluntaria,54
3384,País Vasco,201905,Voluntaria,74
3385,País Vasco,201904,Voluntaria,77
3386,País Vasco,201903,Voluntaria,78
3387,País Vasco,201902,Voluntaria,145
3388,País Vasco,201901,Voluntaria,211
3389,País Vasco,201812,Voluntaria,146
3390,País Vasco,201811,Voluntaria,96
3391,País Vasco,201810,Voluntaria,60
3392,País Vasco,201809,Voluntaria,44
3393,País Vasco,201808,Voluntaria,39
3394,País Vasco,201807,Voluntaria,62
3395,País Vasco,201806,Voluntaria,73
3396,País Vasco,201805,Voluntaria,83
3397,País Vasco,201804,Voluntaria,64
3398,País Vasco,201803,Voluntaria,93
3399,País Vasco,201802,Voluntaria,116
3400,País Vasco,201801,Voluntaria,209
3401,País Vasco,201712,Voluntaria,142
3402,País Vasco,201711,Voluntaria,102
3403,País Vasco,201710,Voluntaria,70
3404,País Vasco,201709,Voluntaria,50
3405,País Vasco,201708,Voluntaria,53
3406,País Vasco,201707,Voluntaria,63
3407,País Vasco,201706,Voluntaria,62
3408,País Vasco,201705,Voluntaria,78
3409,País Vasco,201704,Voluntaria,47
3410,País Vasco,201703,Voluntaria,92
3411,País Vasco,201702,Voluntaria,135
3412,País Vasco,201701,Voluntaria,208
3413,País Vasco,201612,Voluntaria,149
3414,País Vasco,201611,Voluntaria,94
3415,País Vasco,201610,Voluntaria,60
3416,País Vasco,201609,Voluntaria,42
3417,País Vasco,201608,Voluntaria,62
3418,País Vasco,201607,Voluntaria,71
3419,País Vasco,201606,Voluntaria,63
3420,País Vasco,201605,Voluntaria,74
3421,País Vasco,201604,Voluntaria,83
3422,País Vasco,201603,Voluntaria,57
3423,País Vasco,201602,Voluntaria,143
3424,País Vasco,201601,Voluntaria,159
3425,País Vasco,201512,Voluntaria,129
3426,País Vasco,201511,Voluntaria,66
3427,País Vasco,201510,Voluntaria,55
3428,País Vasco,201509,Voluntaria,71
3429,País Vasco,201508,Voluntaria,57
3430,País Vasco,201507,Voluntaria,91
3431,País Vasco,201506,Voluntaria,66
3432,País Vasco,201505,Voluntaria,51
3433,País Vasco,201504,Voluntaria,46
3434,País Vasco,201503,Voluntaria,67
3435,País Vasco,201502,Voluntaria,125
3436,País Vasco,201501,Voluntaria,163
3437,País Vasco,201412,Voluntaria,142
3438,País Vasco,201411,Voluntaria,85
3439,País Vasco,201410,Voluntaria,68
3440,País Vasco,201409,Voluntaria,48
3441,País Vasco,201408,Voluntaria,30
3442,País Vasco,201407,Voluntaria,55
3443,País Vasco,201406,Voluntaria,55
3444,País Vasco,201405,Voluntaria,66
3445,País Vasco,201404,Voluntaria,67
3446,País Vasco,201403,Voluntaria,98
3447,País Vasco,201402,Voluntaria,116
3448,País Vasco,201401,Voluntaria,182
3449,País Vasco,201312,Voluntaria,115
3450,País Vasco,201311,Voluntaria,70
3451,País Vasco,201310,Voluntaria,56
3452,País Vasco,201309,Voluntaria,48
3453,País Vasco,201308,Voluntaria,37
3454,País Vasco,201307,Voluntaria,74
3455,País Vasco,201306,Voluntaria,58
3456,País Vasco,201305,Voluntaria,64
3457,País Vasco,201304,Voluntaria,59
3458,País Vasco,201303,Voluntaria,68
3459,País Vasco,201302,Voluntaria,121
3460,País Vasco,201301,Voluntaria,177
3461,País Vasco,201212,Voluntaria,102
3462,País Vasco,201211,Voluntaria,65
3463,País Vasco,201210,Voluntaria,54
3464,País Vasco,201209,Voluntaria,59
3465,País Vasco,201208,Voluntaria,44
3466,País Vasco,201207,Voluntaria,60
3467,País Vasco,201206,Voluntaria,49
3468,País Vasco,201205,Voluntaria,76
3469,País Vasco,201204,Voluntaria,54
3470,País Vasco,201203,Voluntaria,94
3471,País Vasco,201202,Voluntaria,145
3472,País Vasco,201201,Voluntaria,214
3473,País Vasco,201112,Voluntaria,91
3474,País Vasco,201111,Voluntaria,71
3475,País Vasco,201110,Voluntaria,51
3476,País Vasco,201109,Voluntaria,46
3477,País Vasco,201108,Voluntaria,63
3478,País Vasco,201107,Voluntaria,53
3479,País Vasco,201106,Voluntaria,130
3480,País Vasco,201105,Voluntaria,65
3481,País Vasco,201104,Voluntaria,49
3482,País Vasco,201103,Voluntaria,54
3483,País Vasco,201102,Voluntaria,119
3484,País Vasco,201101,Voluntaria,177
3485,País Vasco,201012,Voluntaria,81
3486,País Vasco,201011,Voluntaria,70
3487,País Vasco,201010,Voluntaria,52
3488,País Vasco,201009,Voluntaria,37
3489,País Vasco,201008,Voluntaria,56
3490,País Vasco,201007,Voluntaria,46
3491,País Vasco,201006,Voluntaria,52
3492,País Vasco,201005,Voluntaria,58
3493,País Vasco,201004,Voluntaria,71
3494,País Vasco,201003,Voluntaria,72
3495,País Vasco,201002,Voluntaria,115
3496,País Vasco,201001,Voluntaria,142
3497,País Vasco,200912,Voluntaria,74
3498,País Vasco,200911,Voluntaria,64
3499,País Vasco,200910,Voluntaria,45
3500,País Vasco,200909,Voluntaria,51
3501,País Vasco,200908,Voluntaria,53
3502,País Vasco,200907,Voluntaria,54
3503,País Vasco,200906,Voluntaria,62
3504,País Vasco,200905,Voluntaria,61
3505,País Vasco,200904,Voluntaria,62
3506,País Vasco,200903,Voluntaria,65
3507,País Vasco,200902,Voluntaria,140
3508,País Vasco,200901,Voluntaria,168
3509,País Vasco,200812,Voluntaria,87
3510,País Vasco,200811,Voluntaria,53
3511,País Vasco,200810,Voluntaria,69
3512,País Vasco,200809,Voluntaria,48
3513,País Vasco,200808,Voluntaria,29
3514,País Vasco,200807,Voluntaria,31
3515,País Vasco,200806,Voluntaria,43
3516,País Vasco,200805,Voluntaria,61
3517,País Vasco,200804,Voluntaria,63
3518,País Vasco,200803,Voluntaria,51
3519,País Vasco,200802,Voluntaria,103
3520,País Vasco,200801,Voluntaria,158
3521,"Rioja, La",202604,Voluntaria,11
3522,"Rioja, La",202603,Voluntaria,14
3523,"Rioja, La",202602,Voluntaria,19
3524,"Rioja, La",202601,Voluntaria,21
3525,"Rioja, La",202512,Voluntaria,24
3526,"Rioja, La",202511,Voluntaria,15
3527,"Rioja, La",202510,Voluntaria,11
3528,"Rioja, La",202509,Voluntaria,11
3529,"Rioja, La",202508,Voluntaria,6
3530,"Rioja, La",202507,Voluntaria,10
3531,"Rioja, La",202506,Voluntaria,6
3532,"Rioja, La",202505,Voluntaria,11
3533,"Rioja, La",202504,Voluntaria,9
3534,"Rioja, La",202503,Voluntaria,14
3535,"Rioja, La",202502,Voluntaria,13
3536,"Rioja, La",202501,Voluntaria,8
3537,"Rioja, La",202412,Voluntaria,23
3538,"Rioja, La",202411,Voluntaria,11
3539,"Rioja, La",202410,Voluntaria,10
3540,"Rioja, La",202409,Voluntaria,10
3541,"Rioja, La",202408,Voluntaria,1
3542,"Rioja, La",202407,Voluntaria,18
3543,"Rioja, La",202406,Voluntaria,10
3544,"Rioja, La",202405,Voluntaria,11
3545,"Rioja, La",202404,Voluntaria,12
3546,"Rioja, La",202403,Voluntaria,12
3547,"Rioja, La",202402,Voluntaria,20
3548,"Rioja, La",202401,Voluntaria,23
3549,"Rioja, La",202312,Voluntaria,15
3550,"Rioja, La",202311,Voluntaria,16
3551,"Rioja, La",202310,Voluntaria,17
3552,"Rioja, La",202309,Voluntaria,11
3553,"Rioja, La",202308,Voluntaria,8
3554,"Rioja, La",202307,Voluntaria,8
3555,"Rioja, La",202306,Voluntaria,7
3556,"Rioja, La",202305,Voluntaria,7
3557,"Rioja, La",202304,Voluntaria,7
3558,"Rioja, La",202303,Voluntaria,14
3559,"Rioja, La",202302,Voluntaria,22
3560,"Rioja, La",202301,Voluntaria,30
3561,"Rioja, La",202212,Voluntaria,18
3562,"Rioja, La",202211,Voluntaria,13
3563,"Rioja, La",202210,Voluntaria,13
3564,"Rioja, La",202209,Voluntaria,8
3565,"Rioja, La",202208,Voluntaria,8
3566,"Rioja, La",202207,Voluntaria,6
3567,"Rioja, La",202206,Voluntaria,11
3568,"Rioja, La",202205,Voluntaria,13
3569,"Rioja, La",202204,Voluntaria,11
3570,"Rioja, La",202203,Voluntaria,12
3571,"Rioja, La",202202,Voluntaria,12
3572,"Rioja, La",202201,Voluntaria,19
3573,"Rioja, La",202112,Voluntaria,18
3574,"Rioja, La",202111,Voluntaria,14
3575,"Rioja, La",202110,Voluntaria,10
3576,"Rioja, La",202109,Voluntaria,12
3577,"Rioja, La",202108,Voluntaria,15
3578,"Rioja, La",202107,Voluntaria,12
3579,"Rioja, La",202106,Voluntaria,7
3580,"Rioja, La",202105,Voluntaria,13
3581,"Rioja, La",202104,Voluntaria,8
3582,"Rioja, La",202103,Voluntaria,16
3583,"Rioja, La",202102,Voluntaria,24
3584,"Rioja, La",202101,Voluntaria,22
3585,"Rioja, La",202012,Voluntaria,20
3586,"Rioja, La",202011,Voluntaria,7
3587,"Rioja, La",202010,Voluntaria,7
3588,"Rioja, La",202009,Voluntaria,7
3589,"Rioja, La",202008,Voluntaria,5
3590,"Rioja, La",202007,Voluntaria,9
3591,"Rioja, La",202006,Voluntaria,4
3592,"Rioja, La",202005,Voluntaria,4
3593,"Rioja, La",202004,Voluntaria,3
3594,"Rioja, La",202003,Voluntaria,6
3595,"Rioja, La",202002,Voluntaria,18
3596,"Rioja, La",202001,Voluntaria,23
3597,"Rioja, La",201912,Voluntaria,11
3598,"Rioja, La",201911,Voluntaria,15
3599,"Rioja, La",201910,Voluntaria,12
3600,"Rioja, La",201909,Voluntaria,4
3601,"Rioja, La",201908,Voluntaria,6
3602,"Rioja, La",201907,Voluntaria,7
3603,"Rioja, La",201906,Voluntaria,5
3604,"Rioja, La",201905,Voluntaria,13
3605,"Rioja, La",201904,Voluntaria,7
3606,"Rioja, La",201903,Voluntaria,15
3607,"Rioja, La",201902,Voluntaria,24
3608,"Rioja, La",201901,Voluntaria,22
3609,"Rioja, La",201812,Voluntaria,10
3610,"Rioja, La",201811,Voluntaria,8
3611,"Rioja, La",201810,Voluntaria,6
3612,"Rioja, La",201809,Voluntaria,4
3613,"Rioja, La",201808,Voluntaria,10
3614,"Rioja, La",201807,Voluntaria,6
3615,"Rioja, La",201806,Voluntaria,6
3616,"Rioja, La",201805,Voluntaria,6
3617,"Rioja, La",201804,Voluntaria,8
3618,"Rioja, La",201803,Voluntaria,13
3619,"Rioja, La",201802,Voluntaria,13
3620,"Rioja, La",201801,Voluntaria,13
3621,"Rioja, La",201712,Voluntaria,16
3622,"Rioja, La",201711,Voluntaria,15
3623,"Rioja, La",201710,Voluntaria,10
3624,"Rioja, La",201709,Voluntaria,3
3625,"Rioja, La",201708,Voluntaria,13
3626,"Rioja, La",201707,Voluntaria,8
3627,"Rioja, La",201706,Voluntaria,11
3628,"Rioja, La",201705,Voluntaria,9
3629,"Rioja, La",201704,Voluntaria,6
3630,"Rioja, La",201703,Voluntaria,10
3631,"Rioja, La",201702,Voluntaria,16
3632,"Rioja, La",201701,Voluntaria,13
3633,"Rioja, La",201612,Voluntaria,20
3634,"Rioja, La",201611,Voluntaria,12
3635,"Rioja, La",201610,Voluntaria,8
3636,"Rioja, La",201609,Voluntaria,6
3637,"Rioja, La",201608,Voluntaria,10
3638,"Rioja, La",201607,Voluntaria,11
3639,"Rioja, La",201606,Voluntaria,6
3640,"Rioja, La",201605,Voluntaria,5
3641,"Rioja, La",201604,Voluntaria,6
3642,"Rioja, La",201603,Voluntaria,11
3643,"Rioja, La",201602,Voluntaria,21
3644,"Rioja, La",201601,Voluntaria,17
3645,"Rioja, La",201512,Voluntaria,17
3646,"Rioja, La",201511,Voluntaria,16
3647,"Rioja, La",201510,Voluntaria,7
3648,"Rioja, La",201509,Voluntaria,5
3649,"Rioja, La",201508,Voluntaria,11
3650,"Rioja, La",201507,Voluntaria,7
3651,"Rioja, La",201506,Voluntaria,6
3652,"Rioja, La",201505,Voluntaria,7
3653,"Rioja, La",201504,Voluntaria,16
3654,"Rioja, La",201503,Voluntaria,12
3655,"Rioja, La",201502,Voluntaria,10
3656,"Rioja, La",201501,Voluntaria,22
3657,"Rioja, La",201412,Voluntaria,17
3658,"Rioja, La",201411,Voluntaria,7
3659,"Rioja, La",201410,Voluntaria,7
3660,"Rioja, La",201409,Voluntaria,7
3661,"Rioja, La",201408,Voluntaria,7
3662,"Rioja, La",201407,Voluntaria,5
3663,"Rioja, La",201406,Voluntaria,6
3664,"Rioja, La",201405,Voluntaria,12
3665,"Rioja, La",201404,Voluntaria,14
3666,"Rioja, La",201403,Voluntaria,9
3667,"Rioja, La",201402,Voluntaria,24
3668,"Rioja, La",201401,Voluntaria,19
3669,"Rioja, La",201312,Voluntaria,24
3670,"Rioja, La",201311,Voluntaria,10
3671,"Rioja, La",201310,Voluntaria,12
3672,"Rioja, La",201309,Voluntaria,9
3673,"Rioja, La",201308,Voluntaria,8
3674,"Rioja, La",201307,Voluntaria,8
3675,"Rioja, La",201306,Voluntaria,8
3676,"Rioja, La",201305,Voluntaria,18
3677,"Rioja, La",201304,Voluntaria,11
3678,"Rioja, La",201303,Voluntaria,8
3679,"Rioja, La",201302,Voluntaria,12
3680,"Rioja, La",201301,Voluntaria,40
3681,"Rioja, La",201212,Voluntaria,37
3682,"Rioja, La",201211,Voluntaria,9
3683,"Rioja, La",201210,Voluntaria,3
3684,"Rioja, La",201209,Voluntaria,11
3685,"Rioja, La",201208,Voluntaria,7
3686,"Rioja, La",201207,Voluntaria,9
3687,"Rioja, La",201206,Voluntaria,10
3688,"Rioja, La",201205,Voluntaria,10
3689,"Rioja, La",201204,Voluntaria,5
3690,"Rioja, La",201203,Voluntaria,5
3691,"Rioja, La",201202,Voluntaria,14
3692,"Rioja, La",201201,Voluntaria,18
3693,"Rioja, La",201112,Voluntaria,10
3694,"Rioja, La",201111,Voluntaria,5
3695,"Rioja, La",201110,Voluntaria,8
3696,"Rioja, La",201109,Voluntaria,8
3697,"Rioja, La",201108,Voluntaria,3
3698,"Rioja, La",201107,Voluntaria,6
3699,"Rioja, La",201106,Voluntaria,3
3700,"Rioja, La",201105,Voluntaria,4
3701,"Rioja, La",201104,Voluntaria,10
3702,"Rioja, La",201103,Voluntaria,9
3703,"Rioja, La",201102,Voluntaria,11
3704,"Rioja, La",201101,Voluntaria,23
3705,"Rioja, La",201012,Voluntaria,17
3706,"Rioja, La",201011,Voluntaria,24
3707,"Rioja, La",201010,Voluntaria,15
3708,"Rioja, La",201009,Voluntaria,9
3709,"Rioja, La",201008,Voluntaria,11
3710,"Rioja, La",201007,Voluntaria,11
3711,"Rioja, La",201006,Voluntaria,8
3712,"Rioja, La",201005,Voluntaria,52
3713,"Rioja, La",201004,Voluntaria,10
3714,"Rioja, La",201003,Voluntaria,23
3715,"Rioja, La",201002,Voluntaria,26
3716,"Rioja, La",201001,Voluntaria,10
3717,"Rioja, La",200912,Voluntaria,19
3718,"Rioja, La",200911,Voluntaria,5
3719,"Rioja, La",200910,Voluntaria,7
3720,"Rioja, La",200909,Voluntaria,3
3721,"Rioja, La",200908,Voluntaria,4
3722,"Rioja, La",200907,Voluntaria,5
3723,"Rioja, La",200906,Voluntaria,0
3724,"Rioja, La",200905,Voluntaria,1
3725,"Rioja, La",200904,Voluntaria,6
3726,"Rioja, La",200903,Voluntaria,7
3727,"Rioja, La",200902,Voluntaria,5
3728,"Rioja, La",200901,Voluntaria,11
3729,"Rioja, La",200812,Voluntaria,7
3730,"Rioja, La",200811,Voluntaria,1
3731,"Rioja, La",200810,Voluntaria,2
3732,"Rioja, La",200809,Voluntaria,4
3733,"Rioja, La",200808,Voluntaria,0
3734,"Rioja, La",200807,Voluntaria,1
3735,"Rioja, La",200806,Voluntaria,1
3736,"Rioja, La",200805,Voluntaria,3
3737,"Rioja, La",200804,Voluntaria,9
3738,"Rioja, La",200803,Voluntaria,8
3739,"Rioja, La",200802,Voluntaria,13
3740,"Rioja, La",200801,Voluntaria,8
3741,Ceuta,202604,Voluntaria,1
3742,Ceuta,202603,Voluntaria,4
3743,Ceuta,202602,Voluntaria,1
3744,Ceuta,202601,Voluntaria,3
3745,Ceuta,202512,Voluntaria,1
3746,Ceuta,202511,Voluntaria,1
3747,Ceuta,202510,Voluntaria,2
3748,Ceuta,202509,Voluntaria,0
3749,Ceuta,202508,Voluntaria,1
3750,Ceuta,202507,Voluntaria,1
3751,Ceuta,202506,Voluntaria,3
3752,Ceuta,202505,Voluntaria,1
3753,Ceuta,202504,Voluntaria,2
3754,Ceuta,202503,Voluntaria,2
3755,Ceuta,202502,Voluntaria,3
3756,Ceuta,202501,Voluntaria,3
3757,Ceuta,202412,Voluntaria,3
3758,Ceuta,202411,Voluntaria,0
3759,Ceuta,202410,Voluntaria,2
3760,Ceuta,202409,Voluntaria,0
3761,Ceuta,202408,Voluntaria,4
3762,Ceuta,202407,Voluntaria,0
3763,Ceuta,202406,Voluntaria,2
3764,Ceuta,202405,Voluntaria,1
3765,Ceuta,202404,Voluntaria,2
3766,Ceuta,202403,Voluntaria,0
3767,Ceuta,202402,Voluntaria,0
3768,Ceuta,202401,Voluntaria,4
3769,Ceuta,202312,Voluntaria,0
3770,Ceuta,202311,Voluntaria,7
3771,Ceuta,202310,Voluntaria,2
3772,Ceuta,202309,Voluntaria,3
3773,Ceuta,202308,Voluntaria,2
3774,Ceuta,202307,Voluntaria,0
3775,Ceuta,202306,Voluntaria,4
3776,Ceuta,202305,Voluntaria,1
3777,Ceuta,202304,Voluntaria,2
3778,Ceuta,202303,Voluntaria,2
3779,Ceuta,202302,Voluntaria,0
3780,Ceuta,202301,Voluntaria,4
3781,Ceuta,202212,Voluntaria,3
3782,Ceuta,202211,Voluntaria,3
3783,Ceuta,202210,Voluntaria,1
3784,Ceuta,202209,Voluntaria,2
3785,Ceuta,202208,Voluntaria,0
3786,Ceuta,202207,Voluntaria,0
3787,Ceuta,202206,Voluntaria,0
3788,Ceuta,202205,Voluntaria,3
3789,Ceuta,202204,Voluntaria,1
3790,Ceuta,202203,Voluntaria,1
3791,Ceuta,202202,Voluntaria,2
3792,Ceuta,202201,Voluntaria,1
3793,Ceuta,202112,Voluntaria,1
3794,Ceuta,202111,Voluntaria,3
3795,Ceuta,202110,Voluntaria,0
3796,Ceuta,202109,Voluntaria,1
3797,Ceuta,202108,Voluntaria,0
3798,Ceuta,202107,Voluntaria,0
3799,Ceuta,202106,Voluntaria,2
3800,Ceuta,202105,Voluntaria,2
3801,Ceuta,202104,Voluntaria,0
3802,Ceuta,202103,Voluntaria,3
3803,Ceuta,202102,Voluntaria,4
3804,Ceuta,202101,Voluntaria,1
3805,Ceuta,202012,Voluntaria,3
3806,Ceuta,202011,Voluntaria,2
3807,Ceuta,202010,Voluntaria,4
3808,Ceuta,202009,Voluntaria,0
3809,Ceuta,202008,Voluntaria,0
3810,Ceuta,202007,Voluntaria,0
3811,Ceuta,202006,Voluntaria,0
3812,Ceuta,202005,Voluntaria,0
3813,Ceuta,202004,Voluntaria,2
3814,Ceuta,202003,Voluntaria,0
3815,Ceuta,202002,Voluntaria,1
3816,Ceuta,202001,Voluntaria,3
3817,Ceuta,201912,Voluntaria,2
3818,Ceuta,201911,Voluntaria,1
3819,Ceuta,201910,Voluntaria,0
3820,Ceuta,201909,Voluntaria,1
3821,Ceuta,201908,Voluntaria,1
3822,Ceuta,201907,Voluntaria,0
3823,Ceuta,201906,Voluntaria,1
3824,Ceuta,201905,Voluntaria,2
3825,Ceuta,201904,Voluntaria,0
3826,Ceuta,201903,Voluntaria,0
3827,Ceuta,201902,Voluntaria,1
3828,Ceuta,201901,Voluntaria,6
3829,Ceuta,201812,Voluntaria,1
3830,Ceuta,201811,Voluntaria,2
3831,Ceuta,201810,Voluntaria,1
3832,Ceuta,201809,Voluntaria,2
3833,Ceuta,201808,Voluntaria,1
3834,Ceuta,201807,Voluntaria,2
3835,Ceuta,201806,Voluntaria,1
3836,Ceuta,201805,Voluntaria,0
3837,Ceuta,201804,Voluntaria,0
3838,Ceuta,201803,Voluntaria,2
3839,Ceuta,201802,Voluntaria,2
3840,Ceuta,201801,Voluntaria,0
3841,Ceuta,201712,Voluntaria,3
3842,Ceuta,201711,Voluntaria,1
3843,Ceuta,201710,Voluntaria,1
3844,Ceuta,201709,Voluntaria,0
3845,Ceuta,201708,Voluntaria,3
3846,Ceuta,201707,Voluntaria,0
3847,Ceuta,201706,Voluntaria,0
3848,Ceuta,201705,Voluntaria,1
3849,Ceuta,201704,Voluntaria,2
3850,Ceuta,201703,Voluntaria,2
3851,Ceuta,201702,Voluntaria,2
3852,Ceuta,201701,Voluntaria,0
3853,Ceuta,201612,Voluntaria,6
3854,Ceuta,201611,Voluntaria,1
3855,Ceuta,201610,Voluntaria,1
3856,Ceuta,201609,Voluntaria,0
3857,Ceuta,201608,Voluntaria,0
3858,Ceuta,201607,Voluntaria,1
3859,Ceuta,201606,Voluntaria,2
3860,Ceuta,201605,Voluntaria,0
3861,Ceuta,201604,Voluntaria,1
3862,Ceuta,201603,Voluntaria,2
3863,Ceuta,201602,Voluntaria,0
3864,Ceuta,201601,Voluntaria,2
3865,Ceuta,201512,Voluntaria,3
3866,Ceuta,201511,Voluntaria,1
3867,Ceuta,201510,Voluntaria,2
3868,Ceuta,201509,Voluntaria,1
3869,Ceuta,201508,Voluntaria,0
3870,Ceuta,201507,Voluntaria,0
3871,Ceuta,201506,Voluntaria,1
3872,Ceuta,201505,Voluntaria,0
3873,Ceuta,201504,Voluntaria,1
3874,Ceuta,201503,Voluntaria,2
3875,Ceuta,201502,Voluntaria,1
3876,Ceuta,201501,Voluntaria,2
3877,Ceuta,201412,Voluntaria,2
3878,Ceuta,201411,Voluntaria,2
3879,Ceuta,201410,Voluntaria,1
3880,Ceuta,201409,Voluntaria,0
3881,Ceuta,201408,Voluntaria,0
3882,Ceuta,201407,Voluntaria,0
3883,Ceuta,201406,Voluntaria,0
3884,Ceuta,201405,Voluntaria,0
3885,Ceuta,201404,Voluntaria,1
3886,Ceuta,201403,Voluntaria,0
3887,Ceuta,201402,Voluntaria,0
3888,Ceuta,201401,Voluntaria,0
3889,Ceuta,201312,Voluntaria,0
3890,Ceuta,201311,Voluntaria,0
3891,Ceuta,201310,Voluntaria,0
3892,Ceuta,201309,Voluntaria,0
3893,Ceuta,201308,Voluntaria,0
3894,Ceuta,201307,Voluntaria,0
3895,Ceuta,201306,Voluntaria,1
3896,Ceuta,201305,Voluntaria,1
3897,Ceuta,201304,Voluntaria,3
3898,Ceuta,201303,Voluntaria,2
3899,Ceuta,201302,Voluntaria,2
3900,Ceuta,201301,Voluntaria,3
3901,Ceuta,201212,Voluntaria,4
3902,Ceuta,201211,Voluntaria,6
3903,Ceuta,201210,Voluntaria,3
3904,Ceuta,201209,Voluntaria,1
3905,Ceuta,201208,Voluntaria,1
3906,Ceuta,201207,Voluntaria,0
3907,Ceuta,201206,Voluntaria,0
3908,Ceuta,201205,Voluntaria,0
3909,Ceuta,201204,Voluntaria,0
3910,Ceuta,201203,Voluntaria,1
3911,Ceuta,201202,Voluntaria,2
3912,Ceuta,201201,Voluntaria,0
3913,Ceuta,201112,Voluntaria,7
3914,Ceuta,201111,Voluntaria,0
3915,Ceuta,201110,Voluntaria,1
3916,Ceuta,201109,Voluntaria,0
3917,Ceuta,201108,Voluntaria,0
3918,Ceuta,201107,Voluntaria,0
3919,Ceuta,201106,Voluntaria,2
3920,Ceuta,201105,Voluntaria,2
3921,Ceuta,201104,Voluntaria,0
3922,Ceuta,201103,Voluntaria,3
3923,Ceuta,201102,Voluntaria,2
3924,Ceuta,201101,Voluntaria,1
3925,Ceuta,201012,Voluntaria,3
3926,Ceuta,201011,Voluntaria,0
3927,Ceuta,201010,Voluntaria,2
3928,Ceuta,201009,Voluntaria,2
3929,Ceuta,201008,Voluntaria,1
3930,Ceuta,201007,Voluntaria,0
3931,Ceuta,201006,Voluntaria,3
3932,Ceuta,201005,Voluntaria,1
3933,Ceuta,201004,Voluntaria,2
3934,Ceuta,201003,Voluntaria,3
3935,Ceuta,201002,Voluntaria,2
3936,Ceuta,201001,Voluntaria,4
3937,Ceuta,200912,Voluntaria,2
3938,Ceuta,200911,Voluntaria,1
3939,Ceuta,200910,Voluntaria,4
3940,Ceuta,200909,Voluntaria,0
3941,Ceuta,200908,Voluntaria,3
3942,Ceuta,200907,Voluntaria,1
3943,Ceuta,200906,Voluntaria,0
3944,Ceuta,200905,Voluntaria,0
3945,Ceuta,200904,Voluntaria,2
3946,Ceuta,200903,Voluntaria,2
3947,Ceuta,200902,Voluntaria,3
3948,Ceuta,200901,Voluntaria,4
3949,Ceuta,200812,Voluntaria,3
3950,Ceuta,200811,Voluntaria,3
3951,Ceuta,200810,Voluntaria,3
3952,Ceuta,200809,Voluntaria,2
3953,Ceuta,200808,Voluntaria,0
3954,Ceuta,200807,Voluntaria,4
3955,Ceuta,200806,Voluntaria,1
3956,Ceuta,200805,Voluntaria,1
3957,Ceuta,200804,Voluntaria,0
3958,Ceuta,200803,Voluntaria,4
3959,Ceuta,200802,Voluntaria,0
3960,Ceuta,200801,Voluntaria,1
3961,Melilla,202604,Voluntaria,0
3962,Melilla,202603,Voluntaria,1
3963,Melilla,202602,Voluntaria,0
3964,Melilla,202601,Voluntaria,2
3965,Melilla,202512,Voluntaria,2
3966,Melilla,202511,Voluntaria,3
3967,Melilla,202510,Voluntaria,0
3968,Melilla,202509,Voluntaria,1
3969,Melilla,202508,Voluntaria,1
3970,Melilla,202507,Voluntaria,1
3971,Melilla,202506,Voluntaria,3
3972,Melilla,202505,Voluntaria,3
3973,Melilla,202504,Voluntaria,4
3974,Melilla,202503,Voluntaria,4
3975,Melilla,202502,Voluntaria,2
3976,Melilla,202501,Voluntaria,7
3977,Melilla,202412,Voluntaria,3
3978,Melilla,202411,Voluntaria,0
3979,Melilla,202410,Voluntaria,0
3980,Melilla,202409,Voluntaria,3
3981,Melilla,202408,Voluntaria,0
3982,Melilla,202407,Voluntaria,2
3983,Melilla,202406,Voluntaria,2
3984,Melilla,202405,Voluntaria,2
3985,Melilla,202404,Voluntaria,0
3986,Melilla,202403,Voluntaria,0
3987,Melilla,202402,Voluntaria,1
3988,Melilla,202401,Voluntaria,2
3989,Melilla,202312,Voluntaria,7
3990,Melilla,202311,Voluntaria,1
3991,Melilla,202310,Voluntaria,1
3992,Melilla,202309,Voluntaria,1
3993,Melilla,202308,Voluntaria,0
3994,Melilla,202307,Voluntaria,0
3995,Melilla,202306,Voluntaria,1
3996,Melilla,202305,Voluntaria,3
3997,Melilla,202304,Voluntaria,1
3998,Melilla,202303,Voluntaria,4
3999,Melilla,202302,Voluntaria,2
4000,Melilla,202301,Voluntaria,5
4001,Melilla,202212,Voluntaria,5
4002,Melilla,202211,Voluntaria,2
4003,Melilla,202210,Voluntaria,3
4004,Melilla,202209,Voluntaria,1
4005,Melilla,202208,Voluntaria,1
4006,Melilla,202207,Voluntaria,4
4007,Melilla,202206,Voluntaria,3
4008,Melilla,202205,Voluntaria,0
4009,Melilla,202204,Voluntaria,0
4010,Melilla,202203,Voluntaria,2
4011,Melilla,202202,Voluntaria,2
4012,Melilla,202201,Voluntaria,2
4013,Melilla,202112,Voluntaria,3
4014,Melilla,202111,Voluntaria,2
4015,Melilla,202110,Voluntaria,2
4016,Melilla,202109,Voluntaria,2
4017,Melilla,202108,Voluntaria,0
4018,Melilla,202107,Voluntaria,0
4019,Melilla,202106,Voluntaria,2
4020,Melilla,202105,Voluntaria,1
4021,Melilla,202104,Voluntaria,0
4022,Melilla,202103,Voluntaria,1
4023,Melilla,202102,Voluntaria,2
4024,Melilla,202101,Voluntaria,2
4025,Melilla,202012,Voluntaria,2
4026,Melilla,202011,Voluntaria,2
4027,Melilla,202010,Voluntaria,1
4028,Melilla,202009,Voluntaria,0
4029,Melilla,202008,Voluntaria,1
4030,Melilla,202007,Voluntaria,0
4031,Melilla,202006,Voluntaria,0
4032,Melilla,202005,Voluntaria,0
4033,Melilla,202004,Voluntaria,0
4034,Melilla,202003,Voluntaria,2
4035,Melilla,202002,Voluntaria,2
4036,Melilla,202001,Voluntaria,4
4037,Melilla,201912,Voluntaria,6
4038,Melilla,201911,Voluntaria,2
4039,Melilla,201910,Voluntaria,3
4040,Melilla,201909,Voluntaria,0
4041,Melilla,201908,Voluntaria,2
4042,Melilla,201907,Voluntaria,0
4043,Melilla,201906,Voluntaria,2
4044,Melilla,201905,Voluntaria,0
4045,Melilla,201904,Voluntaria,3
4046,Melilla,201903,Voluntaria,1
4047,Melilla,201902,Voluntaria,3
4048,Melilla,201901,Voluntaria,1
4049,Melilla,201812,Voluntaria,2
4050,Melilla,201811,Voluntaria,0
4051,Melilla,201810,Voluntaria,0
4052,Melilla,201809,Voluntaria,0
4053,Melilla,201808,Voluntaria,3
4054,Melilla,201807,Voluntaria,2
4055,Melilla,201806,Voluntaria,3
4056,Melilla,201805,Voluntaria,0
4057,Melilla,201804,Voluntaria,0
4058,Melilla,201803,Voluntaria,2
4059,Melilla,201802,Voluntaria,1
4060,Melilla,201801,Voluntaria,1
4061,Melilla,201712,Voluntaria,3
4062,Melilla,201711,Voluntaria,0
4063,Melilla,201710,Voluntaria,1
4064,Melilla,201709,Voluntaria,0
4065,Melilla,201708,Voluntaria,0
4066,Melilla,201707,Voluntaria,2
4067,Melilla,201706,Voluntaria,2
4068,Melilla,201705,Voluntaria,0
4069,Melilla,201704,Voluntaria,0
4070,Melilla,201703,Voluntaria,4
4071,Melilla,201702,Voluntaria,0
4072,Melilla,201701,Voluntaria,3
4073,Melilla,201612,Voluntaria,2
4074,Melilla,201611,Voluntaria,1
4075,Melilla,201610,Voluntaria,0
4076,Melilla,201609,Voluntaria,0
4077,Melilla,201608,Voluntaria,0
4078,Melilla,201607,Voluntaria,1
4079,Melilla,201606,Voluntaria,2
4080,Melilla,201605,Voluntaria,2
4081,Melilla,201604,Voluntaria,0
4082,Melilla,201603,Voluntaria,2
4083,Melilla,201602,Voluntaria,1
4084,Melilla,201601,Voluntaria,3
4085,Melilla,201512,Voluntaria,0
4086,Melilla,201511,Voluntaria,1
4087,Melilla,201510,Voluntaria,0
4088,Melilla,201509,Voluntaria,2
4089,Melilla,201508,Voluntaria,2
4090,Melilla,201507,Voluntaria,0
4091,Melilla,201506,Voluntaria,0
4092,Melilla,201505,Voluntaria,1
4093,Melilla,201504,Voluntaria,0
4094,Melilla,201503,Voluntaria,2
4095,Melilla,201502,Voluntaria,3
4096,Melilla,201501,Voluntaria,2
4097,Melilla,201412,Voluntaria,2
4098,Melilla,201411,Voluntaria,0
4099,Melilla,201410,Voluntaria,0
4100,Melilla,201409,Voluntaria,0
4101,Melilla,201408,Voluntaria,1
4102,Melilla,201407,Voluntaria,0
4103,Melilla,201406,Voluntaria,2
4104,Melilla,201405,Voluntaria,0
4105,Melilla,201404,Voluntaria,2
4106,Melilla,201403,Voluntaria,0
4107,Melilla,201402,Voluntaria,1
4108,Melilla,201401,Voluntaria,3
4109,Melilla,201312,Voluntaria,2
4110,Melilla,201311,Voluntaria,2
4111,Melilla,201310,Voluntaria,0
4112,Melilla,201309,Voluntaria,1
4113,Melilla,201308,Voluntaria,1
4114,Melilla,201307,Voluntaria,0
4115,Melilla,201306,Voluntaria,0
4116,Melilla,201305,Voluntaria,0
4117,Melilla,201304,Voluntaria,0
4118,Melilla,201303,Voluntaria,1
4119,Melilla,201302,Voluntaria,1
4120,Melilla,201301,Voluntaria,1
4121,Melilla,201212,Voluntaria,0
4122,Melilla,201211,Voluntaria,3
4123,Melilla,201210,Voluntaria,2
4124,Melilla,201209,Voluntaria,0
4125,Melilla,201208,Voluntaria,1
4126,Melilla,201207,Voluntaria,2
4127,Melilla,201206,Voluntaria,0
4128,Melilla,201205,Voluntaria,0
4129,Melilla,201204,Voluntaria,0
4130,Melilla,201203,Voluntaria,1
4131,Melilla,201202,Voluntaria,1
4132,Melilla,201201,Voluntaria,3
4133,Melilla,201112,Voluntaria,2
4134,Melilla,201111,Voluntaria,0
4135,Melilla,201110,Voluntaria,0
4136,Melilla,201109,Voluntaria,0
4137,Melilla,201108,Voluntaria,1
4138,Melilla,201107,Voluntaria,2
4139,Melilla,201106,Voluntaria,2
4140,Melilla,201105,Voluntaria,2
4141,Melilla,201104,Voluntaria,1
4142,Melilla,201103,Voluntaria,2
4143,Melilla,201102,Voluntaria,1
4144,Melilla,201101,Voluntaria,0
4145,Melilla,201012,Voluntaria,6
4146,Melilla,201011,Voluntaria,0
4147,Melilla,201010,Voluntaria,0
4148,Melilla,201009,Voluntaria,0
4149,Melilla,201008,Voluntaria,1
4150,Melilla,201007,Voluntaria,1
4151,Melilla,201006,Voluntaria,1
4152,Melilla,201005,Voluntaria,1
4153,Melilla,201004,Voluntaria,1
4154,Melilla,201003,Voluntaria,1
4155,Melilla,201002,Voluntaria,1
4156,Melilla,201001,Voluntaria,1
4157,Melilla,200912,Voluntaria,2
4158,Melilla,200911,Voluntaria,0
4159,Melilla,200910,Voluntaria,2
4160,Melilla,200909,Voluntaria,0
4161,Melilla,200908,Voluntaria,1
4162,Melilla,200907,Voluntaria,0
4163,Melilla,200906,Voluntaria,0
4164,Melilla,200905,Voluntaria,1
4165,Melilla,200904,Voluntaria,1
4166,Melilla,200903,Voluntaria,0
4167,Melilla,200902,Voluntaria,1
4168,Melilla,200901,Voluntaria,4
4169,Melilla,200812,Voluntaria,6
4170,Melilla,200811,Voluntaria,0
4171,Melilla,200810,Voluntaria,0
4172,Melilla,200809,Voluntaria,1
4173,Melilla,200808,Voluntaria,0
4174,Melilla,200807,Voluntaria,0
4175,Melilla,200806,Voluntaria,0
4176,Melilla,200805,Voluntaria,1
4177,Melilla,200804,Voluntaria,0
4178,Melilla,200803,Voluntaria,2
4179,Melilla,200802,Voluntaria,0
4180,Melilla,200801,Voluntaria,4
4181,Andalucía,202604,Por fusión,8
4182,Andalucía,202603,Por fusión,19
4183,Andalucía,202602,Por fusión,26
4184,Andalucía,202601,Por fusión,39
4185,Andalucía,202512,Por fusión,75
4186,Andalucía,202511,Por fusión,17
4187,Andalucía,202510,Por fusión,16
4188,Andalucía,202509,Por fusión,13
4189,Andalucía,202508,Por fusión,13
4190,Andalucía,202507,Por fusión,19
4191,Andalucía,202506,Por fusión,14
4192,Andalucía,202505,Por fusión,8
4193,Andalucía,202504,Por fusión,6
4194,Andalucía,202503,Por fusión,13
4195,Andalucía,202502,Por fusión,43
4196,Andalucía,202501,Por fusión,28
4197,Andalucía,202412,Por fusión,26
4198,Andalucía,202411,Por fusión,18
4199,Andalucía,202410,Por fusión,22
4200,Andalucía,202409,Por fusión,13
4201,Andalucía,202408,Por fusión,15
4202,Andalucía,202407,Por fusión,12
4203,Andalucía,202406,Por fusión,11
4204,Andalucía,202405,Por fusión,3
4205,Andalucía,202404,Por fusión,11
4206,Andalucía,202403,Por fusión,24
4207,Andalucía,202402,Por fusión,19
4208,Andalucía,202401,Por fusión,25
4209,Andalucía,202312,Por fusión,18
4210,Andalucía,202311,Por fusión,22
4211,Andalucía,202310,Por fusión,17
4212,Andalucía,202309,Por fusión,17
4213,Andalucía,202308,Por fusión,12
4214,Andalucía,202307,Por fusión,14
4215,Andalucía,202306,Por fusión,6
4216,Andalucía,202305,Por fusión,14
4217,Andalucía,202304,Por fusión,15
4218,Andalucía,202303,Por fusión,20
4219,Andalucía,202302,Por fusión,28
4220,Andalucía,202301,Por fusión,24
4221,Andalucía,202212,Por fusión,25
4222,Andalucía,202211,Por fusión,20
4223,Andalucía,202210,Por fusión,15
4224,Andalucía,202209,Por fusión,17
4225,Andalucía,202208,Por fusión,23
4226,Andalucía,202207,Por fusión,43
4227,Andalucía,202206,Por fusión,7
4228,Andalucía,202205,Por fusión,19
4229,Andalucía,202204,Por fusión,13
4230,Andalucía,202203,Por fusión,27
4231,Andalucía,202202,Por fusión,32
4232,Andalucía,202201,Por fusión,33
4233,Andalucía,202112,Por fusión,19
4234,Andalucía,202111,Por fusión,25
4235,Andalucía,202110,Por fusión,20
4236,Andalucía,202109,Por fusión,21
4237,Andalucía,202108,Por fusión,10
4238,Andalucía,202107,Por fusión,11
4239,Andalucía,202106,Por fusión,11
4240,Andalucía,202105,Por fusión,11
4241,Andalucía,202104,Por fusión,12
4242,Andalucía,202103,Por fusión,30
4243,Andalucía,202102,Por fusión,18
4244,Andalucía,202101,Por fusión,26
4245,Andalucía,202012,Por fusión,44
4246,Andalucía,202011,Por fusión,19
4247,Andalucía,202010,Por fusión,21
4248,Andalucía,202009,Por fusión,117
4249,Andalucía,202008,Por fusión,9
4250,Andalucía,202007,Por fusión,7
4251,Andalucía,202006,Por fusión,18
4252,Andalucía,202005,Por fusión,6
4253,Andalucía,202004,Por fusión,10
4254,Andalucía,202003,Por fusión,19
4255,Andalucía,202002,Por fusión,30
4256,Andalucía,202001,Por fusión,18
4257,Andalucía,201912,Por fusión,8
4258,Andalucía,201911,Por fusión,13
4259,Andalucía,201910,Por fusión,27
4260,Andalucía,201909,Por fusión,23
4261,Andalucía,201908,Por fusión,13
4262,Andalucía,201907,Por fusión,21
4263,Andalucía,201906,Por fusión,15
4264,Andalucía,201905,Por fusión,11
4265,Andalucía,201904,Por fusión,13
4266,Andalucía,201903,Por fusión,15
4267,Andalucía,201902,Por fusión,26
4268,Andalucía,201901,Por fusión,18
4269,Andalucía,201812,Por fusión,83
4270,Andalucía,201811,Por fusión,24
4271,Andalucía,201810,Por fusión,10
4272,Andalucía,201809,Por fusión,13
4273,Andalucía,201808,Por fusión,4
4274,Andalucía,201807,Por fusión,18
4275,Andalucía,201806,Por fusión,26
4276,Andalucía,201805,Por fusión,12
4277,Andalucía,201804,Por fusión,9
4278,Andalucía,201803,Por fusión,38
4279,Andalucía,201802,Por fusión,29
4280,Andalucía,201801,Por fusión,20
4281,Andalucía,201712,Por fusión,118
4282,Andalucía,201711,Por fusión,24
4283,Andalucía,201710,Por fusión,48
4284,Andalucía,201709,Por fusión,13
4285,Andalucía,201708,Por fusión,14
4286,Andalucía,201707,Por fusión,20
4287,Andalucía,201706,Por fusión,6
4288,Andalucía,201705,Por fusión,20
4289,Andalucía,201704,Por fusión,8
4290,Andalucía,201703,Por fusión,23
4291,Andalucía,201702,Por fusión,38
4292,Andalucía,201701,Por fusión,92
4293,Andalucía,201612,Por fusión,57
4294,Andalucía,201611,Por fusión,15
4295,Andalucía,201610,Por fusión,25
4296,Andalucía,201609,Por fusión,19
4297,Andalucía,201608,Por fusión,19
4298,Andalucía,201607,Por fusión,19
4299,Andalucía,201606,Por fusión,13
4300,Andalucía,201605,Por fusión,13
4301,Andalucía,201604,Por fusión,10
4302,Andalucía,201603,Por fusión,25
4303,Andalucía,201602,Por fusión,25
4304,Andalucía,201601,Por fusión,19
4305,Andalucía,201512,Por fusión,23
4306,Andalucía,201511,Por fusión,6
4307,Andalucía,201510,Por fusión,27
4308,Andalucía,201509,Por fusión,25
4309,Andalucía,201508,Por fusión,8
4310,Andalucía,201507,Por fusión,8
4311,Andalucía,201506,Por fusión,12
4312,Andalucía,201505,Por fusión,11
4313,Andalucía,201504,Por fusión,14
4314,Andalucía,201503,Por fusión,21
4315,Andalucía,201502,Por fusión,10
4316,Andalucía,201501,Por fusión,20
4317,Andalucía,201412,Por fusión,37
4318,Andalucía,201411,Por fusión,15
4319,Andalucía,201410,Por fusión,20
4320,Andalucía,201409,Por fusión,13
4321,Andalucía,201408,Por fusión,11
4322,Andalucía,201407,Por fusión,28
4323,Andalucía,201406,Por fusión,11
4324,Andalucía,201405,Por fusión,3
4325,Andalucía,201404,Por fusión,15
4326,Andalucía,201403,Por fusión,19
4327,Andalucía,201402,Por fusión,14
4328,Andalucía,201401,Por fusión,15
4329,Andalucía,201312,Por fusión,47
4330,Andalucía,201311,Por fusión,86
4331,Andalucía,201310,Por fusión,15
4332,Andalucía,201309,Por fusión,19
4333,Andalucía,201308,Por fusión,21
4334,Andalucía,201307,Por fusión,7
4335,Andalucía,201306,Por fusión,13
4336,Andalucía,201305,Por fusión,12
4337,Andalucía,201304,Por fusión,17
4338,Andalucía,201303,Por fusión,9
4339,Andalucía,201302,Por fusión,26
4340,Andalucía,201301,Por fusión,41
4341,Andalucía,201212,Por fusión,19
4342,Andalucía,201211,Por fusión,19
4343,Andalucía,201210,Por fusión,8
4344,Andalucía,201209,Por fusión,18
4345,Andalucía,201208,Por fusión,21
4346,Andalucía,201207,Por fusión,8
4347,Andalucía,201206,Por fusión,11
4348,Andalucía,201205,Por fusión,7
4349,Andalucía,201204,Por fusión,10
4350,Andalucía,201203,Por fusión,22
4351,Andalucía,201202,Por fusión,24
4352,Andalucía,201201,Por fusión,26
4353,Andalucía,201112,Por fusión,25
4354,Andalucía,201111,Por fusión,33
4355,Andalucía,201110,Por fusión,14
4356,Andalucía,201109,Por fusión,31
4357,Andalucía,201108,Por fusión,14
4358,Andalucía,201107,Por fusión,15
4359,Andalucía,201106,Por fusión,9
4360,Andalucía,201105,Por fusión,6
4361,Andalucía,201104,Por fusión,11
4362,Andalucía,201103,Por fusión,14
4363,Andalucía,201102,Por fusión,6
4364,Andalucía,201101,Por fusión,29
4365,Andalucía,201012,Por fusión,53
4366,Andalucía,201011,Por fusión,13
4367,Andalucía,201010,Por fusión,24
4368,Andalucía,201009,Por fusión,22
4369,Andalucía,201008,Por fusión,4
4370,Andalucía,201007,Por fusión,10
4371,Andalucía,201006,Por fusión,14
4372,Andalucía,201005,Por fusión,8
4373,Andalucía,201004,Por fusión,16
4374,Andalucía,201003,Por fusión,16
4375,Andalucía,201002,Por fusión,20
4376,Andalucía,201001,Por fusión,11
4377,Andalucía,200912,Por fusión,15
4378,Andalucía,200911,Por fusión,11
4379,Andalucía,200910,Por fusión,27
4380,Andalucía,200909,Por fusión,10
4381,Andalucía,200908,Por fusión,6
4382,Andalucía,200907,Por fusión,3
4383,Andalucía,200906,Por fusión,11
4384,Andalucía,200905,Por fusión,7
4385,Andalucía,200904,Por fusión,7
4386,Andalucía,200903,Por fusión,11
4387,Andalucía,200902,Por fusión,16
4388,Andalucía,200901,Por fusión,17
4389,Andalucía,200812,Por fusión,27
4390,Andalucía,200811,Por fusión,17
4391,Andalucía,200810,Por fusión,26
4392,Andalucía,200809,Por fusión,16
4393,Andalucía,200808,Por fusión,8
4394,Andalucía,200807,Por fusión,18
4395,Andalucía,200806,Por fusión,7
4396,Andalucía,200805,Por fusión,11
4397,Andalucía,200804,Por fusión,5
4398,Andalucía,200803,Por fusión,5
4399,Andalucía,200802,Por fusión,29
4400,Andalucía,200801,Por fusión,37
4401,Aragón,202604,Por fusión,7
4402,Aragón,202603,Por fusión,2
4403,Aragón,202602,Por fusión,5
4404,Aragón,202601,Por fusión,13
4405,Aragón,202512,Por fusión,12
4406,Aragón,202511,Por fusión,3
4407,Aragón,202510,Por fusión,5
4408,Aragón,202509,Por fusión,5
4409,Aragón,202508,Por fusión,4
4410,Aragón,202507,Por fusión,13
4411,Aragón,202506,Por fusión,11
4412,Aragón,202505,Por fusión,0
4413,Aragón,202504,Por fusión,2
4414,Aragón,202503,Por fusión,0
4415,Aragón,202502,Por fusión,4
4416,Aragón,202501,Por fusión,19
4417,Aragón,202412,Por fusión,3
4418,Aragón,202411,Por fusión,2
4419,Aragón,202410,Por fusión,4
4420,Aragón,202409,Por fusión,1
4421,Aragón,202408,Por fusión,8
4422,Aragón,202407,Por fusión,4
4423,Aragón,202406,Por fusión,1
4424,Aragón,202405,Por fusión,3
4425,Aragón,202404,Por fusión,2
4426,Aragón,202403,Por fusión,0
4427,Aragón,202402,Por fusión,4
4428,Aragón,202401,Por fusión,14
4429,Aragón,202312,Por fusión,4
4430,Aragón,202311,Por fusión,6
4431,Aragón,202310,Por fusión,8
4432,Aragón,202309,Por fusión,4
4433,Aragón,202308,Por fusión,0
4434,Aragón,202307,Por fusión,7
4435,Aragón,202306,Por fusión,2
4436,Aragón,202305,Por fusión,14
4437,Aragón,202304,Por fusión,2
4438,Aragón,202303,Por fusión,7
4439,Aragón,202302,Por fusión,6
4440,Aragón,202301,Por fusión,7
4441,Aragón,202212,Por fusión,11
4442,Aragón,202211,Por fusión,16
4443,Aragón,202210,Por fusión,3
4444,Aragón,202209,Por fusión,1
4445,Aragón,202208,Por fusión,6
4446,Aragón,202207,Por fusión,1
4447,Aragón,202206,Por fusión,6
4448,Aragón,202205,Por fusión,4
4449,Aragón,202204,Por fusión,2
4450,Aragón,202203,Por fusión,4
4451,Aragón,202202,Por fusión,4
4452,Aragón,202201,Por fusión,13
4453,Aragón,202112,Por fusión,17
4454,Aragón,202111,Por fusión,12
4455,Aragón,202110,Por fusión,5
4456,Aragón,202109,Por fusión,7
4457,Aragón,202108,Por fusión,4
4458,Aragón,202107,Por fusión,6
4459,Aragón,202106,Por fusión,1
4460,Aragón,202105,Por fusión,3
4461,Aragón,202104,Por fusión,3
4462,Aragón,202103,Por fusión,1
4463,Aragón,202102,Por fusión,1
4464,Aragón,202101,Por fusión,3
4465,Aragón,202012,Por fusión,8
4466,Aragón,202011,Por fusión,7
4467,Aragón,202010,Por fusión,3
4468,Aragón,202009,Por fusión,5
4469,Aragón,202008,Por fusión,4
4470,Aragón,202007,Por fusión,5
4471,Aragón,202006,Por fusión,2
4472,Aragón,202005,Por fusión,0
4473,Aragón,202004,Por fusión,0
4474,Aragón,202003,Por fusión,5
4475,Aragón,202002,Por fusión,9
4476,Aragón,202001,Por fusión,3
4477,Aragón,201912,Por fusión,68
4478,Aragón,201911,Por fusión,1
4479,Aragón,201910,Por fusión,4
4480,Aragón,201909,Por fusión,8
4481,Aragón,201908,Por fusión,10
4482,Aragón,201907,Por fusión,6
4483,Aragón,201906,Por fusión,3
4484,Aragón,201905,Por fusión,3
4485,Aragón,201904,Por fusión,4
4486,Aragón,201903,Por fusión,3
4487,Aragón,201902,Por fusión,6
4488,Aragón,201901,Por fusión,8
4489,Aragón,201812,Por fusión,8
4490,Aragón,201811,Por fusión,3
4491,Aragón,201810,Por fusión,8
4492,Aragón,201809,Por fusión,4
4493,Aragón,201808,Por fusión,5
4494,Aragón,201807,Por fusión,6
4495,Aragón,201806,Por fusión,3
4496,Aragón,201805,Por fusión,3
4497,Aragón,201804,Por fusión,2
4498,Aragón,201803,Por fusión,4
4499,Aragón,201802,Por fusión,5
4500,Aragón,201801,Por fusión,10
4501,Aragón,201712,Por fusión,15
4502,Aragón,201711,Por fusión,3
4503,Aragón,201710,Por fusión,6
4504,Aragón,201709,Por fusión,3
4505,Aragón,201708,Por fusión,2
4506,Aragón,201707,Por fusión,5
4507,Aragón,201706,Por fusión,2
4508,Aragón,201705,Por fusión,1
4509,Aragón,201704,Por fusión,2
4510,Aragón,201703,Por fusión,3
4511,Aragón,201702,Por fusión,2
4512,Aragón,201701,Por fusión,20
4513,Aragón,201612,Por fusión,6
4514,Aragón,201611,Por fusión,3
4515,Aragón,201610,Por fusión,4
4516,Aragón,201609,Por fusión,8
4517,Aragón,201608,Por fusión,2
4518,Aragón,201607,Por fusión,1
4519,Aragón,201606,Por fusión,1
4520,Aragón,201605,Por fusión,5
4521,Aragón,201604,Por fusión,0
4522,Aragón,201603,Por fusión,5
4523,Aragón,201602,Por fusión,0
4524,Aragón,201601,Por fusión,10
4525,Aragón,201512,Por fusión,27
4526,Aragón,201511,Por fusión,6
4527,Aragón,201510,Por fusión,4
4528,Aragón,201509,Por fusión,11
4529,Aragón,201508,Por fusión,4
4530,Aragón,201507,Por fusión,6
4531,Aragón,201506,Por fusión,2
4532,Aragón,201505,Por fusión,2
4533,Aragón,201504,Por fusión,2
4534,Aragón,201503,Por fusión,5
4535,Aragón,201502,Por fusión,2
4536,Aragón,201501,Por fusión,5
4537,Aragón,201412,Por fusión,7
4538,Aragón,201411,Por fusión,16
4539,Aragón,201410,Por fusión,3
4540,Aragón,201409,Por fusión,4
4541,Aragón,201408,Por fusión,6
4542,Aragón,201407,Por fusión,4
4543,Aragón,201406,Por fusión,7
4544,Aragón,201405,Por fusión,1
4545,Aragón,201404,Por fusión,1
4546,Aragón,201403,Por fusión,3
4547,Aragón,201402,Por fusión,4
4548,Aragón,201401,Por fusión,9
4549,Aragón,201312,Por fusión,1
4550,Aragón,201311,Por fusión,6
4551,Aragón,201310,Por fusión,5
4552,Aragón,201309,Por fusión,6
4553,Aragón,201308,Por fusión,2
4554,Aragón,201307,Por fusión,4
4555,Aragón,201306,Por fusión,2
4556,Aragón,201305,Por fusión,5
4557,Aragón,201304,Por fusión,1
4558,Aragón,201303,Por fusión,9
4559,Aragón,201302,Por fusión,28
4560,Aragón,201301,Por fusión,4
4561,Aragón,201212,Por fusión,17
4562,Aragón,201211,Por fusión,2
4563,Aragón,201210,Por fusión,6
4564,Aragón,201209,Por fusión,3
4565,Aragón,201208,Por fusión,9
4566,Aragón,201207,Por fusión,2
4567,Aragón,201206,Por fusión,3
4568,Aragón,201205,Por fusión,2
4569,Aragón,201204,Por fusión,2
4570,Aragón,201203,Por fusión,1
4571,Aragón,201202,Por fusión,8
4572,Aragón,201201,Por fusión,6
4573,Aragón,201112,Por fusión,58
4574,Aragón,201111,Por fusión,2
4575,Aragón,201110,Por fusión,1
4576,Aragón,201109,Por fusión,0
4577,Aragón,201108,Por fusión,3
4578,Aragón,201107,Por fusión,0
4579,Aragón,201106,Por fusión,2
4580,Aragón,201105,Por fusión,2
4581,Aragón,201104,Por fusión,3
4582,Aragón,201103,Por fusión,2
4583,Aragón,201102,Por fusión,8
4584,Aragón,201101,Por fusión,18
4585,Aragón,201012,Por fusión,1
4586,Aragón,201011,Por fusión,9
4587,Aragón,201010,Por fusión,11
4588,Aragón,201009,Por fusión,6
4589,Aragón,201008,Por fusión,8
4590,Aragón,201007,Por fusión,5
4591,Aragón,201006,Por fusión,8
4592,Aragón,201005,Por fusión,3
4593,Aragón,201004,Por fusión,1
4594,Aragón,201003,Por fusión,0
4595,Aragón,201002,Por fusión,7
4596,Aragón,201001,Por fusión,9
4597,Aragón,200912,Por fusión,4
4598,Aragón,200911,Por fusión,7
4599,Aragón,200910,Por fusión,1
4600,Aragón,200909,Por fusión,11
4601,Aragón,200908,Por fusión,3
4602,Aragón,200907,Por fusión,4
4603,Aragón,200906,Por fusión,3
4604,Aragón,200905,Por fusión,1
4605,Aragón,200904,Por fusión,0
4606,Aragón,200903,Por fusión,7
4607,Aragón,200902,Por fusión,8
4608,Aragón,200901,Por fusión,14
4609,Aragón,200812,Por fusión,7
4610,Aragón,200811,Por fusión,5
4611,Aragón,200810,Por fusión,19
4612,Aragón,200809,Por fusión,8
4613,Aragón,200808,Por fusión,5
4614,Aragón,200807,Por fusión,6
4615,Aragón,200806,Por fusión,11
4616,Aragón,200805,Por fusión,0
4617,Aragón,200804,Por fusión,4
4618,Aragón,200803,Por fusión,2
4619,Aragón,200802,Por fusión,5
4620,Aragón,200801,Por fusión,16
4621,"Asturias, Principado de",202604,Por fusión,2
4622,"Asturias, Principado de",202603,Por fusión,2
4623,"Asturias, Principado de",202602,Por fusión,2
4624,"Asturias, Principado de",202601,Por fusión,7
4625,"Asturias, Principado de",202512,Por fusión,3
4626,"Asturias, Principado de",202511,Por fusión,3
4627,"Asturias, Principado de",202510,Por fusión,7
4628,"Asturias, Principado de",202509,Por fusión,0
4629,"Asturias, Principado de",202508,Por fusión,1
4630,"Asturias, Principado de",202507,Por fusión,2
4631,"Asturias, Principado de",202506,Por fusión,1
4632,"Asturias, Principado de",202505,Por fusión,0
4633,"Asturias, Principado de",202504,Por fusión,0
4634,"Asturias, Principado de",202503,Por fusión,2
4635,"Asturias, Principado de",202502,Por fusión,3
4636,"Asturias, Principado de",202501,Por fusión,2
4637,"Asturias, Principado de",202412,Por fusión,1
4638,"Asturias, Principado de",202411,Por fusión,0
4639,"Asturias, Principado de",202410,Por fusión,1
4640,"Asturias, Principado de",202409,Por fusión,1
4641,"Asturias, Principado de",202408,Por fusión,1
4642,"Asturias, Principado de",202407,Por fusión,3
4643,"Asturias, Principado de",202406,Por fusión,1
4644,"Asturias, Principado de",202405,Por fusión,3
4645,"Asturias, Principado de",202404,Por fusión,2
4646,"Asturias, Principado de",202403,Por fusión,1
4647,"Asturias, Principado de",202402,Por fusión,4
4648,"Asturias, Principado de",202401,Por fusión,1
4649,"Asturias, Principado de",202312,Por fusión,0
4650,"Asturias, Principado de",202311,Por fusión,0
4651,"Asturias, Principado de",202310,Por fusión,0
4652,"Asturias, Principado de",202309,Por fusión,3
4653,"Asturias, Principado de",202308,Por fusión,3
4654,"Asturias, Principado de",202307,Por fusión,0
4655,"Asturias, Principado de",202306,Por fusión,0
4656,"Asturias, Principado de",202305,Por fusión,1
4657,"Asturias, Principado de",202304,Por fusión,3
4658,"Asturias, Principado de",202303,Por fusión,3
4659,"Asturias, Principado de",202302,Por fusión,0
4660,"Asturias, Principado de",202301,Por fusión,6
4661,"Asturias, Principado de",202212,Por fusión,3
4662,"Asturias, Principado de",202211,Por fusión,1
4663,"Asturias, Principado de",202210,Por fusión,1
4664,"Asturias, Principado de",202209,Por fusión,2
4665,"Asturias, Principado de",202208,Por fusión,3
4666,"Asturias, Principado de",202207,Por fusión,2
4667,"Asturias, Principado de",202206,Por fusión,2
4668,"Asturias, Principado de",202205,Por fusión,1
4669,"Asturias, Principado de",202204,Por fusión,1
4670,"Asturias, Principado de",202203,Por fusión,1
4671,"Asturias, Principado de",202202,Por fusión,0
4672,"Asturias, Principado de",202201,Por fusión,0
4673,"Asturias, Principado de",202112,Por fusión,3
4674,"Asturias, Principado de",202111,Por fusión,0
4675,"Asturias, Principado de",202110,Por fusión,1
4676,"Asturias, Principado de",202109,Por fusión,2
4677,"Asturias, Principado de",202108,Por fusión,1
4678,"Asturias, Principado de",202107,Por fusión,0
4679,"Asturias, Principado de",202106,Por fusión,0
4680,"Asturias, Principado de",202105,Por fusión,1
4681,"Asturias, Principado de",202104,Por fusión,0
4682,"Asturias, Principado de",202103,Por fusión,1
4683,"Asturias, Principado de",202102,Por fusión,7
4684,"Asturias, Principado de",202101,Por fusión,4
4685,"Asturias, Principado de",202012,Por fusión,6
4686,"Asturias, Principado de",202011,Por fusión,0
4687,"Asturias, Principado de",202010,Por fusión,2
4688,"Asturias, Principado de",202009,Por fusión,0
4689,"Asturias, Principado de",202008,Por fusión,1
4690,"Asturias, Principado de",202007,Por fusión,1
4691,"Asturias, Principado de",202006,Por fusión,4
4692,"Asturias, Principado de",202005,Por fusión,0
4693,"Asturias, Principado de",202004,Por fusión,0
4694,"Asturias, Principado de",202003,Por fusión,3
4695,"Asturias, Principado de",202002,Por fusión,2
4696,"Asturias, Principado de",202001,Por fusión,2
4697,"Asturias, Principado de",201912,Por fusión,5
4698,"Asturias, Principado de",201911,Por fusión,2
4699,"Asturias, Principado de",201910,Por fusión,1
4700,"Asturias, Principado de",201909,Por fusión,2
4701,"Asturias, Principado de",201908,Por fusión,1
4702,"Asturias, Principado de",201907,Por fusión,1
4703,"Asturias, Principado de",201906,Por fusión,2
4704,"Asturias, Principado de",201905,Por fusión,0
4705,"Asturias, Principado de",201904,Por fusión,0
4706,"Asturias, Principado de",201903,Por fusión,2
4707,"Asturias, Principado de",201902,Por fusión,0
4708,"Asturias, Principado de",201901,Por fusión,1
4709,"Asturias, Principado de",201812,Por fusión,4
4710,"Asturias, Principado de",201811,Por fusión,2
4711,"Asturias, Principado de",201810,Por fusión,3
4712,"Asturias, Principado de",201809,Por fusión,3
4713,"Asturias, Principado de",201808,Por fusión,1
4714,"Asturias, Principado de",201807,Por fusión,0
4715,"Asturias, Principado de",201806,Por fusión,1
4716,"Asturias, Principado de",201805,Por fusión,1
4717,"Asturias, Principado de",201804,Por fusión,2
4718,"Asturias, Principado de",201803,Por fusión,1
4719,"Asturias, Principado de",201802,Por fusión,0
4720,"Asturias, Principado de",201801,Por fusión,11
4721,"Asturias, Principado de",201712,Por fusión,0
4722,"Asturias, Principado de",201711,Por fusión,6
4723,"Asturias, Principado de",201710,Por fusión,4
4724,"Asturias, Principado de",201709,Por fusión,2
4725,"Asturias, Principado de",201708,Por fusión,0
4726,"Asturias, Principado de",201707,Por fusión,0
4727,"Asturias, Principado de",201706,Por fusión,0
4728,"Asturias, Principado de",201705,Por fusión,1
4729,"Asturias, Principado de",201704,Por fusión,2
4730,"Asturias, Principado de",201703,Por fusión,1
4731,"Asturias, Principado de",201702,Por fusión,6
4732,"Asturias, Principado de",201701,Por fusión,3
4733,"Asturias, Principado de",201612,Por fusión,16
4734,"Asturias, Principado de",201611,Por fusión,3
4735,"Asturias, Principado de",201610,Por fusión,1
4736,"Asturias, Principado de",201609,Por fusión,1
4737,"Asturias, Principado de",201608,Por fusión,1
4738,"Asturias, Principado de",201607,Por fusión,1
4739,"Asturias, Principado de",201606,Por fusión,1
4740,"Asturias, Principado de",201605,Por fusión,1
4741,"Asturias, Principado de",201604,Por fusión,0
4742,"Asturias, Principado de",201603,Por fusión,4
4743,"Asturias, Principado de",201602,Por fusión,3
4744,"Asturias, Principado de",201601,Por fusión,19
4745,"Asturias, Principado de",201512,Por fusión,9
4746,"Asturias, Principado de",201511,Por fusión,2
4747,"Asturias, Principado de",201510,Por fusión,2
4748,"Asturias, Principado de",201509,Por fusión,1
4749,"Asturias, Principado de",201508,Por fusión,6
4750,"Asturias, Principado de",201507,Por fusión,1
4751,"Asturias, Principado de",201506,Por fusión,0
4752,"Asturias, Principado de",201505,Por fusión,0
4753,"Asturias, Principado de",201504,Por fusión,2
4754,"Asturias, Principado de",201503,Por fusión,1
4755,"Asturias, Principado de",201502,Por fusión,5
4756,"Asturias, Principado de",201501,Por fusión,2
4757,"Asturias, Principado de",201412,Por fusión,7
4758,"Asturias, Principado de",201411,Por fusión,0
4759,"Asturias, Principado de",201410,Por fusión,3
4760,"Asturias, Principado de",201409,Por fusión,0
4761,"Asturias, Principado de",201408,Por fusión,2
4762,"Asturias, Principado de",201407,Por fusión,4
4763,"Asturias, Principado de",201406,Por fusión,5
4764,"Asturias, Principado de",201405,Por fusión,1
4765,"Asturias, Principado de",201404,Por fusión,0
4766,"Asturias, Principado de",201403,Por fusión,2
4767,"Asturias, Principado de",201402,Por fusión,3
4768,"Asturias, Principado de",201401,Por fusión,6
4769,"Asturias, Principado de",201312,Por fusión,5
4770,"Asturias, Principado de",201311,Por fusión,0
4771,"Asturias, Principado de",201310,Por fusión,3
4772,"Asturias, Principado de",201309,Por fusión,1
4773,"Asturias, Principado de",201308,Por fusión,3
4774,"Asturias, Principado de",201307,Por fusión,5
4775,"Asturias, Principado de",201306,Por fusión,0
4776,"Asturias, Principado de",201305,Por fusión,0
4777,"Asturias, Principado de",201304,Por fusión,2
4778,"Asturias, Principado de",201303,Por fusión,3
4779,"Asturias, Principado de",201302,Por fusión,2
4780,"Asturias, Principado de",201301,Por fusión,3
4781,"Asturias, Principado de",201212,Por fusión,4
4782,"Asturias, Principado de",201211,Por fusión,6
4783,"Asturias, Principado de",201210,Por fusión,14
4784,"Asturias, Principado de",201209,Por fusión,11
4785,"Asturias, Principado de",201208,Por fusión,3
4786,"Asturias, Principado de",201207,Por fusión,0
4787,"Asturias, Principado de",201206,Por fusión,2
4788,"Asturias, Principado de",201205,Por fusión,0
4789,"Asturias, Principado de",201204,Por fusión,1
4790,"Asturias, Principado de",201203,Por fusión,5
4791,"Asturias, Principado de",201202,Por fusión,2
4792,"Asturias, Principado de",201201,Por fusión,5
4793,"Asturias, Principado de",201112,Por fusión,2
4794,"Asturias, Principado de",201111,Por fusión,8
4795,"Asturias, Principado de",201110,Por fusión,2
4796,"Asturias, Principado de",201109,Por fusión,4
4797,"Asturias, Principado de",201108,Por fusión,0
4798,"Asturias, Principado de",201107,Por fusión,0
4799,"Asturias, Principado de",201106,Por fusión,2
4800,"Asturias, Principado de",201105,Por fusión,6
4801,"Asturias, Principado de",201104,Por fusión,1
4802,"Asturias, Principado de",201103,Por fusión,3
4803,"Asturias, Principado de",201102,Por fusión,3
4804,"Asturias, Principado de",201101,Por fusión,11
4805,"Asturias, Principado de",201012,Por fusión,6
4806,"Asturias, Principado de",201011,Por fusión,1
4807,"Asturias, Principado de",201010,Por fusión,8
4808,"Asturias, Principado de",201009,Por fusión,2
4809,"Asturias, Principado de",201008,Por fusión,4
4810,"Asturias, Principado de",201007,Por fusión,1
4811,"Asturias, Principado de",201006,Por fusión,11
4812,"Asturias, Principado de",201005,Por fusión,1
4813,"Asturias, Principado de",201004,Por fusión,2
4814,"Asturias, Principado de",201003,Por fusión,1
4815,"Asturias, Principado de",201002,Por fusión,1
4816,"Asturias, Principado de",201001,Por fusión,4
4817,"Asturias, Principado de",200912,Por fusión,3
4818,"Asturias, Principado de",200911,Por fusión,0
4819,"Asturias, Principado de",200910,Por fusión,10
4820,"Asturias, Principado de",200909,Por fusión,0
4821,"Asturias, Principado de",200908,Por fusión,0
4822,"Asturias, Principado de",200907,Por fusión,2
4823,"Asturias, Principado de",200906,Por fusión,0
4824,"Asturias, Principado de",200905,Por fusión,0
4825,"Asturias, Principado de",200904,Por fusión,0
4826,"Asturias, Principado de",200903,Por fusión,1
4827,"Asturias, Principado de",200902,Por fusión,0
4828,"Asturias, Principado de",200901,Por fusión,2
4829,"Asturias, Principado de",200812,Por fusión,1
4830,"Asturias, Principado de",200811,Por fusión,1
4831,"Asturias, Principado de",200810,Por fusión,2
4832,"Asturias, Principado de",200809,Por fusión,6
4833,"Asturias, Principado de",200808,Por fusión,2
4834,"Asturias, Principado de",200807,Por fusión,1
4835,"Asturias, Principado de",200806,Por fusión,0
4836,"Asturias, Principado de",200805,Por fusión,1
4837,"Asturias, Principado de",200804,Por fusión,2
4838,"Asturias, Principado de",200803,Por fusión,2
4839,"Asturias, Principado de",200802,Por fusión,3
4840,"Asturias, Principado de",200801,Por fusión,1
4841,"Balears, Illes",202604,Por fusión,9
4842,"Balears, Illes",202603,Por fusión,6
4843,"Balears, Illes",202602,Por fusión,14
4844,"Balears, Illes",202601,Por fusión,4
4845,"Balears, Illes",202512,Por fusión,21
4846,"Balears, Illes",202511,Por fusión,6
4847,"Balears, Illes",202510,Por fusión,5
4848,"Balears, Illes",202509,Por fusión,3
4849,"Balears, Illes",202508,Por fusión,1
4850,"Balears, Illes",202507,Por fusión,4
4851,"Balears, Illes",202506,Por fusión,1
4852,"Balears, Illes",202505,Por fusión,1
4853,"Balears, Illes",202504,Por fusión,0
4854,"Balears, Illes",202503,Por fusión,7
4855,"Balears, Illes",202502,Por fusión,4
4856,"Balears, Illes",202501,Por fusión,1
4857,"Balears, Illes",202412,Por fusión,6
4858,"Balears, Illes",202411,Por fusión,7
4859,"Balears, Illes",202410,Por fusión,15
4860,"Balears, Illes",202409,Por fusión,5
4861,"Balears, Illes",202408,Por fusión,0
4862,"Balears, Illes",202407,Por fusión,2
4863,"Balears, Illes",202406,Por fusión,2
4864,"Balears, Illes",202405,Por fusión,0
4865,"Balears, Illes",202404,Por fusión,3
4866,"Balears, Illes",202403,Por fusión,1
4867,"Balears, Illes",202402,Por fusión,5
4868,"Balears, Illes",202401,Por fusión,4
4869,"Balears, Illes",202312,Por fusión,2
4870,"Balears, Illes",202311,Por fusión,3
4871,"Balears, Illes",202310,Por fusión,4
4872,"Balears, Illes",202309,Por fusión,1
4873,"Balears, Illes",202308,Por fusión,3
4874,"Balears, Illes",202307,Por fusión,3
4875,"Balears, Illes",202306,Por fusión,2
4876,"Balears, Illes",202305,Por fusión,2
4877,"Balears, Illes",202304,Por fusión,4
4878,"Balears, Illes",202303,Por fusión,5
4879,"Balears, Illes",202302,Por fusión,2
4880,"Balears, Illes",202301,Por fusión,4
4881,"Balears, Illes",202212,Por fusión,9
4882,"Balears, Illes",202211,Por fusión,9
4883,"Balears, Illes",202210,Por fusión,2
4884,"Balears, Illes",202209,Por fusión,4
4885,"Balears, Illes",202208,Por fusión,5
4886,"Balears, Illes",202207,Por fusión,8
4887,"Balears, Illes",202206,Por fusión,3
4888,"Balears, Illes",202205,Por fusión,4
4889,"Balears, Illes",202204,Por fusión,2
4890,"Balears, Illes",202203,Por fusión,12
4891,"Balears, Illes",202202,Por fusión,11
4892,"Balears, Illes",202201,Por fusión,6
4893,"Balears, Illes",202112,Por fusión,3
4894,"Balears, Illes",202111,Por fusión,8
4895,"Balears, Illes",202110,Por fusión,2
4896,"Balears, Illes",202109,Por fusión,9
4897,"Balears, Illes",202108,Por fusión,2
4898,"Balears, Illes",202107,Por fusión,9
4899,"Balears, Illes",202106,Por fusión,4
4900,"Balears, Illes",202105,Por fusión,41
4901,"Balears, Illes",202104,Por fusión,3
4902,"Balears, Illes",202103,Por fusión,8
4903,"Balears, Illes",202102,Por fusión,8
4904,"Balears, Illes",202101,Por fusión,2
4905,"Balears, Illes",202012,Por fusión,9
4906,"Balears, Illes",202011,Por fusión,4
4907,"Balears, Illes",202010,Por fusión,0
4908,"Balears, Illes",202009,Por fusión,2
4909,"Balears, Illes",202008,Por fusión,2
4910,"Balears, Illes",202007,Por fusión,35
4911,"Balears, Illes",202006,Por fusión,3
4912,"Balears, Illes",202005,Por fusión,9
4913,"Balears, Illes",202004,Por fusión,2
4914,"Balears, Illes",202003,Por fusión,8
4915,"Balears, Illes",202002,Por fusión,7
4916,"Balears, Illes",202001,Por fusión,9
4917,"Balears, Illes",201912,Por fusión,16
4918,"Balears, Illes",201911,Por fusión,5
4919,"Balears, Illes",201910,Por fusión,7
4920,"Balears, Illes",201909,Por fusión,5
4921,"Balears, Illes",201908,Por fusión,8
4922,"Balears, Illes",201907,Por fusión,2
4923,"Balears, Illes",201906,Por fusión,5
4924,"Balears, Illes",201905,Por fusión,3
4925,"Balears, Illes",201904,Por fusión,5
4926,"Balears, Illes",201903,Por fusión,4
4927,"Balears, Illes",201902,Por fusión,6
4928,"Balears, Illes",201901,Por fusión,5
4929,"Balears, Illes",201812,Por fusión,8
4930,"Balears, Illes",201811,Por fusión,6
4931,"Balears, Illes",201810,Por fusión,2
4932,"Balears, Illes",201809,Por fusión,10
4933,"Balears, Illes",201808,Por fusión,1
4934,"Balears, Illes",201807,Por fusión,2
4935,"Balears, Illes",201806,Por fusión,0
4936,"Balears, Illes",201805,Por fusión,1
4937,"Balears, Illes",201804,Por fusión,4
4938,"Balears, Illes",201803,Por fusión,2
4939,"Balears, Illes",201802,Por fusión,6
4940,"Balears, Illes",201801,Por fusión,4
4941,"Balears, Illes",201712,Por fusión,7
4942,"Balears, Illes",201711,Por fusión,2
4943,"Balears, Illes",201710,Por fusión,1
4944,"Balears, Illes",201709,Por fusión,4
4945,"Balears, Illes",201708,Por fusión,1
4946,"Balears, Illes",201707,Por fusión,2
4947,"Balears, Illes",201706,Por fusión,0
4948,"Balears, Illes",201705,Por fusión,1
4949,"Balears, Illes",201704,Por fusión,0
4950,"Balears, Illes",201703,Por fusión,5
4951,"Balears, Illes",201702,Por fusión,4
4952,"Balears, Illes",201701,Por fusión,40
4953,"Balears, Illes",201612,Por fusión,3
4954,"Balears, Illes",201611,Por fusión,5
4955,"Balears, Illes",201610,Por fusión,5
4956,"Balears, Illes",201609,Por fusión,7
4957,"Balears, Illes",201608,Por fusión,5
4958,"Balears, Illes",201607,Por fusión,4
4959,"Balears, Illes",201606,Por fusión,3
4960,"Balears, Illes",201605,Por fusión,2
4961,"Balears, Illes",201604,Por fusión,3
4962,"Balears, Illes",201603,Por fusión,4
4963,"Balears, Illes",201602,Por fusión,9
4964,"Balears, Illes",201601,Por fusión,10
4965,"Balears, Illes",201512,Por fusión,11
4966,"Balears, Illes",201511,Por fusión,8
4967,"Balears, Illes",201510,Por fusión,9
4968,"Balears, Illes",201509,Por fusión,4
4969,"Balears, Illes",201508,Por fusión,5
4970,"Balears, Illes",201507,Por fusión,9
4971,"Balears, Illes",201506,Por fusión,4
4972,"Balears, Illes",201505,Por fusión,11
4973,"Balears, Illes",201504,Por fusión,3
4974,"Balears, Illes",201503,Por fusión,3
4975,"Balears, Illes",201502,Por fusión,2
4976,"Balears, Illes",201501,Por fusión,2
4977,"Balears, Illes",201412,Por fusión,8
4978,"Balears, Illes",201411,Por fusión,6
4979,"Balears, Illes",201410,Por fusión,10
4980,"Balears, Illes",201409,Por fusión,14
4981,"Balears, Illes",201408,Por fusión,6
4982,"Balears, Illes",201407,Por fusión,9
4983,"Balears, Illes",201406,Por fusión,0
4984,"Balears, Illes",201405,Por fusión,1
4985,"Balears, Illes",201404,Por fusión,1
4986,"Balears, Illes",201403,Por fusión,5
4987,"Balears, Illes",201402,Por fusión,20
4988,"Balears, Illes",201401,Por fusión,9
4989,"Balears, Illes",201312,Por fusión,11
4990,"Balears, Illes",201311,Por fusión,3
4991,"Balears, Illes",201310,Por fusión,15
4992,"Balears, Illes",201309,Por fusión,2
4993,"Balears, Illes",201308,Por fusión,4
4994,"Balears, Illes",201307,Por fusión,4
4995,"Balears, Illes",201306,Por fusión,0
4996,"Balears, Illes",201305,Por fusión,11
4997,"Balears, Illes",201304,Por fusión,2
4998,"Balears, Illes",201303,Por fusión,3
4999,"Balears, Illes",201302,Por fusión,4
5000,"Balears, Illes",201301,Por fusión,9
5001,"Balears, Illes",201212,Por fusión,7
5002,"Balears, Illes",201211,Por fusión,5
5003,"Balears, Illes",201210,Por fusión,3
5004,"Balears, Illes",201209,Por fusión,15
5005,"Balears, Illes",201208,Por fusión,3
5006,"Balears, Illes",201207,Por fusión,11
5007,"Balears, Illes",201206,Por fusión,7
5008,"Balears, Illes",201205,Por fusión,10
5009,"Balears, Illes",201204,Por fusión,2
5010,"Balears, Illes",201203,Por fusión,10
5011,"Balears, Illes",201202,Por fusión,2
5012,"Balears, Illes",201201,Por fusión,23
5013,"Balears, Illes",201112,Por fusión,12
5014,"Balears, Illes",201111,Por fusión,2
5015,"Balears, Illes",201110,Por fusión,1
5016,"Balears, Illes",201109,Por fusión,5
5017,"Balears, Illes",201108,Por fusión,3
5018,"Balears, Illes",201107,Por fusión,6
5019,"Balears, Illes",201106,Por fusión,17
5020,"Balears, Illes",201105,Por fusión,1
5021,"Balears, Illes",201104,Por fusión,16
5022,"Balears, Illes",201103,Por fusión,5
5023,"Balears, Illes",201102,Por fusión,7
5024,"Balears, Illes",201101,Por fusión,6
5025,"Balears, Illes",201012,Por fusión,17
5026,"Balears, Illes",201011,Por fusión,5
5027,"Balears, Illes",201010,Por fusión,2
5028,"Balears, Illes",201009,Por fusión,6
5029,"Balears, Illes",201008,Por fusión,5
5030,"Balears, Illes",201007,Por fusión,9
5031,"Balears, Illes",201006,Por fusión,9
5032,"Balears, Illes",201005,Por fusión,1
5033,"Balears, Illes",201004,Por fusión,3
5034,"Balears, Illes",201003,Por fusión,1
5035,"Balears, Illes",201002,Por fusión,5
5036,"Balears, Illes",201001,Por fusión,13
5037,"Balears, Illes",200912,Por fusión,9
5038,"Balears, Illes",200911,Por fusión,15
5039,"Balears, Illes",200910,Por fusión,10
5040,"Balears, Illes",200909,Por fusión,11
5041,"Balears, Illes",200908,Por fusión,4
5042,"Balears, Illes",200907,Por fusión,0
5043,"Balears, Illes",200906,Por fusión,7
5044,"Balears, Illes",200905,Por fusión,0
5045,"Balears, Illes",200904,Por fusión,4
5046,"Balears, Illes",200903,Por fusión,0
5047,"Balears, Illes",200902,Por fusión,3
5048,"Balears, Illes",200901,Por fusión,15
5049,"Balears, Illes",200812,Por fusión,5
5050,"Balears, Illes",200811,Por fusión,4
5051,"Balears, Illes",200810,Por fusión,4
5052,"Balears, Illes",200809,Por fusión,6
5053,"Balears, Illes",200808,Por fusión,2
5054,"Balears, Illes",200807,Por fusión,0
5055,"Balears, Illes",200806,Por fusión,4
5056,"Balears, Illes",200805,Por fusión,1
5057,"Balears, Illes",200804,Por fusión,2
5058,"Balears, Illes",200803,Por fusión,2
5059,"Balears, Illes",200802,Por fusión,2
5060,"Balears, Illes",200801,Por fusión,6
5061,Canarias,202604,Por fusión,12
5062,Canarias,202603,Por fusión,3
5063,Canarias,202602,Por fusión,3
5064,Canarias,202601,Por fusión,7
5065,Canarias,202512,Por fusión,15
5066,Canarias,202511,Por fusión,4
5067,Canarias,202510,Por fusión,4
5068,Canarias,202509,Por fusión,4
5069,Canarias,202508,Por fusión,2
5070,Canarias,202507,Por fusión,9
5071,Canarias,202506,Por fusión,2
5072,Canarias,202505,Por fusión,5
5073,Canarias,202504,Por fusión,4
5074,Canarias,202503,Por fusión,3
5075,Canarias,202502,Por fusión,1
5076,Canarias,202501,Por fusión,4
5077,Canarias,202412,Por fusión,6
5078,Canarias,202411,Por fusión,3
5079,Canarias,202410,Por fusión,6
5080,Canarias,202409,Por fusión,1
5081,Canarias,202408,Por fusión,4
5082,Canarias,202407,Por fusión,4
5083,Canarias,202406,Por fusión,4
5084,Canarias,202405,Por fusión,2
5085,Canarias,202404,Por fusión,7
5086,Canarias,202403,Por fusión,1
5087,Canarias,202402,Por fusión,4
5088,Canarias,202401,Por fusión,30
5089,Canarias,202312,Por fusión,3
5090,Canarias,202311,Por fusión,4
5091,Canarias,202310,Por fusión,1
5092,Canarias,202309,Por fusión,3
5093,Canarias,202308,Por fusión,10
5094,Canarias,202307,Por fusión,2
5095,Canarias,202306,Por fusión,2
5096,Canarias,202305,Por fusión,1
5097,Canarias,202304,Por fusión,0
5098,Canarias,202303,Por fusión,6
5099,Canarias,202302,Por fusión,9
5100,Canarias,202301,Por fusión,9
5101,Canarias,202212,Por fusión,6
5102,Canarias,202211,Por fusión,13
5103,Canarias,202210,Por fusión,1
5104,Canarias,202209,Por fusión,3
5105,Canarias,202208,Por fusión,0
5106,Canarias,202207,Por fusión,5
5107,Canarias,202206,Por fusión,2
5108,Canarias,202205,Por fusión,7
5109,Canarias,202204,Por fusión,2
5110,Canarias,202203,Por fusión,3
5111,Canarias,202202,Por fusión,14
5112,Canarias,202201,Por fusión,6
5113,Canarias,202112,Por fusión,3
5114,Canarias,202111,Por fusión,1
5115,Canarias,202110,Por fusión,4
5116,Canarias,202109,Por fusión,3
5117,Canarias,202108,Por fusión,1
5118,Canarias,202107,Por fusión,2
5119,Canarias,202106,Por fusión,0
5120,Canarias,202105,Por fusión,3
5121,Canarias,202104,Por fusión,3
5122,Canarias,202103,Por fusión,3
5123,Canarias,202102,Por fusión,6
5124,Canarias,202101,Por fusión,4
5125,Canarias,202012,Por fusión,3
5126,Canarias,202011,Por fusión,3
5127,Canarias,202010,Por fusión,6
5128,Canarias,202009,Por fusión,2
5129,Canarias,202008,Por fusión,1
5130,Canarias,202007,Por fusión,0
5131,Canarias,202006,Por fusión,0
5132,Canarias,202005,Por fusión,0
5133,Canarias,202004,Por fusión,0
5134,Canarias,202003,Por fusión,2
5135,Canarias,202002,Por fusión,2
5136,Canarias,202001,Por fusión,8
5137,Canarias,201912,Por fusión,9
5138,Canarias,201911,Por fusión,3
5139,Canarias,201910,Por fusión,10
5140,Canarias,201909,Por fusión,2
5141,Canarias,201908,Por fusión,4
5142,Canarias,201907,Por fusión,7
5143,Canarias,201906,Por fusión,2
5144,Canarias,201905,Por fusión,23
5145,Canarias,201904,Por fusión,4
5146,Canarias,201903,Por fusión,3
5147,Canarias,201902,Por fusión,4
5148,Canarias,201901,Por fusión,6
5149,Canarias,201812,Por fusión,3
5150,Canarias,201811,Por fusión,12
5151,Canarias,201810,Por fusión,5
5152,Canarias,201809,Por fusión,4
5153,Canarias,201808,Por fusión,2
5154,Canarias,201807,Por fusión,2
5155,Canarias,201806,Por fusión,4
5156,Canarias,201805,Por fusión,7
5157,Canarias,201804,Por fusión,2
5158,Canarias,201803,Por fusión,5
5159,Canarias,201802,Por fusión,2
5160,Canarias,201801,Por fusión,6
5161,Canarias,201712,Por fusión,4
5162,Canarias,201711,Por fusión,3
5163,Canarias,201710,Por fusión,4
5164,Canarias,201709,Por fusión,1
5165,Canarias,201708,Por fusión,6
5166,Canarias,201707,Por fusión,5
5167,Canarias,201706,Por fusión,4
5168,Canarias,201705,Por fusión,1
5169,Canarias,201704,Por fusión,1
5170,Canarias,201703,Por fusión,4
5171,Canarias,201702,Por fusión,1
5172,Canarias,201701,Por fusión,14
5173,Canarias,201612,Por fusión,2
5174,Canarias,201611,Por fusión,5
5175,Canarias,201610,Por fusión,4
5176,Canarias,201609,Por fusión,1
5177,Canarias,201608,Por fusión,5
5178,Canarias,201607,Por fusión,1
5179,Canarias,201606,Por fusión,7
5180,Canarias,201605,Por fusión,4
5181,Canarias,201604,Por fusión,1
5182,Canarias,201603,Por fusión,7
5183,Canarias,201602,Por fusión,5
5184,Canarias,201601,Por fusión,6
5185,Canarias,201512,Por fusión,9
5186,Canarias,201511,Por fusión,6
5187,Canarias,201510,Por fusión,5
5188,Canarias,201509,Por fusión,0
5189,Canarias,201508,Por fusión,6
5190,Canarias,201507,Por fusión,5
5191,Canarias,201506,Por fusión,0
5192,Canarias,201505,Por fusión,4
5193,Canarias,201504,Por fusión,1
5194,Canarias,201503,Por fusión,4
5195,Canarias,201502,Por fusión,4
5196,Canarias,201501,Por fusión,8
5197,Canarias,201412,Por fusión,7
5198,Canarias,201411,Por fusión,5
5199,Canarias,201410,Por fusión,13
5200,Canarias,201409,Por fusión,2
5201,Canarias,201408,Por fusión,6
5202,Canarias,201407,Por fusión,5
5203,Canarias,201406,Por fusión,0
5204,Canarias,201405,Por fusión,8
5205,Canarias,201404,Por fusión,21
5206,Canarias,201403,Por fusión,10
5207,Canarias,201402,Por fusión,5
5208,Canarias,201401,Por fusión,8
5209,Canarias,201312,Por fusión,5
5210,Canarias,201311,Por fusión,5
5211,Canarias,201310,Por fusión,7
5212,Canarias,201309,Por fusión,4
5213,Canarias,201308,Por fusión,1
5214,Canarias,201307,Por fusión,4
5215,Canarias,201306,Por fusión,2
5216,Canarias,201305,Por fusión,5
5217,Canarias,201304,Por fusión,10
5218,Canarias,201303,Por fusión,7
5219,Canarias,201302,Por fusión,15
5220,Canarias,201301,Por fusión,9
5221,Canarias,201212,Por fusión,8
5222,Canarias,201211,Por fusión,7
5223,Canarias,201210,Por fusión,1
5224,Canarias,201209,Por fusión,2
5225,Canarias,201208,Por fusión,12
5226,Canarias,201207,Por fusión,5
5227,Canarias,201206,Por fusión,8
5228,Canarias,201205,Por fusión,1
5229,Canarias,201204,Por fusión,7
5230,Canarias,201203,Por fusión,15
5231,Canarias,201202,Por fusión,3
5232,Canarias,201201,Por fusión,9
5233,Canarias,201112,Por fusión,8
5234,Canarias,201111,Por fusión,12
5235,Canarias,201110,Por fusión,7
5236,Canarias,201109,Por fusión,2
5237,Canarias,201108,Por fusión,1
5238,Canarias,201107,Por fusión,7
5239,Canarias,201106,Por fusión,5
5240,Canarias,201105,Por fusión,3
5241,Canarias,201104,Por fusión,10
5242,Canarias,201103,Por fusión,11
5243,Canarias,201102,Por fusión,19
5244,Canarias,201101,Por fusión,19
5245,Canarias,201012,Por fusión,10
5246,Canarias,201011,Por fusión,6
5247,Canarias,201010,Por fusión,23
5248,Canarias,201009,Por fusión,6
5249,Canarias,201008,Por fusión,0
5250,Canarias,201007,Por fusión,8
5251,Canarias,201006,Por fusión,8
5252,Canarias,201005,Por fusión,4
5253,Canarias,201004,Por fusión,3
5254,Canarias,201003,Por fusión,6
5255,Canarias,201002,Por fusión,9
5256,Canarias,201001,Por fusión,25
5257,Canarias,200912,Por fusión,23
5258,Canarias,200911,Por fusión,4
5259,Canarias,200910,Por fusión,7
5260,Canarias,200909,Por fusión,3
5261,Canarias,200908,Por fusión,12
5262,Canarias,200907,Por fusión,7
5263,Canarias,200906,Por fusión,3
5264,Canarias,200905,Por fusión,5
5265,Canarias,200904,Por fusión,32
5266,Canarias,200903,Por fusión,1
5267,Canarias,200902,Por fusión,8
5268,Canarias,200901,Por fusión,18
5269,Canarias,200812,Por fusión,17
5270,Canarias,200811,Por fusión,5
5271,Canarias,200810,Por fusión,5
5272,Canarias,200809,Por fusión,6
5273,Canarias,200808,Por fusión,4
5274,Canarias,200807,Por fusión,2
5275,Canarias,200806,Por fusión,2
5276,Canarias,200805,Por fusión,3
5277,Canarias,200804,Por fusión,5
5278,Canarias,200803,Por fusión,2
5279,Canarias,200802,Por fusión,7
5280,Canarias,200801,Por fusión,7
5281,Cantabria,202604,Por fusión,7
5282,Cantabria,202603,Por fusión,1
5283,Cantabria,202602,Por fusión,2
5284,Cantabria,202601,Por fusión,5
5285,Cantabria,202512,Por fusión,0
5286,Cantabria,202511,Por fusión,2
5287,Cantabria,202510,Por fusión,2
5288,Cantabria,202509,Por fusión,0
5289,Cantabria,202508,Por fusión,0
5290,Cantabria,202507,Por fusión,1
5291,Cantabria,202506,Por fusión,2
5292,Cantabria,202505,Por fusión,0
5293,Cantabria,202504,Por fusión,0
5294,Cantabria,202503,Por fusión,0
5295,Cantabria,202502,Por fusión,5
5296,Cantabria,202501,Por fusión,2
5297,Cantabria,202412,Por fusión,5
5298,Cantabria,202411,Por fusión,2
5299,Cantabria,202410,Por fusión,1
5300,Cantabria,202409,Por fusión,3
5301,Cantabria,202408,Por fusión,2
5302,Cantabria,202407,Por fusión,1
5303,Cantabria,202406,Por fusión,0
5304,Cantabria,202405,Por fusión,1
5305,Cantabria,202404,Por fusión,2
5306,Cantabria,202403,Por fusión,0
5307,Cantabria,202402,Por fusión,4
5308,Cantabria,202401,Por fusión,1
5309,Cantabria,202312,Por fusión,0
5310,Cantabria,202311,Por fusión,2
5311,Cantabria,202310,Por fusión,2
5312,Cantabria,202309,Por fusión,0
5313,Cantabria,202308,Por fusión,1
5314,Cantabria,202307,Por fusión,11
5315,Cantabria,202306,Por fusión,0
5316,Cantabria,202305,Por fusión,0
5317,Cantabria,202304,Por fusión,0
5318,Cantabria,202303,Por fusión,1
5319,Cantabria,202302,Por fusión,5
5320,Cantabria,202301,Por fusión,6
5321,Cantabria,202212,Por fusión,0
5322,Cantabria,202211,Por fusión,2
5323,Cantabria,202210,Por fusión,1
5324,Cantabria,202209,Por fusión,1
5325,Cantabria,202208,Por fusión,1
5326,Cantabria,202207,Por fusión,0
5327,Cantabria,202206,Por fusión,1
5328,Cantabria,202205,Por fusión,6
5329,Cantabria,202204,Por fusión,0
5330,Cantabria,202203,Por fusión,2
5331,Cantabria,202202,Por fusión,1
5332,Cantabria,202201,Por fusión,1
5333,Cantabria,202112,Por fusión,6
5334,Cantabria,202111,Por fusión,1
5335,Cantabria,202110,Por fusión,1
5336,Cantabria,202109,Por fusión,1
5337,Cantabria,202108,Por fusión,1
5338,Cantabria,202107,Por fusión,0
5339,Cantabria,202106,Por fusión,0
5340,Cantabria,202105,Por fusión,0
5341,Cantabria,202104,Por fusión,0
5342,Cantabria,202103,Por fusión,1
5343,Cantabria,202102,Por fusión,0
5344,Cantabria,202101,Por fusión,2
5345,Cantabria,202012,Por fusión,0
5346,Cantabria,202011,Por fusión,0
5347,Cantabria,202010,Por fusión,3
5348,Cantabria,202009,Por fusión,0
5349,Cantabria,202008,Por fusión,1
5350,Cantabria,202007,Por fusión,4
5351,Cantabria,202006,Por fusión,0
5352,Cantabria,202005,Por fusión,0
5353,Cantabria,202004,Por fusión,0
5354,Cantabria,202003,Por fusión,3
5355,Cantabria,202002,Por fusión,0
5356,Cantabria,202001,Por fusión,1
5357,Cantabria,201912,Por fusión,1
5358,Cantabria,201911,Por fusión,2
5359,Cantabria,201910,Por fusión,4
5360,Cantabria,201909,Por fusión,0
5361,Cantabria,201908,Por fusión,0
5362,Cantabria,201907,Por fusión,1
5363,Cantabria,201906,Por fusión,0
5364,Cantabria,201905,Por fusión,3
5365,Cantabria,201904,Por fusión,0
5366,Cantabria,201903,Por fusión,1
5367,Cantabria,201902,Por fusión,1
5368,Cantabria,201901,Por fusión,0
5369,Cantabria,201812,Por fusión,3
5370,Cantabria,201811,Por fusión,1
5371,Cantabria,201810,Por fusión,1
5372,Cantabria,201809,Por fusión,0
5373,Cantabria,201808,Por fusión,1
5374,Cantabria,201807,Por fusión,1
5375,Cantabria,201806,Por fusión,0
5376,Cantabria,201805,Por fusión,0
5377,Cantabria,201804,Por fusión,2
5378,Cantabria,201803,Por fusión,0
5379,Cantabria,201802,Por fusión,1
5380,Cantabria,201801,Por fusión,1
5381,Cantabria,201712,Por fusión,0
5382,Cantabria,201711,Por fusión,2
5383,Cantabria,201710,Por fusión,2
5384,Cantabria,201709,Por fusión,2
5385,Cantabria,201708,Por fusión,1
5386,Cantabria,201707,Por fusión,0
5387,Cantabria,201706,Por fusión,0
5388,Cantabria,201705,Por fusión,0
5389,Cantabria,201704,Por fusión,0
5390,Cantabria,201703,Por fusión,1
5391,Cantabria,201702,Por fusión,0
5392,Cantabria,201701,Por fusión,3
5393,Cantabria,201612,Por fusión,0
5394,Cantabria,201611,Por fusión,2
5395,Cantabria,201610,Por fusión,0
5396,Cantabria,201609,Por fusión,1
5397,Cantabria,201608,Por fusión,0
5398,Cantabria,201607,Por fusión,1
5399,Cantabria,201606,Por fusión,0
5400,Cantabria,201605,Por fusión,2
5401,Cantabria,201604,Por fusión,0
5402,Cantabria,201603,Por fusión,2
5403,Cantabria,201602,Por fusión,1
5404,Cantabria,201601,Por fusión,2
5405,Cantabria,201512,Por fusión,0
5406,Cantabria,201511,Por fusión,1
5407,Cantabria,201510,Por fusión,1
5408,Cantabria,201509,Por fusión,4
5409,Cantabria,201508,Por fusión,0
5410,Cantabria,201507,Por fusión,1
5411,Cantabria,201506,Por fusión,0
5412,Cantabria,201505,Por fusión,2
5413,Cantabria,201504,Por fusión,1
5414,Cantabria,201503,Por fusión,2
5415,Cantabria,201502,Por fusión,1
5416,Cantabria,201501,Por fusión,0
5417,Cantabria,201412,Por fusión,1
5418,Cantabria,201411,Por fusión,1
5419,Cantabria,201410,Por fusión,1
5420,Cantabria,201409,Por fusión,1
5421,Cantabria,201408,Por fusión,0
5422,Cantabria,201407,Por fusión,0
5423,Cantabria,201406,Por fusión,0
5424,Cantabria,201405,Por fusión,3
5425,Cantabria,201404,Por fusión,0
5426,Cantabria,201403,Por fusión,1
5427,Cantabria,201402,Por fusión,2
5428,Cantabria,201401,Por fusión,0
5429,Cantabria,201312,Por fusión,3
5430,Cantabria,201311,Por fusión,0
5431,Cantabria,201310,Por fusión,3
5432,Cantabria,201309,Por fusión,0
5433,Cantabria,201308,Por fusión,1
5434,Cantabria,201307,Por fusión,3
5435,Cantabria,201306,Por fusión,0
5436,Cantabria,201305,Por fusión,0
5437,Cantabria,201304,Por fusión,1
5438,Cantabria,201303,Por fusión,0
5439,Cantabria,201302,Por fusión,1
5440,Cantabria,201301,Por fusión,0
5441,Cantabria,201212,Por fusión,3
5442,Cantabria,201211,Por fusión,5
5443,Cantabria,201210,Por fusión,0
5444,Cantabria,201209,Por fusión,4
5445,Cantabria,201208,Por fusión,1
5446,Cantabria,201207,Por fusión,0
5447,Cantabria,201206,Por fusión,0
5448,Cantabria,201205,Por fusión,1
5449,Cantabria,201204,Por fusión,2
5450,Cantabria,201203,Por fusión,0
5451,Cantabria,201202,Por fusión,1
5452,Cantabria,201201,Por fusión,4
5453,Cantabria,201112,Por fusión,0
5454,Cantabria,201111,Por fusión,0
5455,Cantabria,201110,Por fusión,0
5456,Cantabria,201109,Por fusión,0
5457,Cantabria,201108,Por fusión,1
5458,Cantabria,201107,Por fusión,0
5459,Cantabria,201106,Por fusión,0
5460,Cantabria,201105,Por fusión,2
5461,Cantabria,201104,Por fusión,1
5462,Cantabria,201103,Por fusión,1
5463,Cantabria,201102,Por fusión,1
5464,Cantabria,201101,Por fusión,3
5465,Cantabria,201012,Por fusión,3
5466,Cantabria,201011,Por fusión,2
5467,Cantabria,201010,Por fusión,0
5468,Cantabria,201009,Por fusión,0
5469,Cantabria,201008,Por fusión,0
5470,Cantabria,201007,Por fusión,0
5471,Cantabria,201006,Por fusión,2
5472,Cantabria,201005,Por fusión,0
5473,Cantabria,201004,Por fusión,0
5474,Cantabria,201003,Por fusión,4
5475,Cantabria,201002,Por fusión,0
5476,Cantabria,201001,Por fusión,1
5477,Cantabria,200912,Por fusión,1
5478,Cantabria,200911,Por fusión,0
5479,Cantabria,200910,Por fusión,2
5480,Cantabria,200909,Por fusión,1
5481,Cantabria,200908,Por fusión,1
5482,Cantabria,200907,Por fusión,0
5483,Cantabria,200906,Por fusión,0
5484,Cantabria,200905,Por fusión,2
5485,Cantabria,200904,Por fusión,0
5486,Cantabria,200903,Por fusión,0
5487,Cantabria,200902,Por fusión,0
5488,Cantabria,200901,Por fusión,0
5489,Cantabria,200812,Por fusión,3
5490,Cantabria,200811,Por fusión,2
5491,Cantabria,200810,Por fusión,0
5492,Cantabria,200809,Por fusión,0
5493,Cantabria,200808,Por fusión,0
5494,Cantabria,200807,Por fusión,0
5495,Cantabria,200806,Por fusión,0
5496,Cantabria,200805,Por fusión,0
5497,Cantabria,200804,Por fusión,0
5498,Cantabria,200803,Por fusión,1
5499,Cantabria,200802,Por fusión,0
5500,Cantabria,200801,Por fusión,1
5501,Castilla y León,202604,Por fusión,4
5502,Castilla y León,202603,Por fusión,7
5503,Castilla y León,202602,Por fusión,6
5504,Castilla y León,202601,Por fusión,11
5505,Castilla y León,202512,Por fusión,8
5506,Castilla y León,202511,Por fusión,8
5507,Castilla y León,202510,Por fusión,12
5508,Castilla y León,202509,Por fusión,6
5509,Castilla y León,202508,Por fusión,1
5510,Castilla y León,202507,Por fusión,3
5511,Castilla y León,202506,Por fusión,9
5512,Castilla y León,202505,Por fusión,2
5513,Castilla y León,202504,Por fusión,3
5514,Castilla y León,202503,Por fusión,7
5515,Castilla y León,202502,Por fusión,6
5516,Castilla y León,202501,Por fusión,12
5517,Castilla y León,202412,Por fusión,5
5518,Castilla y León,202411,Por fusión,2
5519,Castilla y León,202410,Por fusión,6
5520,Castilla y León,202409,Por fusión,6
5521,Castilla y León,202408,Por fusión,2
5522,Castilla y León,202407,Por fusión,3
5523,Castilla y León,202406,Por fusión,2
5524,Castilla y León,202405,Por fusión,5
5525,Castilla y León,202404,Por fusión,3
5526,Castilla y León,202403,Por fusión,6
5527,Castilla y León,202402,Por fusión,8
5528,Castilla y León,202401,Por fusión,20
5529,Castilla y León,202312,Por fusión,7
5530,Castilla y León,202311,Por fusión,4
5531,Castilla y León,202310,Por fusión,4
5532,Castilla y León,202309,Por fusión,4
5533,Castilla y León,202308,Por fusión,6
5534,Castilla y León,202307,Por fusión,7
5535,Castilla y León,202306,Por fusión,2
5536,Castilla y León,202305,Por fusión,2
5537,Castilla y León,202304,Por fusión,9
5538,Castilla y León,202303,Por fusión,10
5539,Castilla y León,202302,Por fusión,6
5540,Castilla y León,202301,Por fusión,15
5541,Castilla y León,202212,Por fusión,7
5542,Castilla y León,202211,Por fusión,8
5543,Castilla y León,202210,Por fusión,2
5544,Castilla y León,202209,Por fusión,2
5545,Castilla y León,202208,Por fusión,1
5546,Castilla y León,202207,Por fusión,2
5547,Castilla y León,202206,Por fusión,5
5548,Castilla y León,202205,Por fusión,2
5549,Castilla y León,202204,Por fusión,5
5550,Castilla y León,202203,Por fusión,2
5551,Castilla y León,202202,Por fusión,3
5552,Castilla y León,202201,Por fusión,13
5553,Castilla y León,202112,Por fusión,4
5554,Castilla y León,202111,Por fusión,7
5555,Castilla y León,202110,Por fusión,6
5556,Castilla y León,202109,Por fusión,7
5557,Castilla y León,202108,Por fusión,5
5558,Castilla y León,202107,Por fusión,8
5559,Castilla y León,202106,Por fusión,5
5560,Castilla y León,202105,Por fusión,5
5561,Castilla y León,202104,Por fusión,3
5562,Castilla y León,202103,Por fusión,6
5563,Castilla y León,202102,Por fusión,6
5564,Castilla y León,202101,Por fusión,5
5565,Castilla y León,202012,Por fusión,8
5566,Castilla y León,202011,Por fusión,5
5567,Castilla y León,202010,Por fusión,9
5568,Castilla y León,202009,Por fusión,8
5569,Castilla y León,202008,Por fusión,2
5570,Castilla y León,202007,Por fusión,7
5571,Castilla y León,202006,Por fusión,4
5572,Castilla y León,202005,Por fusión,0
5573,Castilla y León,202004,Por fusión,2
5574,Castilla y León,202003,Por fusión,2
5575,Castilla y León,202002,Por fusión,11
5576,Castilla y León,202001,Por fusión,14
5577,Castilla y León,201912,Por fusión,8
5578,Castilla y León,201911,Por fusión,3
5579,Castilla y León,201910,Por fusión,1
5580,Castilla y León,201909,Por fusión,7
5581,Castilla y León,201908,Por fusión,7
5582,Castilla y León,201907,Por fusión,3
5583,Castilla y León,201906,Por fusión,2
5584,Castilla y León,201905,Por fusión,2
5585,Castilla y León,201904,Por fusión,6
5586,Castilla y León,201903,Por fusión,8
5587,Castilla y León,201902,Por fusión,12
5588,Castilla y León,201901,Por fusión,9
5589,Castilla y León,201812,Por fusión,6
5590,Castilla y León,201811,Por fusión,0
5591,Castilla y León,201810,Por fusión,10
5592,Castilla y León,201809,Por fusión,0
5593,Castilla y León,201808,Por fusión,5
5594,Castilla y León,201807,Por fusión,3
5595,Castilla y León,201806,Por fusión,2
5596,Castilla y León,201805,Por fusión,7
5597,Castilla y León,201804,Por fusión,2
5598,Castilla y León,201803,Por fusión,3
5599,Castilla y León,201802,Por fusión,6
5600,Castilla y León,201801,Por fusión,17
5601,Castilla y León,201712,Por fusión,27
5602,Castilla y León,201711,Por fusión,9
5603,Castilla y León,201710,Por fusión,1
5604,Castilla y León,201709,Por fusión,5
5605,Castilla y León,201708,Por fusión,12
5606,Castilla y León,201707,Por fusión,1
5607,Castilla y León,201706,Por fusión,2
5608,Castilla y León,201705,Por fusión,1
5609,Castilla y León,201704,Por fusión,0
5610,Castilla y León,201703,Por fusión,4
5611,Castilla y León,201702,Por fusión,10
5612,Castilla y León,201701,Por fusión,8
5613,Castilla y León,201612,Por fusión,10
5614,Castilla y León,201611,Por fusión,7
5615,Castilla y León,201610,Por fusión,4
5616,Castilla y León,201609,Por fusión,4
5617,Castilla y León,201608,Por fusión,3
5618,Castilla y León,201607,Por fusión,8
5619,Castilla y León,201606,Por fusión,2
5620,Castilla y León,201605,Por fusión,4
5621,Castilla y León,201604,Por fusión,8
5622,Castilla y León,201603,Por fusión,9
5623,Castilla y León,201602,Por fusión,5
5624,Castilla y León,201601,Por fusión,10
5625,Castilla y León,201512,Por fusión,13
5626,Castilla y León,201511,Por fusión,3
5627,Castilla y León,201510,Por fusión,7
5628,Castilla y León,201509,Por fusión,9
5629,Castilla y León,201508,Por fusión,6
5630,Castilla y León,201507,Por fusión,2
5631,Castilla y León,201506,Por fusión,3
5632,Castilla y León,201505,Por fusión,7
5633,Castilla y León,201504,Por fusión,9
5634,Castilla y León,201503,Por fusión,6
5635,Castilla y León,201502,Por fusión,19
5636,Castilla y León,201501,Por fusión,14
5637,Castilla y León,201412,Por fusión,10
5638,Castilla y León,201411,Por fusión,13
5639,Castilla y León,201410,Por fusión,6
5640,Castilla y León,201409,Por fusión,2
5641,Castilla y León,201408,Por fusión,4
5642,Castilla y León,201407,Por fusión,2
5643,Castilla y León,201406,Por fusión,4
5644,Castilla y León,201405,Por fusión,1
5645,Castilla y León,201404,Por fusión,5
5646,Castilla y León,201403,Por fusión,2
5647,Castilla y León,201402,Por fusión,6
5648,Castilla y León,201401,Por fusión,9
5649,Castilla y León,201312,Por fusión,9
5650,Castilla y León,201311,Por fusión,4
5651,Castilla y León,201310,Por fusión,13
5652,Castilla y León,201309,Por fusión,4
5653,Castilla y León,201308,Por fusión,7
5654,Castilla y León,201307,Por fusión,4
5655,Castilla y León,201306,Por fusión,4
5656,Castilla y León,201305,Por fusión,5
5657,Castilla y León,201304,Por fusión,7
5658,Castilla y León,201303,Por fusión,4
5659,Castilla y León,201302,Por fusión,8
5660,Castilla y León,201301,Por fusión,12
5661,Castilla y León,201212,Por fusión,7
5662,Castilla y León,201211,Por fusión,1
5663,Castilla y León,201210,Por fusión,6
5664,Castilla y León,201209,Por fusión,2
5665,Castilla y León,201208,Por fusión,4
5666,Castilla y León,201207,Por fusión,2
5667,Castilla y León,201206,Por fusión,3
5668,Castilla y León,201205,Por fusión,4
5669,Castilla y León,201204,Por fusión,1
5670,Castilla y León,201203,Por fusión,1
5671,Castilla y León,201202,Por fusión,14
5672,Castilla y León,201201,Por fusión,14
5673,Castilla y León,201112,Por fusión,8
5674,Castilla y León,201111,Por fusión,4
5675,Castilla y León,201110,Por fusión,7
5676,Castilla y León,201109,Por fusión,2
5677,Castilla y León,201108,Por fusión,2
5678,Castilla y León,201107,Por fusión,6
5679,Castilla y León,201106,Por fusión,3
5680,Castilla y León,201105,Por fusión,15
5681,Castilla y León,201104,Por fusión,2
5682,Castilla y León,201103,Por fusión,7
5683,Castilla y León,201102,Por fusión,6
5684,Castilla y León,201101,Por fusión,10
5685,Castilla y León,201012,Por fusión,17
5686,Castilla y León,201011,Por fusión,14
5687,Castilla y León,201010,Por fusión,10
5688,Castilla y León,201009,Por fusión,9
5689,Castilla y León,201008,Por fusión,1
5690,Castilla y León,201007,Por fusión,2
5691,Castilla y León,201006,Por fusión,1
5692,Castilla y León,201005,Por fusión,1
5693,Castilla y León,201004,Por fusión,8
5694,Castilla y León,201003,Por fusión,6
5695,Castilla y León,201002,Por fusión,7
5696,Castilla y León,201001,Por fusión,44
5697,Castilla y León,200912,Por fusión,6
5698,Castilla y León,200911,Por fusión,3
5699,Castilla y León,200910,Por fusión,27
5700,Castilla y León,200909,Por fusión,4
5701,Castilla y León,200908,Por fusión,3
5702,Castilla y León,200907,Por fusión,8
5703,Castilla y León,200906,Por fusión,26
5704,Castilla y León,200905,Por fusión,2
5705,Castilla y León,200904,Por fusión,4
5706,Castilla y León,200903,Por fusión,4
5707,Castilla y León,200902,Por fusión,4
5708,Castilla y León,200901,Por fusión,6
5709,Castilla y León,200812,Por fusión,12
5710,Castilla y León,200811,Por fusión,7
5711,Castilla y León,200810,Por fusión,6
5712,Castilla y León,200809,Por fusión,10
5713,Castilla y León,200808,Por fusión,6
5714,Castilla y León,200807,Por fusión,12
5715,Castilla y León,200806,Por fusión,1
5716,Castilla y León,200805,Por fusión,2
5717,Castilla y León,200804,Por fusión,7
5718,Castilla y León,200803,Por fusión,4
5719,Castilla y León,200802,Por fusión,8
5720,Castilla y León,200801,Por fusión,5
5721,Castilla - La Mancha,202604,Por fusión,1
5722,Castilla - La Mancha,202603,Por fusión,9
5723,Castilla - La Mancha,202602,Por fusión,3
5724,Castilla - La Mancha,202601,Por fusión,7
5725,Castilla - La Mancha,202512,Por fusión,2
5726,Castilla - La Mancha,202511,Por fusión,4
5727,Castilla - La Mancha,202510,Por fusión,3
5728,Castilla - La Mancha,202509,Por fusión,1
5729,Castilla - La Mancha,202508,Por fusión,3
5730,Castilla - La Mancha,202507,Por fusión,8
5731,Castilla - La Mancha,202506,Por fusión,0
5732,Castilla - La Mancha,202505,Por fusión,1
5733,Castilla - La Mancha,202504,Por fusión,2
5734,Castilla - La Mancha,202503,Por fusión,11
5735,Castilla - La Mancha,202502,Por fusión,5
5736,Castilla - La Mancha,202501,Por fusión,3
5737,Castilla - La Mancha,202412,Por fusión,3
5738,Castilla - La Mancha,202411,Por fusión,2
5739,Castilla - La Mancha,202410,Por fusión,1
5740,Castilla - La Mancha,202409,Por fusión,4
5741,Castilla - La Mancha,202408,Por fusión,0
5742,Castilla - La Mancha,202407,Por fusión,1
5743,Castilla - La Mancha,202406,Por fusión,2
5744,Castilla - La Mancha,202405,Por fusión,0
5745,Castilla - La Mancha,202404,Por fusión,2
5746,Castilla - La Mancha,202403,Por fusión,1
5747,Castilla - La Mancha,202402,Por fusión,1
5748,Castilla - La Mancha,202401,Por fusión,3
5749,Castilla - La Mancha,202312,Por fusión,0
5750,Castilla - La Mancha,202311,Por fusión,4
5751,Castilla - La Mancha,202310,Por fusión,5
5752,Castilla - La Mancha,202309,Por fusión,0
5753,Castilla - La Mancha,202308,Por fusión,4
5754,Castilla - La Mancha,202307,Por fusión,2
5755,Castilla - La Mancha,202306,Por fusión,1
5756,Castilla - La Mancha,202305,Por fusión,0
5757,Castilla - La Mancha,202304,Por fusión,1
5758,Castilla - La Mancha,202303,Por fusión,2
5759,Castilla - La Mancha,202302,Por fusión,2
5760,Castilla - La Mancha,202301,Por fusión,5
5761,Castilla - La Mancha,202212,Por fusión,5
5762,Castilla - La Mancha,202211,Por fusión,4
5763,Castilla - La Mancha,202210,Por fusión,7
5764,Castilla - La Mancha,202209,Por fusión,4
5765,Castilla - La Mancha,202208,Por fusión,1
5766,Castilla - La Mancha,202207,Por fusión,4
5767,Castilla - La Mancha,202206,Por fusión,2
5768,Castilla - La Mancha,202205,Por fusión,4
5769,Castilla - La Mancha,202204,Por fusión,3
5770,Castilla - La Mancha,202203,Por fusión,2
5771,Castilla - La Mancha,202202,Por fusión,12
5772,Castilla - La Mancha,202201,Por fusión,1
5773,Castilla - La Mancha,202112,Por fusión,2
5774,Castilla - La Mancha,202111,Por fusión,3
5775,Castilla - La Mancha,202110,Por fusión,9
5776,Castilla - La Mancha,202109,Por fusión,6
5777,Castilla - La Mancha,202108,Por fusión,2
5778,Castilla - La Mancha,202107,Por fusión,2
5779,Castilla - La Mancha,202106,Por fusión,2
5780,Castilla - La Mancha,202105,Por fusión,2
5781,Castilla - La Mancha,202104,Por fusión,1
5782,Castilla - La Mancha,202103,Por fusión,6
5783,Castilla - La Mancha,202102,Por fusión,2
5784,Castilla - La Mancha,202101,Por fusión,6
5785,Castilla - La Mancha,202012,Por fusión,2
5786,Castilla - La Mancha,202011,Por fusión,0
5787,Castilla - La Mancha,202010,Por fusión,3
5788,Castilla - La Mancha,202009,Por fusión,1
5789,Castilla - La Mancha,202008,Por fusión,1
5790,Castilla - La Mancha,202007,Por fusión,1
5791,Castilla - La Mancha,202006,Por fusión,2
5792,Castilla - La Mancha,202005,Por fusión,1
5793,Castilla - La Mancha,202004,Por fusión,1
5794,Castilla - La Mancha,202003,Por fusión,5
5795,Castilla - La Mancha,202002,Por fusión,3
5796,Castilla - La Mancha,202001,Por fusión,5
5797,Castilla - La Mancha,201912,Por fusión,5
5798,Castilla - La Mancha,201911,Por fusión,3
5799,Castilla - La Mancha,201910,Por fusión,12
5800,Castilla - La Mancha,201909,Por fusión,0
5801,Castilla - La Mancha,201908,Por fusión,1
5802,Castilla - La Mancha,201907,Por fusión,3
5803,Castilla - La Mancha,201906,Por fusión,2
5804,Castilla - La Mancha,201905,Por fusión,2
5805,Castilla - La Mancha,201904,Por fusión,1
5806,Castilla - La Mancha,201903,Por fusión,4
5807,Castilla - La Mancha,201902,Por fusión,8
5808,Castilla - La Mancha,201901,Por fusión,600
5809,Castilla - La Mancha,201812,Por fusión,2
5810,Castilla - La Mancha,201811,Por fusión,3
5811,Castilla - La Mancha,201810,Por fusión,7
5812,Castilla - La Mancha,201809,Por fusión,2
5813,Castilla - La Mancha,201808,Por fusión,99
5814,Castilla - La Mancha,201807,Por fusión,3
5815,Castilla - La Mancha,201806,Por fusión,4
5816,Castilla - La Mancha,201805,Por fusión,3
5817,Castilla - La Mancha,201804,Por fusión,0
5818,Castilla - La Mancha,201803,Por fusión,4
5819,Castilla - La Mancha,201802,Por fusión,17
5820,Castilla - La Mancha,201801,Por fusión,7
5821,Castilla - La Mancha,201712,Por fusión,2
5822,Castilla - La Mancha,201711,Por fusión,5
5823,Castilla - La Mancha,201710,Por fusión,1
5824,Castilla - La Mancha,201709,Por fusión,1
5825,Castilla - La Mancha,201708,Por fusión,0
5826,Castilla - La Mancha,201707,Por fusión,1
5827,Castilla - La Mancha,201706,Por fusión,0
5828,Castilla - La Mancha,201705,Por fusión,5
5829,Castilla - La Mancha,201704,Por fusión,3
5830,Castilla - La Mancha,201703,Por fusión,4
5831,Castilla - La Mancha,201702,Por fusión,8
5832,Castilla - La Mancha,201701,Por fusión,7
5833,Castilla - La Mancha,201612,Por fusión,5
5834,Castilla - La Mancha,201611,Por fusión,5
5835,Castilla - La Mancha,201610,Por fusión,2
5836,Castilla - La Mancha,201609,Por fusión,6
5837,Castilla - La Mancha,201608,Por fusión,0
5838,Castilla - La Mancha,201607,Por fusión,2
5839,Castilla - La Mancha,201606,Por fusión,2
5840,Castilla - La Mancha,201605,Por fusión,2
5841,Castilla - La Mancha,201604,Por fusión,1
5842,Castilla - La Mancha,201603,Por fusión,0
5843,Castilla - La Mancha,201602,Por fusión,4
5844,Castilla - La Mancha,201601,Por fusión,9
5845,Castilla - La Mancha,201512,Por fusión,4
5846,Castilla - La Mancha,201511,Por fusión,4
5847,Castilla - La Mancha,201510,Por fusión,7
5848,Castilla - La Mancha,201509,Por fusión,2
5849,Castilla - La Mancha,201508,Por fusión,1
5850,Castilla - La Mancha,201507,Por fusión,2
5851,Castilla - La Mancha,201506,Por fusión,3
5852,Castilla - La Mancha,201505,Por fusión,4
5853,Castilla - La Mancha,201504,Por fusión,2
5854,Castilla - La Mancha,201503,Por fusión,8
5855,Castilla - La Mancha,201502,Por fusión,1
5856,Castilla - La Mancha,201501,Por fusión,20
5857,Castilla - La Mancha,201412,Por fusión,90
5858,Castilla - La Mancha,201411,Por fusión,5
5859,Castilla - La Mancha,201410,Por fusión,2
5860,Castilla - La Mancha,201409,Por fusión,1
5861,Castilla - La Mancha,201408,Por fusión,1
5862,Castilla - La Mancha,201407,Por fusión,0
5863,Castilla - La Mancha,201406,Por fusión,7
5864,Castilla - La Mancha,201405,Por fusión,5
5865,Castilla - La Mancha,201404,Por fusión,5
5866,Castilla - La Mancha,201403,Por fusión,3
5867,Castilla - La Mancha,201402,Por fusión,5
5868,Castilla - La Mancha,201401,Por fusión,9
5869,Castilla - La Mancha,201312,Por fusión,7
5870,Castilla - La Mancha,201311,Por fusión,3
5871,Castilla - La Mancha,201310,Por fusión,5
5872,Castilla - La Mancha,201309,Por fusión,7
5873,Castilla - La Mancha,201308,Por fusión,2
5874,Castilla - La Mancha,201307,Por fusión,1
5875,Castilla - La Mancha,201306,Por fusión,2
5876,Castilla - La Mancha,201305,Por fusión,2
5877,Castilla - La Mancha,201304,Por fusión,2
5878,Castilla - La Mancha,201303,Por fusión,5
5879,Castilla - La Mancha,201302,Por fusión,5
5880,Castilla - La Mancha,201301,Por fusión,6
5881,Castilla - La Mancha,201212,Por fusión,24
5882,Castilla - La Mancha,201211,Por fusión,1
5883,Castilla - La Mancha,201210,Por fusión,6
5884,Castilla - La Mancha,201209,Por fusión,4
5885,Castilla - La Mancha,201208,Por fusión,1
5886,Castilla - La Mancha,201207,Por fusión,1
5887,Castilla - La Mancha,201206,Por fusión,2
5888,Castilla - La Mancha,201205,Por fusión,0
5889,Castilla - La Mancha,201204,Por fusión,2
5890,Castilla - La Mancha,201203,Por fusión,22
5891,Castilla - La Mancha,201202,Por fusión,3
5892,Castilla - La Mancha,201201,Por fusión,4
5893,Castilla - La Mancha,201112,Por fusión,8
5894,Castilla - La Mancha,201111,Por fusión,3
5895,Castilla - La Mancha,201110,Por fusión,4
5896,Castilla - La Mancha,201109,Por fusión,4
5897,Castilla - La Mancha,201108,Por fusión,1
5898,Castilla - La Mancha,201107,Por fusión,6
5899,Castilla - La Mancha,201106,Por fusión,7
5900,Castilla - La Mancha,201105,Por fusión,2
5901,Castilla - La Mancha,201104,Por fusión,1
5902,Castilla - La Mancha,201103,Por fusión,7
5903,Castilla - La Mancha,201102,Por fusión,2
5904,Castilla - La Mancha,201101,Por fusión,9
5905,Castilla - La Mancha,201012,Por fusión,7
5906,Castilla - La Mancha,201011,Por fusión,2
5907,Castilla - La Mancha,201010,Por fusión,8
5908,Castilla - La Mancha,201009,Por fusión,3
5909,Castilla - La Mancha,201008,Por fusión,1
5910,Castilla - La Mancha,201007,Por fusión,1
5911,Castilla - La Mancha,201006,Por fusión,0
5912,Castilla - La Mancha,201005,Por fusión,1
5913,Castilla - La Mancha,201004,Por fusión,3
5914,Castilla - La Mancha,201003,Por fusión,3
5915,Castilla - La Mancha,201002,Por fusión,1
5916,Castilla - La Mancha,201001,Por fusión,3
5917,Castilla - La Mancha,200912,Por fusión,6
5918,Castilla - La Mancha,200911,Por fusión,4
5919,Castilla - La Mancha,200910,Por fusión,4
5920,Castilla - La Mancha,200909,Por fusión,1
5921,Castilla - La Mancha,200908,Por fusión,3
5922,Castilla - La Mancha,200907,Por fusión,2
5923,Castilla - La Mancha,200906,Por fusión,0
5924,Castilla - La Mancha,200905,Por fusión,2
5925,Castilla - La Mancha,200904,Por fusión,0
5926,Castilla - La Mancha,200903,Por fusión,2
5927,Castilla - La Mancha,200902,Por fusión,1
5928,Castilla - La Mancha,200901,Por fusión,2
5929,Castilla - La Mancha,200812,Por fusión,6
5930,Castilla - La Mancha,200811,Por fusión,2
5931,Castilla - La Mancha,200810,Por fusión,2
5932,Castilla - La Mancha,200809,Por fusión,3
5933,Castilla - La Mancha,200808,Por fusión,2
5934,Castilla - La Mancha,200807,Por fusión,2
5935,Castilla - La Mancha,200806,Por fusión,3
5936,Castilla - La Mancha,200805,Por fusión,1
5937,Castilla - La Mancha,200804,Por fusión,1
5938,Castilla - La Mancha,200803,Por fusión,2
5939,Castilla - La Mancha,200802,Por fusión,0
5940,Castilla - La Mancha,200801,Por fusión,8
5941,Cataluña,202604,Por fusión,8
5942,Cataluña,202603,Por fusión,14
5943,Cataluña,202602,Por fusión,12
5944,Cataluña,202601,Por fusión,17
5945,Cataluña,202512,Por fusión,20
5946,Cataluña,202511,Por fusión,16
5947,Cataluña,202510,Por fusión,23
5948,Cataluña,202509,Por fusión,16
5949,Cataluña,202508,Por fusión,17
5950,Cataluña,202507,Por fusión,13
5951,Cataluña,202506,Por fusión,26
5952,Cataluña,202505,Por fusión,12
5953,Cataluña,202504,Por fusión,10
5954,Cataluña,202503,Por fusión,11
5955,Cataluña,202502,Por fusión,24
5956,Cataluña,202501,Por fusión,26
5957,Cataluña,202412,Por fusión,21
5958,Cataluña,202411,Por fusión,9
5959,Cataluña,202410,Por fusión,12
5960,Cataluña,202409,Por fusión,12
5961,Cataluña,202408,Por fusión,27
5962,Cataluña,202407,Por fusión,18
5963,Cataluña,202406,Por fusión,15
5964,Cataluña,202405,Por fusión,11
5965,Cataluña,202404,Por fusión,14
5966,Cataluña,202403,Por fusión,18
5967,Cataluña,202402,Por fusión,32
5968,Cataluña,202401,Por fusión,25
5969,Cataluña,202312,Por fusión,28
5970,Cataluña,202311,Por fusión,15
5971,Cataluña,202310,Por fusión,18
5972,Cataluña,202309,Por fusión,16
5973,Cataluña,202308,Por fusión,13
5974,Cataluña,202307,Por fusión,8
5975,Cataluña,202306,Por fusión,12
5976,Cataluña,202305,Por fusión,13
5977,Cataluña,202304,Por fusión,12
5978,Cataluña,202303,Por fusión,5
5979,Cataluña,202302,Por fusión,14
5980,Cataluña,202301,Por fusión,20
5981,Cataluña,202212,Por fusión,15
5982,Cataluña,202211,Por fusión,20
5983,Cataluña,202210,Por fusión,15
5984,Cataluña,202209,Por fusión,11
5985,Cataluña,202208,Por fusión,4
5986,Cataluña,202207,Por fusión,12
5987,Cataluña,202206,Por fusión,15
5988,Cataluña,202205,Por fusión,13
5989,Cataluña,202204,Por fusión,11
5990,Cataluña,202203,Por fusión,14
5991,Cataluña,202202,Por fusión,9
5992,Cataluña,202201,Por fusión,14
5993,Cataluña,202112,Por fusión,21
5994,Cataluña,202111,Por fusión,9
5995,Cataluña,202110,Por fusión,17
5996,Cataluña,202109,Por fusión,9
5997,Cataluña,202108,Por fusión,13
5998,Cataluña,202107,Por fusión,15
5999,Cataluña,202106,Por fusión,6
6000,Cataluña,202105,Por fusión,6
6001,Cataluña,202104,Por fusión,10
6002,Cataluña,202103,Por fusión,22
6003,Cataluña,202102,Por fusión,21
6004,Cataluña,202101,Por fusión,17
6005,Cataluña,202012,Por fusión,16
6006,Cataluña,202011,Por fusión,14
6007,Cataluña,202010,Por fusión,16
6008,Cataluña,202009,Por fusión,3
6009,Cataluña,202008,Por fusión,6
6010,Cataluña,202007,Por fusión,12
6011,Cataluña,202006,Por fusión,10
6012,Cataluña,202005,Por fusión,3
6013,Cataluña,202004,Por fusión,3
6014,Cataluña,202003,Por fusión,7
6015,Cataluña,202002,Por fusión,32
6016,Cataluña,202001,Por fusión,21
6017,Cataluña,201912,Por fusión,10
6018,Cataluña,201911,Por fusión,21
6019,Cataluña,201910,Por fusión,21
6020,Cataluña,201909,Por fusión,10
6021,Cataluña,201908,Por fusión,15
6022,Cataluña,201907,Por fusión,16
6023,Cataluña,201906,Por fusión,11
6024,Cataluña,201905,Por fusión,65
6025,Cataluña,201904,Por fusión,18
6026,Cataluña,201903,Por fusión,8
6027,Cataluña,201902,Por fusión,8
6028,Cataluña,201901,Por fusión,19
6029,Cataluña,201812,Por fusión,12
6030,Cataluña,201811,Por fusión,20
6031,Cataluña,201810,Por fusión,11
6032,Cataluña,201809,Por fusión,6
6033,Cataluña,201808,Por fusión,8
6034,Cataluña,201807,Por fusión,13
6035,Cataluña,201806,Por fusión,4
6036,Cataluña,201805,Por fusión,7
6037,Cataluña,201804,Por fusión,12
6038,Cataluña,201803,Por fusión,10
6039,Cataluña,201802,Por fusión,17
6040,Cataluña,201801,Por fusión,24
6041,Cataluña,201712,Por fusión,14
6042,Cataluña,201711,Por fusión,17
6043,Cataluña,201710,Por fusión,20
6044,Cataluña,201709,Por fusión,12
6045,Cataluña,201708,Por fusión,10
6046,Cataluña,201707,Por fusión,15
6047,Cataluña,201706,Por fusión,11
6048,Cataluña,201705,Por fusión,7
6049,Cataluña,201704,Por fusión,10
6050,Cataluña,201703,Por fusión,8
6051,Cataluña,201702,Por fusión,20
6052,Cataluña,201701,Por fusión,17
6053,Cataluña,201612,Por fusión,14
6054,Cataluña,201611,Por fusión,22
6055,Cataluña,201610,Por fusión,11
6056,Cataluña,201609,Por fusión,19
6057,Cataluña,201608,Por fusión,7
6058,Cataluña,201607,Por fusión,8
6059,Cataluña,201606,Por fusión,13
6060,Cataluña,201605,Por fusión,8
6061,Cataluña,201604,Por fusión,16
6062,Cataluña,201603,Por fusión,25
6063,Cataluña,201602,Por fusión,19
6064,Cataluña,201601,Por fusión,26
6065,Cataluña,201512,Por fusión,18
6066,Cataluña,201511,Por fusión,11
6067,Cataluña,201510,Por fusión,23
6068,Cataluña,201509,Por fusión,12
6069,Cataluña,201508,Por fusión,8
6070,Cataluña,201507,Por fusión,7
6071,Cataluña,201506,Por fusión,11
6072,Cataluña,201505,Por fusión,3
6073,Cataluña,201504,Por fusión,9
6074,Cataluña,201503,Por fusión,15
6075,Cataluña,201502,Por fusión,8
6076,Cataluña,201501,Por fusión,21
6077,Cataluña,201412,Por fusión,19
6078,Cataluña,201411,Por fusión,11
6079,Cataluña,201410,Por fusión,9
6080,Cataluña,201409,Por fusión,4
6081,Cataluña,201408,Por fusión,7
6082,Cataluña,201407,Por fusión,14
6083,Cataluña,201406,Por fusión,6
6084,Cataluña,201405,Por fusión,6
6085,Cataluña,201404,Por fusión,13
6086,Cataluña,201403,Por fusión,8
6087,Cataluña,201402,Por fusión,12
6088,Cataluña,201401,Por fusión,18
6089,Cataluña,201312,Por fusión,22
6090,Cataluña,201311,Por fusión,20
6091,Cataluña,201310,Por fusión,23
6092,Cataluña,201309,Por fusión,15
6093,Cataluña,201308,Por fusión,5
6094,Cataluña,201307,Por fusión,23
6095,Cataluña,201306,Por fusión,4
6096,Cataluña,201305,Por fusión,7
6097,Cataluña,201304,Por fusión,11
6098,Cataluña,201303,Por fusión,9
6099,Cataluña,201302,Por fusión,15
6100,Cataluña,201301,Por fusión,39
6101,Cataluña,201212,Por fusión,25
6102,Cataluña,201211,Por fusión,18
6103,Cataluña,201210,Por fusión,19
6104,Cataluña,201209,Por fusión,13
6105,Cataluña,201208,Por fusión,12
6106,Cataluña,201207,Por fusión,16
6107,Cataluña,201206,Por fusión,18
6108,Cataluña,201205,Por fusión,10
6109,Cataluña,201204,Por fusión,12
6110,Cataluña,201203,Por fusión,18
6111,Cataluña,201202,Por fusión,26
6112,Cataluña,201201,Por fusión,28
6113,Cataluña,201112,Por fusión,35
6114,Cataluña,201111,Por fusión,22
6115,Cataluña,201110,Por fusión,7
6116,Cataluña,201109,Por fusión,16
6117,Cataluña,201108,Por fusión,16
6118,Cataluña,201107,Por fusión,9
6119,Cataluña,201106,Por fusión,7
6120,Cataluña,201105,Por fusión,11
6121,Cataluña,201104,Por fusión,11
6122,Cataluña,201103,Por fusión,13
6123,Cataluña,201102,Por fusión,12
6124,Cataluña,201101,Por fusión,81
6125,Cataluña,201012,Por fusión,50
6126,Cataluña,201011,Por fusión,29
6127,Cataluña,201010,Por fusión,21
6128,Cataluña,201009,Por fusión,16
6129,Cataluña,201008,Por fusión,11
6130,Cataluña,201007,Por fusión,12
6131,Cataluña,201006,Por fusión,6
6132,Cataluña,201005,Por fusión,8
6133,Cataluña,201004,Por fusión,15
6134,Cataluña,201003,Por fusión,10
6135,Cataluña,201002,Por fusión,15
6136,Cataluña,201001,Por fusión,21
6137,Cataluña,200912,Por fusión,22
6138,Cataluña,200911,Por fusión,10
6139,Cataluña,200910,Por fusión,79
6140,Cataluña,200909,Por fusión,12
6141,Cataluña,200908,Por fusión,21
6142,Cataluña,200907,Por fusión,11
6143,Cataluña,200906,Por fusión,13
6144,Cataluña,200905,Por fusión,13
6145,Cataluña,200904,Por fusión,12
6146,Cataluña,200903,Por fusión,17
6147,Cataluña,200902,Por fusión,16
6148,Cataluña,200901,Por fusión,22
6149,Cataluña,200812,Por fusión,24
6150,Cataluña,200811,Por fusión,12
6151,Cataluña,200810,Por fusión,30
6152,Cataluña,200809,Por fusión,13
6153,Cataluña,200808,Por fusión,11
6154,Cataluña,200807,Por fusión,14
6155,Cataluña,200806,Por fusión,7
6156,Cataluña,200805,Por fusión,5
6157,Cataluña,200804,Por fusión,5
6158,Cataluña,200803,Por fusión,9
6159,Cataluña,200802,Por fusión,12
6160,Cataluña,200801,Por fusión,20
6161,Comunitat Valenciana,202604,Por fusión,4
6162,Comunitat Valenciana,202603,Por fusión,22
6163,Comunitat Valenciana,202602,Por fusión,20
6164,Comunitat Valenciana,202601,Por fusión,24
6165,Comunitat Valenciana,202512,Por fusión,9
6166,Comunitat Valenciana,202511,Por fusión,9
6167,Comunitat Valenciana,202510,Por fusión,24
6168,Comunitat Valenciana,202509,Por fusión,13
6169,Comunitat Valenciana,202508,Por fusión,7
6170,Comunitat Valenciana,202507,Por fusión,6
6171,Comunitat Valenciana,202506,Por fusión,11
6172,Comunitat Valenciana,202505,Por fusión,3
6173,Comunitat Valenciana,202504,Por fusión,6
6174,Comunitat Valenciana,202503,Por fusión,4
6175,Comunitat Valenciana,202502,Por fusión,10
6176,Comunitat Valenciana,202501,Por fusión,35
6177,Comunitat Valenciana,202412,Por fusión,10
6178,Comunitat Valenciana,202411,Por fusión,2
6179,Comunitat Valenciana,202410,Por fusión,16
6180,Comunitat Valenciana,202409,Por fusión,9
6181,Comunitat Valenciana,202408,Por fusión,15
6182,Comunitat Valenciana,202407,Por fusión,18
6183,Comunitat Valenciana,202406,Por fusión,5
6184,Comunitat Valenciana,202405,Por fusión,7
6185,Comunitat Valenciana,202404,Por fusión,5
6186,Comunitat Valenciana,202403,Por fusión,8
6187,Comunitat Valenciana,202402,Por fusión,8
6188,Comunitat Valenciana,202401,Por fusión,22
6189,Comunitat Valenciana,202312,Por fusión,11
6190,Comunitat Valenciana,202311,Por fusión,15
6191,Comunitat Valenciana,202310,Por fusión,19
6192,Comunitat Valenciana,202309,Por fusión,19
6193,Comunitat Valenciana,202308,Por fusión,16
6194,Comunitat Valenciana,202307,Por fusión,7
6195,Comunitat Valenciana,202306,Por fusión,14
6196,Comunitat Valenciana,202305,Por fusión,12
6197,Comunitat Valenciana,202304,Por fusión,17
6198,Comunitat Valenciana,202303,Por fusión,7
6199,Comunitat Valenciana,202302,Por fusión,22
6200,Comunitat Valenciana,202301,Por fusión,17
6201,Comunitat Valenciana,202212,Por fusión,23
6202,Comunitat Valenciana,202211,Por fusión,14
6203,Comunitat Valenciana,202210,Por fusión,17
6204,Comunitat Valenciana,202209,Por fusión,8
6205,Comunitat Valenciana,202208,Por fusión,40
6206,Comunitat Valenciana,202207,Por fusión,28
6207,Comunitat Valenciana,202206,Por fusión,10
6208,Comunitat Valenciana,202205,Por fusión,8
6209,Comunitat Valenciana,202204,Por fusión,15
6210,Comunitat Valenciana,202203,Por fusión,4
6211,Comunitat Valenciana,202202,Por fusión,9
6212,Comunitat Valenciana,202201,Por fusión,17
6213,Comunitat Valenciana,202112,Por fusión,22
6214,Comunitat Valenciana,202111,Por fusión,9
6215,Comunitat Valenciana,202110,Por fusión,10
6216,Comunitat Valenciana,202109,Por fusión,12
6217,Comunitat Valenciana,202108,Por fusión,11
6218,Comunitat Valenciana,202107,Por fusión,10
6219,Comunitat Valenciana,202106,Por fusión,6
6220,Comunitat Valenciana,202105,Por fusión,3
6221,Comunitat Valenciana,202104,Por fusión,22
6222,Comunitat Valenciana,202103,Por fusión,15
6223,Comunitat Valenciana,202102,Por fusión,14
6224,Comunitat Valenciana,202101,Por fusión,27
6225,Comunitat Valenciana,202012,Por fusión,12
6226,Comunitat Valenciana,202011,Por fusión,12
6227,Comunitat Valenciana,202010,Por fusión,13
6228,Comunitat Valenciana,202009,Por fusión,11
6229,Comunitat Valenciana,202008,Por fusión,7
6230,Comunitat Valenciana,202007,Por fusión,8
6231,Comunitat Valenciana,202006,Por fusión,40
6232,Comunitat Valenciana,202005,Por fusión,3
6233,Comunitat Valenciana,202004,Por fusión,1
6234,Comunitat Valenciana,202003,Por fusión,4
6235,Comunitat Valenciana,202002,Por fusión,17
6236,Comunitat Valenciana,202001,Por fusión,21
6237,Comunitat Valenciana,201912,Por fusión,20
6238,Comunitat Valenciana,201911,Por fusión,14
6239,Comunitat Valenciana,201910,Por fusión,8
6240,Comunitat Valenciana,201909,Por fusión,45
6241,Comunitat Valenciana,201908,Por fusión,8
6242,Comunitat Valenciana,201907,Por fusión,131
6243,Comunitat Valenciana,201906,Por fusión,6
6244,Comunitat Valenciana,201905,Por fusión,6
6245,Comunitat Valenciana,201904,Por fusión,1
6246,Comunitat Valenciana,201903,Por fusión,44
6247,Comunitat Valenciana,201902,Por fusión,15
6248,Comunitat Valenciana,201901,Por fusión,21
6249,Comunitat Valenciana,201812,Por fusión,8
6250,Comunitat Valenciana,201811,Por fusión,5
6251,Comunitat Valenciana,201810,Por fusión,6
6252,Comunitat Valenciana,201809,Por fusión,7
6253,Comunitat Valenciana,201808,Por fusión,5
6254,Comunitat Valenciana,201807,Por fusión,5
6255,Comunitat Valenciana,201806,Por fusión,6
6256,Comunitat Valenciana,201805,Por fusión,3
6257,Comunitat Valenciana,201804,Por fusión,5
6258,Comunitat Valenciana,201803,Por fusión,6
6259,Comunitat Valenciana,201802,Por fusión,26
6260,Comunitat Valenciana,201801,Por fusión,24
6261,Comunitat Valenciana,201712,Por fusión,13
6262,Comunitat Valenciana,201711,Por fusión,8
6263,Comunitat Valenciana,201710,Por fusión,10
6264,Comunitat Valenciana,201709,Por fusión,10
6265,Comunitat Valenciana,201708,Por fusión,10
6266,Comunitat Valenciana,201707,Por fusión,10
6267,Comunitat Valenciana,201706,Por fusión,8
6268,Comunitat Valenciana,201705,Por fusión,3
6269,Comunitat Valenciana,201704,Por fusión,39
6270,Comunitat Valenciana,201703,Por fusión,9
6271,Comunitat Valenciana,201702,Por fusión,7
6272,Comunitat Valenciana,201701,Por fusión,7
6273,Comunitat Valenciana,201612,Por fusión,11
6274,Comunitat Valenciana,201611,Por fusión,8
6275,Comunitat Valenciana,201610,Por fusión,7
6276,Comunitat Valenciana,201609,Por fusión,8
6277,Comunitat Valenciana,201608,Por fusión,27
6278,Comunitat Valenciana,201607,Por fusión,14
6279,Comunitat Valenciana,201606,Por fusión,12
6280,Comunitat Valenciana,201605,Por fusión,1
6281,Comunitat Valenciana,201604,Por fusión,25
6282,Comunitat Valenciana,201603,Por fusión,17
6283,Comunitat Valenciana,201602,Por fusión,14
6284,Comunitat Valenciana,201601,Por fusión,31
6285,Comunitat Valenciana,201512,Por fusión,25
6286,Comunitat Valenciana,201511,Por fusión,12
6287,Comunitat Valenciana,201510,Por fusión,13
6288,Comunitat Valenciana,201509,Por fusión,12
6289,Comunitat Valenciana,201508,Por fusión,6
6290,Comunitat Valenciana,201507,Por fusión,6
6291,Comunitat Valenciana,201506,Por fusión,24
6292,Comunitat Valenciana,201505,Por fusión,2
6293,Comunitat Valenciana,201504,Por fusión,6
6294,Comunitat Valenciana,201503,Por fusión,5
6295,Comunitat Valenciana,201502,Por fusión,11
6296,Comunitat Valenciana,201501,Por fusión,11
6297,Comunitat Valenciana,201412,Por fusión,13
6298,Comunitat Valenciana,201411,Por fusión,8
6299,Comunitat Valenciana,201410,Por fusión,27
6300,Comunitat Valenciana,201409,Por fusión,8
6301,Comunitat Valenciana,201408,Por fusión,10
6302,Comunitat Valenciana,201407,Por fusión,7
6303,Comunitat Valenciana,201406,Por fusión,7
6304,Comunitat Valenciana,201405,Por fusión,4
6305,Comunitat Valenciana,201404,Por fusión,9
6306,Comunitat Valenciana,201403,Por fusión,7
6307,Comunitat Valenciana,201402,Por fusión,8
6308,Comunitat Valenciana,201401,Por fusión,22
6309,Comunitat Valenciana,201312,Por fusión,29
6310,Comunitat Valenciana,201311,Por fusión,26
6311,Comunitat Valenciana,201310,Por fusión,11
6312,Comunitat Valenciana,201309,Por fusión,16
6313,Comunitat Valenciana,201308,Por fusión,6
6314,Comunitat Valenciana,201307,Por fusión,17
6315,Comunitat Valenciana,201306,Por fusión,11
6316,Comunitat Valenciana,201305,Por fusión,4
6317,Comunitat Valenciana,201304,Por fusión,4
6318,Comunitat Valenciana,201303,Por fusión,6
6319,Comunitat Valenciana,201302,Por fusión,14
6320,Comunitat Valenciana,201301,Por fusión,23
6321,Comunitat Valenciana,201212,Por fusión,22
6322,Comunitat Valenciana,201211,Por fusión,9
6323,Comunitat Valenciana,201210,Por fusión,11
6324,Comunitat Valenciana,201209,Por fusión,10
6325,Comunitat Valenciana,201208,Por fusión,11
6326,Comunitat Valenciana,201207,Por fusión,10
6327,Comunitat Valenciana,201206,Por fusión,8
6328,Comunitat Valenciana,201205,Por fusión,8
6329,Comunitat Valenciana,201204,Por fusión,6
6330,Comunitat Valenciana,201203,Por fusión,15
6331,Comunitat Valenciana,201202,Por fusión,21
6332,Comunitat Valenciana,201201,Por fusión,12
6333,Comunitat Valenciana,201112,Por fusión,24
6334,Comunitat Valenciana,201111,Por fusión,12
6335,Comunitat Valenciana,201110,Por fusión,17
6336,Comunitat Valenciana,201109,Por fusión,21
6337,Comunitat Valenciana,201108,Por fusión,6
6338,Comunitat Valenciana,201107,Por fusión,11
6339,Comunitat Valenciana,201106,Por fusión,10
6340,Comunitat Valenciana,201105,Por fusión,12
6341,Comunitat Valenciana,201104,Por fusión,4
6342,Comunitat Valenciana,201103,Por fusión,44
6343,Comunitat Valenciana,201102,Por fusión,28
6344,Comunitat Valenciana,201101,Por fusión,47
6345,Comunitat Valenciana,201012,Por fusión,29
6346,Comunitat Valenciana,201011,Por fusión,24
6347,Comunitat Valenciana,201010,Por fusión,13
6348,Comunitat Valenciana,201009,Por fusión,8
6349,Comunitat Valenciana,201008,Por fusión,13
6350,Comunitat Valenciana,201007,Por fusión,20
6351,Comunitat Valenciana,201006,Por fusión,10
6352,Comunitat Valenciana,201005,Por fusión,5
6353,Comunitat Valenciana,201004,Por fusión,6
6354,Comunitat Valenciana,201003,Por fusión,11
6355,Comunitat Valenciana,201002,Por fusión,17
6356,Comunitat Valenciana,201001,Por fusión,20
6357,Comunitat Valenciana,200912,Por fusión,27
6358,Comunitat Valenciana,200911,Por fusión,16
6359,Comunitat Valenciana,200910,Por fusión,33
6360,Comunitat Valenciana,200909,Por fusión,20
6361,Comunitat Valenciana,200908,Por fusión,8
6362,Comunitat Valenciana,200907,Por fusión,16
6363,Comunitat Valenciana,200906,Por fusión,9
6364,Comunitat Valenciana,200905,Por fusión,9
6365,Comunitat Valenciana,200904,Por fusión,9
6366,Comunitat Valenciana,200903,Por fusión,12
6367,Comunitat Valenciana,200902,Por fusión,25
6368,Comunitat Valenciana,200901,Por fusión,28
6369,Comunitat Valenciana,200812,Por fusión,26
6370,Comunitat Valenciana,200811,Por fusión,16
6371,Comunitat Valenciana,200810,Por fusión,22
6372,Comunitat Valenciana,200809,Por fusión,24
6373,Comunitat Valenciana,200808,Por fusión,8
6374,Comunitat Valenciana,200807,Por fusión,29
6375,Comunitat Valenciana,200806,Por fusión,9
6376,Comunitat Valenciana,200805,Por fusión,22
6377,Comunitat Valenciana,200804,Por fusión,10
6378,Comunitat Valenciana,200803,Por fusión,21
6379,Comunitat Valenciana,200802,Por fusión,26
6380,Comunitat Valenciana,200801,Por fusión,28
6381,Extremadura,202604,Por fusión,0
6382,Extremadura,202603,Por fusión,0
6383,Extremadura,202602,Por fusión,0
6384,Extremadura,202601,Por fusión,0
6385,Extremadura,202512,Por fusión,5
6386,Extremadura,202511,Por fusión,1
6387,Extremadura,202510,Por fusión,1
6388,Extremadura,202509,Por fusión,3
6389,Extremadura,202508,Por fusión,0
6390,Extremadura,202507,Por fusión,1
6391,Extremadura,202506,Por fusión,2
6392,Extremadura,202505,Por fusión,0
6393,Extremadura,202504,Por fusión,5
6394,Extremadura,202503,Por fusión,0
6395,Extremadura,202502,Por fusión,3
6396,Extremadura,202501,Por fusión,0
6397,Extremadura,202412,Por fusión,0
6398,Extremadura,202411,Por fusión,1
6399,Extremadura,202410,Por fusión,4
6400,Extremadura,202409,Por fusión,1
6401,Extremadura,202408,Por fusión,0
6402,Extremadura,202407,Por fusión,2
6403,Extremadura,202406,Por fusión,2
6404,Extremadura,202405,Por fusión,0
6405,Extremadura,202404,Por fusión,0
6406,Extremadura,202403,Por fusión,0
6407,Extremadura,202402,Por fusión,1
6408,Extremadura,202401,Por fusión,6
6409,Extremadura,202312,Por fusión,3
6410,Extremadura,202311,Por fusión,3
6411,Extremadura,202310,Por fusión,2
6412,Extremadura,202309,Por fusión,0
6413,Extremadura,202308,Por fusión,0
6414,Extremadura,202307,Por fusión,1
6415,Extremadura,202306,Por fusión,1
6416,Extremadura,202305,Por fusión,0
6417,Extremadura,202304,Por fusión,0
6418,Extremadura,202303,Por fusión,1
6419,Extremadura,202302,Por fusión,1
6420,Extremadura,202301,Por fusión,1
6421,Extremadura,202212,Por fusión,3
6422,Extremadura,202211,Por fusión,0
6423,Extremadura,202210,Por fusión,1
6424,Extremadura,202209,Por fusión,0
6425,Extremadura,202208,Por fusión,0
6426,Extremadura,202207,Por fusión,1
6427,Extremadura,202206,Por fusión,0
6428,Extremadura,202205,Por fusión,0
6429,Extremadura,202204,Por fusión,3
6430,Extremadura,202203,Por fusión,1
6431,Extremadura,202202,Por fusión,1
6432,Extremadura,202201,Por fusión,3
6433,Extremadura,202112,Por fusión,2
6434,Extremadura,202111,Por fusión,0
6435,Extremadura,202110,Por fusión,0
6436,Extremadura,202109,Por fusión,1
6437,Extremadura,202108,Por fusión,6
6438,Extremadura,202107,Por fusión,2
6439,Extremadura,202106,Por fusión,0
6440,Extremadura,202105,Por fusión,0
6441,Extremadura,202104,Por fusión,0
6442,Extremadura,202103,Por fusión,2
6443,Extremadura,202102,Por fusión,5
6444,Extremadura,202101,Por fusión,2
6445,Extremadura,202012,Por fusión,0
6446,Extremadura,202011,Por fusión,1
6447,Extremadura,202010,Por fusión,0
6448,Extremadura,202009,Por fusión,3
6449,Extremadura,202008,Por fusión,1
6450,Extremadura,202007,Por fusión,0
6451,Extremadura,202006,Por fusión,3
6452,Extremadura,202005,Por fusión,0
6453,Extremadura,202004,Por fusión,0
6454,Extremadura,202003,Por fusión,0
6455,Extremadura,202002,Por fusión,0
6456,Extremadura,202001,Por fusión,1
6457,Extremadura,201912,Por fusión,8
6458,Extremadura,201911,Por fusión,0
6459,Extremadura,201910,Por fusión,2
6460,Extremadura,201909,Por fusión,0
6461,Extremadura,201908,Por fusión,0
6462,Extremadura,201907,Por fusión,4
6463,Extremadura,201906,Por fusión,2
6464,Extremadura,201905,Por fusión,0
6465,Extremadura,201904,Por fusión,0
6466,Extremadura,201903,Por fusión,0
6467,Extremadura,201902,Por fusión,0
6468,Extremadura,201901,Por fusión,4
6469,Extremadura,201812,Por fusión,0
6470,Extremadura,201811,Por fusión,1
6471,Extremadura,201810,Por fusión,2
6472,Extremadura,201809,Por fusión,1
6473,Extremadura,201808,Por fusión,1
6474,Extremadura,201807,Por fusión,0
6475,Extremadura,201806,Por fusión,0
6476,Extremadura,201805,Por fusión,1
6477,Extremadura,201804,Por fusión,0
6478,Extremadura,201803,Por fusión,0
6479,Extremadura,201802,Por fusión,1
6480,Extremadura,201801,Por fusión,0
6481,Extremadura,201712,Por fusión,0
6482,Extremadura,201711,Por fusión,0
6483,Extremadura,201710,Por fusión,1
6484,Extremadura,201709,Por fusión,1
6485,Extremadura,201708,Por fusión,1
6486,Extremadura,201707,Por fusión,1
6487,Extremadura,201706,Por fusión,2
6488,Extremadura,201705,Por fusión,1
6489,Extremadura,201704,Por fusión,0
6490,Extremadura,201703,Por fusión,3
6491,Extremadura,201702,Por fusión,3
6492,Extremadura,201701,Por fusión,6
6493,Extremadura,201612,Por fusión,0
6494,Extremadura,201611,Por fusión,1
6495,Extremadura,201610,Por fusión,1
6496,Extremadura,201609,Por fusión,3
6497,Extremadura,201608,Por fusión,1
6498,Extremadura,201607,Por fusión,0
6499,Extremadura,201606,Por fusión,4
6500,Extremadura,201605,Por fusión,0
6501,Extremadura,201604,Por fusión,0
6502,Extremadura,201603,Por fusión,5
6503,Extremadura,201602,Por fusión,1
6504,Extremadura,201601,Por fusión,5
6505,Extremadura,201512,Por fusión,2
6506,Extremadura,201511,Por fusión,1
6507,Extremadura,201510,Por fusión,3
6508,Extremadura,201509,Por fusión,0
6509,Extremadura,201508,Por fusión,0
6510,Extremadura,201507,Por fusión,1
6511,Extremadura,201506,Por fusión,0
6512,Extremadura,201505,Por fusión,0
6513,Extremadura,201504,Por fusión,0
6514,Extremadura,201503,Por fusión,1
6515,Extremadura,201502,Por fusión,2
6516,Extremadura,201501,Por fusión,2
6517,Extremadura,201412,Por fusión,22
6518,Extremadura,201411,Por fusión,2
6519,Extremadura,201410,Por fusión,1
6520,Extremadura,201409,Por fusión,1
6521,Extremadura,201408,Por fusión,0
6522,Extremadura,201407,Por fusión,3
6523,Extremadura,201406,Por fusión,1
6524,Extremadura,201405,Por fusión,4
6525,Extremadura,201404,Por fusión,0
6526,Extremadura,201403,Por fusión,1
6527,Extremadura,201402,Por fusión,1
6528,Extremadura,201401,Por fusión,1
6529,Extremadura,201312,Por fusión,1
6530,Extremadura,201311,Por fusión,5
6531,Extremadura,201310,Por fusión,3
6532,Extremadura,201309,Por fusión,1
6533,Extremadura,201308,Por fusión,1
6534,Extremadura,201307,Por fusión,0
6535,Extremadura,201306,Por fusión,3
6536,Extremadura,201305,Por fusión,1
6537,Extremadura,201304,Por fusión,3
6538,Extremadura,201303,Por fusión,0
6539,Extremadura,201302,Por fusión,1
6540,Extremadura,201301,Por fusión,22
6541,Extremadura,201212,Por fusión,7
6542,Extremadura,201211,Por fusión,0
6543,Extremadura,201210,Por fusión,2
6544,Extremadura,201209,Por fusión,0
6545,Extremadura,201208,Por fusión,4
6546,Extremadura,201207,Por fusión,4
6547,Extremadura,201206,Por fusión,1
6548,Extremadura,201205,Por fusión,1
6549,Extremadura,201204,Por fusión,4
6550,Extremadura,201203,Por fusión,6
6551,Extremadura,201202,Por fusión,1
6552,Extremadura,201201,Por fusión,2
6553,Extremadura,201112,Por fusión,3
6554,Extremadura,201111,Por fusión,1
6555,Extremadura,201110,Por fusión,2
6556,Extremadura,201109,Por fusión,0
6557,Extremadura,201108,Por fusión,1
6558,Extremadura,201107,Por fusión,2
6559,Extremadura,201106,Por fusión,0
6560,Extremadura,201105,Por fusión,2
6561,Extremadura,201104,Por fusión,1
6562,Extremadura,201103,Por fusión,2
6563,Extremadura,201102,Por fusión,0
6564,Extremadura,201101,Por fusión,2
6565,Extremadura,201012,Por fusión,5
6566,Extremadura,201011,Por fusión,0
6567,Extremadura,201010,Por fusión,2
6568,Extremadura,201009,Por fusión,1
6569,Extremadura,201008,Por fusión,4
6570,Extremadura,201007,Por fusión,8
6571,Extremadura,201006,Por fusión,0
6572,Extremadura,201005,Por fusión,0
6573,Extremadura,201004,Por fusión,1
6574,Extremadura,201003,Por fusión,1
6575,Extremadura,201002,Por fusión,2
6576,Extremadura,201001,Por fusión,0
6577,Extremadura,200912,Por fusión,3
6578,Extremadura,200911,Por fusión,0
6579,Extremadura,200910,Por fusión,0
6580,Extremadura,200909,Por fusión,1
6581,Extremadura,200908,Por fusión,0
6582,Extremadura,200907,Por fusión,1
6583,Extremadura,200906,Por fusión,0
6584,Extremadura,200905,Por fusión,0
6585,Extremadura,200904,Por fusión,1
6586,Extremadura,200903,Por fusión,1
6587,Extremadura,200902,Por fusión,0
6588,Extremadura,200901,Por fusión,0
6589,Extremadura,200812,Por fusión,2
6590,Extremadura,200811,Por fusión,0
6591,Extremadura,200810,Por fusión,0
6592,Extremadura,200809,Por fusión,1
6593,Extremadura,200808,Por fusión,0
6594,Extremadura,200807,Por fusión,0
6595,Extremadura,200806,Por fusión,0
6596,Extremadura,200805,Por fusión,0
6597,Extremadura,200804,Por fusión,2
6598,Extremadura,200803,Por fusión,0
6599,Extremadura,200802,Por fusión,1
6600,Extremadura,200801,Por fusión,2
6601,Galicia,202604,Por fusión,9
6602,Galicia,202603,Por fusión,9
6603,Galicia,202602,Por fusión,4
6604,Galicia,202601,Por fusión,14
6605,Galicia,202512,Por fusión,9
6606,Galicia,202511,Por fusión,7
6607,Galicia,202510,Por fusión,7
6608,Galicia,202509,Por fusión,3
6609,Galicia,202508,Por fusión,8
6610,Galicia,202507,Por fusión,8
6611,Galicia,202506,Por fusión,7
6612,Galicia,202505,Por fusión,1
6613,Galicia,202504,Por fusión,5
6614,Galicia,202503,Por fusión,5
6615,Galicia,202502,Por fusión,11
6616,Galicia,202501,Por fusión,12
6617,Galicia,202412,Por fusión,18
6618,Galicia,202411,Por fusión,7
6619,Galicia,202410,Por fusión,10
6620,Galicia,202409,Por fusión,2
6621,Galicia,202408,Por fusión,11
6622,Galicia,202407,Por fusión,12
6623,Galicia,202406,Por fusión,8
6624,Galicia,202405,Por fusión,5
6625,Galicia,202404,Por fusión,5
6626,Galicia,202403,Por fusión,3
6627,Galicia,202402,Por fusión,7
6628,Galicia,202401,Por fusión,22
6629,Galicia,202312,Por fusión,14
6630,Galicia,202311,Por fusión,8
6631,Galicia,202310,Por fusión,4
6632,Galicia,202309,Por fusión,2
6633,Galicia,202308,Por fusión,7
6634,Galicia,202307,Por fusión,3
6635,Galicia,202306,Por fusión,2
6636,Galicia,202305,Por fusión,4
6637,Galicia,202304,Por fusión,4
6638,Galicia,202303,Por fusión,4
6639,Galicia,202302,Por fusión,6
6640,Galicia,202301,Por fusión,14
6641,Galicia,202212,Por fusión,13
6642,Galicia,202211,Por fusión,10
6643,Galicia,202210,Por fusión,8
6644,Galicia,202209,Por fusión,9
6645,Galicia,202208,Por fusión,6
6646,Galicia,202207,Por fusión,4
6647,Galicia,202206,Por fusión,1
6648,Galicia,202205,Por fusión,3
6649,Galicia,202204,Por fusión,1
6650,Galicia,202203,Por fusión,6
6651,Galicia,202202,Por fusión,6
6652,Galicia,202201,Por fusión,19
6653,Galicia,202112,Por fusión,11
6654,Galicia,202111,Por fusión,5
6655,Galicia,202110,Por fusión,8
6656,Galicia,202109,Por fusión,7
6657,Galicia,202108,Por fusión,13
6658,Galicia,202107,Por fusión,6
6659,Galicia,202106,Por fusión,5
6660,Galicia,202105,Por fusión,3
6661,Galicia,202104,Por fusión,3
6662,Galicia,202103,Por fusión,9
6663,Galicia,202102,Por fusión,17
6664,Galicia,202101,Por fusión,9
6665,Galicia,202012,Por fusión,18
6666,Galicia,202011,Por fusión,6
6667,Galicia,202010,Por fusión,8
6668,Galicia,202009,Por fusión,25
6669,Galicia,202008,Por fusión,4
6670,Galicia,202007,Por fusión,2
6671,Galicia,202006,Por fusión,1
6672,Galicia,202005,Por fusión,1
6673,Galicia,202004,Por fusión,1
6674,Galicia,202003,Por fusión,4
6675,Galicia,202002,Por fusión,7
6676,Galicia,202001,Por fusión,12
6677,Galicia,201912,Por fusión,7
6678,Galicia,201911,Por fusión,11
6679,Galicia,201910,Por fusión,8
6680,Galicia,201909,Por fusión,3
6681,Galicia,201908,Por fusión,2
6682,Galicia,201907,Por fusión,1
6683,Galicia,201906,Por fusión,4
6684,Galicia,201905,Por fusión,5
6685,Galicia,201904,Por fusión,63
6686,Galicia,201903,Por fusión,4
6687,Galicia,201902,Por fusión,3
6688,Galicia,201901,Por fusión,21
6689,Galicia,201812,Por fusión,13
6690,Galicia,201811,Por fusión,6
6691,Galicia,201810,Por fusión,13
6692,Galicia,201809,Por fusión,5
6693,Galicia,201808,Por fusión,3
6694,Galicia,201807,Por fusión,5
6695,Galicia,201806,Por fusión,1
6696,Galicia,201805,Por fusión,8
6697,Galicia,201804,Por fusión,4
6698,Galicia,201803,Por fusión,3
6699,Galicia,201802,Por fusión,8
6700,Galicia,201801,Por fusión,13
6701,Galicia,201712,Por fusión,17
6702,Galicia,201711,Por fusión,9
6703,Galicia,201710,Por fusión,6
6704,Galicia,201709,Por fusión,10
6705,Galicia,201708,Por fusión,8
6706,Galicia,201707,Por fusión,2
6707,Galicia,201706,Por fusión,5
6708,Galicia,201705,Por fusión,3
6709,Galicia,201704,Por fusión,4
6710,Galicia,201703,Por fusión,5
6711,Galicia,201702,Por fusión,4
6712,Galicia,201701,Por fusión,16
6713,Galicia,201612,Por fusión,10
6714,Galicia,201611,Por fusión,7
6715,Galicia,201610,Por fusión,11
6716,Galicia,201609,Por fusión,4
6717,Galicia,201608,Por fusión,5
6718,Galicia,201607,Por fusión,5
6719,Galicia,201606,Por fusión,4
6720,Galicia,201605,Por fusión,4
6721,Galicia,201604,Por fusión,3
6722,Galicia,201603,Por fusión,11
6723,Galicia,201602,Por fusión,5
6724,Galicia,201601,Por fusión,18
6725,Galicia,201512,Por fusión,12
6726,Galicia,201511,Por fusión,23
6727,Galicia,201510,Por fusión,8
6728,Galicia,201509,Por fusión,8
6729,Galicia,201508,Por fusión,3
6730,Galicia,201507,Por fusión,11
6731,Galicia,201506,Por fusión,3
6732,Galicia,201505,Por fusión,4
6733,Galicia,201504,Por fusión,3
6734,Galicia,201503,Por fusión,6
6735,Galicia,201502,Por fusión,7
6736,Galicia,201501,Por fusión,16
6737,Galicia,201412,Por fusión,11
6738,Galicia,201411,Por fusión,5
6739,Galicia,201410,Por fusión,8
6740,Galicia,201409,Por fusión,9
6741,Galicia,201408,Por fusión,7
6742,Galicia,201407,Por fusión,7
6743,Galicia,201406,Por fusión,0
6744,Galicia,201405,Por fusión,5
6745,Galicia,201404,Por fusión,2
6746,Galicia,201403,Por fusión,5
6747,Galicia,201402,Por fusión,6
6748,Galicia,201401,Por fusión,21
6749,Galicia,201312,Por fusión,8
6750,Galicia,201311,Por fusión,10
6751,Galicia,201310,Por fusión,20
6752,Galicia,201309,Por fusión,16
6753,Galicia,201308,Por fusión,5
6754,Galicia,201307,Por fusión,11
6755,Galicia,201306,Por fusión,7
6756,Galicia,201305,Por fusión,1
6757,Galicia,201304,Por fusión,2
6758,Galicia,201303,Por fusión,4
6759,Galicia,201302,Por fusión,6
6760,Galicia,201301,Por fusión,16
6761,Galicia,201212,Por fusión,6
6762,Galicia,201211,Por fusión,25
6763,Galicia,201210,Por fusión,6
6764,Galicia,201209,Por fusión,4
6765,Galicia,201208,Por fusión,2
6766,Galicia,201207,Por fusión,5
6767,Galicia,201206,Por fusión,11
6768,Galicia,201205,Por fusión,1
6769,Galicia,201204,Por fusión,7
6770,Galicia,201203,Por fusión,9
6771,Galicia,201202,Por fusión,15
6772,Galicia,201201,Por fusión,19
6773,Galicia,201112,Por fusión,10
6774,Galicia,201111,Por fusión,4
6775,Galicia,201110,Por fusión,31
6776,Galicia,201109,Por fusión,13
6777,Galicia,201108,Por fusión,8
6778,Galicia,201107,Por fusión,10
6779,Galicia,201106,Por fusión,7
6780,Galicia,201105,Por fusión,3
6781,Galicia,201104,Por fusión,1
6782,Galicia,201103,Por fusión,1
6783,Galicia,201102,Por fusión,7
6784,Galicia,201101,Por fusión,16
6785,Galicia,201012,Por fusión,14
6786,Galicia,201011,Por fusión,6
6787,Galicia,201010,Por fusión,12
6788,Galicia,201009,Por fusión,5
6789,Galicia,201008,Por fusión,4
6790,Galicia,201007,Por fusión,11
6791,Galicia,201006,Por fusión,5
6792,Galicia,201005,Por fusión,16
6793,Galicia,201004,Por fusión,4
6794,Galicia,201003,Por fusión,11
6795,Galicia,201002,Por fusión,10
6796,Galicia,201001,Por fusión,16
6797,Galicia,200912,Por fusión,32
6798,Galicia,200911,Por fusión,7
6799,Galicia,200910,Por fusión,11
6800,Galicia,200909,Por fusión,11
6801,Galicia,200908,Por fusión,10
6802,Galicia,200907,Por fusión,13
6803,Galicia,200906,Por fusión,1
6804,Galicia,200905,Por fusión,4
6805,Galicia,200904,Por fusión,4
6806,Galicia,200903,Por fusión,2
6807,Galicia,200902,Por fusión,7
6808,Galicia,200901,Por fusión,14
6809,Galicia,200812,Por fusión,22
6810,Galicia,200811,Por fusión,19
6811,Galicia,200810,Por fusión,12
6812,Galicia,200809,Por fusión,5
6813,Galicia,200808,Por fusión,8
6814,Galicia,200807,Por fusión,6
6815,Galicia,200806,Por fusión,9
6816,Galicia,200805,Por fusión,3
6817,Galicia,200804,Por fusión,3
6818,Galicia,200803,Por fusión,9
6819,Galicia,200802,Por fusión,2
6820,Galicia,200801,Por fusión,10
6821,"Madrid, Comunidad de",202604,Por fusión,204
6822,"Madrid, Comunidad de",202603,Por fusión,33
6823,"Madrid, Comunidad de",202602,Por fusión,53
6824,"Madrid, Comunidad de",202601,Por fusión,117
6825,"Madrid, Comunidad de",202512,Por fusión,174
6826,"Madrid, Comunidad de",202511,Por fusión,85
6827,"Madrid, Comunidad de",202510,Por fusión,82
6828,"Madrid, Comunidad de",202509,Por fusión,88
6829,"Madrid, Comunidad de",202508,Por fusión,72
6830,"Madrid, Comunidad de",202507,Por fusión,72
6831,"Madrid, Comunidad de",202506,Por fusión,57
6832,"Madrid, Comunidad de",202505,Por fusión,50
6833,"Madrid, Comunidad de",202504,Por fusión,23
6834,"Madrid, Comunidad de",202503,Por fusión,66
6835,"Madrid, Comunidad de",202502,Por fusión,59
6836,"Madrid, Comunidad de",202501,Por fusión,135
6837,"Madrid, Comunidad de",202412,Por fusión,94
6838,"Madrid, Comunidad de",202411,Por fusión,83
6839,"Madrid, Comunidad de",202410,Por fusión,193
6840,"Madrid, Comunidad de",202409,Por fusión,48
6841,"Madrid, Comunidad de",202408,Por fusión,56
6842,"Madrid, Comunidad de",202407,Por fusión,75
6843,"Madrid, Comunidad de",202406,Por fusión,73
6844,"Madrid, Comunidad de",202405,Por fusión,19
6845,"Madrid, Comunidad de",202404,Por fusión,42
6846,"Madrid, Comunidad de",202403,Por fusión,35
6847,"Madrid, Comunidad de",202402,Por fusión,62
6848,"Madrid, Comunidad de",202401,Por fusión,133
6849,"Madrid, Comunidad de",202312,Por fusión,74
6850,"Madrid, Comunidad de",202311,Por fusión,78
6851,"Madrid, Comunidad de",202310,Por fusión,169
6852,"Madrid, Comunidad de",202309,Por fusión,58
6853,"Madrid, Comunidad de",202308,Por fusión,84
6854,"Madrid, Comunidad de",202307,Por fusión,53
6855,"Madrid, Comunidad de",202306,Por fusión,48
6856,"Madrid, Comunidad de",202305,Por fusión,28
6857,"Madrid, Comunidad de",202304,Por fusión,46
6858,"Madrid, Comunidad de",202303,Por fusión,112
6859,"Madrid, Comunidad de",202302,Por fusión,92
6860,"Madrid, Comunidad de",202301,Por fusión,257
6861,"Madrid, Comunidad de",202212,Por fusión,107
6862,"Madrid, Comunidad de",202211,Por fusión,178
6863,"Madrid, Comunidad de",202210,Por fusión,122
6864,"Madrid, Comunidad de",202209,Por fusión,49
6865,"Madrid, Comunidad de",202208,Por fusión,107
6866,"Madrid, Comunidad de",202207,Por fusión,98
6867,"Madrid, Comunidad de",202206,Por fusión,59
6868,"Madrid, Comunidad de",202205,Por fusión,70
6869,"Madrid, Comunidad de",202204,Por fusión,160
6870,"Madrid, Comunidad de",202203,Por fusión,446
6871,"Madrid, Comunidad de",202202,Por fusión,76
6872,"Madrid, Comunidad de",202201,Por fusión,123
6873,"Madrid, Comunidad de",202112,Por fusión,127
6874,"Madrid, Comunidad de",202111,Por fusión,166
6875,"Madrid, Comunidad de",202110,Por fusión,230
6876,"Madrid, Comunidad de",202109,Por fusión,67
6877,"Madrid, Comunidad de",202108,Por fusión,38
6878,"Madrid, Comunidad de",202107,Por fusión,99
6879,"Madrid, Comunidad de",202106,Por fusión,34
6880,"Madrid, Comunidad de",202105,Por fusión,27
6881,"Madrid, Comunidad de",202104,Por fusión,216
6882,"Madrid, Comunidad de",202103,Por fusión,52
6883,"Madrid, Comunidad de",202102,Por fusión,109
6884,"Madrid, Comunidad de",202101,Por fusión,205
6885,"Madrid, Comunidad de",202012,Por fusión,217
6886,"Madrid, Comunidad de",202011,Por fusión,275
6887,"Madrid, Comunidad de",202010,Por fusión,91
6888,"Madrid, Comunidad de",202009,Por fusión,266
6889,"Madrid, Comunidad de",202008,Por fusión,57
6890,"Madrid, Comunidad de",202007,Por fusión,90
6891,"Madrid, Comunidad de",202006,Por fusión,65
6892,"Madrid, Comunidad de",202005,Por fusión,38
6893,"Madrid, Comunidad de",202004,Por fusión,19
6894,"Madrid, Comunidad de",202003,Por fusión,56
6895,"Madrid, Comunidad de",202002,Por fusión,205
6896,"Madrid, Comunidad de",202001,Por fusión,233
6897,"Madrid, Comunidad de",201912,Por fusión,132
6898,"Madrid, Comunidad de",201911,Por fusión,70
6899,"Madrid, Comunidad de",201910,Por fusión,121
6900,"Madrid, Comunidad de",201909,Por fusión,152
6901,"Madrid, Comunidad de",201908,Por fusión,35
6902,"Madrid, Comunidad de",201907,Por fusión,88
6903,"Madrid, Comunidad de",201906,Por fusión,28
6904,"Madrid, Comunidad de",201905,Por fusión,139
6905,"Madrid, Comunidad de",201904,Por fusión,36
6906,"Madrid, Comunidad de",201903,Por fusión,129
6907,"Madrid, Comunidad de",201902,Por fusión,47
6908,"Madrid, Comunidad de",201901,Por fusión,214
6909,"Madrid, Comunidad de",201812,Por fusión,70
6910,"Madrid, Comunidad de",201811,Por fusión,110
6911,"Madrid, Comunidad de",201810,Por fusión,104
6912,"Madrid, Comunidad de",201809,Por fusión,64
6913,"Madrid, Comunidad de",201808,Por fusión,103
6914,"Madrid, Comunidad de",201807,Por fusión,199
6915,"Madrid, Comunidad de",201806,Por fusión,37
6916,"Madrid, Comunidad de",201805,Por fusión,116
6917,"Madrid, Comunidad de",201804,Por fusión,36
6918,"Madrid, Comunidad de",201803,Por fusión,48
6919,"Madrid, Comunidad de",201802,Por fusión,72
6920,"Madrid, Comunidad de",201801,Por fusión,204
6921,"Madrid, Comunidad de",201712,Por fusión,133
6922,"Madrid, Comunidad de",201711,Por fusión,72
6923,"Madrid, Comunidad de",201710,Por fusión,84
6924,"Madrid, Comunidad de",201709,Por fusión,93
6925,"Madrid, Comunidad de",201708,Por fusión,37
6926,"Madrid, Comunidad de",201707,Por fusión,103
6927,"Madrid, Comunidad de",201706,Por fusión,30
6928,"Madrid, Comunidad de",201705,Por fusión,28
6929,"Madrid, Comunidad de",201704,Por fusión,19
6930,"Madrid, Comunidad de",201703,Por fusión,66
6931,"Madrid, Comunidad de",201702,Por fusión,75
6932,"Madrid, Comunidad de",201701,Por fusión,152
6933,"Madrid, Comunidad de",201612,Por fusión,145
6934,"Madrid, Comunidad de",201611,Por fusión,50
6935,"Madrid, Comunidad de",201610,Por fusión,100
6936,"Madrid, Comunidad de",201609,Por fusión,52
6937,"Madrid, Comunidad de",201608,Por fusión,110
6938,"Madrid, Comunidad de",201607,Por fusión,39
6939,"Madrid, Comunidad de",201606,Por fusión,83
6940,"Madrid, Comunidad de",201605,Por fusión,34
6941,"Madrid, Comunidad de",201604,Por fusión,46
6942,"Madrid, Comunidad de",201603,Por fusión,69
6943,"Madrid, Comunidad de",201602,Por fusión,59
6944,"Madrid, Comunidad de",201601,Por fusión,228
6945,"Madrid, Comunidad de",201512,Por fusión,128
6946,"Madrid, Comunidad de",201511,Por fusión,101
6947,"Madrid, Comunidad de",201510,Por fusión,76
6948,"Madrid, Comunidad de",201509,Por fusión,43
6949,"Madrid, Comunidad de",201508,Por fusión,35
6950,"Madrid, Comunidad de",201507,Por fusión,34
6951,"Madrid, Comunidad de",201506,Por fusión,43
6952,"Madrid, Comunidad de",201505,Por fusión,19
6953,"Madrid, Comunidad de",201504,Por fusión,43
6954,"Madrid, Comunidad de",201503,Por fusión,46
6955,"Madrid, Comunidad de",201502,Por fusión,36
6956,"Madrid, Comunidad de",201501,Por fusión,64
6957,"Madrid, Comunidad de",201412,Por fusión,49
6958,"Madrid, Comunidad de",201411,Por fusión,26
6959,"Madrid, Comunidad de",201410,Por fusión,83
6960,"Madrid, Comunidad de",201409,Por fusión,48
6961,"Madrid, Comunidad de",201408,Por fusión,52
6962,"Madrid, Comunidad de",201407,Por fusión,32
6963,"Madrid, Comunidad de",201406,Por fusión,26
6964,"Madrid, Comunidad de",201405,Por fusión,17
6965,"Madrid, Comunidad de",201404,Por fusión,21
6966,"Madrid, Comunidad de",201403,Por fusión,40
6967,"Madrid, Comunidad de",201402,Por fusión,50
6968,"Madrid, Comunidad de",201401,Por fusión,96
6969,"Madrid, Comunidad de",201312,Por fusión,70
6970,"Madrid, Comunidad de",201311,Por fusión,47
6971,"Madrid, Comunidad de",201310,Por fusión,130
6972,"Madrid, Comunidad de",201309,Por fusión,39
6973,"Madrid, Comunidad de",201308,Por fusión,21
6974,"Madrid, Comunidad de",201307,Por fusión,43
6975,"Madrid, Comunidad de",201306,Por fusión,38
6976,"Madrid, Comunidad de",201305,Por fusión,18
6977,"Madrid, Comunidad de",201304,Por fusión,28
6978,"Madrid, Comunidad de",201303,Por fusión,13
6979,"Madrid, Comunidad de",201302,Por fusión,65
6980,"Madrid, Comunidad de",201301,Por fusión,83
6981,"Madrid, Comunidad de",201212,Por fusión,59
6982,"Madrid, Comunidad de",201211,Por fusión,60
6983,"Madrid, Comunidad de",201210,Por fusión,68
6984,"Madrid, Comunidad de",201209,Por fusión,28
6985,"Madrid, Comunidad de",201208,Por fusión,21
6986,"Madrid, Comunidad de",201207,Por fusión,71
6987,"Madrid, Comunidad de",201206,Por fusión,42
6988,"Madrid, Comunidad de",201205,Por fusión,33
6989,"Madrid, Comunidad de",201204,Por fusión,19
6990,"Madrid, Comunidad de",201203,Por fusión,59
6991,"Madrid, Comunidad de",201202,Por fusión,36
6992,"Madrid, Comunidad de",201201,Por fusión,125
6993,"Madrid, Comunidad de",201112,Por fusión,99
6994,"Madrid, Comunidad de",201111,Por fusión,46
6995,"Madrid, Comunidad de",201110,Por fusión,82
6996,"Madrid, Comunidad de",201109,Por fusión,73
6997,"Madrid, Comunidad de",201108,Por fusión,31
6998,"Madrid, Comunidad de",201107,Por fusión,45
6999,"Madrid, Comunidad de",201106,Por fusión,42
7000,"Madrid, Comunidad de",201105,Por fusión,37
7001,"Madrid, Comunidad de",201104,Por fusión,19
7002,"Madrid, Comunidad de",201103,Por fusión,31
7003,"Madrid, Comunidad de",201102,Por fusión,57
7004,"Madrid, Comunidad de",201101,Por fusión,131
7005,"Madrid, Comunidad de",201012,Por fusión,100
7006,"Madrid, Comunidad de",201011,Por fusión,70
7007,"Madrid, Comunidad de",201010,Por fusión,70
7008,"Madrid, Comunidad de",201009,Por fusión,51
7009,"Madrid, Comunidad de",201008,Por fusión,45
7010,"Madrid, Comunidad de",201007,Por fusión,43
7011,"Madrid, Comunidad de",201006,Por fusión,31
7012,"Madrid, Comunidad de",201005,Por fusión,38
7013,"Madrid, Comunidad de",201004,Por fusión,33
7014,"Madrid, Comunidad de",201003,Por fusión,35
7015,"Madrid, Comunidad de",201002,Por fusión,49
7016,"Madrid, Comunidad de",201001,Por fusión,64
7017,"Madrid, Comunidad de",200912,Por fusión,109
7018,"Madrid, Comunidad de",200911,Por fusión,109
7019,"Madrid, Comunidad de",200910,Por fusión,88
7020,"Madrid, Comunidad de",200909,Por fusión,63
7021,"Madrid, Comunidad de",200908,Por fusión,59
7022,"Madrid, Comunidad de",200907,Por fusión,55
7023,"Madrid, Comunidad de",200906,Por fusión,31
7024,"Madrid, Comunidad de",200905,Por fusión,21
7025,"Madrid, Comunidad de",200904,Por fusión,9
7026,"Madrid, Comunidad de",200903,Por fusión,40
7027,"Madrid, Comunidad de",200902,Por fusión,43
7028,"Madrid, Comunidad de",200901,Por fusión,78
7029,"Madrid, Comunidad de",200812,Por fusión,71
7030,"Madrid, Comunidad de",200811,Por fusión,71
7031,"Madrid, Comunidad de",200810,Por fusión,80
7032,"Madrid, Comunidad de",200809,Por fusión,152
7033,"Madrid, Comunidad de",200808,Por fusión,39
7034,"Madrid, Comunidad de",200807,Por fusión,115
7035,"Madrid, Comunidad de",200806,Por fusión,18
7036,"Madrid, Comunidad de",200805,Por fusión,40
7037,"Madrid, Comunidad de",200804,Por fusión,30
7038,"Madrid, Comunidad de",200803,Por fusión,26
7039,"Madrid, Comunidad de",200802,Por fusión,35
7040,"Madrid, Comunidad de",200801,Por fusión,61
7041,"Murcia, Región de",202604,Por fusión,1
7042,"Murcia, Región de",202603,Por fusión,11
7043,"Murcia, Región de",202602,Por fusión,4
7044,"Murcia, Región de",202601,Por fusión,12
7045,"Murcia, Región de",202512,Por fusión,11
7046,"Murcia, Región de",202511,Por fusión,5
7047,"Murcia, Región de",202510,Por fusión,3
7048,"Murcia, Región de",202509,Por fusión,9
7049,"Murcia, Región de",202508,Por fusión,7
7050,"Murcia, Región de",202507,Por fusión,11
7051,"Murcia, Región de",202506,Por fusión,1
7052,"Murcia, Región de",202505,Por fusión,2
7053,"Murcia, Región de",202504,Por fusión,1
7054,"Murcia, Región de",202503,Por fusión,11
7055,"Murcia, Región de",202502,Por fusión,13
7056,"Murcia, Región de",202501,Por fusión,5
7057,"Murcia, Región de",202412,Por fusión,2
7058,"Murcia, Región de",202411,Por fusión,3
7059,"Murcia, Región de",202410,Por fusión,5
7060,"Murcia, Región de",202409,Por fusión,0
7061,"Murcia, Región de",202408,Por fusión,1
7062,"Murcia, Región de",202407,Por fusión,9
7063,"Murcia, Región de",202406,Por fusión,1
7064,"Murcia, Región de",202405,Por fusión,0
7065,"Murcia, Región de",202404,Por fusión,4
7066,"Murcia, Región de",202403,Por fusión,5
7067,"Murcia, Región de",202402,Por fusión,2
7068,"Murcia, Región de",202401,Por fusión,14
7069,"Murcia, Región de",202312,Por fusión,2
7070,"Murcia, Región de",202311,Por fusión,2
7071,"Murcia, Región de",202310,Por fusión,6
7072,"Murcia, Región de",202309,Por fusión,5
7073,"Murcia, Región de",202308,Por fusión,1
7074,"Murcia, Región de",202307,Por fusión,4
7075,"Murcia, Región de",202306,Por fusión,3
7076,"Murcia, Región de",202305,Por fusión,2
7077,"Murcia, Región de",202304,Por fusión,2
7078,"Murcia, Región de",202303,Por fusión,5
7079,"Murcia, Región de",202302,Por fusión,6
7080,"Murcia, Región de",202301,Por fusión,1
7081,"Murcia, Región de",202212,Por fusión,2
7082,"Murcia, Región de",202211,Por fusión,5
7083,"Murcia, Región de",202210,Por fusión,7
7084,"Murcia, Región de",202209,Por fusión,5
7085,"Murcia, Región de",202208,Por fusión,2
7086,"Murcia, Región de",202207,Por fusión,5
7087,"Murcia, Región de",202206,Por fusión,2
7088,"Murcia, Región de",202205,Por fusión,1
7089,"Murcia, Región de",202204,Por fusión,5
7090,"Murcia, Región de",202203,Por fusión,8
7091,"Murcia, Región de",202202,Por fusión,1
7092,"Murcia, Región de",202201,Por fusión,2
7093,"Murcia, Región de",202112,Por fusión,2
7094,"Murcia, Región de",202111,Por fusión,5
7095,"Murcia, Región de",202110,Por fusión,5
7096,"Murcia, Región de",202109,Por fusión,0
7097,"Murcia, Región de",202108,Por fusión,0
7098,"Murcia, Región de",202107,Por fusión,1
7099,"Murcia, Región de",202106,Por fusión,1
7100,"Murcia, Región de",202105,Por fusión,0
7101,"Murcia, Región de",202104,Por fusión,0
7102,"Murcia, Región de",202103,Por fusión,4
7103,"Murcia, Región de",202102,Por fusión,6
7104,"Murcia, Región de",202101,Por fusión,8
7105,"Murcia, Región de",202012,Por fusión,8
7106,"Murcia, Región de",202011,Por fusión,4
7107,"Murcia, Región de",202010,Por fusión,0
7108,"Murcia, Región de",202009,Por fusión,5
7109,"Murcia, Región de",202008,Por fusión,5
7110,"Murcia, Región de",202007,Por fusión,2
7111,"Murcia, Región de",202006,Por fusión,3
7112,"Murcia, Región de",202005,Por fusión,2
7113,"Murcia, Región de",202004,Por fusión,2
7114,"Murcia, Región de",202003,Por fusión,0
7115,"Murcia, Región de",202002,Por fusión,3
7116,"Murcia, Región de",202001,Por fusión,12
7117,"Murcia, Región de",201912,Por fusión,3
7118,"Murcia, Región de",201911,Por fusión,0
7119,"Murcia, Región de",201910,Por fusión,5
7120,"Murcia, Región de",201909,Por fusión,2
7121,"Murcia, Región de",201908,Por fusión,3
7122,"Murcia, Región de",201907,Por fusión,1
7123,"Murcia, Región de",201906,Por fusión,2
7124,"Murcia, Región de",201905,Por fusión,2
7125,"Murcia, Región de",201904,Por fusión,0
7126,"Murcia, Región de",201903,Por fusión,0
7127,"Murcia, Región de",201902,Por fusión,3
7128,"Murcia, Región de",201901,Por fusión,9
7129,"Murcia, Región de",201812,Por fusión,1
7130,"Murcia, Región de",201811,Por fusión,4
7131,"Murcia, Región de",201810,Por fusión,6
7132,"Murcia, Región de",201809,Por fusión,4
7133,"Murcia, Región de",201808,Por fusión,10
7134,"Murcia, Región de",201807,Por fusión,1
7135,"Murcia, Región de",201806,Por fusión,3
7136,"Murcia, Región de",201805,Por fusión,4
7137,"Murcia, Región de",201804,Por fusión,0
7138,"Murcia, Región de",201803,Por fusión,3
7139,"Murcia, Región de",201802,Por fusión,5
7140,"Murcia, Región de",201801,Por fusión,10
7141,"Murcia, Región de",201712,Por fusión,3
7142,"Murcia, Región de",201711,Por fusión,4
7143,"Murcia, Región de",201710,Por fusión,2
7144,"Murcia, Región de",201709,Por fusión,1
7145,"Murcia, Región de",201708,Por fusión,3
7146,"Murcia, Región de",201707,Por fusión,4
7147,"Murcia, Región de",201706,Por fusión,6
7148,"Murcia, Región de",201705,Por fusión,0
7149,"Murcia, Región de",201704,Por fusión,4
7150,"Murcia, Región de",201703,Por fusión,0
7151,"Murcia, Región de",201702,Por fusión,3
7152,"Murcia, Región de",201701,Por fusión,5
7153,"Murcia, Región de",201612,Por fusión,4
7154,"Murcia, Región de",201611,Por fusión,2
7155,"Murcia, Región de",201610,Por fusión,2
7156,"Murcia, Región de",201609,Por fusión,2
7157,"Murcia, Región de",201608,Por fusión,3
7158,"Murcia, Región de",201607,Por fusión,4
7159,"Murcia, Región de",201606,Por fusión,1
7160,"Murcia, Región de",201605,Por fusión,6
7161,"Murcia, Región de",201604,Por fusión,0
7162,"Murcia, Región de",201603,Por fusión,1
7163,"Murcia, Región de",201602,Por fusión,1
7164,"Murcia, Región de",201601,Por fusión,8
7165,"Murcia, Región de",201512,Por fusión,9
7166,"Murcia, Región de",201511,Por fusión,4
7167,"Murcia, Región de",201510,Por fusión,1
7168,"Murcia, Región de",201509,Por fusión,2
7169,"Murcia, Región de",201508,Por fusión,1
7170,"Murcia, Región de",201507,Por fusión,3
7171,"Murcia, Región de",201506,Por fusión,1
7172,"Murcia, Región de",201505,Por fusión,0
7173,"Murcia, Región de",201504,Por fusión,2
7174,"Murcia, Región de",201503,Por fusión,2
7175,"Murcia, Región de",201502,Por fusión,20
7176,"Murcia, Región de",201501,Por fusión,4
7177,"Murcia, Región de",201412,Por fusión,3
7178,"Murcia, Región de",201411,Por fusión,5
7179,"Murcia, Región de",201410,Por fusión,2
7180,"Murcia, Región de",201409,Por fusión,4
7181,"Murcia, Región de",201408,Por fusión,1
7182,"Murcia, Región de",201407,Por fusión,0
7183,"Murcia, Región de",201406,Por fusión,6
7184,"Murcia, Región de",201405,Por fusión,3
7185,"Murcia, Región de",201404,Por fusión,0
7186,"Murcia, Región de",201403,Por fusión,2
7187,"Murcia, Región de",201402,Por fusión,1
7188,"Murcia, Región de",201401,Por fusión,3
7189,"Murcia, Región de",201312,Por fusión,4
7190,"Murcia, Región de",201311,Por fusión,3
7191,"Murcia, Región de",201310,Por fusión,8
7192,"Murcia, Región de",201309,Por fusión,0
7193,"Murcia, Región de",201308,Por fusión,1
7194,"Murcia, Región de",201307,Por fusión,1
7195,"Murcia, Región de",201306,Por fusión,1
7196,"Murcia, Región de",201305,Por fusión,0
7197,"Murcia, Región de",201304,Por fusión,4
7198,"Murcia, Región de",201303,Por fusión,1
7199,"Murcia, Región de",201302,Por fusión,4
7200,"Murcia, Región de",201301,Por fusión,3
7201,"Murcia, Región de",201212,Por fusión,1
7202,"Murcia, Región de",201211,Por fusión,5
7203,"Murcia, Región de",201210,Por fusión,2
7204,"Murcia, Región de",201209,Por fusión,0
7205,"Murcia, Región de",201208,Por fusión,0
7206,"Murcia, Región de",201207,Por fusión,2
7207,"Murcia, Región de",201206,Por fusión,2
7208,"Murcia, Región de",201205,Por fusión,2
7209,"Murcia, Región de",201204,Por fusión,0
7210,"Murcia, Región de",201203,Por fusión,1
7211,"Murcia, Región de",201202,Por fusión,1
7212,"Murcia, Región de",201201,Por fusión,3
7213,"Murcia, Región de",201112,Por fusión,7
7214,"Murcia, Región de",201111,Por fusión,0
7215,"Murcia, Región de",201110,Por fusión,0
7216,"Murcia, Región de",201109,Por fusión,1
7217,"Murcia, Región de",201108,Por fusión,1
7218,"Murcia, Región de",201107,Por fusión,6
7219,"Murcia, Región de",201106,Por fusión,1
7220,"Murcia, Región de",201105,Por fusión,3
7221,"Murcia, Región de",201104,Por fusión,2
7222,"Murcia, Región de",201103,Por fusión,4
7223,"Murcia, Región de",201102,Por fusión,2
7224,"Murcia, Región de",201101,Por fusión,2
7225,"Murcia, Región de",201012,Por fusión,4
7226,"Murcia, Región de",201011,Por fusión,5
7227,"Murcia, Región de",201010,Por fusión,4
7228,"Murcia, Región de",201009,Por fusión,4
7229,"Murcia, Región de",201008,Por fusión,1
7230,"Murcia, Región de",201007,Por fusión,1
7231,"Murcia, Región de",201006,Por fusión,1
7232,"Murcia, Región de",201005,Por fusión,3
7233,"Murcia, Región de",201004,Por fusión,11
7234,"Murcia, Región de",201003,Por fusión,0
7235,"Murcia, Región de",201002,Por fusión,2
7236,"Murcia, Región de",201001,Por fusión,7
7237,"Murcia, Región de",200912,Por fusión,3
7238,"Murcia, Región de",200911,Por fusión,11
7239,"Murcia, Región de",200910,Por fusión,16
7240,"Murcia, Región de",200909,Por fusión,3
7241,"Murcia, Región de",200908,Por fusión,1
7242,"Murcia, Región de",200907,Por fusión,1
7243,"Murcia, Región de",200906,Por fusión,2
7244,"Murcia, Región de",200905,Por fusión,2
7245,"Murcia, Región de",200904,Por fusión,2
7246,"Murcia, Región de",200903,Por fusión,3
7247,"Murcia, Región de",200902,Por fusión,7
7248,"Murcia, Región de",200901,Por fusión,4
7249,"Murcia, Región de",200812,Por fusión,3
7250,"Murcia, Región de",200811,Por fusión,1
7251,"Murcia, Región de",200810,Por fusión,0
7252,"Murcia, Región de",200809,Por fusión,1
7253,"Murcia, Región de",200808,Por fusión,2
7254,"Murcia, Región de",200807,Por fusión,0
7255,"Murcia, Región de",200806,Por fusión,2
7256,"Murcia, Región de",200805,Por fusión,1
7257,"Murcia, Región de",200804,Por fusión,7
7258,"Murcia, Región de",200803,Por fusión,6
7259,"Murcia, Región de",200802,Por fusión,0
7260,"Murcia, Región de",200801,Por fusión,7
7261,"Navarra, Comunidad Foral de",202604,Por fusión,5
7262,"Navarra, Comunidad Foral de",202603,Por fusión,1
7263,"Navarra, Comunidad Foral de",202602,Por fusión,3
7264,"Navarra, Comunidad Foral de",202601,Por fusión,0
7265,"Navarra, Comunidad Foral de",202512,Por fusión,3
7266,"Navarra, Comunidad Foral de",202511,Por fusión,4
7267,"Navarra, Comunidad Foral de",202510,Por fusión,5
7268,"Navarra, Comunidad Foral de",202509,Por fusión,4
7269,"Navarra, Comunidad Foral de",202508,Por fusión,1
7270,"Navarra, Comunidad Foral de",202507,Por fusión,1
7271,"Navarra, Comunidad Foral de",202506,Por fusión,3
7272,"Navarra, Comunidad Foral de",202505,Por fusión,1
7273,"Navarra, Comunidad Foral de",202504,Por fusión,1
7274,"Navarra, Comunidad Foral de",202503,Por fusión,4
7275,"Navarra, Comunidad Foral de",202502,Por fusión,15
7276,"Navarra, Comunidad Foral de",202501,Por fusión,6
7277,"Navarra, Comunidad Foral de",202412,Por fusión,2
7278,"Navarra, Comunidad Foral de",202411,Por fusión,3
7279,"Navarra, Comunidad Foral de",202410,Por fusión,3
7280,"Navarra, Comunidad Foral de",202409,Por fusión,5
7281,"Navarra, Comunidad Foral de",202408,Por fusión,0
7282,"Navarra, Comunidad Foral de",202407,Por fusión,0
7283,"Navarra, Comunidad Foral de",202406,Por fusión,0
7284,"Navarra, Comunidad Foral de",202405,Por fusión,1
7285,"Navarra, Comunidad Foral de",202404,Por fusión,0
7286,"Navarra, Comunidad Foral de",202403,Por fusión,3
7287,"Navarra, Comunidad Foral de",202402,Por fusión,6
7288,"Navarra, Comunidad Foral de",202401,Por fusión,5
7289,"Navarra, Comunidad Foral de",202312,Por fusión,3
7290,"Navarra, Comunidad Foral de",202311,Por fusión,3
7291,"Navarra, Comunidad Foral de",202310,Por fusión,1
7292,"Navarra, Comunidad Foral de",202309,Por fusión,4
7293,"Navarra, Comunidad Foral de",202308,Por fusión,2
7294,"Navarra, Comunidad Foral de",202307,Por fusión,2
7295,"Navarra, Comunidad Foral de",202306,Por fusión,1
7296,"Navarra, Comunidad Foral de",202305,Por fusión,3
7297,"Navarra, Comunidad Foral de",202304,Por fusión,2
7298,"Navarra, Comunidad Foral de",202303,Por fusión,1
7299,"Navarra, Comunidad Foral de",202302,Por fusión,181
7300,"Navarra, Comunidad Foral de",202301,Por fusión,29
7301,"Navarra, Comunidad Foral de",202212,Por fusión,5
7302,"Navarra, Comunidad Foral de",202211,Por fusión,2
7303,"Navarra, Comunidad Foral de",202210,Por fusión,6
7304,"Navarra, Comunidad Foral de",202209,Por fusión,4
7305,"Navarra, Comunidad Foral de",202208,Por fusión,2
7306,"Navarra, Comunidad Foral de",202207,Por fusión,4
7307,"Navarra, Comunidad Foral de",202206,Por fusión,1
7308,"Navarra, Comunidad Foral de",202205,Por fusión,0
7309,"Navarra, Comunidad Foral de",202204,Por fusión,1
7310,"Navarra, Comunidad Foral de",202203,Por fusión,5
7311,"Navarra, Comunidad Foral de",202202,Por fusión,20
7312,"Navarra, Comunidad Foral de",202201,Por fusión,12
7313,"Navarra, Comunidad Foral de",202112,Por fusión,1
7314,"Navarra, Comunidad Foral de",202111,Por fusión,2
7315,"Navarra, Comunidad Foral de",202110,Por fusión,2
7316,"Navarra, Comunidad Foral de",202109,Por fusión,2
7317,"Navarra, Comunidad Foral de",202108,Por fusión,0
7318,"Navarra, Comunidad Foral de",202107,Por fusión,1
7319,"Navarra, Comunidad Foral de",202106,Por fusión,1
7320,"Navarra, Comunidad Foral de",202105,Por fusión,1
7321,"Navarra, Comunidad Foral de",202104,Por fusión,3
7322,"Navarra, Comunidad Foral de",202103,Por fusión,4
7323,"Navarra, Comunidad Foral de",202102,Por fusión,1
7324,"Navarra, Comunidad Foral de",202101,Por fusión,4
7325,"Navarra, Comunidad Foral de",202012,Por fusión,6
7326,"Navarra, Comunidad Foral de",202011,Por fusión,5
7327,"Navarra, Comunidad Foral de",202010,Por fusión,24
7328,"Navarra, Comunidad Foral de",202009,Por fusión,2
7329,"Navarra, Comunidad Foral de",202008,Por fusión,0
7330,"Navarra, Comunidad Foral de",202007,Por fusión,2
7331,"Navarra, Comunidad Foral de",202006,Por fusión,1
7332,"Navarra, Comunidad Foral de",202005,Por fusión,0
7333,"Navarra, Comunidad Foral de",202004,Por fusión,2
7334,"Navarra, Comunidad Foral de",202003,Por fusión,0
7335,"Navarra, Comunidad Foral de",202002,Por fusión,2
7336,"Navarra, Comunidad Foral de",202001,Por fusión,2
7337,"Navarra, Comunidad Foral de",201912,Por fusión,5
7338,"Navarra, Comunidad Foral de",201911,Por fusión,2
7339,"Navarra, Comunidad Foral de",201910,Por fusión,0
7340,"Navarra, Comunidad Foral de",201909,Por fusión,0
7341,"Navarra, Comunidad Foral de",201908,Por fusión,4
7342,"Navarra, Comunidad Foral de",201907,Por fusión,1
7343,"Navarra, Comunidad Foral de",201906,Por fusión,3
7344,"Navarra, Comunidad Foral de",201905,Por fusión,1
7345,"Navarra, Comunidad Foral de",201904,Por fusión,1
7346,"Navarra, Comunidad Foral de",201903,Por fusión,3
7347,"Navarra, Comunidad Foral de",201902,Por fusión,5
7348,"Navarra, Comunidad Foral de",201901,Por fusión,7
7349,"Navarra, Comunidad Foral de",201812,Por fusión,8
7350,"Navarra, Comunidad Foral de",201811,Por fusión,3
7351,"Navarra, Comunidad Foral de",201810,Por fusión,3
7352,"Navarra, Comunidad Foral de",201809,Por fusión,4
7353,"Navarra, Comunidad Foral de",201808,Por fusión,3
7354,"Navarra, Comunidad Foral de",201807,Por fusión,2
7355,"Navarra, Comunidad Foral de",201806,Por fusión,4
7356,"Navarra, Comunidad Foral de",201805,Por fusión,2
7357,"Navarra, Comunidad Foral de",201804,Por fusión,1
7358,"Navarra, Comunidad Foral de",201803,Por fusión,6
7359,"Navarra, Comunidad Foral de",201802,Por fusión,14
7360,"Navarra, Comunidad Foral de",201801,Por fusión,6
7361,"Navarra, Comunidad Foral de",201712,Por fusión,2
7362,"Navarra, Comunidad Foral de",201711,Por fusión,3
7363,"Navarra, Comunidad Foral de",201710,Por fusión,9
7364,"Navarra, Comunidad Foral de",201709,Por fusión,0
7365,"Navarra, Comunidad Foral de",201708,Por fusión,0
7366,"Navarra, Comunidad Foral de",201707,Por fusión,3
7367,"Navarra, Comunidad Foral de",201706,Por fusión,1
7368,"Navarra, Comunidad Foral de",201705,Por fusión,5
7369,"Navarra, Comunidad Foral de",201704,Por fusión,3
7370,"Navarra, Comunidad Foral de",201703,Por fusión,2
7371,"Navarra, Comunidad Foral de",201702,Por fusión,3
7372,"Navarra, Comunidad Foral de",201701,Por fusión,8
7373,"Navarra, Comunidad Foral de",201612,Por fusión,7
7374,"Navarra, Comunidad Foral de",201611,Por fusión,6
7375,"Navarra, Comunidad Foral de",201610,Por fusión,6
7376,"Navarra, Comunidad Foral de",201609,Por fusión,0
7377,"Navarra, Comunidad Foral de",201608,Por fusión,4
7378,"Navarra, Comunidad Foral de",201607,Por fusión,0
7379,"Navarra, Comunidad Foral de",201606,Por fusión,4
7380,"Navarra, Comunidad Foral de",201605,Por fusión,1
7381,"Navarra, Comunidad Foral de",201604,Por fusión,8
7382,"Navarra, Comunidad Foral de",201603,Por fusión,6
7383,"Navarra, Comunidad Foral de",201602,Por fusión,21
7384,"Navarra, Comunidad Foral de",201601,Por fusión,3
7385,"Navarra, Comunidad Foral de",201512,Por fusión,5
7386,"Navarra, Comunidad Foral de",201511,Por fusión,1
7387,"Navarra, Comunidad Foral de",201510,Por fusión,3
7388,"Navarra, Comunidad Foral de",201509,Por fusión,6
7389,"Navarra, Comunidad Foral de",201508,Por fusión,0
7390,"Navarra, Comunidad Foral de",201507,Por fusión,4
7391,"Navarra, Comunidad Foral de",201506,Por fusión,5
7392,"Navarra, Comunidad Foral de",201505,Por fusión,1
7393,"Navarra, Comunidad Foral de",201504,Por fusión,3
7394,"Navarra, Comunidad Foral de",201503,Por fusión,3
7395,"Navarra, Comunidad Foral de",201502,Por fusión,2
7396,"Navarra, Comunidad Foral de",201501,Por fusión,1
7397,"Navarra, Comunidad Foral de",201412,Por fusión,4
7398,"Navarra, Comunidad Foral de",201411,Por fusión,3
7399,"Navarra, Comunidad Foral de",201410,Por fusión,3
7400,"Navarra, Comunidad Foral de",201409,Por fusión,1
7401,"Navarra, Comunidad Foral de",201408,Por fusión,1
7402,"Navarra, Comunidad Foral de",201407,Por fusión,3
7403,"Navarra, Comunidad Foral de",201406,Por fusión,1
7404,"Navarra, Comunidad Foral de",201405,Por fusión,0
7405,"Navarra, Comunidad Foral de",201404,Por fusión,2
7406,"Navarra, Comunidad Foral de",201403,Por fusión,3
7407,"Navarra, Comunidad Foral de",201402,Por fusión,2
7408,"Navarra, Comunidad Foral de",201401,Por fusión,17
7409,"Navarra, Comunidad Foral de",201312,Por fusión,4
7410,"Navarra, Comunidad Foral de",201311,Por fusión,3
7411,"Navarra, Comunidad Foral de",201310,Por fusión,0
7412,"Navarra, Comunidad Foral de",201309,Por fusión,1
7413,"Navarra, Comunidad Foral de",201308,Por fusión,1
7414,"Navarra, Comunidad Foral de",201307,Por fusión,0
7415,"Navarra, Comunidad Foral de",201306,Por fusión,1
7416,"Navarra, Comunidad Foral de",201305,Por fusión,1
7417,"Navarra, Comunidad Foral de",201304,Por fusión,2
7418,"Navarra, Comunidad Foral de",201303,Por fusión,1
7419,"Navarra, Comunidad Foral de",201302,Por fusión,2
7420,"Navarra, Comunidad Foral de",201301,Por fusión,16
7421,"Navarra, Comunidad Foral de",201212,Por fusión,3
7422,"Navarra, Comunidad Foral de",201211,Por fusión,4
7423,"Navarra, Comunidad Foral de",201210,Por fusión,3
7424,"Navarra, Comunidad Foral de",201209,Por fusión,4
7425,"Navarra, Comunidad Foral de",201208,Por fusión,8
7426,"Navarra, Comunidad Foral de",201207,Por fusión,0
7427,"Navarra, Comunidad Foral de",201206,Por fusión,5
7428,"Navarra, Comunidad Foral de",201205,Por fusión,2
7429,"Navarra, Comunidad Foral de",201204,Por fusión,2
7430,"Navarra, Comunidad Foral de",201203,Por fusión,2
7431,"Navarra, Comunidad Foral de",201202,Por fusión,11
7432,"Navarra, Comunidad Foral de",201201,Por fusión,8
7433,"Navarra, Comunidad Foral de",201112,Por fusión,3
7434,"Navarra, Comunidad Foral de",201111,Por fusión,15
7435,"Navarra, Comunidad Foral de",201110,Por fusión,15
7436,"Navarra, Comunidad Foral de",201109,Por fusión,6
7437,"Navarra, Comunidad Foral de",201108,Por fusión,3
7438,"Navarra, Comunidad Foral de",201107,Por fusión,0
7439,"Navarra, Comunidad Foral de",201106,Por fusión,6
7440,"Navarra, Comunidad Foral de",201105,Por fusión,2
7441,"Navarra, Comunidad Foral de",201104,Por fusión,1
7442,"Navarra, Comunidad Foral de",201103,Por fusión,6
7443,"Navarra, Comunidad Foral de",201102,Por fusión,7
7444,"Navarra, Comunidad Foral de",201101,Por fusión,3
7445,"Navarra, Comunidad Foral de",201012,Por fusión,2
7446,"Navarra, Comunidad Foral de",201011,Por fusión,1
7447,"Navarra, Comunidad Foral de",201010,Por fusión,4
7448,"Navarra, Comunidad Foral de",201009,Por fusión,1
7449,"Navarra, Comunidad Foral de",201008,Por fusión,2
7450,"Navarra, Comunidad Foral de",201007,Por fusión,2
7451,"Navarra, Comunidad Foral de",201006,Por fusión,1
7452,"Navarra, Comunidad Foral de",201005,Por fusión,2
7453,"Navarra, Comunidad Foral de",201004,Por fusión,4
7454,"Navarra, Comunidad Foral de",201003,Por fusión,2
7455,"Navarra, Comunidad Foral de",201002,Por fusión,3
7456,"Navarra, Comunidad Foral de",201001,Por fusión,5
7457,"Navarra, Comunidad Foral de",200912,Por fusión,3
7458,"Navarra, Comunidad Foral de",200911,Por fusión,1
7459,"Navarra, Comunidad Foral de",200910,Por fusión,6
7460,"Navarra, Comunidad Foral de",200909,Por fusión,5
7461,"Navarra, Comunidad Foral de",200908,Por fusión,2
7462,"Navarra, Comunidad Foral de",200907,Por fusión,0
7463,"Navarra, Comunidad Foral de",200906,Por fusión,1
7464,"Navarra, Comunidad Foral de",200905,Por fusión,0
7465,"Navarra, Comunidad Foral de",200904,Por fusión,4
7466,"Navarra, Comunidad Foral de",200903,Por fusión,1
7467,"Navarra, Comunidad Foral de",200902,Por fusión,5
7468,"Navarra, Comunidad Foral de",200901,Por fusión,3
7469,"Navarra, Comunidad Foral de",200812,Por fusión,7
7470,"Navarra, Comunidad Foral de",200811,Por fusión,10
7471,"Navarra, Comunidad Foral de",200810,Por fusión,1
7472,"Navarra, Comunidad Foral de",200809,Por fusión,1
7473,"Navarra, Comunidad Foral de",200808,Por fusión,0
7474,"Navarra, Comunidad Foral de",200807,Por fusión,1
7475,"Navarra, Comunidad Foral de",200806,Por fusión,3
7476,"Navarra, Comunidad Foral de",200805,Por fusión,0
7477,"Navarra, Comunidad Foral de",200804,Por fusión,1
7478,"Navarra, Comunidad Foral de",200803,Por fusión,2
7479,"Navarra, Comunidad Foral de",200802,Por fusión,4
7480,"Navarra, Comunidad Foral de",200801,Por fusión,5
7481,País Vasco,202604,Por fusión,2
7482,País Vasco,202603,Por fusión,10
7483,País Vasco,202602,Por fusión,11
7484,País Vasco,202601,Por fusión,7
7485,País Vasco,202512,Por fusión,16
7486,País Vasco,202511,Por fusión,6
7487,País Vasco,202510,Por fusión,13
7488,País Vasco,202509,Por fusión,12
7489,País Vasco,202508,Por fusión,7
7490,País Vasco,202507,Por fusión,8
7491,País Vasco,202506,Por fusión,7
7492,País Vasco,202505,Por fusión,5
7493,País Vasco,202504,Por fusión,4
7494,País Vasco,202503,Por fusión,2
7495,País Vasco,202502,Por fusión,11
7496,País Vasco,202501,Por fusión,10
7497,País Vasco,202412,Por fusión,19
7498,País Vasco,202411,Por fusión,19
7499,País Vasco,202410,Por fusión,5
7500,País Vasco,202409,Por fusión,4
7501,País Vasco,202408,Por fusión,9
7502,País Vasco,202407,Por fusión,9
7503,País Vasco,202406,Por fusión,2
7504,País Vasco,202405,Por fusión,2
7505,País Vasco,202404,Por fusión,8
7506,País Vasco,202403,Por fusión,20
7507,País Vasco,202402,Por fusión,11
7508,País Vasco,202401,Por fusión,18
7509,País Vasco,202312,Por fusión,7
7510,País Vasco,202311,Por fusión,14
7511,País Vasco,202310,Por fusión,14
7512,País Vasco,202309,Por fusión,7
7513,País Vasco,202308,Por fusión,6
7514,País Vasco,202307,Por fusión,15
7515,País Vasco,202306,Por fusión,8
7516,País Vasco,202305,Por fusión,8
7517,País Vasco,202304,Por fusión,4
7518,País Vasco,202303,Por fusión,7
7519,País Vasco,202302,Por fusión,10
7520,País Vasco,202301,Por fusión,20
7521,País Vasco,202212,Por fusión,14
7522,País Vasco,202211,Por fusión,10
7523,País Vasco,202210,Por fusión,14
7524,País Vasco,202209,Por fusión,10
7525,País Vasco,202208,Por fusión,7
7526,País Vasco,202207,Por fusión,5
7527,País Vasco,202206,Por fusión,66
7528,País Vasco,202205,Por fusión,5
7529,País Vasco,202204,Por fusión,14
7530,País Vasco,202203,Por fusión,6
7531,País Vasco,202202,Por fusión,7
7532,País Vasco,202201,Por fusión,36
7533,País Vasco,202112,Por fusión,54
7534,País Vasco,202111,Por fusión,14
7535,País Vasco,202110,Por fusión,16
7536,País Vasco,202109,Por fusión,15
7537,País Vasco,202108,Por fusión,7
7538,País Vasco,202107,Por fusión,15
7539,País Vasco,202106,Por fusión,7
7540,País Vasco,202105,Por fusión,6
7541,País Vasco,202104,Por fusión,6
7542,País Vasco,202103,Por fusión,9
7543,País Vasco,202102,Por fusión,28
7544,País Vasco,202101,Por fusión,20
7545,País Vasco,202012,Por fusión,48
7546,País Vasco,202011,Por fusión,6
7547,País Vasco,202010,Por fusión,11
7548,País Vasco,202009,Por fusión,9
7549,País Vasco,202008,Por fusión,14
7550,País Vasco,202007,Por fusión,4
7551,País Vasco,202006,Por fusión,7
7552,País Vasco,202005,Por fusión,3
7553,País Vasco,202004,Por fusión,1
7554,País Vasco,202003,Por fusión,44
7555,País Vasco,202002,Por fusión,8
7556,País Vasco,202001,Por fusión,28
7557,País Vasco,201912,Por fusión,20
7558,País Vasco,201911,Por fusión,4
7559,País Vasco,201910,Por fusión,8
7560,País Vasco,201909,Por fusión,13
7561,País Vasco,201908,Por fusión,8
7562,País Vasco,201907,Por fusión,6
7563,País Vasco,201906,Por fusión,6
7564,País Vasco,201905,Por fusión,4
7565,País Vasco,201904,Por fusión,2
7566,País Vasco,201903,Por fusión,3
7567,País Vasco,201902,Por fusión,15
7568,País Vasco,201901,Por fusión,23
7569,País Vasco,201812,Por fusión,17
7570,País Vasco,201811,Por fusión,7
7571,País Vasco,201810,Por fusión,26
7572,País Vasco,201809,Por fusión,12
7573,País Vasco,201808,Por fusión,4
7574,País Vasco,201807,Por fusión,9
7575,País Vasco,201806,Por fusión,12
7576,País Vasco,201805,Por fusión,7
7577,País Vasco,201804,Por fusión,3
7578,País Vasco,201803,Por fusión,8
7579,País Vasco,201802,Por fusión,16
7580,País Vasco,201801,Por fusión,27
7581,País Vasco,201712,Por fusión,23
7582,País Vasco,201711,Por fusión,11
7583,País Vasco,201710,Por fusión,26
7584,País Vasco,201709,Por fusión,7
7585,País Vasco,201708,Por fusión,7
7586,País Vasco,201707,Por fusión,8
7587,País Vasco,201706,Por fusión,6
7588,País Vasco,201705,Por fusión,6
7589,País Vasco,201704,Por fusión,7
7590,País Vasco,201703,Por fusión,14
7591,País Vasco,201702,Por fusión,10
7592,País Vasco,201701,Por fusión,16
7593,País Vasco,201612,Por fusión,20
7594,País Vasco,201611,Por fusión,13
7595,País Vasco,201610,Por fusión,12
7596,País Vasco,201609,Por fusión,22
7597,País Vasco,201608,Por fusión,6
7598,País Vasco,201607,Por fusión,20
7599,País Vasco,201606,Por fusión,8
7600,País Vasco,201605,Por fusión,12
7601,País Vasco,201604,Por fusión,7
7602,País Vasco,201603,Por fusión,8
7603,País Vasco,201602,Por fusión,13
7604,País Vasco,201601,Por fusión,21
7605,País Vasco,201512,Por fusión,38
7606,País Vasco,201511,Por fusión,19
7607,País Vasco,201510,Por fusión,10
7608,País Vasco,201509,Por fusión,13
7609,País Vasco,201508,Por fusión,8
7610,País Vasco,201507,Por fusión,19
7611,País Vasco,201506,Por fusión,5
7612,País Vasco,201505,Por fusión,5
7613,País Vasco,201504,Por fusión,16
7614,País Vasco,201503,Por fusión,13
7615,País Vasco,201502,Por fusión,18
7616,País Vasco,201501,Por fusión,32
7617,País Vasco,201412,Por fusión,21
7618,País Vasco,201411,Por fusión,14
7619,País Vasco,201410,Por fusión,24
7620,País Vasco,201409,Por fusión,10
7621,País Vasco,201408,Por fusión,4
7622,País Vasco,201407,Por fusión,23
7623,País Vasco,201406,Por fusión,13
7624,País Vasco,201405,Por fusión,6
7625,País Vasco,201404,Por fusión,11
7626,País Vasco,201403,Por fusión,9
7627,País Vasco,201402,Por fusión,23
7628,País Vasco,201401,Por fusión,25
7629,País Vasco,201312,Por fusión,7
7630,País Vasco,201311,Por fusión,13
7631,País Vasco,201310,Por fusión,9
7632,País Vasco,201309,Por fusión,17
7633,País Vasco,201308,Por fusión,8
7634,País Vasco,201307,Por fusión,7
7635,País Vasco,201306,Por fusión,9
7636,País Vasco,201305,Por fusión,2
7637,País Vasco,201304,Por fusión,8
7638,País Vasco,201303,Por fusión,13
7639,País Vasco,201302,Por fusión,27
7640,País Vasco,201301,Por fusión,16
7641,País Vasco,201212,Por fusión,80
7642,País Vasco,201211,Por fusión,11
7643,País Vasco,201210,Por fusión,17
7644,País Vasco,201209,Por fusión,3
7645,País Vasco,201208,Por fusión,9
7646,País Vasco,201207,Por fusión,12
7647,País Vasco,201206,Por fusión,6
7648,País Vasco,201205,Por fusión,6
7649,País Vasco,201204,Por fusión,0
7650,País Vasco,201203,Por fusión,15
7651,País Vasco,201202,Por fusión,8
7652,País Vasco,201201,Por fusión,22
7653,País Vasco,201112,Por fusión,15
7654,País Vasco,201111,Por fusión,6
7655,País Vasco,201110,Por fusión,17
7656,País Vasco,201109,Por fusión,7
7657,País Vasco,201108,Por fusión,7
7658,País Vasco,201107,Por fusión,7
7659,País Vasco,201106,Por fusión,6
7660,País Vasco,201105,Por fusión,8
7661,País Vasco,201104,Por fusión,8
7662,País Vasco,201103,Por fusión,141
7663,País Vasco,201102,Por fusión,16
7664,País Vasco,201101,Por fusión,19
7665,País Vasco,201012,Por fusión,28
7666,País Vasco,201011,Por fusión,17
7667,País Vasco,201010,Por fusión,24
7668,País Vasco,201009,Por fusión,5
7669,País Vasco,201008,Por fusión,11
7670,País Vasco,201007,Por fusión,4
7671,País Vasco,201006,Por fusión,9
7672,País Vasco,201005,Por fusión,12
7673,País Vasco,201004,Por fusión,3
7674,País Vasco,201003,Por fusión,10
7675,País Vasco,201002,Por fusión,27
7676,País Vasco,201001,Por fusión,8
7677,País Vasco,200912,Por fusión,15
7678,País Vasco,200911,Por fusión,4
7679,País Vasco,200910,Por fusión,9
7680,País Vasco,200909,Por fusión,16
7681,País Vasco,200908,Por fusión,13
7682,País Vasco,200907,Por fusión,7
7683,País Vasco,200906,Por fusión,4
7684,País Vasco,200905,Por fusión,2
7685,País Vasco,200904,Por fusión,3
7686,País Vasco,200903,Por fusión,6
7687,País Vasco,200902,Por fusión,11
7688,País Vasco,200901,Por fusión,8
7689,País Vasco,200812,Por fusión,32
7690,País Vasco,200811,Por fusión,4
7691,País Vasco,200810,Por fusión,24
7692,País Vasco,200809,Por fusión,32
7693,País Vasco,200808,Por fusión,2
7694,País Vasco,200807,Por fusión,13
7695,País Vasco,200806,Por fusión,16
7696,País Vasco,200805,Por fusión,4
7697,País Vasco,200804,Por fusión,18
7698,País Vasco,200803,Por fusión,5
7699,País Vasco,200802,Por fusión,18
7700,País Vasco,200801,Por fusión,15
7701,"Rioja, La",202604,Por fusión,2
7702,"Rioja, La",202603,Por fusión,0
7703,"Rioja, La",202602,Por fusión,0
7704,"Rioja, La",202601,Por fusión,0
7705,"Rioja, La",202512,Por fusión,3
7706,"Rioja, La",202511,Por fusión,1
7707,"Rioja, La",202510,Por fusión,0
7708,"Rioja, La",202509,Por fusión,0
7709,"Rioja, La",202508,Por fusión,1
7710,"Rioja, La",202507,Por fusión,0
7711,"Rioja, La",202506,Por fusión,0
7712,"Rioja, La",202505,Por fusión,0
7713,"Rioja, La",202504,Por fusión,0
7714,"Rioja, La",202503,Por fusión,1
7715,"Rioja, La",202502,Por fusión,0
7716,"Rioja, La",202501,Por fusión,0
7717,"Rioja, La",202412,Por fusión,0
7718,"Rioja, La",202411,Por fusión,0
7719,"Rioja, La",202410,Por fusión,2
7720,"Rioja, La",202409,Por fusión,0
7721,"Rioja, La",202408,Por fusión,0
7722,"Rioja, La",202407,Por fusión,0
7723,"Rioja, La",202406,Por fusión,0
7724,"Rioja, La",202405,Por fusión,2
7725,"Rioja, La",202404,Por fusión,1
7726,"Rioja, La",202403,Por fusión,0
7727,"Rioja, La",202402,Por fusión,0
7728,"Rioja, La",202401,Por fusión,3
7729,"Rioja, La",202312,Por fusión,0
7730,"Rioja, La",202311,Por fusión,1
7731,"Rioja, La",202310,Por fusión,4
7732,"Rioja, La",202309,Por fusión,0
7733,"Rioja, La",202308,Por fusión,1
7734,"Rioja, La",202307,Por fusión,1
7735,"Rioja, La",202306,Por fusión,0
7736,"Rioja, La",202305,Por fusión,1
7737,"Rioja, La",202304,Por fusión,0
7738,"Rioja, La",202303,Por fusión,2
7739,"Rioja, La",202302,Por fusión,1
7740,"Rioja, La",202301,Por fusión,3
7741,"Rioja, La",202212,Por fusión,1
7742,"Rioja, La",202211,Por fusión,1
7743,"Rioja, La",202210,Por fusión,1
7744,"Rioja, La",202209,Por fusión,1
7745,"Rioja, La",202208,Por fusión,0
7746,"Rioja, La",202207,Por fusión,0
7747,"Rioja, La",202206,Por fusión,3
7748,"Rioja, La",202205,Por fusión,0
7749,"Rioja, La",202204,Por fusión,1
7750,"Rioja, La",202203,Por fusión,1
7751,"Rioja, La",202202,Por fusión,0
7752,"Rioja, La",202201,Por fusión,12
7753,"Rioja, La",202112,Por fusión,0
7754,"Rioja, La",202111,Por fusión,1
7755,"Rioja, La",202110,Por fusión,1
7756,"Rioja, La",202109,Por fusión,2
7757,"Rioja, La",202108,Por fusión,0
7758,"Rioja, La",202107,Por fusión,0
7759,"Rioja, La",202106,Por fusión,2
7760,"Rioja, La",202105,Por fusión,0
7761,"Rioja, La",202104,Por fusión,0
7762,"Rioja, La",202103,Por fusión,0
7763,"Rioja, La",202102,Por fusión,8
7764,"Rioja, La",202101,Por fusión,0
7765,"Rioja, La",202012,Por fusión,0
7766,"Rioja, La",202011,Por fusión,1
7767,"Rioja, La",202010,Por fusión,1
7768,"Rioja, La",202009,Por fusión,0
7769,"Rioja, La",202008,Por fusión,0
7770,"Rioja, La",202007,Por fusión,2
7771,"Rioja, La",202006,Por fusión,0
7772,"Rioja, La",202005,Por fusión,0
7773,"Rioja, La",202004,Por fusión,0
7774,"Rioja, La",202003,Por fusión,0
7775,"Rioja, La",202002,Por fusión,2
7776,"Rioja, La",202001,Por fusión,1
7777,"Rioja, La",201912,Por fusión,2
7778,"Rioja, La",201911,Por fusión,0
7779,"Rioja, La",201910,Por fusión,3
7780,"Rioja, La",201909,Por fusión,0
7781,"Rioja, La",201908,Por fusión,1
7782,"Rioja, La",201907,Por fusión,0
7783,"Rioja, La",201906,Por fusión,1
7784,"Rioja, La",201905,Por fusión,1
7785,"Rioja, La",201904,Por fusión,2
7786,"Rioja, La",201903,Por fusión,1
7787,"Rioja, La",201902,Por fusión,0
7788,"Rioja, La",201901,Por fusión,4
7789,"Rioja, La",201812,Por fusión,0
7790,"Rioja, La",201811,Por fusión,0
7791,"Rioja, La",201810,Por fusión,6
7792,"Rioja, La",201809,Por fusión,1
7793,"Rioja, La",201808,Por fusión,2
7794,"Rioja, La",201807,Por fusión,0
7795,"Rioja, La",201806,Por fusión,0
7796,"Rioja, La",201805,Por fusión,0
7797,"Rioja, La",201804,Por fusión,0
7798,"Rioja, La",201803,Por fusión,0
7799,"Rioja, La",201802,Por fusión,0
7800,"Rioja, La",201801,Por fusión,2
7801,"Rioja, La",201712,Por fusión,0
7802,"Rioja, La",201711,Por fusión,0
7803,"Rioja, La",201710,Por fusión,1
7804,"Rioja, La",201709,Por fusión,0
7805,"Rioja, La",201708,Por fusión,0
7806,"Rioja, La",201707,Por fusión,1
7807,"Rioja, La",201706,Por fusión,0
7808,"Rioja, La",201705,Por fusión,0
7809,"Rioja, La",201704,Por fusión,0
7810,"Rioja, La",201703,Por fusión,0
7811,"Rioja, La",201702,Por fusión,0
7812,"Rioja, La",201701,Por fusión,0
7813,"Rioja, La",201612,Por fusión,0
7814,"Rioja, La",201611,Por fusión,1
7815,"Rioja, La",201610,Por fusión,2
7816,"Rioja, La",201609,Por fusión,1
7817,"Rioja, La",201608,Por fusión,0
7818,"Rioja, La",201607,Por fusión,2
7819,"Rioja, La",201606,Por fusión,0
7820,"Rioja, La",201605,Por fusión,0
7821,"Rioja, La",201604,Por fusión,0
7822,"Rioja, La",201603,Por fusión,0
7823,"Rioja, La",201602,Por fusión,5
7824,"Rioja, La",201601,Por fusión,0
7825,"Rioja, La",201512,Por fusión,0
7826,"Rioja, La",201511,Por fusión,0
7827,"Rioja, La",201510,Por fusión,1
7828,"Rioja, La",201509,Por fusión,0
7829,"Rioja, La",201508,Por fusión,0
7830,"Rioja, La",201507,Por fusión,0
7831,"Rioja, La",201506,Por fusión,0
7832,"Rioja, La",201505,Por fusión,1
7833,"Rioja, La",201504,Por fusión,0
7834,"Rioja, La",201503,Por fusión,1
7835,"Rioja, La",201502,Por fusión,0
7836,"Rioja, La",201501,Por fusión,0
7837,"Rioja, La",201412,Por fusión,0
7838,"Rioja, La",201411,Por fusión,0
7839,"Rioja, La",201410,Por fusión,1
7840,"Rioja, La",201409,Por fusión,0
7841,"Rioja, La",201408,Por fusión,0
7842,"Rioja, La",201407,Por fusión,1
7843,"Rioja, La",201406,Por fusión,2
7844,"Rioja, La",201405,Por fusión,0
7845,"Rioja, La",201404,Por fusión,0
7846,"Rioja, La",201403,Por fusión,0
7847,"Rioja, La",201402,Por fusión,0
7848,"Rioja, La",201401,Por fusión,1
7849,"Rioja, La",201312,Por fusión,4
7850,"Rioja, La",201311,Por fusión,0
7851,"Rioja, La",201310,Por fusión,7
7852,"Rioja, La",201309,Por fusión,0
7853,"Rioja, La",201308,Por fusión,0
7854,"Rioja, La",201307,Por fusión,1
7855,"Rioja, La",201306,Por fusión,2
7856,"Rioja, La",201305,Por fusión,0
7857,"Rioja, La",201304,Por fusión,0
7858,"Rioja, La",201303,Por fusión,1
7859,"Rioja, La",201302,Por fusión,2
7860,"Rioja, La",201301,Por fusión,0
7861,"Rioja, La",201212,Por fusión,2
7862,"Rioja, La",201211,Por fusión,7
7863,"Rioja, La",201210,Por fusión,7
7864,"Rioja, La",201209,Por fusión,2
7865,"Rioja, La",201208,Por fusión,1
7866,"Rioja, La",201207,Por fusión,5
7867,"Rioja, La",201206,Por fusión,1
7868,"Rioja, La",201205,Por fusión,0
7869,"Rioja, La",201204,Por fusión,0
7870,"Rioja, La",201203,Por fusión,0
7871,"Rioja, La",201202,Por fusión,2
7872,"Rioja, La",201201,Por fusión,4
7873,"Rioja, La",201112,Por fusión,1
7874,"Rioja, La",201111,Por fusión,7
7875,"Rioja, La",201110,Por fusión,1
7876,"Rioja, La",201109,Por fusión,3
7877,"Rioja, La",201108,Por fusión,1
7878,"Rioja, La",201107,Por fusión,1
7879,"Rioja, La",201106,Por fusión,1
7880,"Rioja, La",201105,Por fusión,0
7881,"Rioja, La",201104,Por fusión,0
7882,"Rioja, La",201103,Por fusión,1
7883,"Rioja, La",201102,Por fusión,0
7884,"Rioja, La",201101,Por fusión,2
7885,"Rioja, La",201012,Por fusión,0
7886,"Rioja, La",201011,Por fusión,1
7887,"Rioja, La",201010,Por fusión,3
7888,"Rioja, La",201009,Por fusión,0
7889,"Rioja, La",201008,Por fusión,0
7890,"Rioja, La",201007,Por fusión,2
7891,"Rioja, La",201006,Por fusión,0
7892,"Rioja, La",201005,Por fusión,0
7893,"Rioja, La",201004,Por fusión,0
7894,"Rioja, La",201003,Por fusión,0
7895,"Rioja, La",201002,Por fusión,0
7896,"Rioja, La",201001,Por fusión,1
7897,"Rioja, La",200912,Por fusión,0
7898,"Rioja, La",200911,Por fusión,1
7899,"Rioja, La",200910,Por fusión,1
7900,"Rioja, La",200909,Por fusión,2
7901,"Rioja, La",200908,Por fusión,0
7902,"Rioja, La",200907,Por fusión,0
7903,"Rioja, La",200906,Por fusión,1
7904,"Rioja, La",200905,Por fusión,3
7905,"Rioja, La",200904,Por fusión,0
7906,"Rioja, La",200903,Por fusión,0
7907,"Rioja, La",200902,Por fusión,1
7908,"Rioja, La",200901,Por fusión,0
7909,"Rioja, La",200812,Por fusión,1
7910,"Rioja, La",200811,Por fusión,1
7911,"Rioja, La",200810,Por fusión,4
7912,"Rioja, La",200809,Por fusión,1
7913,"Rioja, La",200808,Por fusión,0
7914,"Rioja, La",200807,Por fusión,0
7915,"Rioja, La",200806,Por fusión,5
7916,"Rioja, La",200805,Por fusión,3
7917,"Rioja, La",200804,Por fusión,0
7918,"Rioja, La",200803,Por fusión,0
7919,"Rioja, La",200802,Por fusión,0
7920,"Rioja, La",200801,Por fusión,1
7921,Ceuta,202604,Por fusión,0
7922,Ceuta,202603,Por fusión,0
7923,Ceuta,202602,Por fusión,0
7924,Ceuta,202601,Por fusión,0
7925,Ceuta,202512,Por fusión,1
7926,Ceuta,202511,Por fusión,0
7927,Ceuta,202510,Por fusión,0
7928,Ceuta,202509,Por fusión,0
7929,Ceuta,202508,Por fusión,0
7930,Ceuta,202507,Por fusión,0
7931,Ceuta,202506,Por fusión,0
7932,Ceuta,202505,Por fusión,0
7933,Ceuta,202504,Por fusión,0
7934,Ceuta,202503,Por fusión,0
7935,Ceuta,202502,Por fusión,0
7936,Ceuta,202501,Por fusión,0
7937,Ceuta,202412,Por fusión,0
7938,Ceuta,202411,Por fusión,1
7939,Ceuta,202410,Por fusión,0
7940,Ceuta,202409,Por fusión,0
7941,Ceuta,202408,Por fusión,0
7942,Ceuta,202407,Por fusión,0
7943,Ceuta,202406,Por fusión,0
7944,Ceuta,202405,Por fusión,5
7945,Ceuta,202404,Por fusión,0
7946,Ceuta,202403,Por fusión,0
7947,Ceuta,202402,Por fusión,0
7948,Ceuta,202401,Por fusión,0
7949,Ceuta,202312,Por fusión,0
7950,Ceuta,202311,Por fusión,0
7951,Ceuta,202310,Por fusión,0
7952,Ceuta,202309,Por fusión,0
7953,Ceuta,202308,Por fusión,0
7954,Ceuta,202307,Por fusión,0
7955,Ceuta,202306,Por fusión,0
7956,Ceuta,202305,Por fusión,0
7957,Ceuta,202304,Por fusión,0
7958,Ceuta,202303,Por fusión,0
7959,Ceuta,202302,Por fusión,0
7960,Ceuta,202301,Por fusión,0
7961,Ceuta,202212,Por fusión,0
7962,Ceuta,202211,Por fusión,0
7963,Ceuta,202210,Por fusión,0
7964,Ceuta,202209,Por fusión,0
7965,Ceuta,202208,Por fusión,1
7966,Ceuta,202207,Por fusión,0
7967,Ceuta,202206,Por fusión,0
7968,Ceuta,202205,Por fusión,0
7969,Ceuta,202204,Por fusión,0
7970,Ceuta,202203,Por fusión,0
7971,Ceuta,202202,Por fusión,0
7972,Ceuta,202201,Por fusión,4
7973,Ceuta,202112,Por fusión,0
7974,Ceuta,202111,Por fusión,0
7975,Ceuta,202110,Por fusión,0
7976,Ceuta,202109,Por fusión,0
7977,Ceuta,202108,Por fusión,0
7978,Ceuta,202107,Por fusión,0
7979,Ceuta,202106,Por fusión,0
7980,Ceuta,202105,Por fusión,0
7981,Ceuta,202104,Por fusión,0
7982,Ceuta,202103,Por fusión,0
7983,Ceuta,202102,Por fusión,0
7984,Ceuta,202101,Por fusión,0
7985,Ceuta,202012,Por fusión,0
7986,Ceuta,202011,Por fusión,0
7987,Ceuta,202010,Por fusión,0
7988,Ceuta,202009,Por fusión,0
7989,Ceuta,202008,Por fusión,0
7990,Ceuta,202007,Por fusión,0
7991,Ceuta,202006,Por fusión,0
7992,Ceuta,202005,Por fusión,0
7993,Ceuta,202004,Por fusión,0
7994,Ceuta,202003,Por fusión,0
7995,Ceuta,202002,Por fusión,0
7996,Ceuta,202001,Por fusión,0
7997,Ceuta,201912,Por fusión,0
7998,Ceuta,201911,Por fusión,0
7999,Ceuta,201910,Por fusión,0
8000,Ceuta,201909,Por fusión,0
8001,Ceuta,201908,Por fusión,0
8002,Ceuta,201907,Por fusión,0
8003,Ceuta,201906,Por fusión,0
8004,Ceuta,201905,Por fusión,0
8005,Ceuta,201904,Por fusión,0
8006,Ceuta,201903,Por fusión,0
8007,Ceuta,201902,Por fusión,0
8008,Ceuta,201901,Por fusión,0
8009,Ceuta,201812,Por fusión,0
8010,Ceuta,201811,Por fusión,0
8011,Ceuta,201810,Por fusión,0
8012,Ceuta,201809,Por fusión,0
8013,Ceuta,201808,Por fusión,4
8014,Ceuta,201807,Por fusión,0
8015,Ceuta,201806,Por fusión,0
8016,Ceuta,201805,Por fusión,0
8017,Ceuta,201804,Por fusión,0
8018,Ceuta,201803,Por fusión,0
8019,Ceuta,201802,Por fusión,0
8020,Ceuta,201801,Por fusión,0
8021,Ceuta,201712,Por fusión,0
8022,Ceuta,201711,Por fusión,0
8023,Ceuta,201710,Por fusión,0
8024,Ceuta,201709,Por fusión,0
8025,Ceuta,201708,Por fusión,1
8026,Ceuta,201707,Por fusión,0
8027,Ceuta,201706,Por fusión,0
8028,Ceuta,201705,Por fusión,0
8029,Ceuta,201704,Por fusión,0
8030,Ceuta,201703,Por fusión,0
8031,Ceuta,201702,Por fusión,0
8032,Ceuta,201701,Por fusión,0
8033,Ceuta,201612,Por fusión,0
8034,Ceuta,201611,Por fusión,0
8035,Ceuta,201610,Por fusión,0
8036,Ceuta,201609,Por fusión,0
8037,Ceuta,201608,Por fusión,0
8038,Ceuta,201607,Por fusión,0
8039,Ceuta,201606,Por fusión,0
8040,Ceuta,201605,Por fusión,0
8041,Ceuta,201604,Por fusión,1
8042,Ceuta,201603,Por fusión,0
8043,Ceuta,201602,Por fusión,0
8044,Ceuta,201601,Por fusión,0
8045,Ceuta,201512,Por fusión,0
8046,Ceuta,201511,Por fusión,0
8047,Ceuta,201510,Por fusión,0
8048,Ceuta,201509,Por fusión,0
8049,Ceuta,201508,Por fusión,0
8050,Ceuta,201507,Por fusión,0
8051,Ceuta,201506,Por fusión,0
8052,Ceuta,201505,Por fusión,0
8053,Ceuta,201504,Por fusión,1
8054,Ceuta,201503,Por fusión,0
8055,Ceuta,201502,Por fusión,0
8056,Ceuta,201501,Por fusión,0
8057,Ceuta,201412,Por fusión,0
8058,Ceuta,201411,Por fusión,0
8059,Ceuta,201410,Por fusión,1
8060,Ceuta,201409,Por fusión,0
8061,Ceuta,201408,Por fusión,0
8062,Ceuta,201407,Por fusión,0
8063,Ceuta,201406,Por fusión,0
8064,Ceuta,201405,Por fusión,0
8065,Ceuta,201404,Por fusión,0
8066,Ceuta,201403,Por fusión,0
8067,Ceuta,201402,Por fusión,0
8068,Ceuta,201401,Por fusión,0
8069,Ceuta,201312,Por fusión,0
8070,Ceuta,201311,Por fusión,1
8071,Ceuta,201310,Por fusión,0
8072,Ceuta,201309,Por fusión,0
8073,Ceuta,201308,Por fusión,0
8074,Ceuta,201307,Por fusión,0
8075,Ceuta,201306,Por fusión,0
8076,Ceuta,201305,Por fusión,0
8077,Ceuta,201304,Por fusión,0
8078,Ceuta,201303,Por fusión,0
8079,Ceuta,201302,Por fusión,0
8080,Ceuta,201301,Por fusión,0
8081,Ceuta,201212,Por fusión,0
8082,Ceuta,201211,Por fusión,0
8083,Ceuta,201210,Por fusión,0
8084,Ceuta,201209,Por fusión,0
8085,Ceuta,201208,Por fusión,0
8086,Ceuta,201207,Por fusión,0
8087,Ceuta,201206,Por fusión,0
8088,Ceuta,201205,Por fusión,0
8089,Ceuta,201204,Por fusión,0
8090,Ceuta,201203,Por fusión,0
8091,Ceuta,201202,Por fusión,0
8092,Ceuta,201201,Por fusión,0
8093,Ceuta,201112,Por fusión,0
8094,Ceuta,201111,Por fusión,0
8095,Ceuta,201110,Por fusión,0
8096,Ceuta,201109,Por fusión,1
8097,Ceuta,201108,Por fusión,0
8098,Ceuta,201107,Por fusión,0
8099,Ceuta,201106,Por fusión,0
8100,Ceuta,201105,Por fusión,0
8101,Ceuta,201104,Por fusión,1
8102,Ceuta,201103,Por fusión,0
8103,Ceuta,201102,Por fusión,0
8104,Ceuta,201101,Por fusión,0
8105,Ceuta,201012,Por fusión,0
8106,Ceuta,201011,Por fusión,0
8107,Ceuta,201010,Por fusión,0
8108,Ceuta,201009,Por fusión,0
8109,Ceuta,201008,Por fusión,0
8110,Ceuta,201007,Por fusión,0
8111,Ceuta,201006,Por fusión,0
8112,Ceuta,201005,Por fusión,0
8113,Ceuta,201004,Por fusión,0
8114,Ceuta,201003,Por fusión,0
8115,Ceuta,201002,Por fusión,0
8116,Ceuta,201001,Por fusión,0
8117,Ceuta,200912,Por fusión,0
8118,Ceuta,200911,Por fusión,0
8119,Ceuta,200910,Por fusión,0
8120,Ceuta,200909,Por fusión,0
8121,Ceuta,200908,Por fusión,0
8122,Ceuta,200907,Por fusión,0
8123,Ceuta,200906,Por fusión,0
8124,Ceuta,200905,Por fusión,0
8125,Ceuta,200904,Por fusión,0
8126,Ceuta,200903,Por fusión,0
8127,Ceuta,200902,Por fusión,0
8128,Ceuta,200901,Por fusión,0
8129,Ceuta,200812,Por fusión,0
8130,Ceuta,200811,Por fusión,0
8131,Ceuta,200810,Por fusión,0
8132,Ceuta,200809,Por fusión,0
8133,Ceuta,200808,Por fusión,0
8134,Ceuta,200807,Por fusión,0
8135,Ceuta,200806,Por fusión,1
8136,Ceuta,200805,Por fusión,0
8137,Ceuta,200804,Por fusión,0
8138,Ceuta,200803,Por fusión,0
8139,Ceuta,200802,Por fusión,1
8140,Ceuta,200801,Por fusión,0
8141,Melilla,202604,Por fusión,0
8142,Melilla,202603,Por fusión,0
8143,Melilla,202602,Por fusión,0
8144,Melilla,202601,Por fusión,0
8145,Melilla,202512,Por fusión,0
8146,Melilla,202511,Por fusión,0
8147,Melilla,202510,Por fusión,0
8148,Melilla,202509,Por fusión,0
8149,Melilla,202508,Por fusión,0
8150,Melilla,202507,Por fusión,0
8151,Melilla,202506,Por fusión,0
8152,Melilla,202505,Por fusión,1
8153,Melilla,202504,Por fusión,0
8154,Melilla,202503,Por fusión,0
8155,Melilla,202502,Por fusión,0
8156,Melilla,202501,Por fusión,0
8157,Melilla,202412,Por fusión,0
8158,Melilla,202411,Por fusión,0
8159,Melilla,202410,Por fusión,0
8160,Melilla,202409,Por fusión,0
8161,Melilla,202408,Por fusión,0
8162,Melilla,202407,Por fusión,0
8163,Melilla,202406,Por fusión,0
8164,Melilla,202405,Por fusión,0
8165,Melilla,202404,Por fusión,0
8166,Melilla,202403,Por fusión,0
8167,Melilla,202402,Por fusión,0
8168,Melilla,202401,Por fusión,0
8169,Melilla,202312,Por fusión,0
8170,Melilla,202311,Por fusión,0
8171,Melilla,202310,Por fusión,0
8172,Melilla,202309,Por fusión,0
8173,Melilla,202308,Por fusión,0
8174,Melilla,202307,Por fusión,0
8175,Melilla,202306,Por fusión,0
8176,Melilla,202305,Por fusión,0
8177,Melilla,202304,Por fusión,0
8178,Melilla,202303,Por fusión,0
8179,Melilla,202302,Por fusión,0
8180,Melilla,202301,Por fusión,0
8181,Melilla,202212,Por fusión,0
8182,Melilla,202211,Por fusión,0
8183,Melilla,202210,Por fusión,0
8184,Melilla,202209,Por fusión,0
8185,Melilla,202208,Por fusión,0
8186,Melilla,202207,Por fusión,0
8187,Melilla,202206,Por fusión,0
8188,Melilla,202205,Por fusión,0
8189,Melilla,202204,Por fusión,0
8190,Melilla,202203,Por fusión,0
8191,Melilla,202202,Por fusión,0
8192,Melilla,202201,Por fusión,0
8193,Melilla,202112,Por fusión,0
8194,Melilla,202111,Por fusión,0
8195,Melilla,202110,Por fusión,0
8196,Melilla,202109,Por fusión,0
8197,Melilla,202108,Por fusión,0
8198,Melilla,202107,Por fusión,0
8199,Melilla,202106,Por fusión,0
8200,Melilla,202105,Por fusión,0
8201,Melilla,202104,Por fusión,0
8202,Melilla,202103,Por fusión,0
8203,Melilla,202102,Por fusión,0
8204,Melilla,202101,Por fusión,1
8205,Melilla,202012,Por fusión,0
8206,Melilla,202011,Por fusión,0
8207,Melilla,202010,Por fusión,0
8208,Melilla,202009,Por fusión,0
8209,Melilla,202008,Por fusión,0
8210,Melilla,202007,Por fusión,0
8211,Melilla,202006,Por fusión,0
8212,Melilla,202005,Por fusión,0
8213,Melilla,202004,Por fusión,1
8214,Melilla,202003,Por fusión,0
8215,Melilla,202002,Por fusión,0
8216,Melilla,202001,Por fusión,0
8217,Melilla,201912,Por fusión,0
8218,Melilla,201911,Por fusión,0
8219,Melilla,201910,Por fusión,0
8220,Melilla,201909,Por fusión,0
8221,Melilla,201908,Por fusión,0
8222,Melilla,201907,Por fusión,0
8223,Melilla,201906,Por fusión,0
8224,Melilla,201905,Por fusión,0
8225,Melilla,201904,Por fusión,0
8226,Melilla,201903,Por fusión,0
8227,Melilla,201902,Por fusión,0
8228,Melilla,201901,Por fusión,0
8229,Melilla,201812,Por fusión,0
8230,Melilla,201811,Por fusión,0
8231,Melilla,201810,Por fusión,0
8232,Melilla,201809,Por fusión,0
8233,Melilla,201808,Por fusión,0
8234,Melilla,201807,Por fusión,0
8235,Melilla,201806,Por fusión,0
8236,Melilla,201805,Por fusión,0
8237,Melilla,201804,Por fusión,0
8238,Melilla,201803,Por fusión,0
8239,Melilla,201802,Por fusión,0
8240,Melilla,201801,Por fusión,0
8241,Melilla,201712,Por fusión,0
8242,Melilla,201711,Por fusión,0
8243,Melilla,201710,Por fusión,0
8244,Melilla,201709,Por fusión,0
8245,Melilla,201708,Por fusión,1
8246,Melilla,201707,Por fusión,0
8247,Melilla,201706,Por fusión,0
8248,Melilla,201705,Por fusión,0
8249,Melilla,201704,Por fusión,0
8250,Melilla,201703,Por fusión,0
8251,Melilla,201702,Por fusión,0
8252,Melilla,201701,Por fusión,0
8253,Melilla,201612,Por fusión,0
8254,Melilla,201611,Por fusión,0
8255,Melilla,201610,Por fusión,0
8256,Melilla,201609,Por fusión,0
8257,Melilla,201608,Por fusión,0
8258,Melilla,201607,Por fusión,0
8259,Melilla,201606,Por fusión,0
8260,Melilla,201605,Por fusión,0
8261,Melilla,201604,Por fusión,0
8262,Melilla,201603,Por fusión,0
8263,Melilla,201602,Por fusión,0
8264,Melilla,201601,Por fusión,0
8265,Melilla,201512,Por fusión,0
8266,Melilla,201511,Por fusión,0
8267,Melilla,201510,Por fusión,0
8268,Melilla,201509,Por fusión,0
8269,Melilla,201508,Por fusión,0
8270,Melilla,201507,Por fusión,0
8271,Melilla,201506,Por fusión,0
8272,Melilla,201505,Por fusión,0
8273,Melilla,201504,Por fusión,0
8274,Melilla,201503,Por fusión,1
8275,Melilla,201502,Por fusión,0
8276,Melilla,201501,Por fusión,0
8277,Melilla,201412,Por fusión,0
8278,Melilla,201411,Por fusión,0
8279,Melilla,201410,Por fusión,0
8280,Melilla,201409,Por fusión,0
8281,Melilla,201408,Por fusión,0
8282,Melilla,201407,Por fusión,0
8283,Melilla,201406,Por fusión,0
8284,Melilla,201405,Por fusión,0
8285,Melilla,201404,Por fusión,0
8286,Melilla,201403,Por fusión,0
8287,Melilla,201402,Por fusión,0
8288,Melilla,201401,Por fusión,0
8289,Melilla,201312,Por fusión,0
8290,Melilla,201311,Por fusión,0
8291,Melilla,201310,Por fusión,0
8292,Melilla,201309,Por fusión,0
8293,Melilla,201308,Por fusión,0
8294,Melilla,201307,Por fusión,0
8295,Melilla,201306,Por fusión,0
8296,Melilla,201305,Por fusión,0
8297,Melilla,201304,Por fusión,0
8298,Melilla,201303,Por fusión,0
8299,Melilla,201302,Por fusión,0
8300,Melilla,201301,Por fusión,0
8301,Melilla,201212,Por fusión,0
8302,Melilla,201211,Por fusión,0
8303,Melilla,201210,Por fusión,0
8304,Melilla,201209,Por fusión,0
8305,Melilla,201208,Por fusión,0
8306,Melilla,201207,Por fusión,0
8307,Melilla,201206,Por fusión,0
8308,Melilla,201205,Por fusión,0
8309,Melilla,201204,Por fusión,0
8310,Melilla,201203,Por fusión,0
8311,Melilla,201202,Por fusión,0
8312,Melilla,201201,Por fusión,0
8313,Melilla,201112,Por fusión,0
8314,Melilla,201111,Por fusión,1
8315,Melilla,201110,Por fusión,0
8316,Melilla,201109,Por fusión,0
8317,Melilla,201108,Por fusión,0
8318,Melilla,201107,Por fusión,0
8319,Melilla,201106,Por fusión,0
8320,Melilla,201105,Por fusión,0
8321,Melilla,201104,Por fusión,0
8322,Melilla,201103,Por fusión,0
8323,Melilla,201102,Por fusión,0
8324,Melilla,201101,Por fusión,0
8325,Melilla,201012,Por fusión,0
8326,Melilla,201011,Por fusión,0
8327,Melilla,201010,Por fusión,0
8328,Melilla,201009,Por fusión,0
8329,Melilla,201008,Por fusión,0
8330,Melilla,201007,Por fusión,0
8331,Melilla,201006,Por fusión,0
8332,Melilla,201005,Por fusión,0
8333,Melilla,201004,Por fusión,0
8334,Melilla,201003,Por fusión,0
8335,Melilla,201002,Por fusión,0
8336,Melilla,201001,Por fusión,0
8337,Melilla,200912,Por fusión,0
8338,Melilla,200911,Por fusión,0
8339,Melilla,200910,Por fusión,0
8340,Melilla,200909,Por fusión,0
8341,Melilla,200908,Por fusión,0
8342,Melilla,200907,Por fusión,0
8343,Melilla,200906,Por fusión,0
8344,Melilla,200905,Por fusión,0
8345,Melilla,200904,Por fusión,0
8346,Melilla,200903,Por fusión,0
8347,Melilla,200902,Por fusión,0
8348,Melilla,200901,Por fusión,0
8349,Melilla,200812,Por fusión,0
8350,Melilla,200811,Por fusión,0
8351,Melilla,200810,Por fusión,1
8352,Melilla,200809,Por fusión,1
8353,Melilla,200808,Por fusión,0
8354,Melilla,200807,Por fusión,0
8355,Melilla,200806,Por fusión,0
8356,Melilla,200805,Por fusión,0
8357,Melilla,200804,Por fusión,0
8358,Melilla,200803,Por fusión,0
8359,Melilla,200802,Por fusión,0
8360,Melilla,200801,Por fusión,2
8361,Andalucía,202604,Otras,31
8362,Andalucía,202603,Otras,34
8363,Andalucía,202602,Otras,34
8364,Andalucía,202601,Otras,25
8365,Andalucía,202512,Otras,29
8366,Andalucía,202511,Otras,39
8367,Andalucía,202510,Otras,26
8368,Andalucía,202509,Otras,26
8369,Andalucía,202508,Otras,13
8370,Andalucía,202507,Otras,24
8371,Andalucía,202506,Otras,33
8372,Andalucía,202505,Otras,27
8373,Andalucía,202504,Otras,29
8374,Andalucía,202503,Otras,33
8375,Andalucía,202502,Otras,32
8376,Andalucía,202501,Otras,30
8377,Andalucía,202412,Otras,56
8378,Andalucía,202411,Otras,42
8379,Andalucía,202410,Otras,35
8380,Andalucía,202409,Otras,19
8381,Andalucía,202408,Otras,21
8382,Andalucía,202407,Otras,23
8383,Andalucía,202406,Otras,28
8384,Andalucía,202405,Otras,20
8385,Andalucía,202404,Otras,26
8386,Andalucía,202403,Otras,32
8387,Andalucía,202402,Otras,32
8388,Andalucía,202401,Otras,30
8389,Andalucía,202312,Otras,30
8390,Andalucía,202311,Otras,30
8391,Andalucía,202310,Otras,29
8392,Andalucía,202309,Otras,17
8393,Andalucía,202308,Otras,19
8394,Andalucía,202307,Otras,22
8395,Andalucía,202306,Otras,27
8396,Andalucía,202305,Otras,38
8397,Andalucía,202304,Otras,37
8398,Andalucía,202303,Otras,35
8399,Andalucía,202302,Otras,23
8400,Andalucía,202301,Otras,30
8401,Andalucía,202212,Otras,29
8402,Andalucía,202211,Otras,31
8403,Andalucía,202210,Otras,31
8404,Andalucía,202209,Otras,26
8405,Andalucía,202208,Otras,24
8406,Andalucía,202207,Otras,20
8407,Andalucía,202206,Otras,35
8408,Andalucía,202205,Otras,36
8409,Andalucía,202204,Otras,30
8410,Andalucía,202203,Otras,31
8411,Andalucía,202202,Otras,25
8412,Andalucía,202201,Otras,38
8413,Andalucía,202112,Otras,51
8414,Andalucía,202111,Otras,28
8415,Andalucía,202110,Otras,25
8416,Andalucía,202109,Otras,15
8417,Andalucía,202108,Otras,24
8418,Andalucía,202107,Otras,21
8419,Andalucía,202106,Otras,41
8420,Andalucía,202105,Otras,34
8421,Andalucía,202104,Otras,39
8422,Andalucía,202103,Otras,46
8423,Andalucía,202102,Otras,37
8424,Andalucía,202101,Otras,37
8425,Andalucía,202012,Otras,47
8426,Andalucía,202011,Otras,22
8427,Andalucía,202010,Otras,28
8428,Andalucía,202009,Otras,28
8429,Andalucía,202008,Otras,19
8430,Andalucía,202007,Otras,24
8431,Andalucía,202006,Otras,9
8432,Andalucía,202005,Otras,12
8433,Andalucía,202004,Otras,6
8434,Andalucía,202003,Otras,17
8435,Andalucía,202002,Otras,31
8436,Andalucía,202001,Otras,49
8437,Andalucía,201912,Otras,24
8438,Andalucía,201911,Otras,27
8439,Andalucía,201910,Otras,33
8440,Andalucía,201909,Otras,10
8441,Andalucía,201908,Otras,14
8442,Andalucía,201907,Otras,28
8443,Andalucía,201906,Otras,23
8444,Andalucía,201905,Otras,27
8445,Andalucía,201904,Otras,34
8446,Andalucía,201903,Otras,43
8447,Andalucía,201902,Otras,39
8448,Andalucía,201901,Otras,49
8449,Andalucía,201812,Otras,38
8450,Andalucía,201811,Otras,42
8451,Andalucía,201810,Otras,29
8452,Andalucía,201809,Otras,24
8453,Andalucía,201808,Otras,22
8454,Andalucía,201807,Otras,22
8455,Andalucía,201806,Otras,47
8456,Andalucía,201805,Otras,34
8457,Andalucía,201804,Otras,44
8458,Andalucía,201803,Otras,29
8459,Andalucía,201802,Otras,52
8460,Andalucía,201801,Otras,52
8461,Andalucía,201712,Otras,29
8462,Andalucía,201711,Otras,40
8463,Andalucía,201710,Otras,38
8464,Andalucía,201709,Otras,18
8465,Andalucía,201708,Otras,19
8466,Andalucía,201707,Otras,25
8467,Andalucía,201706,Otras,41
8468,Andalucía,201705,Otras,36
8469,Andalucía,201704,Otras,31
8470,Andalucía,201703,Otras,38
8471,Andalucía,201702,Otras,30
8472,Andalucía,201701,Otras,31
8473,Andalucía,201612,Otras,36
8474,Andalucía,201611,Otras,30
8475,Andalucía,201610,Otras,39
8476,Andalucía,201609,Otras,34
8477,Andalucía,201608,Otras,21
8478,Andalucía,201607,Otras,32
8479,Andalucía,201606,Otras,41
8480,Andalucía,201605,Otras,56
8481,Andalucía,201604,Otras,48
8482,Andalucía,201603,Otras,65
8483,Andalucía,201602,Otras,36
8484,Andalucía,201601,Otras,39
8485,Andalucía,201512,Otras,41
8486,Andalucía,201511,Otras,47
8487,Andalucía,201510,Otras,38
8488,Andalucía,201509,Otras,34
8489,Andalucía,201508,Otras,23
8490,Andalucía,201507,Otras,28
8491,Andalucía,201506,Otras,40
8492,Andalucía,201505,Otras,44
8493,Andalucía,201504,Otras,58
8494,Andalucía,201503,Otras,47
8495,Andalucía,201502,Otras,37
8496,Andalucía,201501,Otras,64
8497,Andalucía,201412,Otras,38
8498,Andalucía,201411,Otras,49
8499,Andalucía,201410,Otras,49
8500,Andalucía,201409,Otras,43
8501,Andalucía,201408,Otras,30
8502,Andalucía,201407,Otras,72
8503,Andalucía,201406,Otras,74
8504,Andalucía,201405,Otras,54
8505,Andalucía,201404,Otras,69
8506,Andalucía,201403,Otras,75
8507,Andalucía,201402,Otras,48
8508,Andalucía,201401,Otras,83
8509,Andalucía,201312,Otras,45
8510,Andalucía,201311,Otras,56
8511,Andalucía,201310,Otras,55
8512,Andalucía,201309,Otras,39
8513,Andalucía,201308,Otras,43
8514,Andalucía,201307,Otras,49
8515,Andalucía,201306,Otras,57
8516,Andalucía,201305,Otras,58
8517,Andalucía,201304,Otras,73
8518,Andalucía,201303,Otras,49
8519,Andalucía,201302,Otras,42
8520,Andalucía,201301,Otras,52
8521,Andalucía,201212,Otras,43
8522,Andalucía,201211,Otras,42
8523,Andalucía,201210,Otras,41
8524,Andalucía,201209,Otras,15
8525,Andalucía,201208,Otras,23
8526,Andalucía,201207,Otras,34
8527,Andalucía,201206,Otras,43
8528,Andalucía,201205,Otras,45
8529,Andalucía,201204,Otras,36
8530,Andalucía,201203,Otras,39
8531,Andalucía,201202,Otras,34
8532,Andalucía,201201,Otras,28
8533,Andalucía,201112,Otras,22
8534,Andalucía,201111,Otras,16
8535,Andalucía,201110,Otras,23
8536,Andalucía,201109,Otras,28
8537,Andalucía,201108,Otras,16
8538,Andalucía,201107,Otras,24
8539,Andalucía,201106,Otras,23
8540,Andalucía,201105,Otras,23
8541,Andalucía,201104,Otras,22
8542,Andalucía,201103,Otras,24
8543,Andalucía,201102,Otras,25
8544,Andalucía,201101,Otras,33
8545,Andalucía,201012,Otras,14
8546,Andalucía,201011,Otras,15
8547,Andalucía,201010,Otras,15
8548,Andalucía,201009,Otras,10
8549,Andalucía,201008,Otras,9
8550,Andalucía,201007,Otras,12
8551,Andalucía,201006,Otras,12
8552,Andalucía,201005,Otras,19
8553,Andalucía,201004,Otras,14
8554,Andalucía,201003,Otras,15
8555,Andalucía,201002,Otras,13
8556,Andalucía,201001,Otras,19
8557,Andalucía,200912,Otras,15
8558,Andalucía,200911,Otras,8
8559,Andalucía,200910,Otras,15
8560,Andalucía,200909,Otras,6
8561,Andalucía,200908,Otras,3
8562,Andalucía,200907,Otras,7
8563,Andalucía,200906,Otras,9
8564,Andalucía,200905,Otras,14
8565,Andalucía,200904,Otras,12
8566,Andalucía,200903,Otras,12
8567,Andalucía,200902,Otras,19
8568,Andalucía,200901,Otras,12
8569,Andalucía,200812,Otras,12
8570,Andalucía,200811,Otras,11
8571,Andalucía,200810,Otras,23
8572,Andalucía,200809,Otras,12
8573,Andalucía,200808,Otras,9
8574,Andalucía,200807,Otras,16
8575,Andalucía,200806,Otras,11
8576,Andalucía,200805,Otras,61
8577,Andalucía,200804,Otras,11
8578,Andalucía,200803,Otras,10
8579,Andalucía,200802,Otras,15
8580,Andalucía,200801,Otras,12
8581,Aragón,202604,Otras,0
8582,Aragón,202603,Otras,4
8583,Aragón,202602,Otras,7
8584,Aragón,202601,Otras,2
8585,Aragón,202512,Otras,5
8586,Aragón,202511,Otras,5
8587,Aragón,202510,Otras,4
8588,Aragón,202509,Otras,2
8589,Aragón,202508,Otras,2
8590,Aragón,202507,Otras,1
8591,Aragón,202506,Otras,5
8592,Aragón,202505,Otras,6
8593,Aragón,202504,Otras,4
8594,Aragón,202503,Otras,7
8595,Aragón,202502,Otras,4
8596,Aragón,202501,Otras,3
8597,Aragón,202412,Otras,6
8598,Aragón,202411,Otras,1
8599,Aragón,202410,Otras,5
8600,Aragón,202409,Otras,2
8601,Aragón,202408,Otras,2
8602,Aragón,202407,Otras,4
8603,Aragón,202406,Otras,10
8604,Aragón,202405,Otras,4
8605,Aragón,202404,Otras,5
8606,Aragón,202403,Otras,4
8607,Aragón,202402,Otras,7
8608,Aragón,202401,Otras,2
8609,Aragón,202312,Otras,7
8610,Aragón,202311,Otras,4
8611,Aragón,202310,Otras,4
8612,Aragón,202309,Otras,3
8613,Aragón,202308,Otras,1
8614,Aragón,202307,Otras,5
8615,Aragón,202306,Otras,4
8616,Aragón,202305,Otras,7
8617,Aragón,202304,Otras,1
8618,Aragón,202303,Otras,6
8619,Aragón,202302,Otras,4
8620,Aragón,202301,Otras,1
8621,Aragón,202212,Otras,5
8622,Aragón,202211,Otras,9
8623,Aragón,202210,Otras,8
8624,Aragón,202209,Otras,3
8625,Aragón,202208,Otras,2
8626,Aragón,202207,Otras,3
8627,Aragón,202206,Otras,5
8628,Aragón,202205,Otras,2
8629,Aragón,202204,Otras,1
8630,Aragón,202203,Otras,6
8631,Aragón,202202,Otras,7
8632,Aragón,202201,Otras,2
8633,Aragón,202112,Otras,5
8634,Aragón,202111,Otras,5
8635,Aragón,202110,Otras,8
8636,Aragón,202109,Otras,4
8637,Aragón,202108,Otras,4
8638,Aragón,202107,Otras,2
8639,Aragón,202106,Otras,9
8640,Aragón,202105,Otras,6
8641,Aragón,202104,Otras,5
8642,Aragón,202103,Otras,16
8643,Aragón,202102,Otras,6
8644,Aragón,202101,Otras,11
8645,Aragón,202012,Otras,12
8646,Aragón,202011,Otras,4
8647,Aragón,202010,Otras,9
8648,Aragón,202009,Otras,9
8649,Aragón,202008,Otras,5
8650,Aragón,202007,Otras,6
8651,Aragón,202006,Otras,7
8652,Aragón,202005,Otras,2
8653,Aragón,202004,Otras,1
8654,Aragón,202003,Otras,3
8655,Aragón,202002,Otras,5
8656,Aragón,202001,Otras,2
8657,Aragón,201912,Otras,4
8658,Aragón,201911,Otras,5
8659,Aragón,201910,Otras,10
8660,Aragón,201909,Otras,4
8661,Aragón,201908,Otras,4
8662,Aragón,201907,Otras,4
8663,Aragón,201906,Otras,4
8664,Aragón,201905,Otras,12
8665,Aragón,201904,Otras,4
8666,Aragón,201903,Otras,2
8667,Aragón,201902,Otras,5
8668,Aragón,201901,Otras,6
8669,Aragón,201812,Otras,11
8670,Aragón,201811,Otras,5
8671,Aragón,201810,Otras,5
8672,Aragón,201809,Otras,2
8673,Aragón,201808,Otras,1
8674,Aragón,201807,Otras,3
8675,Aragón,201806,Otras,3
8676,Aragón,201805,Otras,4
8677,Aragón,201804,Otras,10
8678,Aragón,201803,Otras,5
8679,Aragón,201802,Otras,9
8680,Aragón,201801,Otras,6
8681,Aragón,201712,Otras,7
8682,Aragón,201711,Otras,8
8683,Aragón,201710,Otras,3
8684,Aragón,201709,Otras,3
8685,Aragón,201708,Otras,1
8686,Aragón,201707,Otras,11
8687,Aragón,201706,Otras,9
8688,Aragón,201705,Otras,6
8689,Aragón,201704,Otras,8
8690,Aragón,201703,Otras,6
8691,Aragón,201702,Otras,9
8692,Aragón,201701,Otras,5
8693,Aragón,201612,Otras,6
8694,Aragón,201611,Otras,6
8695,Aragón,201610,Otras,12
8696,Aragón,201609,Otras,11
8697,Aragón,201608,Otras,4
8698,Aragón,201607,Otras,8
8699,Aragón,201606,Otras,7
8700,Aragón,201605,Otras,12
8701,Aragón,201604,Otras,6
8702,Aragón,201603,Otras,13
8703,Aragón,201602,Otras,23
8704,Aragón,201601,Otras,8
8705,Aragón,201512,Otras,9
8706,Aragón,201511,Otras,7
8707,Aragón,201510,Otras,21
8708,Aragón,201509,Otras,6
8709,Aragón,201508,Otras,20
8710,Aragón,201507,Otras,13
8711,Aragón,201506,Otras,15
8712,Aragón,201505,Otras,12
8713,Aragón,201504,Otras,16
8714,Aragón,201503,Otras,27
8715,Aragón,201502,Otras,10
8716,Aragón,201501,Otras,16
8717,Aragón,201412,Otras,13
8718,Aragón,201411,Otras,24
8719,Aragón,201410,Otras,20
8720,Aragón,201409,Otras,12
8721,Aragón,201408,Otras,10
8722,Aragón,201407,Otras,18
8723,Aragón,201406,Otras,21
8724,Aragón,201405,Otras,14
8725,Aragón,201404,Otras,20
8726,Aragón,201403,Otras,25
8727,Aragón,201402,Otras,21
8728,Aragón,201401,Otras,15
8729,Aragón,201312,Otras,15
8730,Aragón,201311,Otras,11
8731,Aragón,201310,Otras,18
8732,Aragón,201309,Otras,18
8733,Aragón,201308,Otras,11
8734,Aragón,201307,Otras,17
8735,Aragón,201306,Otras,18
8736,Aragón,201305,Otras,29
8737,Aragón,201304,Otras,20
8738,Aragón,201303,Otras,21
8739,Aragón,201302,Otras,20
8740,Aragón,201301,Otras,16
8741,Aragón,201212,Otras,19
8742,Aragón,201211,Otras,12
8743,Aragón,201210,Otras,18
8744,Aragón,201209,Otras,11
8745,Aragón,201208,Otras,11
8746,Aragón,201207,Otras,12
8747,Aragón,201206,Otras,14
8748,Aragón,201205,Otras,32
8749,Aragón,201204,Otras,8
8750,Aragón,201203,Otras,19
8751,Aragón,201202,Otras,12
8752,Aragón,201201,Otras,9
8753,Aragón,201112,Otras,5
8754,Aragón,201111,Otras,6
8755,Aragón,201110,Otras,8
8756,Aragón,201109,Otras,8
8757,Aragón,201108,Otras,4
8758,Aragón,201107,Otras,8
8759,Aragón,201106,Otras,8
8760,Aragón,201105,Otras,9
8761,Aragón,201104,Otras,13
8762,Aragón,201103,Otras,13
8763,Aragón,201102,Otras,7
8764,Aragón,201101,Otras,6
8765,Aragón,201012,Otras,12
8766,Aragón,201011,Otras,9
8767,Aragón,201010,Otras,5
8768,Aragón,201009,Otras,4
8769,Aragón,201008,Otras,2
8770,Aragón,201007,Otras,6
8771,Aragón,201006,Otras,5
8772,Aragón,201005,Otras,6
8773,Aragón,201004,Otras,8
8774,Aragón,201003,Otras,12
8775,Aragón,201002,Otras,11
8776,Aragón,201001,Otras,6
8777,Aragón,200912,Otras,4
8778,Aragón,200911,Otras,7
8779,Aragón,200910,Otras,11
8780,Aragón,200909,Otras,7
8781,Aragón,200908,Otras,1
8782,Aragón,200907,Otras,5
8783,Aragón,200906,Otras,6
8784,Aragón,200905,Otras,12
8785,Aragón,200904,Otras,1
8786,Aragón,200903,Otras,4
8787,Aragón,200902,Otras,3
8788,Aragón,200901,Otras,2
8789,Aragón,200812,Otras,2
8790,Aragón,200811,Otras,3
8791,Aragón,200810,Otras,5
8792,Aragón,200809,Otras,0
8793,Aragón,200808,Otras,3
8794,Aragón,200807,Otras,2
8795,Aragón,200806,Otras,2
8796,Aragón,200805,Otras,0
8797,Aragón,200804,Otras,0
8798,Aragón,200803,Otras,1
8799,Aragón,200802,Otras,4
8800,Aragón,200801,Otras,2
8801,"Asturias, Principado de",202604,Otras,2
8802,"Asturias, Principado de",202603,Otras,7
8803,"Asturias, Principado de",202602,Otras,9
8804,"Asturias, Principado de",202601,Otras,6
8805,"Asturias, Principado de",202512,Otras,3
8806,"Asturias, Principado de",202511,Otras,6
8807,"Asturias, Principado de",202510,Otras,1
8808,"Asturias, Principado de",202509,Otras,3
8809,"Asturias, Principado de",202508,Otras,1
8810,"Asturias, Principado de",202507,Otras,2
8811,"Asturias, Principado de",202506,Otras,6
8812,"Asturias, Principado de",202505,Otras,5
8813,"Asturias, Principado de",202504,Otras,3
8814,"Asturias, Principado de",202503,Otras,3
8815,"Asturias, Principado de",202502,Otras,5
8816,"Asturias, Principado de",202501,Otras,6
8817,"Asturias, Principado de",202412,Otras,2
8818,"Asturias, Principado de",202411,Otras,6
8819,"Asturias, Principado de",202410,Otras,5
8820,"Asturias, Principado de",202409,Otras,2
8821,"Asturias, Principado de",202408,Otras,6
8822,"Asturias, Principado de",202407,Otras,1
8823,"Asturias, Principado de",202406,Otras,5
8824,"Asturias, Principado de",202405,Otras,5
8825,"Asturias, Principado de",202404,Otras,5
8826,"Asturias, Principado de",202403,Otras,4
8827,"Asturias, Principado de",202402,Otras,5
8828,"Asturias, Principado de",202401,Otras,9
8829,"Asturias, Principado de",202312,Otras,4
8830,"Asturias, Principado de",202311,Otras,7
8831,"Asturias, Principado de",202310,Otras,6
8832,"Asturias, Principado de",202309,Otras,1
8833,"Asturias, Principado de",202308,Otras,3
8834,"Asturias, Principado de",202307,Otras,4
8835,"Asturias, Principado de",202306,Otras,2
8836,"Asturias, Principado de",202305,Otras,1
8837,"Asturias, Principado de",202304,Otras,5
8838,"Asturias, Principado de",202303,Otras,3
8839,"Asturias, Principado de",202302,Otras,6
8840,"Asturias, Principado de",202301,Otras,8
8841,"Asturias, Principado de",202212,Otras,6
8842,"Asturias, Principado de",202211,Otras,7
8843,"Asturias, Principado de",202210,Otras,7
8844,"Asturias, Principado de",202209,Otras,3
8845,"Asturias, Principado de",202208,Otras,2
8846,"Asturias, Principado de",202207,Otras,3
8847,"Asturias, Principado de",202206,Otras,5
8848,"Asturias, Principado de",202205,Otras,5
8849,"Asturias, Principado de",202204,Otras,2
8850,"Asturias, Principado de",202203,Otras,6
8851,"Asturias, Principado de",202202,Otras,5
8852,"Asturias, Principado de",202201,Otras,9
8853,"Asturias, Principado de",202112,Otras,6
8854,"Asturias, Principado de",202111,Otras,2
8855,"Asturias, Principado de",202110,Otras,9
8856,"Asturias, Principado de",202109,Otras,6
8857,"Asturias, Principado de",202108,Otras,3
8858,"Asturias, Principado de",202107,Otras,2
8859,"Asturias, Principado de",202106,Otras,3
8860,"Asturias, Principado de",202105,Otras,6
8861,"Asturias, Principado de",202104,Otras,4
8862,"Asturias, Principado de",202103,Otras,6
8863,"Asturias, Principado de",202102,Otras,2
8864,"Asturias, Principado de",202101,Otras,5
8865,"Asturias, Principado de",202012,Otras,5
8866,"Asturias, Principado de",202011,Otras,4
8867,"Asturias, Principado de",202010,Otras,1
8868,"Asturias, Principado de",202009,Otras,3
8869,"Asturias, Principado de",202008,Otras,1
8870,"Asturias, Principado de",202007,Otras,1
8871,"Asturias, Principado de",202006,Otras,2
8872,"Asturias, Principado de",202005,Otras,0
8873,"Asturias, Principado de",202004,Otras,0
8874,"Asturias, Principado de",202003,Otras,3
8875,"Asturias, Principado de",202002,Otras,1
8876,"Asturias, Principado de",202001,Otras,5
8877,"Asturias, Principado de",201912,Otras,5
8878,"Asturias, Principado de",201911,Otras,7
8879,"Asturias, Principado de",201910,Otras,4
8880,"Asturias, Principado de",201909,Otras,1
8881,"Asturias, Principado de",201908,Otras,3
8882,"Asturias, Principado de",201907,Otras,3
8883,"Asturias, Principado de",201906,Otras,1
8884,"Asturias, Principado de",201905,Otras,3
8885,"Asturias, Principado de",201904,Otras,6
8886,"Asturias, Principado de",201903,Otras,5
8887,"Asturias, Principado de",201902,Otras,5
8888,"Asturias, Principado de",201901,Otras,5
8889,"Asturias, Principado de",201812,Otras,2
8890,"Asturias, Principado de",201811,Otras,14
8891,"Asturias, Principado de",201810,Otras,10
8892,"Asturias, Principado de",201809,Otras,2
8893,"Asturias, Principado de",201808,Otras,3
8894,"Asturias, Principado de",201807,Otras,6
8895,"Asturias, Principado de",201806,Otras,6
8896,"Asturias, Principado de",201805,Otras,10
8897,"Asturias, Principado de",201804,Otras,9
8898,"Asturias, Principado de",201803,Otras,7
8899,"Asturias, Principado de",201802,Otras,5
8900,"Asturias, Principado de",201801,Otras,5
8901,"Asturias, Principado de",201712,Otras,2
8902,"Asturias, Principado de",201711,Otras,2
8903,"Asturias, Principado de",201710,Otras,4
8904,"Asturias, Principado de",201709,Otras,1
8905,"Asturias, Principado de",201708,Otras,0
8906,"Asturias, Principado de",201707,Otras,8
8907,"Asturias, Principado de",201706,Otras,5
8908,"Asturias, Principado de",201705,Otras,7
8909,"Asturias, Principado de",201704,Otras,5
8910,"Asturias, Principado de",201703,Otras,12
8911,"Asturias, Principado de",201702,Otras,4
8912,"Asturias, Principado de",201701,Otras,6
8913,"Asturias, Principado de",201612,Otras,5
8914,"Asturias, Principado de",201611,Otras,9
8915,"Asturias, Principado de",201610,Otras,6
8916,"Asturias, Principado de",201609,Otras,2
8917,"Asturias, Principado de",201608,Otras,1
8918,"Asturias, Principado de",201607,Otras,5
8919,"Asturias, Principado de",201606,Otras,9
8920,"Asturias, Principado de",201605,Otras,8
8921,"Asturias, Principado de",201604,Otras,13
8922,"Asturias, Principado de",201603,Otras,9
8923,"Asturias, Principado de",201602,Otras,7
8924,"Asturias, Principado de",201601,Otras,6
8925,"Asturias, Principado de",201512,Otras,9
8926,"Asturias, Principado de",201511,Otras,11
8927,"Asturias, Principado de",201510,Otras,3
8928,"Asturias, Principado de",201509,Otras,3
8929,"Asturias, Principado de",201508,Otras,5
8930,"Asturias, Principado de",201507,Otras,7
8931,"Asturias, Principado de",201506,Otras,11
8932,"Asturias, Principado de",201505,Otras,11
8933,"Asturias, Principado de",201504,Otras,12
8934,"Asturias, Principado de",201503,Otras,12
8935,"Asturias, Principado de",201502,Otras,13
8936,"Asturias, Principado de",201501,Otras,4
8937,"Asturias, Principado de",201412,Otras,7
8938,"Asturias, Principado de",201411,Otras,5
8939,"Asturias, Principado de",201410,Otras,17
8940,"Asturias, Principado de",201409,Otras,1
8941,"Asturias, Principado de",201408,Otras,7
8942,"Asturias, Principado de",201407,Otras,6
8943,"Asturias, Principado de",201406,Otras,12
8944,"Asturias, Principado de",201405,Otras,11
8945,"Asturias, Principado de",201404,Otras,25
8946,"Asturias, Principado de",201403,Otras,11
8947,"Asturias, Principado de",201402,Otras,11
8948,"Asturias, Principado de",201401,Otras,15
8949,"Asturias, Principado de",201312,Otras,11
8950,"Asturias, Principado de",201311,Otras,13
8951,"Asturias, Principado de",201310,Otras,29
8952,"Asturias, Principado de",201309,Otras,4
8953,"Asturias, Principado de",201308,Otras,4
8954,"Asturias, Principado de",201307,Otras,6
8955,"Asturias, Principado de",201306,Otras,9
8956,"Asturias, Principado de",201305,Otras,14
8957,"Asturias, Principado de",201304,Otras,7
8958,"Asturias, Principado de",201303,Otras,9
8959,"Asturias, Principado de",201302,Otras,12
8960,"Asturias, Principado de",201301,Otras,8
8961,"Asturias, Principado de",201212,Otras,13
8962,"Asturias, Principado de",201211,Otras,5
8963,"Asturias, Principado de",201210,Otras,7
8964,"Asturias, Principado de",201209,Otras,9
8965,"Asturias, Principado de",201208,Otras,5
8966,"Asturias, Principado de",201207,Otras,10
8967,"Asturias, Principado de",201206,Otras,9
8968,"Asturias, Principado de",201205,Otras,6
8969,"Asturias, Principado de",201204,Otras,6
8970,"Asturias, Principado de",201203,Otras,6
8971,"Asturias, Principado de",201202,Otras,5
8972,"Asturias, Principado de",201201,Otras,8
8973,"Asturias, Principado de",201112,Otras,3
8974,"Asturias, Principado de",201111,Otras,5
8975,"Asturias, Principado de",201110,Otras,5
8976,"Asturias, Principado de",201109,Otras,2
8977,"Asturias, Principado de",201108,Otras,8
8978,"Asturias, Principado de",201107,Otras,5
8979,"Asturias, Principado de",201106,Otras,4
8980,"Asturias, Principado de",201105,Otras,9
8981,"Asturias, Principado de",201104,Otras,1
8982,"Asturias, Principado de",201103,Otras,8
8983,"Asturias, Principado de",201102,Otras,4
8984,"Asturias, Principado de",201101,Otras,4
8985,"Asturias, Principado de",201012,Otras,0
8986,"Asturias, Principado de",201011,Otras,5
8987,"Asturias, Principado de",201010,Otras,3
8988,"Asturias, Principado de",201009,Otras,5
8989,"Asturias, Principado de",201008,Otras,3
8990,"Asturias, Principado de",201007,Otras,2
8991,"Asturias, Principado de",201006,Otras,5
8992,"Asturias, Principado de",201005,Otras,8
8993,"Asturias, Principado de",201004,Otras,7
8994,"Asturias, Principado de",201003,Otras,7
8995,"Asturias, Principado de",201002,Otras,6
8996,"Asturias, Principado de",201001,Otras,4
8997,"Asturias, Principado de",200912,Otras,3
8998,"Asturias, Principado de",200911,Otras,2
8999,"Asturias, Principado de",200910,Otras,2
9000,"Asturias, Principado de",200909,Otras,1
9001,"Asturias, Principado de",200908,Otras,2
9002,"Asturias, Principado de",200907,Otras,4
9003,"Asturias, Principado de",200906,Otras,2
9004,"Asturias, Principado de",200905,Otras,0
9005,"Asturias, Principado de",200904,Otras,1
9006,"Asturias, Principado de",200903,Otras,4
9007,"Asturias, Principado de",200902,Otras,3
9008,"Asturias, Principado de",200901,Otras,2
9009,"Asturias, Principado de",200812,Otras,3
9010,"Asturias, Principado de",200811,Otras,7
9011,"Asturias, Principado de",200810,Otras,4
9012,"Asturias, Principado de",200809,Otras,2
9013,"Asturias, Principado de",200808,Otras,2
9014,"Asturias, Principado de",200807,Otras,0
9015,"Asturias, Principado de",200806,Otras,1
9016,"Asturias, Principado de",200805,Otras,5
9017,"Asturias, Principado de",200804,Otras,3
9018,"Asturias, Principado de",200803,Otras,2
9019,"Asturias, Principado de",200802,Otras,1
9020,"Asturias, Principado de",200801,Otras,3
9021,"Balears, Illes",202604,Otras,1
9022,"Balears, Illes",202603,Otras,5
9023,"Balears, Illes",202602,Otras,2
9024,"Balears, Illes",202601,Otras,2
9025,"Balears, Illes",202512,Otras,1
9026,"Balears, Illes",202511,Otras,3
9027,"Balears, Illes",202510,Otras,4
9028,"Balears, Illes",202509,Otras,2
9029,"Balears, Illes",202508,Otras,2
9030,"Balears, Illes",202507,Otras,1
9031,"Balears, Illes",202506,Otras,2
9032,"Balears, Illes",202505,Otras,5
9033,"Balears, Illes",202504,Otras,1
9034,"Balears, Illes",202503,Otras,5
9035,"Balears, Illes",202502,Otras,1
9036,"Balears, Illes",202501,Otras,1
9037,"Balears, Illes",202412,Otras,2
9038,"Balears, Illes",202411,Otras,3
9039,"Balears, Illes",202410,Otras,2
9040,"Balears, Illes",202409,Otras,0
9041,"Balears, Illes",202408,Otras,4
9042,"Balears, Illes",202407,Otras,5
9043,"Balears, Illes",202406,Otras,1
9044,"Balears, Illes",202405,Otras,5
9045,"Balears, Illes",202404,Otras,7
9046,"Balears, Illes",202403,Otras,2
9047,"Balears, Illes",202402,Otras,3
9048,"Balears, Illes",202401,Otras,6
9049,"Balears, Illes",202312,Otras,5
9050,"Balears, Illes",202311,Otras,2
9051,"Balears, Illes",202310,Otras,3
9052,"Balears, Illes",202309,Otras,1
9053,"Balears, Illes",202308,Otras,1
9054,"Balears, Illes",202307,Otras,4
9055,"Balears, Illes",202306,Otras,1
9056,"Balears, Illes",202305,Otras,3
9057,"Balears, Illes",202304,Otras,1
9058,"Balears, Illes",202303,Otras,3
9059,"Balears, Illes",202302,Otras,4
9060,"Balears, Illes",202301,Otras,2
9061,"Balears, Illes",202212,Otras,3
9062,"Balears, Illes",202211,Otras,4
9063,"Balears, Illes",202210,Otras,5
9064,"Balears, Illes",202209,Otras,2
9065,"Balears, Illes",202208,Otras,5
9066,"Balears, Illes",202207,Otras,3
9067,"Balears, Illes",202206,Otras,7
9068,"Balears, Illes",202205,Otras,7
9069,"Balears, Illes",202204,Otras,3
9070,"Balears, Illes",202203,Otras,7
9071,"Balears, Illes",202202,Otras,9
9072,"Balears, Illes",202201,Otras,6
9073,"Balears, Illes",202112,Otras,1
9074,"Balears, Illes",202111,Otras,1
9075,"Balears, Illes",202110,Otras,7
9076,"Balears, Illes",202109,Otras,5
9077,"Balears, Illes",202108,Otras,2
9078,"Balears, Illes",202107,Otras,1
9079,"Balears, Illes",202106,Otras,9
9080,"Balears, Illes",202105,Otras,5
9081,"Balears, Illes",202104,Otras,5
9082,"Balears, Illes",202103,Otras,12
9083,"Balears, Illes",202102,Otras,9
9084,"Balears, Illes",202101,Otras,2
9085,"Balears, Illes",202012,Otras,4
9086,"Balears, Illes",202011,Otras,3
9087,"Balears, Illes",202010,Otras,2
9088,"Balears, Illes",202009,Otras,1
9089,"Balears, Illes",202008,Otras,2
9090,"Balears, Illes",202007,Otras,1
9091,"Balears, Illes",202006,Otras,3
9092,"Balears, Illes",202005,Otras,2
9093,"Balears, Illes",202004,Otras,1
9094,"Balears, Illes",202003,Otras,5
9095,"Balears, Illes",202002,Otras,4
9096,"Balears, Illes",202001,Otras,2
9097,"Balears, Illes",201912,Otras,3
9098,"Balears, Illes",201911,Otras,3
9099,"Balears, Illes",201910,Otras,13
9100,"Balears, Illes",201909,Otras,3
9101,"Balears, Illes",201908,Otras,5
9102,"Balears, Illes",201907,Otras,7
9103,"Balears, Illes",201906,Otras,5
9104,"Balears, Illes",201905,Otras,3
9105,"Balears, Illes",201904,Otras,8
9106,"Balears, Illes",201903,Otras,1
9107,"Balears, Illes",201902,Otras,2
9108,"Balears, Illes",201901,Otras,4
9109,"Balears, Illes",201812,Otras,7
9110,"Balears, Illes",201811,Otras,4
9111,"Balears, Illes",201810,Otras,3
9112,"Balears, Illes",201809,Otras,2
9113,"Balears, Illes",201808,Otras,7
9114,"Balears, Illes",201807,Otras,3
9115,"Balears, Illes",201806,Otras,7
9116,"Balears, Illes",201805,Otras,5
9117,"Balears, Illes",201804,Otras,5
9118,"Balears, Illes",201803,Otras,4
9119,"Balears, Illes",201802,Otras,10
9120,"Balears, Illes",201801,Otras,4
9121,"Balears, Illes",201712,Otras,11
9122,"Balears, Illes",201711,Otras,6
9123,"Balears, Illes",201710,Otras,0
9124,"Balears, Illes",201709,Otras,3
9125,"Balears, Illes",201708,Otras,1
9126,"Balears, Illes",201707,Otras,2
9127,"Balears, Illes",201706,Otras,5
9128,"Balears, Illes",201705,Otras,3
9129,"Balears, Illes",201704,Otras,3
9130,"Balears, Illes",201703,Otras,6
9131,"Balears, Illes",201702,Otras,5
9132,"Balears, Illes",201701,Otras,0
9133,"Balears, Illes",201612,Otras,2
9134,"Balears, Illes",201611,Otras,8
9135,"Balears, Illes",201610,Otras,8
9136,"Balears, Illes",201609,Otras,1
9137,"Balears, Illes",201608,Otras,4
9138,"Balears, Illes",201607,Otras,20
9139,"Balears, Illes",201606,Otras,4
9140,"Balears, Illes",201605,Otras,5
9141,"Balears, Illes",201604,Otras,8
9142,"Balears, Illes",201603,Otras,15
9143,"Balears, Illes",201602,Otras,6
9144,"Balears, Illes",201601,Otras,4
9145,"Balears, Illes",201512,Otras,10
9146,"Balears, Illes",201511,Otras,9
9147,"Balears, Illes",201510,Otras,13
9148,"Balears, Illes",201509,Otras,13
9149,"Balears, Illes",201508,Otras,2
9150,"Balears, Illes",201507,Otras,6
9151,"Balears, Illes",201506,Otras,3
9152,"Balears, Illes",201505,Otras,10
9153,"Balears, Illes",201504,Otras,8
9154,"Balears, Illes",201503,Otras,4
9155,"Balears, Illes",201502,Otras,4
9156,"Balears, Illes",201501,Otras,5
9157,"Balears, Illes",201412,Otras,17
9158,"Balears, Illes",201411,Otras,6
9159,"Balears, Illes",201410,Otras,9
9160,"Balears, Illes",201409,Otras,20
9161,"Balears, Illes",201408,Otras,8
9162,"Balears, Illes",201407,Otras,8
9163,"Balears, Illes",201406,Otras,22
9164,"Balears, Illes",201405,Otras,3
9165,"Balears, Illes",201404,Otras,8
9166,"Balears, Illes",201403,Otras,16
9167,"Balears, Illes",201402,Otras,3
9168,"Balears, Illes",201401,Otras,5
9169,"Balears, Illes",201312,Otras,7
9170,"Balears, Illes",201311,Otras,10
9171,"Balears, Illes",201310,Otras,14
9172,"Balears, Illes",201309,Otras,4
9173,"Balears, Illes",201308,Otras,8
9174,"Balears, Illes",201307,Otras,11
9175,"Balears, Illes",201306,Otras,5
9176,"Balears, Illes",201305,Otras,8
9177,"Balears, Illes",201304,Otras,14
9178,"Balears, Illes",201303,Otras,7
9179,"Balears, Illes",201302,Otras,12
9180,"Balears, Illes",201301,Otras,7
9181,"Balears, Illes",201212,Otras,14
9182,"Balears, Illes",201211,Otras,3
9183,"Balears, Illes",201210,Otras,9
9184,"Balears, Illes",201209,Otras,5
9185,"Balears, Illes",201208,Otras,7
9186,"Balears, Illes",201207,Otras,9
9187,"Balears, Illes",201206,Otras,15
9188,"Balears, Illes",201205,Otras,14
9189,"Balears, Illes",201204,Otras,5
9190,"Balears, Illes",201203,Otras,12
9191,"Balears, Illes",201202,Otras,9
9192,"Balears, Illes",201201,Otras,7
9193,"Balears, Illes",201112,Otras,3
9194,"Balears, Illes",201111,Otras,7
9195,"Balears, Illes",201110,Otras,10
9196,"Balears, Illes",201109,Otras,4
9197,"Balears, Illes",201108,Otras,6
9198,"Balears, Illes",201107,Otras,7
9199,"Balears, Illes",201106,Otras,3
9200,"Balears, Illes",201105,Otras,4
9201,"Balears, Illes",201104,Otras,9
9202,"Balears, Illes",201103,Otras,12
9203,"Balears, Illes",201102,Otras,7
9204,"Balears, Illes",201101,Otras,4
9205,"Balears, Illes",201012,Otras,8
9206,"Balears, Illes",201011,Otras,6
9207,"Balears, Illes",201010,Otras,9
9208,"Balears, Illes",201009,Otras,5
9209,"Balears, Illes",201008,Otras,8
9210,"Balears, Illes",201007,Otras,4
9211,"Balears, Illes",201006,Otras,4
9212,"Balears, Illes",201005,Otras,1
9213,"Balears, Illes",201004,Otras,3
9214,"Balears, Illes",201003,Otras,3
9215,"Balears, Illes",201002,Otras,9
9216,"Balears, Illes",201001,Otras,2
9217,"Balears, Illes",200912,Otras,2
9218,"Balears, Illes",200911,Otras,3
9219,"Balears, Illes",200910,Otras,2
9220,"Balears, Illes",200909,Otras,1
9221,"Balears, Illes",200908,Otras,4
9222,"Balears, Illes",200907,Otras,2
9223,"Balears, Illes",200906,Otras,1
9224,"Balears, Illes",200905,Otras,2
9225,"Balears, Illes",200904,Otras,0
9226,"Balears, Illes",200903,Otras,2
9227,"Balears, Illes",200902,Otras,0
9228,"Balears, Illes",200901,Otras,2
9229,"Balears, Illes",200812,Otras,0
9230,"Balears, Illes",200811,Otras,1
9231,"Balears, Illes",200810,Otras,1
9232,"Balears, Illes",200809,Otras,2
9233,"Balears, Illes",200808,Otras,3
9234,"Balears, Illes",200807,Otras,0
9235,"Balears, Illes",200806,Otras,0
9236,"Balears, Illes",200805,Otras,1
9237,"Balears, Illes",200804,Otras,3
9238,"Balears, Illes",200803,Otras,1
9239,"Balears, Illes",200802,Otras,3
9240,"Balears, Illes",200801,Otras,5
9241,Canarias,202604,Otras,7
9242,Canarias,202603,Otras,5
9243,Canarias,202602,Otras,4
9244,Canarias,202601,Otras,5
9245,Canarias,202512,Otras,8
9246,Canarias,202511,Otras,3
9247,Canarias,202510,Otras,9
9248,Canarias,202509,Otras,3
9249,Canarias,202508,Otras,0
9250,Canarias,202507,Otras,6
9251,Canarias,202506,Otras,10
9252,Canarias,202505,Otras,6
9253,Canarias,202504,Otras,11
9254,Canarias,202503,Otras,5
9255,Canarias,202502,Otras,6
9256,Canarias,202501,Otras,4
9257,Canarias,202412,Otras,8
9258,Canarias,202411,Otras,9
9259,Canarias,202410,Otras,13
9260,Canarias,202409,Otras,1
9261,Canarias,202408,Otras,5
9262,Canarias,202407,Otras,8
9263,Canarias,202406,Otras,6
9264,Canarias,202405,Otras,1
9265,Canarias,202404,Otras,11
9266,Canarias,202403,Otras,5
9267,Canarias,202402,Otras,7
9268,Canarias,202401,Otras,6
9269,Canarias,202312,Otras,7
9270,Canarias,202311,Otras,4
9271,Canarias,202310,Otras,10
9272,Canarias,202309,Otras,5
9273,Canarias,202308,Otras,3
9274,Canarias,202307,Otras,12
9275,Canarias,202306,Otras,3
9276,Canarias,202305,Otras,7
9277,Canarias,202304,Otras,2
9278,Canarias,202303,Otras,2
9279,Canarias,202302,Otras,1
9280,Canarias,202301,Otras,3
9281,Canarias,202212,Otras,6
9282,Canarias,202211,Otras,8
9283,Canarias,202210,Otras,6
9284,Canarias,202209,Otras,4
9285,Canarias,202208,Otras,5
9286,Canarias,202207,Otras,7
9287,Canarias,202206,Otras,14
9288,Canarias,202205,Otras,7
9289,Canarias,202204,Otras,8
9290,Canarias,202203,Otras,9
9291,Canarias,202202,Otras,7
9292,Canarias,202201,Otras,7
9293,Canarias,202112,Otras,18
9294,Canarias,202111,Otras,5
9295,Canarias,202110,Otras,11
9296,Canarias,202109,Otras,9
9297,Canarias,202108,Otras,8
9298,Canarias,202107,Otras,5
9299,Canarias,202106,Otras,4
9300,Canarias,202105,Otras,10
9301,Canarias,202104,Otras,9
9302,Canarias,202103,Otras,10
9303,Canarias,202102,Otras,7
9304,Canarias,202101,Otras,2
9305,Canarias,202012,Otras,11
9306,Canarias,202011,Otras,9
9307,Canarias,202010,Otras,6
9308,Canarias,202009,Otras,4
9309,Canarias,202008,Otras,8
9310,Canarias,202007,Otras,6
9311,Canarias,202006,Otras,1
9312,Canarias,202005,Otras,0
9313,Canarias,202004,Otras,0
9314,Canarias,202003,Otras,4
9315,Canarias,202002,Otras,8
9316,Canarias,202001,Otras,2
9317,Canarias,201912,Otras,6
9318,Canarias,201911,Otras,5
9319,Canarias,201910,Otras,6
9320,Canarias,201909,Otras,6
9321,Canarias,201908,Otras,9
9322,Canarias,201907,Otras,13
9323,Canarias,201906,Otras,3
9324,Canarias,201905,Otras,4
9325,Canarias,201904,Otras,7
9326,Canarias,201903,Otras,4
9327,Canarias,201902,Otras,7
9328,Canarias,201901,Otras,4
9329,Canarias,201812,Otras,1
9330,Canarias,201811,Otras,4
9331,Canarias,201810,Otras,9
9332,Canarias,201809,Otras,2
9333,Canarias,201808,Otras,6
9334,Canarias,201807,Otras,5
9335,Canarias,201806,Otras,4
9336,Canarias,201805,Otras,5
9337,Canarias,201804,Otras,8
9338,Canarias,201803,Otras,8
9339,Canarias,201802,Otras,5
9340,Canarias,201801,Otras,7
9341,Canarias,201712,Otras,2
9342,Canarias,201711,Otras,7
9343,Canarias,201710,Otras,2
9344,Canarias,201709,Otras,3
9345,Canarias,201708,Otras,5
9346,Canarias,201707,Otras,9
9347,Canarias,201706,Otras,5
9348,Canarias,201705,Otras,6
9349,Canarias,201704,Otras,3
9350,Canarias,201703,Otras,4
9351,Canarias,201702,Otras,6
9352,Canarias,201701,Otras,8
9353,Canarias,201612,Otras,5
9354,Canarias,201611,Otras,8
9355,Canarias,201610,Otras,6
9356,Canarias,201609,Otras,8
9357,Canarias,201608,Otras,1
9358,Canarias,201607,Otras,7
9359,Canarias,201606,Otras,8
9360,Canarias,201605,Otras,4
9361,Canarias,201604,Otras,9
9362,Canarias,201603,Otras,7
9363,Canarias,201602,Otras,13
9364,Canarias,201601,Otras,8
9365,Canarias,201512,Otras,9
9366,Canarias,201511,Otras,9
9367,Canarias,201510,Otras,12
9368,Canarias,201509,Otras,11
9369,Canarias,201508,Otras,8
9370,Canarias,201507,Otras,17
9371,Canarias,201506,Otras,6
9372,Canarias,201505,Otras,10
9373,Canarias,201504,Otras,8
9374,Canarias,201503,Otras,11
9375,Canarias,201502,Otras,8
9376,Canarias,201501,Otras,3
9377,Canarias,201412,Otras,6
9378,Canarias,201411,Otras,9
9379,Canarias,201410,Otras,6
9380,Canarias,201409,Otras,5
9381,Canarias,201408,Otras,4
9382,Canarias,201407,Otras,11
9383,Canarias,201406,Otras,15
9384,Canarias,201405,Otras,6
9385,Canarias,201404,Otras,7
9386,Canarias,201403,Otras,3
9387,Canarias,201402,Otras,6
9388,Canarias,201401,Otras,6
9389,Canarias,201312,Otras,7
9390,Canarias,201311,Otras,8
9391,Canarias,201310,Otras,7
9392,Canarias,201309,Otras,2
9393,Canarias,201308,Otras,9
9394,Canarias,201307,Otras,4
9395,Canarias,201306,Otras,6
9396,Canarias,201305,Otras,6
9397,Canarias,201304,Otras,7
9398,Canarias,201303,Otras,6
9399,Canarias,201302,Otras,2
9400,Canarias,201301,Otras,3
9401,Canarias,201212,Otras,4
9402,Canarias,201211,Otras,10
9403,Canarias,201210,Otras,3
9404,Canarias,201209,Otras,1
9405,Canarias,201208,Otras,1
9406,Canarias,201207,Otras,4
9407,Canarias,201206,Otras,0
9408,Canarias,201205,Otras,2
9409,Canarias,201204,Otras,2
9410,Canarias,201203,Otras,0
9411,Canarias,201202,Otras,0
9412,Canarias,201201,Otras,5
9413,Canarias,201112,Otras,0
9414,Canarias,201111,Otras,0
9415,Canarias,201110,Otras,1
9416,Canarias,201109,Otras,0
9417,Canarias,201108,Otras,2
9418,Canarias,201107,Otras,0
9419,Canarias,201106,Otras,0
9420,Canarias,201105,Otras,2
9421,Canarias,201104,Otras,2
9422,Canarias,201103,Otras,2
9423,Canarias,201102,Otras,0
9424,Canarias,201101,Otras,2
9425,Canarias,201012,Otras,1
9426,Canarias,201011,Otras,2
9427,Canarias,201010,Otras,2
9428,Canarias,201009,Otras,1
9429,Canarias,201008,Otras,2
9430,Canarias,201007,Otras,3
9431,Canarias,201006,Otras,1
9432,Canarias,201005,Otras,5
9433,Canarias,201004,Otras,1
9434,Canarias,201003,Otras,1
9435,Canarias,201002,Otras,0
9436,Canarias,201001,Otras,3
9437,Canarias,200912,Otras,1
9438,Canarias,200911,Otras,2
9439,Canarias,200910,Otras,0
9440,Canarias,200909,Otras,0
9441,Canarias,200908,Otras,0
9442,Canarias,200907,Otras,2
9443,Canarias,200906,Otras,1
9444,Canarias,200905,Otras,0
9445,Canarias,200904,Otras,0
9446,Canarias,200903,Otras,1
9447,Canarias,200902,Otras,0
9448,Canarias,200901,Otras,1
9449,Canarias,200812,Otras,1
9450,Canarias,200811,Otras,0
9451,Canarias,200810,Otras,0
9452,Canarias,200809,Otras,1
9453,Canarias,200808,Otras,0
9454,Canarias,200807,Otras,2
9455,Canarias,200806,Otras,0
9456,Canarias,200805,Otras,1
9457,Canarias,200804,Otras,0
9458,Canarias,200803,Otras,0
9459,Canarias,200802,Otras,0
9460,Canarias,200801,Otras,0
9461,Cantabria,202604,Otras,2
9462,Cantabria,202603,Otras,1
9463,Cantabria,202602,Otras,3
9464,Cantabria,202601,Otras,6
9465,Cantabria,202512,Otras,5
9466,Cantabria,202511,Otras,2
9467,Cantabria,202510,Otras,6
9468,Cantabria,202509,Otras,1
9469,Cantabria,202508,Otras,0
9470,Cantabria,202507,Otras,3
9471,Cantabria,202506,Otras,2
9472,Cantabria,202505,Otras,4
9473,Cantabria,202504,Otras,2
9474,Cantabria,202503,Otras,3
9475,Cantabria,202502,Otras,1
9476,Cantabria,202501,Otras,1
9477,Cantabria,202412,Otras,0
9478,Cantabria,202411,Otras,2
9479,Cantabria,202410,Otras,4
9480,Cantabria,202409,Otras,1
9481,Cantabria,202408,Otras,1
9482,Cantabria,202407,Otras,1
9483,Cantabria,202406,Otras,3
9484,Cantabria,202405,Otras,0
9485,Cantabria,202404,Otras,3
9486,Cantabria,202403,Otras,0
9487,Cantabria,202402,Otras,3
9488,Cantabria,202401,Otras,4
9489,Cantabria,202312,Otras,2
9490,Cantabria,202311,Otras,7
9491,Cantabria,202310,Otras,1
9492,Cantabria,202309,Otras,1
9493,Cantabria,202308,Otras,0
9494,Cantabria,202307,Otras,1
9495,Cantabria,202306,Otras,5
9496,Cantabria,202305,Otras,0
9497,Cantabria,202304,Otras,0
9498,Cantabria,202303,Otras,2
9499,Cantabria,202302,Otras,0
9500,Cantabria,202301,Otras,1
9501,Cantabria,202212,Otras,2
9502,Cantabria,202211,Otras,1
9503,Cantabria,202210,Otras,3
9504,Cantabria,202209,Otras,0
9505,Cantabria,202208,Otras,4
9506,Cantabria,202207,Otras,1
9507,Cantabria,202206,Otras,5
9508,Cantabria,202205,Otras,1
9509,Cantabria,202204,Otras,2
9510,Cantabria,202203,Otras,2
9511,Cantabria,202202,Otras,1
9512,Cantabria,202201,Otras,0
9513,Cantabria,202112,Otras,2
9514,Cantabria,202111,Otras,4
9515,Cantabria,202110,Otras,1
9516,Cantabria,202109,Otras,2
9517,Cantabria,202108,Otras,1
9518,Cantabria,202107,Otras,5
9519,Cantabria,202106,Otras,3
9520,Cantabria,202105,Otras,3
9521,Cantabria,202104,Otras,1
9522,Cantabria,202103,Otras,1
9523,Cantabria,202102,Otras,2
9524,Cantabria,202101,Otras,2
9525,Cantabria,202012,Otras,2
9526,Cantabria,202011,Otras,1
9527,Cantabria,202010,Otras,1
9528,Cantabria,202009,Otras,1
9529,Cantabria,202008,Otras,5
9530,Cantabria,202007,Otras,3
9531,Cantabria,202006,Otras,4
9532,Cantabria,202005,Otras,0
9533,Cantabria,202004,Otras,0
9534,Cantabria,202003,Otras,4
9535,Cantabria,202002,Otras,1
9536,Cantabria,202001,Otras,2
9537,Cantabria,201912,Otras,2
9538,Cantabria,201911,Otras,4
9539,Cantabria,201910,Otras,4
9540,Cantabria,201909,Otras,1
9541,Cantabria,201908,Otras,2
9542,Cantabria,201907,Otras,2
9543,Cantabria,201906,Otras,8
9544,Cantabria,201905,Otras,1
9545,Cantabria,201904,Otras,5
9546,Cantabria,201903,Otras,0
9547,Cantabria,201902,Otras,2
9548,Cantabria,201901,Otras,3
9549,Cantabria,201812,Otras,1
9550,Cantabria,201811,Otras,2
9551,Cantabria,201810,Otras,3
9552,Cantabria,201809,Otras,0
9553,Cantabria,201808,Otras,0
9554,Cantabria,201807,Otras,1
9555,Cantabria,201806,Otras,2
9556,Cantabria,201805,Otras,4
9557,Cantabria,201804,Otras,2
9558,Cantabria,201803,Otras,6
9559,Cantabria,201802,Otras,2
9560,Cantabria,201801,Otras,4
9561,Cantabria,201712,Otras,5
9562,Cantabria,201711,Otras,2
9563,Cantabria,201710,Otras,1
9564,Cantabria,201709,Otras,3
9565,Cantabria,201708,Otras,1
9566,Cantabria,201707,Otras,5
9567,Cantabria,201706,Otras,5
9568,Cantabria,201705,Otras,12
9569,Cantabria,201704,Otras,4
9570,Cantabria,201703,Otras,9
9571,Cantabria,201702,Otras,4
9572,Cantabria,201701,Otras,10
9573,Cantabria,201612,Otras,5
9574,Cantabria,201611,Otras,4
9575,Cantabria,201610,Otras,2
9576,Cantabria,201609,Otras,1
9577,Cantabria,201608,Otras,3
9578,Cantabria,201607,Otras,2
9579,Cantabria,201606,Otras,3
9580,Cantabria,201605,Otras,2
9581,Cantabria,201604,Otras,4
9582,Cantabria,201603,Otras,4
9583,Cantabria,201602,Otras,0
9584,Cantabria,201601,Otras,4
9585,Cantabria,201512,Otras,7
9586,Cantabria,201511,Otras,5
9587,Cantabria,201510,Otras,3
9588,Cantabria,201509,Otras,2
9589,Cantabria,201508,Otras,0
9590,Cantabria,201507,Otras,4
9591,Cantabria,201506,Otras,2
9592,Cantabria,201505,Otras,5
9593,Cantabria,201504,Otras,2
9594,Cantabria,201503,Otras,2
9595,Cantabria,201502,Otras,5
9596,Cantabria,201501,Otras,1
9597,Cantabria,201412,Otras,4
9598,Cantabria,201411,Otras,4
9599,Cantabria,201410,Otras,3
9600,Cantabria,201409,Otras,4
9601,Cantabria,201408,Otras,2
9602,Cantabria,201407,Otras,4
9603,Cantabria,201406,Otras,8
9604,Cantabria,201405,Otras,4
9605,Cantabria,201404,Otras,7
9606,Cantabria,201403,Otras,7
9607,Cantabria,201402,Otras,5
9608,Cantabria,201401,Otras,5
9609,Cantabria,201312,Otras,4
9610,Cantabria,201311,Otras,6
9611,Cantabria,201310,Otras,14
9612,Cantabria,201309,Otras,8
9613,Cantabria,201308,Otras,5
9614,Cantabria,201307,Otras,7
9615,Cantabria,201306,Otras,6
9616,Cantabria,201305,Otras,5
9617,Cantabria,201304,Otras,5
9618,Cantabria,201303,Otras,15
9619,Cantabria,201302,Otras,3
9620,Cantabria,201301,Otras,9
9621,Cantabria,201212,Otras,2
9622,Cantabria,201211,Otras,3
9623,Cantabria,201210,Otras,4
9624,Cantabria,201209,Otras,2
9625,Cantabria,201208,Otras,2
9626,Cantabria,201207,Otras,5
9627,Cantabria,201206,Otras,7
9628,Cantabria,201205,Otras,16
9629,Cantabria,201204,Otras,4
9630,Cantabria,201203,Otras,1
9631,Cantabria,201202,Otras,2
9632,Cantabria,201201,Otras,0
9633,Cantabria,201112,Otras,4
9634,Cantabria,201111,Otras,2
9635,Cantabria,201110,Otras,4
9636,Cantabria,201109,Otras,0
9637,Cantabria,201108,Otras,1
9638,Cantabria,201107,Otras,1
9639,Cantabria,201106,Otras,0
9640,Cantabria,201105,Otras,0
9641,Cantabria,201104,Otras,4
9642,Cantabria,201103,Otras,2
9643,Cantabria,201102,Otras,2
9644,Cantabria,201101,Otras,1
9645,Cantabria,201012,Otras,5
9646,Cantabria,201011,Otras,0
9647,Cantabria,201010,Otras,6
9648,Cantabria,201009,Otras,2
9649,Cantabria,201008,Otras,0
9650,Cantabria,201007,Otras,4
9651,Cantabria,201006,Otras,6
9652,Cantabria,201005,Otras,3
9653,Cantabria,201004,Otras,1
9654,Cantabria,201003,Otras,0
9655,Cantabria,201002,Otras,0
9656,Cantabria,201001,Otras,0
9657,Cantabria,200912,Otras,0
9658,Cantabria,200911,Otras,0
9659,Cantabria,200910,Otras,0
9660,Cantabria,200909,Otras,0
9661,Cantabria,200908,Otras,1
9662,Cantabria,200907,Otras,0
9663,Cantabria,200906,Otras,0
9664,Cantabria,200905,Otras,0
9665,Cantabria,200904,Otras,0
9666,Cantabria,200903,Otras,1
9667,Cantabria,200902,Otras,1
9668,Cantabria,200901,Otras,0
9669,Cantabria,200812,Otras,0
9670,Cantabria,200811,Otras,0
9671,Cantabria,200810,Otras,0
9672,Cantabria,200809,Otras,0
9673,Cantabria,200808,Otras,1
9674,Cantabria,200807,Otras,1
9675,Cantabria,200806,Otras,0
9676,Cantabria,200805,Otras,0
9677,Cantabria,200804,Otras,0
9678,Cantabria,200803,Otras,0
9679,Cantabria,200802,Otras,0
9680,Cantabria,200801,Otras,0
9681,Castilla y León,202604,Otras,12
9682,Castilla y León,202603,Otras,11
9683,Castilla y León,202602,Otras,13
9684,Castilla y León,202601,Otras,11
9685,Castilla y León,202512,Otras,9
9686,Castilla y León,202511,Otras,9
9687,Castilla y León,202510,Otras,5
9688,Castilla y León,202509,Otras,7
9689,Castilla y León,202508,Otras,2
9690,Castilla y León,202507,Otras,6
9691,Castilla y León,202506,Otras,5
9692,Castilla y León,202505,Otras,5
9693,Castilla y León,202504,Otras,9
9694,Castilla y León,202503,Otras,6
9695,Castilla y León,202502,Otras,10
9696,Castilla y León,202501,Otras,17
9697,Castilla y León,202412,Otras,7
9698,Castilla y León,202411,Otras,9
9699,Castilla y León,202410,Otras,13
9700,Castilla y León,202409,Otras,6
9701,Castilla y León,202408,Otras,8
9702,Castilla y León,202407,Otras,7
9703,Castilla y León,202406,Otras,7
9704,Castilla y León,202405,Otras,4
9705,Castilla y León,202404,Otras,11
9706,Castilla y León,202403,Otras,9
9707,Castilla y León,202402,Otras,11
9708,Castilla y León,202401,Otras,3
9709,Castilla y León,202312,Otras,6
9710,Castilla y León,202311,Otras,4
9711,Castilla y León,202310,Otras,12
9712,Castilla y León,202309,Otras,10
9713,Castilla y León,202308,Otras,9
9714,Castilla y León,202307,Otras,10
9715,Castilla y León,202306,Otras,6
9716,Castilla y León,202305,Otras,9
9717,Castilla y León,202304,Otras,8
9718,Castilla y León,202303,Otras,12
9719,Castilla y León,202302,Otras,15
9720,Castilla y León,202301,Otras,6
9721,Castilla y León,202212,Otras,5
9722,Castilla y León,202211,Otras,20
9723,Castilla y León,202210,Otras,7
9724,Castilla y León,202209,Otras,6
9725,Castilla y León,202208,Otras,3
9726,Castilla y León,202207,Otras,6
9727,Castilla y León,202206,Otras,14
9728,Castilla y León,202205,Otras,10
9729,Castilla y León,202204,Otras,2
9730,Castilla y León,202203,Otras,6
9731,Castilla y León,202202,Otras,9
9732,Castilla y León,202201,Otras,11
9733,Castilla y León,202112,Otras,4
9734,Castilla y León,202111,Otras,8
9735,Castilla y León,202110,Otras,6
9736,Castilla y León,202109,Otras,6
9737,Castilla y León,202108,Otras,3
9738,Castilla y León,202107,Otras,4
9739,Castilla y León,202106,Otras,10
9740,Castilla y León,202105,Otras,13
9741,Castilla y León,202104,Otras,17
9742,Castilla y León,202103,Otras,12
9743,Castilla y León,202102,Otras,8
9744,Castilla y León,202101,Otras,6
9745,Castilla y León,202012,Otras,10
9746,Castilla y León,202011,Otras,11
9747,Castilla y León,202010,Otras,10
9748,Castilla y León,202009,Otras,6
9749,Castilla y León,202008,Otras,4
9750,Castilla y León,202007,Otras,4
9751,Castilla y León,202006,Otras,7
9752,Castilla y León,202005,Otras,0
9753,Castilla y León,202004,Otras,2
9754,Castilla y León,202003,Otras,10
9755,Castilla y León,202002,Otras,5
9756,Castilla y León,202001,Otras,8
9757,Castilla y León,201912,Otras,10
9758,Castilla y León,201911,Otras,4
9759,Castilla y León,201910,Otras,7
9760,Castilla y León,201909,Otras,6
9761,Castilla y León,201908,Otras,5
9762,Castilla y León,201907,Otras,6
9763,Castilla y León,201906,Otras,8
9764,Castilla y León,201905,Otras,9
9765,Castilla y León,201904,Otras,9
9766,Castilla y León,201903,Otras,14
9767,Castilla y León,201902,Otras,12
9768,Castilla y León,201901,Otras,7
9769,Castilla y León,201812,Otras,7
9770,Castilla y León,201811,Otras,14
9771,Castilla y León,201810,Otras,9
9772,Castilla y León,201809,Otras,7
9773,Castilla y León,201808,Otras,3
9774,Castilla y León,201807,Otras,7
9775,Castilla y León,201806,Otras,7
9776,Castilla y León,201805,Otras,15
9777,Castilla y León,201804,Otras,13
9778,Castilla y León,201803,Otras,9
9779,Castilla y León,201802,Otras,18
9780,Castilla y León,201801,Otras,6
9781,Castilla y León,201712,Otras,8
9782,Castilla y León,201711,Otras,12
9783,Castilla y León,201710,Otras,10
9784,Castilla y León,201709,Otras,6
9785,Castilla y León,201708,Otras,10
9786,Castilla y León,201707,Otras,7
9787,Castilla y León,201706,Otras,7
9788,Castilla y León,201705,Otras,10
9789,Castilla y León,201704,Otras,11
9790,Castilla y León,201703,Otras,14
9791,Castilla y León,201702,Otras,14
9792,Castilla y León,201701,Otras,3
9793,Castilla y León,201612,Otras,5
9794,Castilla y León,201611,Otras,16
9795,Castilla y León,201610,Otras,7
9796,Castilla y León,201609,Otras,1
9797,Castilla y León,201608,Otras,5
9798,Castilla y León,201607,Otras,17
9799,Castilla y León,201606,Otras,11
9800,Castilla y León,201605,Otras,9
9801,Castilla y León,201604,Otras,10
9802,Castilla y León,201603,Otras,12
9803,Castilla y León,201602,Otras,8
9804,Castilla y León,201601,Otras,5
9805,Castilla y León,201512,Otras,14
9806,Castilla y León,201511,Otras,9
9807,Castilla y León,201510,Otras,15
9808,Castilla y León,201509,Otras,5
9809,Castilla y León,201508,Otras,8
9810,Castilla y León,201507,Otras,11
9811,Castilla y León,201506,Otras,16
9812,Castilla y León,201505,Otras,9
9813,Castilla y León,201504,Otras,10
9814,Castilla y León,201503,Otras,16
9815,Castilla y León,201502,Otras,17
9816,Castilla y León,201501,Otras,12
9817,Castilla y León,201412,Otras,7
9818,Castilla y León,201411,Otras,15
9819,Castilla y León,201410,Otras,27
9820,Castilla y León,201409,Otras,12
9821,Castilla y León,201408,Otras,8
9822,Castilla y León,201407,Otras,12
9823,Castilla y León,201406,Otras,14
9824,Castilla y León,201405,Otras,18
9825,Castilla y León,201404,Otras,21
9826,Castilla y León,201403,Otras,25
9827,Castilla y León,201402,Otras,13
9828,Castilla y León,201401,Otras,15
9829,Castilla y León,201312,Otras,20
9830,Castilla y León,201311,Otras,22
9831,Castilla y León,201310,Otras,19
9832,Castilla y León,201309,Otras,20
9833,Castilla y León,201308,Otras,7
9834,Castilla y León,201307,Otras,26
9835,Castilla y León,201306,Otras,16
9836,Castilla y León,201305,Otras,17
9837,Castilla y León,201304,Otras,8
9838,Castilla y León,201303,Otras,14
9839,Castilla y León,201302,Otras,16
9840,Castilla y León,201301,Otras,14
9841,Castilla y León,201212,Otras,16
9842,Castilla y León,201211,Otras,14
9843,Castilla y León,201210,Otras,18
9844,Castilla y León,201209,Otras,6
9845,Castilla y León,201208,Otras,8
9846,Castilla y León,201207,Otras,16
9847,Castilla y León,201206,Otras,19
9848,Castilla y León,201205,Otras,17
9849,Castilla y León,201204,Otras,16
9850,Castilla y León,201203,Otras,14
9851,Castilla y León,201202,Otras,9
9852,Castilla y León,201201,Otras,8
9853,Castilla y León,201112,Otras,10
9854,Castilla y León,201111,Otras,24
9855,Castilla y León,201110,Otras,13
9856,Castilla y León,201109,Otras,4
9857,Castilla y León,201108,Otras,3
9858,Castilla y León,201107,Otras,14
9859,Castilla y León,201106,Otras,10
9860,Castilla y León,201105,Otras,16
9861,Castilla y León,201104,Otras,11
9862,Castilla y León,201103,Otras,8
9863,Castilla y León,201102,Otras,5
9864,Castilla y León,201101,Otras,7
9865,Castilla y León,201012,Otras,10
9866,Castilla y León,201011,Otras,16
9867,Castilla y León,201010,Otras,8
9868,Castilla y León,201009,Otras,6
9869,Castilla y León,201008,Otras,2
9870,Castilla y León,201007,Otras,14
9871,Castilla y León,201006,Otras,10
9872,Castilla y León,201005,Otras,5
9873,Castilla y León,201004,Otras,6
9874,Castilla y León,201003,Otras,6
9875,Castilla y León,201002,Otras,8
9876,Castilla y León,201001,Otras,5
9877,Castilla y León,200912,Otras,7
9878,Castilla y León,200911,Otras,6
9879,Castilla y León,200910,Otras,5
9880,Castilla y León,200909,Otras,2
9881,Castilla y León,200908,Otras,1
9882,Castilla y León,200907,Otras,3
9883,Castilla y León,200906,Otras,0
9884,Castilla y León,200905,Otras,0
9885,Castilla y León,200904,Otras,1
9886,Castilla y León,200903,Otras,2
9887,Castilla y León,200902,Otras,5
9888,Castilla y León,200901,Otras,1
9889,Castilla y León,200812,Otras,0
9890,Castilla y León,200811,Otras,1
9891,Castilla y León,200810,Otras,1
9892,Castilla y León,200809,Otras,1
9893,Castilla y León,200808,Otras,0
9894,Castilla y León,200807,Otras,1
9895,Castilla y León,200806,Otras,2
9896,Castilla y León,200805,Otras,1
9897,Castilla y León,200804,Otras,2
9898,Castilla y León,200803,Otras,1
9899,Castilla y León,200802,Otras,1
9900,Castilla y León,200801,Otras,2
9901,Castilla - La Mancha,202604,Otras,4
9902,Castilla - La Mancha,202603,Otras,2
9903,Castilla - La Mancha,202602,Otras,4
9904,Castilla - La Mancha,202601,Otras,4
9905,Castilla - La Mancha,202512,Otras,3
9906,Castilla - La Mancha,202511,Otras,3
9907,Castilla - La Mancha,202510,Otras,11
9908,Castilla - La Mancha,202509,Otras,0
9909,Castilla - La Mancha,202508,Otras,3
9910,Castilla - La Mancha,202507,Otras,5
9911,Castilla - La Mancha,202506,Otras,9
9912,Castilla - La Mancha,202505,Otras,13
9913,Castilla - La Mancha,202504,Otras,6
9914,Castilla - La Mancha,202503,Otras,15
9915,Castilla - La Mancha,202502,Otras,7
9916,Castilla - La Mancha,202501,Otras,5
9917,Castilla - La Mancha,202412,Otras,3
9918,Castilla - La Mancha,202411,Otras,7
9919,Castilla - La Mancha,202410,Otras,7
9920,Castilla - La Mancha,202409,Otras,1
9921,Castilla - La Mancha,202408,Otras,1
9922,Castilla - La Mancha,202407,Otras,5
9923,Castilla - La Mancha,202406,Otras,10
9924,Castilla - La Mancha,202405,Otras,0
9925,Castilla - La Mancha,202404,Otras,8
9926,Castilla - La Mancha,202403,Otras,8
9927,Castilla - La Mancha,202402,Otras,5
9928,Castilla - La Mancha,202401,Otras,6
9929,Castilla - La Mancha,202312,Otras,12
9930,Castilla - La Mancha,202311,Otras,5
9931,Castilla - La Mancha,202310,Otras,2
9932,Castilla - La Mancha,202309,Otras,5
9933,Castilla - La Mancha,202308,Otras,1
9934,Castilla - La Mancha,202307,Otras,2
9935,Castilla - La Mancha,202306,Otras,2
9936,Castilla - La Mancha,202305,Otras,7
9937,Castilla - La Mancha,202304,Otras,3
9938,Castilla - La Mancha,202303,Otras,3
9939,Castilla - La Mancha,202302,Otras,1
9940,Castilla - La Mancha,202301,Otras,7
9941,Castilla - La Mancha,202212,Otras,3
9942,Castilla - La Mancha,202211,Otras,4
9943,Castilla - La Mancha,202210,Otras,11
9944,Castilla - La Mancha,202209,Otras,2
9945,Castilla - La Mancha,202208,Otras,3
9946,Castilla - La Mancha,202207,Otras,7
9947,Castilla - La Mancha,202206,Otras,3
9948,Castilla - La Mancha,202205,Otras,6
9949,Castilla - La Mancha,202204,Otras,8
9950,Castilla - La Mancha,202203,Otras,9
9951,Castilla - La Mancha,202202,Otras,3
9952,Castilla - La Mancha,202201,Otras,6
9953,Castilla - La Mancha,202112,Otras,6
9954,Castilla - La Mancha,202111,Otras,6
9955,Castilla - La Mancha,202110,Otras,8
9956,Castilla - La Mancha,202109,Otras,2
9957,Castilla - La Mancha,202108,Otras,1
9958,Castilla - La Mancha,202107,Otras,4
9959,Castilla - La Mancha,202106,Otras,9
9960,Castilla - La Mancha,202105,Otras,4
9961,Castilla - La Mancha,202104,Otras,6
9962,Castilla - La Mancha,202103,Otras,4
9963,Castilla - La Mancha,202102,Otras,9
9964,Castilla - La Mancha,202101,Otras,3
9965,Castilla - La Mancha,202012,Otras,1
9966,Castilla - La Mancha,202011,Otras,2
9967,Castilla - La Mancha,202010,Otras,8
9968,Castilla - La Mancha,202009,Otras,4
9969,Castilla - La Mancha,202008,Otras,0
9970,Castilla - La Mancha,202007,Otras,6
9971,Castilla - La Mancha,202006,Otras,3
9972,Castilla - La Mancha,202005,Otras,0
9973,Castilla - La Mancha,202004,Otras,0
9974,Castilla - La Mancha,202003,Otras,6
9975,Castilla - La Mancha,202002,Otras,11
9976,Castilla - La Mancha,202001,Otras,6
9977,Castilla - La Mancha,201912,Otras,5
9978,Castilla - La Mancha,201911,Otras,9
9979,Castilla - La Mancha,201910,Otras,5
9980,Castilla - La Mancha,201909,Otras,5
9981,Castilla - La Mancha,201908,Otras,4
9982,Castilla - La Mancha,201907,Otras,7
9983,Castilla - La Mancha,201906,Otras,7
9984,Castilla - La Mancha,201905,Otras,2
9985,Castilla - La Mancha,201904,Otras,8
9986,Castilla - La Mancha,201903,Otras,15
9987,Castilla - La Mancha,201902,Otras,5
9988,Castilla - La Mancha,201901,Otras,9
9989,Castilla - La Mancha,201812,Otras,6
9990,Castilla - La Mancha,201811,Otras,10
9991,Castilla - La Mancha,201810,Otras,5
9992,Castilla - La Mancha,201809,Otras,9
9993,Castilla - La Mancha,201808,Otras,5
9994,Castilla - La Mancha,201807,Otras,12
9995,Castilla - La Mancha,201806,Otras,10
9996,Castilla - La Mancha,201805,Otras,8
9997,Castilla - La Mancha,201804,Otras,16
9998,Castilla - La Mancha,201803,Otras,10
9999,Castilla - La Mancha,201802,Otras,11
10000,Castilla - La Mancha,201801,Otras,18
10001,Castilla - La Mancha,201712,Otras,12
10002,Castilla - La Mancha,201711,Otras,9
10003,Castilla - La Mancha,201710,Otras,5
10004,Castilla - La Mancha,201709,Otras,3
10005,Castilla - La Mancha,201708,Otras,2
10006,Castilla - La Mancha,201707,Otras,10
10007,Castilla - La Mancha,201706,Otras,5
10008,Castilla - La Mancha,201705,Otras,9
10009,Castilla - La Mancha,201704,Otras,13
10010,Castilla - La Mancha,201703,Otras,9
10011,Castilla - La Mancha,201702,Otras,6
10012,Castilla - La Mancha,201701,Otras,5
10013,Castilla - La Mancha,201612,Otras,8
10014,Castilla - La Mancha,201611,Otras,10
10015,Castilla - La Mancha,201610,Otras,8
10016,Castilla - La Mancha,201609,Otras,4
10017,Castilla - La Mancha,201608,Otras,4
10018,Castilla - La Mancha,201607,Otras,7
10019,Castilla - La Mancha,201606,Otras,4
10020,Castilla - La Mancha,201605,Otras,5
10021,Castilla - La Mancha,201604,Otras,12
10022,Castilla - La Mancha,201603,Otras,10
10023,Castilla - La Mancha,201602,Otras,10
10024,Castilla - La Mancha,201601,Otras,5
10025,Castilla - La Mancha,201512,Otras,8
10026,Castilla - La Mancha,201511,Otras,14
10027,Castilla - La Mancha,201510,Otras,14
10028,Castilla - La Mancha,201509,Otras,2
10029,Castilla - La Mancha,201508,Otras,8
10030,Castilla - La Mancha,201507,Otras,12
10031,Castilla - La Mancha,201506,Otras,16
10032,Castilla - La Mancha,201505,Otras,8
10033,Castilla - La Mancha,201504,Otras,10
10034,Castilla - La Mancha,201503,Otras,15
10035,Castilla - La Mancha,201502,Otras,15
10036,Castilla - La Mancha,201501,Otras,9
10037,Castilla - La Mancha,201412,Otras,16
10038,Castilla - La Mancha,201411,Otras,14
10039,Castilla - La Mancha,201410,Otras,16
10040,Castilla - La Mancha,201409,Otras,3
10041,Castilla - La Mancha,201408,Otras,10
10042,Castilla - La Mancha,201407,Otras,19
10043,Castilla - La Mancha,201406,Otras,16
10044,Castilla - La Mancha,201405,Otras,10
10045,Castilla - La Mancha,201404,Otras,9
10046,Castilla - La Mancha,201403,Otras,16
10047,Castilla - La Mancha,201402,Otras,16
10048,Castilla - La Mancha,201401,Otras,9
10049,Castilla - La Mancha,201312,Otras,12
10050,Castilla - La Mancha,201311,Otras,14
10051,Castilla - La Mancha,201310,Otras,20
10052,Castilla - La Mancha,201309,Otras,15
10053,Castilla - La Mancha,201308,Otras,5
10054,Castilla - La Mancha,201307,Otras,26
10055,Castilla - La Mancha,201306,Otras,19
10056,Castilla - La Mancha,201305,Otras,11
10057,Castilla - La Mancha,201304,Otras,17
10058,Castilla - La Mancha,201303,Otras,13
10059,Castilla - La Mancha,201302,Otras,7
10060,Castilla - La Mancha,201301,Otras,6
10061,Castilla - La Mancha,201212,Otras,17
10062,Castilla - La Mancha,201211,Otras,11
10063,Castilla - La Mancha,201210,Otras,12
10064,Castilla - La Mancha,201209,Otras,12
10065,Castilla - La Mancha,201208,Otras,10
10066,Castilla - La Mancha,201207,Otras,27
10067,Castilla - La Mancha,201206,Otras,13
10068,Castilla - La Mancha,201205,Otras,16
10069,Castilla - La Mancha,201204,Otras,10
10070,Castilla - La Mancha,201203,Otras,17
10071,Castilla - La Mancha,201202,Otras,18
10072,Castilla - La Mancha,201201,Otras,10
10073,Castilla - La Mancha,201112,Otras,4
10074,Castilla - La Mancha,201111,Otras,11
10075,Castilla - La Mancha,201110,Otras,5
10076,Castilla - La Mancha,201109,Otras,4
10077,Castilla - La Mancha,201108,Otras,0
10078,Castilla - La Mancha,201107,Otras,9
10079,Castilla - La Mancha,201106,Otras,4
10080,Castilla - La Mancha,201105,Otras,1
10081,Castilla - La Mancha,201104,Otras,9
10082,Castilla - La Mancha,201103,Otras,9
10083,Castilla - La Mancha,201102,Otras,6
10084,Castilla - La Mancha,201101,Otras,7
10085,Castilla - La Mancha,201012,Otras,4
10086,Castilla - La Mancha,201011,Otras,6
10087,Castilla - La Mancha,201010,Otras,8
10088,Castilla - La Mancha,201009,Otras,6
10089,Castilla - La Mancha,201008,Otras,7
10090,Castilla - La Mancha,201007,Otras,3
10091,Castilla - La Mancha,201006,Otras,8
10092,Castilla - La Mancha,201005,Otras,3
10093,Castilla - La Mancha,201004,Otras,7
10094,Castilla - La Mancha,201003,Otras,3
10095,Castilla - La Mancha,201002,Otras,4
10096,Castilla - La Mancha,201001,Otras,3
10097,Castilla - La Mancha,200912,Otras,4
10098,Castilla - La Mancha,200911,Otras,8
10099,Castilla - La Mancha,200910,Otras,2
10100,Castilla - La Mancha,200909,Otras,0
10101,Castilla - La Mancha,200908,Otras,2
10102,Castilla - La Mancha,200907,Otras,2
10103,Castilla - La Mancha,200906,Otras,2
10104,Castilla - La Mancha,200905,Otras,3
10105,Castilla - La Mancha,200904,Otras,3
10106,Castilla - La Mancha,200903,Otras,0
10107,Castilla - La Mancha,200902,Otras,4
10108,Castilla - La Mancha,200901,Otras,1
10109,Castilla - La Mancha,200812,Otras,0
10110,Castilla - La Mancha,200811,Otras,0
10111,Castilla - La Mancha,200810,Otras,1
10112,Castilla - La Mancha,200809,Otras,2
10113,Castilla - La Mancha,200808,Otras,0
10114,Castilla - La Mancha,200807,Otras,0
10115,Castilla - La Mancha,200806,Otras,0
10116,Castilla - La Mancha,200805,Otras,2
10117,Castilla - La Mancha,200804,Otras,0
10118,Castilla - La Mancha,200803,Otras,0
10119,Castilla - La Mancha,200802,Otras,0
10120,Castilla - La Mancha,200801,Otras,0
10121,Cataluña,202604,Otras,34
10122,Cataluña,202603,Otras,35
10123,Cataluña,202602,Otras,24
10124,Cataluña,202601,Otras,34
10125,Cataluña,202512,Otras,18
10126,Cataluña,202511,Otras,22
10127,Cataluña,202510,Otras,24
10128,Cataluña,202509,Otras,5
10129,Cataluña,202508,Otras,12
10130,Cataluña,202507,Otras,37
10131,Cataluña,202506,Otras,20
10132,Cataluña,202505,Otras,44
10133,Cataluña,202504,Otras,30
10134,Cataluña,202503,Otras,34
10135,Cataluña,202502,Otras,43
10136,Cataluña,202501,Otras,13
10137,Cataluña,202412,Otras,28
10138,Cataluña,202411,Otras,22
10139,Cataluña,202410,Otras,28
10140,Cataluña,202409,Otras,12
10141,Cataluña,202408,Otras,24
10142,Cataluña,202407,Otras,28
10143,Cataluña,202406,Otras,24
10144,Cataluña,202405,Otras,29
10145,Cataluña,202404,Otras,30
10146,Cataluña,202403,Otras,38
10147,Cataluña,202402,Otras,29
10148,Cataluña,202401,Otras,23
10149,Cataluña,202312,Otras,32
10150,Cataluña,202311,Otras,26
10151,Cataluña,202310,Otras,28
10152,Cataluña,202309,Otras,17
10153,Cataluña,202308,Otras,21
10154,Cataluña,202307,Otras,32
10155,Cataluña,202306,Otras,31
10156,Cataluña,202305,Otras,39
10157,Cataluña,202304,Otras,28
10158,Cataluña,202303,Otras,17
10159,Cataluña,202302,Otras,26
10160,Cataluña,202301,Otras,24
10161,Cataluña,202212,Otras,25
10162,Cataluña,202211,Otras,27
10163,Cataluña,202210,Otras,39
10164,Cataluña,202209,Otras,10
10165,Cataluña,202208,Otras,22
10166,Cataluña,202207,Otras,30
10167,Cataluña,202206,Otras,34
10168,Cataluña,202205,Otras,37
10169,Cataluña,202204,Otras,30
10170,Cataluña,202203,Otras,41
10171,Cataluña,202202,Otras,41
10172,Cataluña,202201,Otras,31
10173,Cataluña,202112,Otras,32
10174,Cataluña,202111,Otras,33
10175,Cataluña,202110,Otras,26
10176,Cataluña,202109,Otras,12
10177,Cataluña,202108,Otras,15
10178,Cataluña,202107,Otras,48
10179,Cataluña,202106,Otras,52
10180,Cataluña,202105,Otras,34
10181,Cataluña,202104,Otras,32
10182,Cataluña,202103,Otras,46
10183,Cataluña,202102,Otras,37
10184,Cataluña,202101,Otras,20
10185,Cataluña,202012,Otras,54
10186,Cataluña,202011,Otras,40
10187,Cataluña,202010,Otras,23
10188,Cataluña,202009,Otras,19
10189,Cataluña,202008,Otras,19
10190,Cataluña,202007,Otras,34
10191,Cataluña,202006,Otras,23
10192,Cataluña,202005,Otras,12
10193,Cataluña,202004,Otras,0
10194,Cataluña,202003,Otras,22
10195,Cataluña,202002,Otras,40
10196,Cataluña,202001,Otras,43
10197,Cataluña,201912,Otras,19
10198,Cataluña,201911,Otras,31
10199,Cataluña,201910,Otras,45
10200,Cataluña,201909,Otras,10
10201,Cataluña,201908,Otras,29
10202,Cataluña,201907,Otras,26
10203,Cataluña,201906,Otras,26
10204,Cataluña,201905,Otras,42
10205,Cataluña,201904,Otras,42
10206,Cataluña,201903,Otras,31
10207,Cataluña,201902,Otras,29
10208,Cataluña,201901,Otras,32
10209,Cataluña,201812,Otras,29
10210,Cataluña,201811,Otras,25
10211,Cataluña,201810,Otras,38
10212,Cataluña,201809,Otras,14
10213,Cataluña,201808,Otras,32
10214,Cataluña,201807,Otras,25
10215,Cataluña,201806,Otras,44
10216,Cataluña,201805,Otras,42
10217,Cataluña,201804,Otras,41
10218,Cataluña,201803,Otras,36
10219,Cataluña,201802,Otras,45
10220,Cataluña,201801,Otras,30
10221,Cataluña,201712,Otras,22
10222,Cataluña,201711,Otras,37
10223,Cataluña,201710,Otras,30
10224,Cataluña,201709,Otras,8
10225,Cataluña,201708,Otras,11
10226,Cataluña,201707,Otras,37
10227,Cataluña,201706,Otras,38
10228,Cataluña,201705,Otras,33
10229,Cataluña,201704,Otras,35
10230,Cataluña,201703,Otras,33
10231,Cataluña,201702,Otras,46
10232,Cataluña,201701,Otras,40
10233,Cataluña,201612,Otras,43
10234,Cataluña,201611,Otras,71
10235,Cataluña,201610,Otras,55
10236,Cataluña,201609,Otras,40
10237,Cataluña,201608,Otras,52
10238,Cataluña,201607,Otras,72
10239,Cataluña,201606,Otras,57
10240,Cataluña,201605,Otras,62
10241,Cataluña,201604,Otras,49
10242,Cataluña,201603,Otras,62
10243,Cataluña,201602,Otras,53
10244,Cataluña,201601,Otras,46
10245,Cataluña,201512,Otras,59
10246,Cataluña,201511,Otras,63
10247,Cataluña,201510,Otras,72
10248,Cataluña,201509,Otras,31
10249,Cataluña,201508,Otras,71
10250,Cataluña,201507,Otras,90
10251,Cataluña,201506,Otras,77
10252,Cataluña,201505,Otras,80
10253,Cataluña,201504,Otras,57
10254,Cataluña,201503,Otras,89
10255,Cataluña,201502,Otras,94
10256,Cataluña,201501,Otras,94
10257,Cataluña,201412,Otras,90
10258,Cataluña,201411,Otras,73
10259,Cataluña,201410,Otras,103
10260,Cataluña,201409,Otras,62
10261,Cataluña,201408,Otras,38
10262,Cataluña,201407,Otras,106
10263,Cataluña,201406,Otras,62
10264,Cataluña,201405,Otras,85
10265,Cataluña,201404,Otras,94
10266,Cataluña,201403,Otras,89
10267,Cataluña,201402,Otras,103
10268,Cataluña,201401,Otras,75
10269,Cataluña,201312,Otras,94
10270,Cataluña,201311,Otras,111
10271,Cataluña,201310,Otras,98
10272,Cataluña,201309,Otras,49
10273,Cataluña,201308,Otras,86
10274,Cataluña,201307,Otras,127
10275,Cataluña,201306,Otras,97
10276,Cataluña,201305,Otras,138
10277,Cataluña,201304,Otras,133
10278,Cataluña,201303,Otras,101
10279,Cataluña,201302,Otras,104
10280,Cataluña,201301,Otras,129
10281,Cataluña,201212,Otras,106
10282,Cataluña,201211,Otras,131
10283,Cataluña,201210,Otras,110
10284,Cataluña,201209,Otras,44
10285,Cataluña,201208,Otras,76
10286,Cataluña,201207,Otras,109
10287,Cataluña,201206,Otras,127
10288,Cataluña,201205,Otras,113
10289,Cataluña,201204,Otras,101
10290,Cataluña,201203,Otras,119
10291,Cataluña,201202,Otras,73
10292,Cataluña,201201,Otras,60
10293,Cataluña,201112,Otras,53
10294,Cataluña,201111,Otras,86
10295,Cataluña,201110,Otras,84
10296,Cataluña,201109,Otras,40
10297,Cataluña,201108,Otras,65
10298,Cataluña,201107,Otras,90
10299,Cataluña,201106,Otras,86
10300,Cataluña,201105,Otras,78
10301,Cataluña,201104,Otras,83
10302,Cataluña,201103,Otras,75
10303,Cataluña,201102,Otras,55
10304,Cataluña,201101,Otras,50
10305,Cataluña,201012,Otras,50
10306,Cataluña,201011,Otras,74
10307,Cataluña,201010,Otras,64
10308,Cataluña,201009,Otras,32
10309,Cataluña,201008,Otras,46
10310,Cataluña,201007,Otras,71
10311,Cataluña,201006,Otras,60
10312,Cataluña,201005,Otras,77
10313,Cataluña,201004,Otras,75
10314,Cataluña,201003,Otras,74
10315,Cataluña,201002,Otras,69
10316,Cataluña,201001,Otras,38
10317,Cataluña,200912,Otras,54
10318,Cataluña,200911,Otras,68
10319,Cataluña,200910,Otras,44
10320,Cataluña,200909,Otras,20
10321,Cataluña,200908,Otras,20
10322,Cataluña,200907,Otras,40
10323,Cataluña,200906,Otras,28
10324,Cataluña,200905,Otras,32
10325,Cataluña,200904,Otras,36
10326,Cataluña,200903,Otras,32
10327,Cataluña,200902,Otras,14
10328,Cataluña,200901,Otras,14
10329,Cataluña,200812,Otras,20
10330,Cataluña,200811,Otras,24
10331,Cataluña,200810,Otras,18
10332,Cataluña,200809,Otras,9
10333,Cataluña,200808,Otras,13
10334,Cataluña,200807,Otras,19
10335,Cataluña,200806,Otras,13
10336,Cataluña,200805,Otras,37
10337,Cataluña,200804,Otras,29
10338,Cataluña,200803,Otras,24
10339,Cataluña,200802,Otras,29
10340,Cataluña,200801,Otras,13
10341,Comunitat Valenciana,202604,Otras,18
10342,Comunitat Valenciana,202603,Otras,18
10343,Comunitat Valenciana,202602,Otras,28
10344,Comunitat Valenciana,202601,Otras,24
10345,Comunitat Valenciana,202512,Otras,24
10346,Comunitat Valenciana,202511,Otras,21
10347,Comunitat Valenciana,202510,Otras,11
10348,Comunitat Valenciana,202509,Otras,31
10349,Comunitat Valenciana,202508,Otras,16
10350,Comunitat Valenciana,202507,Otras,36
10351,Comunitat Valenciana,202506,Otras,18
10352,Comunitat Valenciana,202505,Otras,18
10353,Comunitat Valenciana,202504,Otras,22
10354,Comunitat Valenciana,202503,Otras,33
10355,Comunitat Valenciana,202502,Otras,28
10356,Comunitat Valenciana,202501,Otras,14
10357,Comunitat Valenciana,202412,Otras,22
10358,Comunitat Valenciana,202411,Otras,45
10359,Comunitat Valenciana,202410,Otras,25
10360,Comunitat Valenciana,202409,Otras,13
10361,Comunitat Valenciana,202408,Otras,20
10362,Comunitat Valenciana,202407,Otras,35
10363,Comunitat Valenciana,202406,Otras,22
10364,Comunitat Valenciana,202405,Otras,24
10365,Comunitat Valenciana,202404,Otras,19
10366,Comunitat Valenciana,202403,Otras,30
10367,Comunitat Valenciana,202402,Otras,32
10368,Comunitat Valenciana,202401,Otras,28
10369,Comunitat Valenciana,202312,Otras,18
10370,Comunitat Valenciana,202311,Otras,25
10371,Comunitat Valenciana,202310,Otras,20
10372,Comunitat Valenciana,202309,Otras,26
10373,Comunitat Valenciana,202308,Otras,9
10374,Comunitat Valenciana,202307,Otras,22
10375,Comunitat Valenciana,202306,Otras,20
10376,Comunitat Valenciana,202305,Otras,17
10377,Comunitat Valenciana,202304,Otras,21
10378,Comunitat Valenciana,202303,Otras,32
10379,Comunitat Valenciana,202302,Otras,32
10380,Comunitat Valenciana,202301,Otras,34
10381,Comunitat Valenciana,202212,Otras,33
10382,Comunitat Valenciana,202211,Otras,50
10383,Comunitat Valenciana,202210,Otras,64
10384,Comunitat Valenciana,202209,Otras,43
10385,Comunitat Valenciana,202208,Otras,23
10386,Comunitat Valenciana,202207,Otras,47
10387,Comunitat Valenciana,202206,Otras,36
10388,Comunitat Valenciana,202205,Otras,71
10389,Comunitat Valenciana,202204,Otras,36
10390,Comunitat Valenciana,202203,Otras,45
10391,Comunitat Valenciana,202202,Otras,42
10392,Comunitat Valenciana,202201,Otras,55
10393,Comunitat Valenciana,202112,Otras,48
10394,Comunitat Valenciana,202111,Otras,39
10395,Comunitat Valenciana,202110,Otras,27
10396,Comunitat Valenciana,202109,Otras,30
10397,Comunitat Valenciana,202108,Otras,19
10398,Comunitat Valenciana,202107,Otras,37
10399,Comunitat Valenciana,202106,Otras,32
10400,Comunitat Valenciana,202105,Otras,47
10401,Comunitat Valenciana,202104,Otras,35
10402,Comunitat Valenciana,202103,Otras,47
10403,Comunitat Valenciana,202102,Otras,39
10404,Comunitat Valenciana,202101,Otras,45
10405,Comunitat Valenciana,202012,Otras,39
10406,Comunitat Valenciana,202011,Otras,32
10407,Comunitat Valenciana,202010,Otras,43
10408,Comunitat Valenciana,202009,Otras,30
10409,Comunitat Valenciana,202008,Otras,20
10410,Comunitat Valenciana,202007,Otras,30
10411,Comunitat Valenciana,202006,Otras,18
10412,Comunitat Valenciana,202005,Otras,12
10413,Comunitat Valenciana,202004,Otras,10
10414,Comunitat Valenciana,202003,Otras,24
10415,Comunitat Valenciana,202002,Otras,43
10416,Comunitat Valenciana,202001,Otras,40
10417,Comunitat Valenciana,201912,Otras,27
10418,Comunitat Valenciana,201911,Otras,39
10419,Comunitat Valenciana,201910,Otras,30
10420,Comunitat Valenciana,201909,Otras,19
10421,Comunitat Valenciana,201908,Otras,23
10422,Comunitat Valenciana,201907,Otras,44
10423,Comunitat Valenciana,201906,Otras,22
10424,Comunitat Valenciana,201905,Otras,34
10425,Comunitat Valenciana,201904,Otras,34
10426,Comunitat Valenciana,201903,Otras,40
10427,Comunitat Valenciana,201902,Otras,39
10428,Comunitat Valenciana,201901,Otras,43
10429,Comunitat Valenciana,201812,Otras,28
10430,Comunitat Valenciana,201811,Otras,32
10431,Comunitat Valenciana,201810,Otras,36
10432,Comunitat Valenciana,201809,Otras,18
10433,Comunitat Valenciana,201808,Otras,14
10434,Comunitat Valenciana,201807,Otras,50
10435,Comunitat Valenciana,201806,Otras,33
10436,Comunitat Valenciana,201805,Otras,40
10437,Comunitat Valenciana,201804,Otras,32
10438,Comunitat Valenciana,201803,Otras,34
10439,Comunitat Valenciana,201802,Otras,75
10440,Comunitat Valenciana,201801,Otras,51
10441,Comunitat Valenciana,201712,Otras,25
10442,Comunitat Valenciana,201711,Otras,36
10443,Comunitat Valenciana,201710,Otras,22
10444,Comunitat Valenciana,201709,Otras,10
10445,Comunitat Valenciana,201708,Otras,28
10446,Comunitat Valenciana,201707,Otras,33
10447,Comunitat Valenciana,201706,Otras,45
10448,Comunitat Valenciana,201705,Otras,55
10449,Comunitat Valenciana,201704,Otras,37
10450,Comunitat Valenciana,201703,Otras,64
10451,Comunitat Valenciana,201702,Otras,37
10452,Comunitat Valenciana,201701,Otras,51
10453,Comunitat Valenciana,201612,Otras,45
10454,Comunitat Valenciana,201611,Otras,43
10455,Comunitat Valenciana,201610,Otras,63
10456,Comunitat Valenciana,201609,Otras,31
10457,Comunitat Valenciana,201608,Otras,24
10458,Comunitat Valenciana,201607,Otras,32
10459,Comunitat Valenciana,201606,Otras,49
10460,Comunitat Valenciana,201605,Otras,48
10461,Comunitat Valenciana,201604,Otras,48
10462,Comunitat Valenciana,201603,Otras,45
10463,Comunitat Valenciana,201602,Otras,65
10464,Comunitat Valenciana,201601,Otras,53
10465,Comunitat Valenciana,201512,Otras,38
10466,Comunitat Valenciana,201511,Otras,68
10467,Comunitat Valenciana,201510,Otras,54
10468,Comunitat Valenciana,201509,Otras,38
10469,Comunitat Valenciana,201508,Otras,26
10470,Comunitat Valenciana,201507,Otras,56
10471,Comunitat Valenciana,201506,Otras,60
10472,Comunitat Valenciana,201505,Otras,45
10473,Comunitat Valenciana,201504,Otras,32
10474,Comunitat Valenciana,201503,Otras,48
10475,Comunitat Valenciana,201502,Otras,70
10476,Comunitat Valenciana,201501,Otras,50
10477,Comunitat Valenciana,201412,Otras,52
10478,Comunitat Valenciana,201411,Otras,44
10479,Comunitat Valenciana,201410,Otras,72
10480,Comunitat Valenciana,201409,Otras,51
10481,Comunitat Valenciana,201408,Otras,38
10482,Comunitat Valenciana,201407,Otras,71
10483,Comunitat Valenciana,201406,Otras,60
10484,Comunitat Valenciana,201405,Otras,70
10485,Comunitat Valenciana,201404,Otras,48
10486,Comunitat Valenciana,201403,Otras,68
10487,Comunitat Valenciana,201402,Otras,81
10488,Comunitat Valenciana,201401,Otras,64
10489,Comunitat Valenciana,201312,Otras,47
10490,Comunitat Valenciana,201311,Otras,82
10491,Comunitat Valenciana,201310,Otras,65
10492,Comunitat Valenciana,201309,Otras,56
10493,Comunitat Valenciana,201308,Otras,37
10494,Comunitat Valenciana,201307,Otras,83
10495,Comunitat Valenciana,201306,Otras,67
10496,Comunitat Valenciana,201305,Otras,77
10497,Comunitat Valenciana,201304,Otras,77
10498,Comunitat Valenciana,201303,Otras,86
10499,Comunitat Valenciana,201302,Otras,59
10500,Comunitat Valenciana,201301,Otras,51
10501,Comunitat Valenciana,201212,Otras,48
10502,Comunitat Valenciana,201211,Otras,69
10503,Comunitat Valenciana,201210,Otras,53
10504,Comunitat Valenciana,201209,Otras,37
10505,Comunitat Valenciana,201208,Otras,40
10506,Comunitat Valenciana,201207,Otras,61
10507,Comunitat Valenciana,201206,Otras,52
10508,Comunitat Valenciana,201205,Otras,74
10509,Comunitat Valenciana,201204,Otras,47
10510,Comunitat Valenciana,201203,Otras,71
10511,Comunitat Valenciana,201202,Otras,49
10512,Comunitat Valenciana,201201,Otras,50
10513,Comunitat Valenciana,201112,Otras,33
10514,Comunitat Valenciana,201111,Otras,45
10515,Comunitat Valenciana,201110,Otras,38
10516,Comunitat Valenciana,201109,Otras,37
10517,Comunitat Valenciana,201108,Otras,20
10518,Comunitat Valenciana,201107,Otras,44
10519,Comunitat Valenciana,201106,Otras,52
10520,Comunitat Valenciana,201105,Otras,43
10521,Comunitat Valenciana,201104,Otras,43
10522,Comunitat Valenciana,201103,Otras,76
10523,Comunitat Valenciana,201102,Otras,48
10524,Comunitat Valenciana,201101,Otras,36
10525,Comunitat Valenciana,201012,Otras,50
10526,Comunitat Valenciana,201011,Otras,38
10527,Comunitat Valenciana,201010,Otras,30
10528,Comunitat Valenciana,201009,Otras,34
10529,Comunitat Valenciana,201008,Otras,20
10530,Comunitat Valenciana,201007,Otras,39
10531,Comunitat Valenciana,201006,Otras,49
10532,Comunitat Valenciana,201005,Otras,47
10533,Comunitat Valenciana,201004,Otras,26
10534,Comunitat Valenciana,201003,Otras,54
10535,Comunitat Valenciana,201002,Otras,41
10536,Comunitat Valenciana,201001,Otras,33
10537,Comunitat Valenciana,200912,Otras,31
10538,Comunitat Valenciana,200911,Otras,34
10539,Comunitat Valenciana,200910,Otras,29
10540,Comunitat Valenciana,200909,Otras,11
10541,Comunitat Valenciana,200908,Otras,16
10542,Comunitat Valenciana,200907,Otras,25
10543,Comunitat Valenciana,200906,Otras,29
10544,Comunitat Valenciana,200905,Otras,9
10545,Comunitat Valenciana,200904,Otras,18
10546,Comunitat Valenciana,200903,Otras,14
10547,Comunitat Valenciana,200902,Otras,19
10548,Comunitat Valenciana,200901,Otras,17
10549,Comunitat Valenciana,200812,Otras,12
10550,Comunitat Valenciana,200811,Otras,17
10551,Comunitat Valenciana,200810,Otras,13
10552,Comunitat Valenciana,200809,Otras,8
10553,Comunitat Valenciana,200808,Otras,9
10554,Comunitat Valenciana,200807,Otras,8
10555,Comunitat Valenciana,200806,Otras,10
10556,Comunitat Valenciana,200805,Otras,13
10557,Comunitat Valenciana,200804,Otras,12
10558,Comunitat Valenciana,200803,Otras,12
10559,Comunitat Valenciana,200802,Otras,13
10560,Comunitat Valenciana,200801,Otras,22
10561,Extremadura,202604,Otras,4
10562,Extremadura,202603,Otras,0
10563,Extremadura,202602,Otras,3
10564,Extremadura,202601,Otras,4
10565,Extremadura,202512,Otras,5
10566,Extremadura,202511,Otras,0
10567,Extremadura,202510,Otras,3
10568,Extremadura,202509,Otras,1
10569,Extremadura,202508,Otras,2
10570,Extremadura,202507,Otras,4
10571,Extremadura,202506,Otras,3
10572,Extremadura,202505,Otras,2
10573,Extremadura,202504,Otras,2
10574,Extremadura,202503,Otras,7
10575,Extremadura,202502,Otras,9
10576,Extremadura,202501,Otras,2
10577,Extremadura,202412,Otras,4
10578,Extremadura,202411,Otras,2
10579,Extremadura,202410,Otras,6
10580,Extremadura,202409,Otras,1
10581,Extremadura,202408,Otras,0
10582,Extremadura,202407,Otras,5
10583,Extremadura,202406,Otras,1
10584,Extremadura,202405,Otras,4
10585,Extremadura,202404,Otras,7
10586,Extremadura,202403,Otras,1
10587,Extremadura,202402,Otras,4
10588,Extremadura,202401,Otras,3
10589,Extremadura,202312,Otras,2
10590,Extremadura,202311,Otras,0
10591,Extremadura,202310,Otras,1
10592,Extremadura,202309,Otras,0
10593,Extremadura,202308,Otras,3
10594,Extremadura,202307,Otras,1
10595,Extremadura,202306,Otras,3
10596,Extremadura,202305,Otras,1
10597,Extremadura,202304,Otras,2
10598,Extremadura,202303,Otras,2
10599,Extremadura,202302,Otras,1
10600,Extremadura,202301,Otras,1
10601,Extremadura,202212,Otras,2
10602,Extremadura,202211,Otras,1
10603,Extremadura,202210,Otras,2
10604,Extremadura,202209,Otras,0
10605,Extremadura,202208,Otras,0
10606,Extremadura,202207,Otras,3
10607,Extremadura,202206,Otras,0
10608,Extremadura,202205,Otras,3
10609,Extremadura,202204,Otras,1
10610,Extremadura,202203,Otras,1
10611,Extremadura,202202,Otras,3
10612,Extremadura,202201,Otras,5
10613,Extremadura,202112,Otras,2
10614,Extremadura,202111,Otras,0
10615,Extremadura,202110,Otras,2
10616,Extremadura,202109,Otras,3
10617,Extremadura,202108,Otras,0
10618,Extremadura,202107,Otras,5
10619,Extremadura,202106,Otras,7
10620,Extremadura,202105,Otras,1
10621,Extremadura,202104,Otras,3
10622,Extremadura,202103,Otras,3
10623,Extremadura,202102,Otras,1
10624,Extremadura,202101,Otras,2
10625,Extremadura,202012,Otras,2
10626,Extremadura,202011,Otras,2
10627,Extremadura,202010,Otras,1
10628,Extremadura,202009,Otras,1
10629,Extremadura,202008,Otras,1
10630,Extremadura,202007,Otras,1
10631,Extremadura,202006,Otras,1
10632,Extremadura,202005,Otras,0
10633,Extremadura,202004,Otras,0
10634,Extremadura,202003,Otras,3
10635,Extremadura,202002,Otras,1
10636,Extremadura,202001,Otras,1
10637,Extremadura,201912,Otras,0
10638,Extremadura,201911,Otras,2
10639,Extremadura,201910,Otras,1
10640,Extremadura,201909,Otras,2
10641,Extremadura,201908,Otras,1
10642,Extremadura,201907,Otras,2
10643,Extremadura,201906,Otras,5
10644,Extremadura,201905,Otras,0
10645,Extremadura,201904,Otras,0
10646,Extremadura,201903,Otras,0
10647,Extremadura,201902,Otras,0
10648,Extremadura,201901,Otras,3
10649,Extremadura,201812,Otras,2
10650,Extremadura,201811,Otras,5
10651,Extremadura,201810,Otras,4
10652,Extremadura,201809,Otras,5
10653,Extremadura,201808,Otras,0
10654,Extremadura,201807,Otras,3
10655,Extremadura,201806,Otras,2
10656,Extremadura,201805,Otras,0
10657,Extremadura,201804,Otras,4
10658,Extremadura,201803,Otras,3
10659,Extremadura,201802,Otras,4
10660,Extremadura,201801,Otras,2
10661,Extremadura,201712,Otras,0
10662,Extremadura,201711,Otras,3
10663,Extremadura,201710,Otras,1
10664,Extremadura,201709,Otras,1
10665,Extremadura,201708,Otras,4
10666,Extremadura,201707,Otras,7
10667,Extremadura,201706,Otras,6
10668,Extremadura,201705,Otras,2
10669,Extremadura,201704,Otras,7
10670,Extremadura,201703,Otras,5
10671,Extremadura,201702,Otras,3
10672,Extremadura,201701,Otras,2
10673,Extremadura,201612,Otras,5
10674,Extremadura,201611,Otras,6
10675,Extremadura,201610,Otras,1
10676,Extremadura,201609,Otras,1
10677,Extremadura,201608,Otras,2
10678,Extremadura,201607,Otras,1
10679,Extremadura,201606,Otras,3
10680,Extremadura,201605,Otras,5
10681,Extremadura,201604,Otras,7
10682,Extremadura,201603,Otras,2
10683,Extremadura,201602,Otras,0
10684,Extremadura,201601,Otras,4
10685,Extremadura,201512,Otras,9
10686,Extremadura,201511,Otras,4
10687,Extremadura,201510,Otras,2
10688,Extremadura,201509,Otras,4
10689,Extremadura,201508,Otras,6
10690,Extremadura,201507,Otras,3
10691,Extremadura,201506,Otras,1
10692,Extremadura,201505,Otras,8
10693,Extremadura,201504,Otras,12
10694,Extremadura,201503,Otras,6
10695,Extremadura,201502,Otras,4
10696,Extremadura,201501,Otras,4
10697,Extremadura,201412,Otras,4
10698,Extremadura,201411,Otras,7
10699,Extremadura,201410,Otras,15
10700,Extremadura,201409,Otras,5
10701,Extremadura,201408,Otras,1
10702,Extremadura,201407,Otras,10
10703,Extremadura,201406,Otras,6
10704,Extremadura,201405,Otras,12
10705,Extremadura,201404,Otras,9
10706,Extremadura,201403,Otras,4
10707,Extremadura,201402,Otras,10
10708,Extremadura,201401,Otras,5
10709,Extremadura,201312,Otras,5
10710,Extremadura,201311,Otras,11
10711,Extremadura,201310,Otras,9
10712,Extremadura,201309,Otras,4
10713,Extremadura,201308,Otras,6
10714,Extremadura,201307,Otras,7
10715,Extremadura,201306,Otras,4
10716,Extremadura,201305,Otras,13
10717,Extremadura,201304,Otras,8
10718,Extremadura,201303,Otras,5
10719,Extremadura,201302,Otras,5
10720,Extremadura,201301,Otras,3
10721,Extremadura,201212,Otras,8
10722,Extremadura,201211,Otras,14
10723,Extremadura,201210,Otras,14
10724,Extremadura,201209,Otras,4
10725,Extremadura,201208,Otras,5
10726,Extremadura,201207,Otras,2
10727,Extremadura,201206,Otras,3
10728,Extremadura,201205,Otras,5
10729,Extremadura,201204,Otras,3
10730,Extremadura,201203,Otras,3
10731,Extremadura,201202,Otras,3
10732,Extremadura,201201,Otras,7
10733,Extremadura,201112,Otras,1
10734,Extremadura,201111,Otras,3
10735,Extremadura,201110,Otras,6
10736,Extremadura,201109,Otras,3
10737,Extremadura,201108,Otras,1
10738,Extremadura,201107,Otras,6
10739,Extremadura,201106,Otras,3
10740,Extremadura,201105,Otras,0
10741,Extremadura,201104,Otras,6
10742,Extremadura,201103,Otras,6
10743,Extremadura,201102,Otras,4
10744,Extremadura,201101,Otras,3
10745,Extremadura,201012,Otras,4
10746,Extremadura,201011,Otras,4
10747,Extremadura,201010,Otras,4
10748,Extremadura,201009,Otras,1
10749,Extremadura,201008,Otras,3
10750,Extremadura,201007,Otras,3
10751,Extremadura,201006,Otras,4
10752,Extremadura,201005,Otras,1
10753,Extremadura,201004,Otras,3
10754,Extremadura,201003,Otras,2
10755,Extremadura,201002,Otras,5
10756,Extremadura,201001,Otras,3
10757,Extremadura,200912,Otras,1
10758,Extremadura,200911,Otras,0
10759,Extremadura,200910,Otras,3
10760,Extremadura,200909,Otras,0
10761,Extremadura,200908,Otras,0
10762,Extremadura,200907,Otras,0
10763,Extremadura,200906,Otras,2
10764,Extremadura,200905,Otras,0
10765,Extremadura,200904,Otras,0
10766,Extremadura,200903,Otras,1
10767,Extremadura,200902,Otras,1
10768,Extremadura,200901,Otras,1
10769,Extremadura,200812,Otras,1
10770,Extremadura,200811,Otras,1
10771,Extremadura,200810,Otras,0
10772,Extremadura,200809,Otras,0
10773,Extremadura,200808,Otras,0
10774,Extremadura,200807,Otras,1
10775,Extremadura,200806,Otras,1
10776,Extremadura,200805,Otras,0
10777,Extremadura,200804,Otras,0
10778,Extremadura,200803,Otras,0
10779,Extremadura,200802,Otras,0
10780,Extremadura,200801,Otras,1
10781,Galicia,202604,Otras,8
10782,Galicia,202603,Otras,14
10783,Galicia,202602,Otras,10
10784,Galicia,202601,Otras,3
10785,Galicia,202512,Otras,13
10786,Galicia,202511,Otras,6
10787,Galicia,202510,Otras,11
10788,Galicia,202509,Otras,6
10789,Galicia,202508,Otras,1
10790,Galicia,202507,Otras,13
10791,Galicia,202506,Otras,6
10792,Galicia,202505,Otras,11
10793,Galicia,202504,Otras,9
10794,Galicia,202503,Otras,10
10795,Galicia,202502,Otras,17
10796,Galicia,202501,Otras,8
10797,Galicia,202412,Otras,11
10798,Galicia,202411,Otras,10
10799,Galicia,202410,Otras,10
10800,Galicia,202409,Otras,9
10801,Galicia,202408,Otras,10
10802,Galicia,202407,Otras,11
10803,Galicia,202406,Otras,10
10804,Galicia,202405,Otras,7
10805,Galicia,202404,Otras,13
10806,Galicia,202403,Otras,8
10807,Galicia,202402,Otras,5
10808,Galicia,202401,Otras,13
10809,Galicia,202312,Otras,10
10810,Galicia,202311,Otras,16
10811,Galicia,202310,Otras,14
10812,Galicia,202309,Otras,4
10813,Galicia,202308,Otras,5
10814,Galicia,202307,Otras,12
10815,Galicia,202306,Otras,14
10816,Galicia,202305,Otras,6
10817,Galicia,202304,Otras,9
10818,Galicia,202303,Otras,4
10819,Galicia,202302,Otras,9
10820,Galicia,202301,Otras,6
10821,Galicia,202212,Otras,17
10822,Galicia,202211,Otras,15
10823,Galicia,202210,Otras,9
10824,Galicia,202209,Otras,10
10825,Galicia,202208,Otras,5
10826,Galicia,202207,Otras,15
10827,Galicia,202206,Otras,20
10828,Galicia,202205,Otras,16
10829,Galicia,202204,Otras,10
10830,Galicia,202203,Otras,16
10831,Galicia,202202,Otras,15
10832,Galicia,202201,Otras,12
10833,Galicia,202112,Otras,8
10834,Galicia,202111,Otras,12
10835,Galicia,202110,Otras,27
10836,Galicia,202109,Otras,8
10837,Galicia,202108,Otras,7
10838,Galicia,202107,Otras,15
10839,Galicia,202106,Otras,19
10840,Galicia,202105,Otras,30
10841,Galicia,202104,Otras,15
10842,Galicia,202103,Otras,32
10843,Galicia,202102,Otras,11
10844,Galicia,202101,Otras,16
10845,Galicia,202012,Otras,18
10846,Galicia,202011,Otras,21
10847,Galicia,202010,Otras,20
10848,Galicia,202009,Otras,6
10849,Galicia,202008,Otras,13
10850,Galicia,202007,Otras,11
10851,Galicia,202006,Otras,8
10852,Galicia,202005,Otras,2
10853,Galicia,202004,Otras,6
10854,Galicia,202003,Otras,19
10855,Galicia,202002,Otras,13
10856,Galicia,202001,Otras,13
10857,Galicia,201912,Otras,7
10858,Galicia,201911,Otras,23
10859,Galicia,201910,Otras,14
10860,Galicia,201909,Otras,13
10861,Galicia,201908,Otras,7
10862,Galicia,201907,Otras,21
10863,Galicia,201906,Otras,17
10864,Galicia,201905,Otras,11
10865,Galicia,201904,Otras,16
10866,Galicia,201903,Otras,16
10867,Galicia,201902,Otras,17
10868,Galicia,201901,Otras,14
10869,Galicia,201812,Otras,21
10870,Galicia,201811,Otras,14
10871,Galicia,201810,Otras,17
10872,Galicia,201809,Otras,14
10873,Galicia,201808,Otras,14
10874,Galicia,201807,Otras,17
10875,Galicia,201806,Otras,9
10876,Galicia,201805,Otras,12
10877,Galicia,201804,Otras,14
10878,Galicia,201803,Otras,12
10879,Galicia,201802,Otras,19
10880,Galicia,201801,Otras,15
10881,Galicia,201712,Otras,8
10882,Galicia,201711,Otras,10
10883,Galicia,201710,Otras,18
10884,Galicia,201709,Otras,6
10885,Galicia,201708,Otras,10
10886,Galicia,201707,Otras,11
10887,Galicia,201706,Otras,21
10888,Galicia,201705,Otras,19
10889,Galicia,201704,Otras,23
10890,Galicia,201703,Otras,20
10891,Galicia,201702,Otras,14
10892,Galicia,201701,Otras,19
10893,Galicia,201612,Otras,16
10894,Galicia,201611,Otras,26
10895,Galicia,201610,Otras,14
10896,Galicia,201609,Otras,13
10897,Galicia,201608,Otras,11
10898,Galicia,201607,Otras,17
10899,Galicia,201606,Otras,11
10900,Galicia,201605,Otras,27
10901,Galicia,201604,Otras,20
10902,Galicia,201603,Otras,10
10903,Galicia,201602,Otras,24
10904,Galicia,201601,Otras,13
10905,Galicia,201512,Otras,18
10906,Galicia,201511,Otras,15
10907,Galicia,201510,Otras,21
10908,Galicia,201509,Otras,24
10909,Galicia,201508,Otras,17
10910,Galicia,201507,Otras,23
10911,Galicia,201506,Otras,24
10912,Galicia,201505,Otras,22
10913,Galicia,201504,Otras,22
10914,Galicia,201503,Otras,17
10915,Galicia,201502,Otras,17
10916,Galicia,201501,Otras,22
10917,Galicia,201412,Otras,20
10918,Galicia,201411,Otras,21
10919,Galicia,201410,Otras,31
10920,Galicia,201409,Otras,11
10921,Galicia,201408,Otras,20
10922,Galicia,201407,Otras,22
10923,Galicia,201406,Otras,33
10924,Galicia,201405,Otras,26
10925,Galicia,201404,Otras,23
10926,Galicia,201403,Otras,42
10927,Galicia,201402,Otras,27
10928,Galicia,201401,Otras,35
10929,Galicia,201312,Otras,25
10930,Galicia,201311,Otras,34
10931,Galicia,201310,Otras,45
10932,Galicia,201309,Otras,18
10933,Galicia,201308,Otras,15
10934,Galicia,201307,Otras,25
10935,Galicia,201306,Otras,22
10936,Galicia,201305,Otras,23
10937,Galicia,201304,Otras,30
10938,Galicia,201303,Otras,21
10939,Galicia,201302,Otras,31
10940,Galicia,201301,Otras,36
10941,Galicia,201212,Otras,32
10942,Galicia,201211,Otras,24
10943,Galicia,201210,Otras,41
10944,Galicia,201209,Otras,13
10945,Galicia,201208,Otras,12
10946,Galicia,201207,Otras,30
10947,Galicia,201206,Otras,32
10948,Galicia,201205,Otras,36
10949,Galicia,201204,Otras,33
10950,Galicia,201203,Otras,34
10951,Galicia,201202,Otras,23
10952,Galicia,201201,Otras,17
10953,Galicia,201112,Otras,19
10954,Galicia,201111,Otras,19
10955,Galicia,201110,Otras,25
10956,Galicia,201109,Otras,10
10957,Galicia,201108,Otras,14
10958,Galicia,201107,Otras,9
10959,Galicia,201106,Otras,13
10960,Galicia,201105,Otras,9
10961,Galicia,201104,Otras,12
10962,Galicia,201103,Otras,20
10963,Galicia,201102,Otras,17
10964,Galicia,201101,Otras,19
10965,Galicia,201012,Otras,22
10966,Galicia,201011,Otras,14
10967,Galicia,201010,Otras,21
10968,Galicia,201009,Otras,11
10969,Galicia,201008,Otras,6
10970,Galicia,201007,Otras,12
10971,Galicia,201006,Otras,12
10972,Galicia,201005,Otras,13
10973,Galicia,201004,Otras,9
10974,Galicia,201003,Otras,17
10975,Galicia,201002,Otras,10
10976,Galicia,201001,Otras,7
10977,Galicia,200912,Otras,16
10978,Galicia,200911,Otras,13
10979,Galicia,200910,Otras,15
10980,Galicia,200909,Otras,5
10981,Galicia,200908,Otras,3
10982,Galicia,200907,Otras,9
10983,Galicia,200906,Otras,6
10984,Galicia,200905,Otras,3
10985,Galicia,200904,Otras,8
10986,Galicia,200903,Otras,3
10987,Galicia,200902,Otras,4
10988,Galicia,200901,Otras,2
10989,Galicia,200812,Otras,5
10990,Galicia,200811,Otras,14
10991,Galicia,200810,Otras,14
10992,Galicia,200809,Otras,4
10993,Galicia,200808,Otras,4
10994,Galicia,200807,Otras,4
10995,Galicia,200806,Otras,2
10996,Galicia,200805,Otras,4
10997,Galicia,200804,Otras,2
10998,Galicia,200803,Otras,1
10999,Galicia,200802,Otras,5
11000,Galicia,200801,Otras,5
11001,"Madrid, Comunidad de",202604,Otras,19
11002,"Madrid, Comunidad de",202603,Otras,41
11003,"Madrid, Comunidad de",202602,Otras,24
11004,"Madrid, Comunidad de",202601,Otras,11
11005,"Madrid, Comunidad de",202512,Otras,20
11006,"Madrid, Comunidad de",202511,Otras,22
11007,"Madrid, Comunidad de",202510,Otras,25
11008,"Madrid, Comunidad de",202509,Otras,19
11009,"Madrid, Comunidad de",202508,Otras,11
11010,"Madrid, Comunidad de",202507,Otras,25
11011,"Madrid, Comunidad de",202506,Otras,24
11012,"Madrid, Comunidad de",202505,Otras,14
11013,"Madrid, Comunidad de",202504,Otras,20
11014,"Madrid, Comunidad de",202503,Otras,29
11015,"Madrid, Comunidad de",202502,Otras,36
11016,"Madrid, Comunidad de",202501,Otras,15
11017,"Madrid, Comunidad de",202412,Otras,35
11018,"Madrid, Comunidad de",202411,Otras,36
11019,"Madrid, Comunidad de",202410,Otras,24
11020,"Madrid, Comunidad de",202409,Otras,18
11021,"Madrid, Comunidad de",202408,Otras,14
11022,"Madrid, Comunidad de",202407,Otras,23
11023,"Madrid, Comunidad de",202406,Otras,27
11024,"Madrid, Comunidad de",202405,Otras,13
11025,"Madrid, Comunidad de",202404,Otras,34
11026,"Madrid, Comunidad de",202403,Otras,35
11027,"Madrid, Comunidad de",202402,Otras,32
11028,"Madrid, Comunidad de",202401,Otras,29
11029,"Madrid, Comunidad de",202312,Otras,25
11030,"Madrid, Comunidad de",202311,Otras,37
11031,"Madrid, Comunidad de",202310,Otras,29
11032,"Madrid, Comunidad de",202309,Otras,17
11033,"Madrid, Comunidad de",202308,Otras,6
11034,"Madrid, Comunidad de",202307,Otras,26
11035,"Madrid, Comunidad de",202306,Otras,32
11036,"Madrid, Comunidad de",202305,Otras,21
11037,"Madrid, Comunidad de",202304,Otras,26
11038,"Madrid, Comunidad de",202303,Otras,22
11039,"Madrid, Comunidad de",202302,Otras,30
11040,"Madrid, Comunidad de",202301,Otras,19
11041,"Madrid, Comunidad de",202212,Otras,28
11042,"Madrid, Comunidad de",202211,Otras,18
11043,"Madrid, Comunidad de",202210,Otras,24
11044,"Madrid, Comunidad de",202209,Otras,29
11045,"Madrid, Comunidad de",202208,Otras,17
11046,"Madrid, Comunidad de",202207,Otras,34
11047,"Madrid, Comunidad de",202206,Otras,31
11048,"Madrid, Comunidad de",202205,Otras,36
11049,"Madrid, Comunidad de",202204,Otras,20
11050,"Madrid, Comunidad de",202203,Otras,37
11051,"Madrid, Comunidad de",202202,Otras,47
11052,"Madrid, Comunidad de",202201,Otras,23
11053,"Madrid, Comunidad de",202112,Otras,27
11054,"Madrid, Comunidad de",202111,Otras,25
11055,"Madrid, Comunidad de",202110,Otras,28
11056,"Madrid, Comunidad de",202109,Otras,22
11057,"Madrid, Comunidad de",202108,Otras,21
11058,"Madrid, Comunidad de",202107,Otras,28
11059,"Madrid, Comunidad de",202106,Otras,29
11060,"Madrid, Comunidad de",202105,Otras,37
11061,"Madrid, Comunidad de",202104,Otras,38
11062,"Madrid, Comunidad de",202103,Otras,47
11063,"Madrid, Comunidad de",202102,Otras,41
11064,"Madrid, Comunidad de",202101,Otras,27
11065,"Madrid, Comunidad de",202012,Otras,33
11066,"Madrid, Comunidad de",202011,Otras,41
11067,"Madrid, Comunidad de",202010,Otras,46
11068,"Madrid, Comunidad de",202009,Otras,28
11069,"Madrid, Comunidad de",202008,Otras,16
11070,"Madrid, Comunidad de",202007,Otras,26
11071,"Madrid, Comunidad de",202006,Otras,31
11072,"Madrid, Comunidad de",202005,Otras,5
11073,"Madrid, Comunidad de",202004,Otras,9
11074,"Madrid, Comunidad de",202003,Otras,41
11075,"Madrid, Comunidad de",202002,Otras,41
11076,"Madrid, Comunidad de",202001,Otras,29
11077,"Madrid, Comunidad de",201912,Otras,25
11078,"Madrid, Comunidad de",201911,Otras,30
11079,"Madrid, Comunidad de",201910,Otras,39
11080,"Madrid, Comunidad de",201909,Otras,24
11081,"Madrid, Comunidad de",201908,Otras,19
11082,"Madrid, Comunidad de",201907,Otras,30
11083,"Madrid, Comunidad de",201906,Otras,33
11084,"Madrid, Comunidad de",201905,Otras,30
11085,"Madrid, Comunidad de",201904,Otras,33
11086,"Madrid, Comunidad de",201903,Otras,31
11087,"Madrid, Comunidad de",201902,Otras,52
11088,"Madrid, Comunidad de",201901,Otras,26
11089,"Madrid, Comunidad de",201812,Otras,32
11090,"Madrid, Comunidad de",201811,Otras,38
11091,"Madrid, Comunidad de",201810,Otras,54
11092,"Madrid, Comunidad de",201809,Otras,21
11093,"Madrid, Comunidad de",201808,Otras,30
11094,"Madrid, Comunidad de",201807,Otras,29
11095,"Madrid, Comunidad de",201806,Otras,45
11096,"Madrid, Comunidad de",201805,Otras,47
11097,"Madrid, Comunidad de",201804,Otras,34
11098,"Madrid, Comunidad de",201803,Otras,37
11099,"Madrid, Comunidad de",201802,Otras,45
11100,"Madrid, Comunidad de",201801,Otras,46
11101,"Madrid, Comunidad de",201712,Otras,29
11102,"Madrid, Comunidad de",201711,Otras,50
11103,"Madrid, Comunidad de",201710,Otras,44
11104,"Madrid, Comunidad de",201709,Otras,28
11105,"Madrid, Comunidad de",201708,Otras,36
11106,"Madrid, Comunidad de",201707,Otras,41
11107,"Madrid, Comunidad de",201706,Otras,49
11108,"Madrid, Comunidad de",201705,Otras,31
11109,"Madrid, Comunidad de",201704,Otras,31
11110,"Madrid, Comunidad de",201703,Otras,31
11111,"Madrid, Comunidad de",201702,Otras,42
11112,"Madrid, Comunidad de",201701,Otras,34
11113,"Madrid, Comunidad de",201612,Otras,42
11114,"Madrid, Comunidad de",201611,Otras,28
11115,"Madrid, Comunidad de",201610,Otras,49
11116,"Madrid, Comunidad de",201609,Otras,19
11117,"Madrid, Comunidad de",201608,Otras,25
11118,"Madrid, Comunidad de",201607,Otras,26
11119,"Madrid, Comunidad de",201606,Otras,37
11120,"Madrid, Comunidad de",201605,Otras,26
11121,"Madrid, Comunidad de",201604,Otras,41
11122,"Madrid, Comunidad de",201603,Otras,38
11123,"Madrid, Comunidad de",201602,Otras,38
11124,"Madrid, Comunidad de",201601,Otras,37
11125,"Madrid, Comunidad de",201512,Otras,47
11126,"Madrid, Comunidad de",201511,Otras,41
11127,"Madrid, Comunidad de",201510,Otras,57
11128,"Madrid, Comunidad de",201509,Otras,30
11129,"Madrid, Comunidad de",201508,Otras,31
11130,"Madrid, Comunidad de",201507,Otras,61
11131,"Madrid, Comunidad de",201506,Otras,51
11132,"Madrid, Comunidad de",201505,Otras,57
11133,"Madrid, Comunidad de",201504,Otras,76
11134,"Madrid, Comunidad de",201503,Otras,65
11135,"Madrid, Comunidad de",201502,Otras,52
11136,"Madrid, Comunidad de",201501,Otras,68
11137,"Madrid, Comunidad de",201412,Otras,41
11138,"Madrid, Comunidad de",201411,Otras,58
11139,"Madrid, Comunidad de",201410,Otras,68
11140,"Madrid, Comunidad de",201409,Otras,51
11141,"Madrid, Comunidad de",201408,Otras,17
11142,"Madrid, Comunidad de",201407,Otras,67
11143,"Madrid, Comunidad de",201406,Otras,68
11144,"Madrid, Comunidad de",201405,Otras,44
11145,"Madrid, Comunidad de",201404,Otras,55
11146,"Madrid, Comunidad de",201403,Otras,92
11147,"Madrid, Comunidad de",201402,Otras,69
11148,"Madrid, Comunidad de",201401,Otras,65
11149,"Madrid, Comunidad de",201312,Otras,53
11150,"Madrid, Comunidad de",201311,Otras,49
11151,"Madrid, Comunidad de",201310,Otras,66
11152,"Madrid, Comunidad de",201309,Otras,48
11153,"Madrid, Comunidad de",201308,Otras,23
11154,"Madrid, Comunidad de",201307,Otras,67
11155,"Madrid, Comunidad de",201306,Otras,90
11156,"Madrid, Comunidad de",201305,Otras,67
11157,"Madrid, Comunidad de",201304,Otras,79
11158,"Madrid, Comunidad de",201303,Otras,75
11159,"Madrid, Comunidad de",201302,Otras,58
11160,"Madrid, Comunidad de",201301,Otras,62
11161,"Madrid, Comunidad de",201212,Otras,49
11162,"Madrid, Comunidad de",201211,Otras,51
11163,"Madrid, Comunidad de",201210,Otras,87
11164,"Madrid, Comunidad de",201209,Otras,35
11165,"Madrid, Comunidad de",201208,Otras,25
11166,"Madrid, Comunidad de",201207,Otras,56
11167,"Madrid, Comunidad de",201206,Otras,76
11168,"Madrid, Comunidad de",201205,Otras,55
11169,"Madrid, Comunidad de",201204,Otras,32
11170,"Madrid, Comunidad de",201203,Otras,52
11171,"Madrid, Comunidad de",201202,Otras,57
11172,"Madrid, Comunidad de",201201,Otras,31
11173,"Madrid, Comunidad de",201112,Otras,43
11174,"Madrid, Comunidad de",201111,Otras,31
11175,"Madrid, Comunidad de",201110,Otras,41
11176,"Madrid, Comunidad de",201109,Otras,16
11177,"Madrid, Comunidad de",201108,Otras,34
11178,"Madrid, Comunidad de",201107,Otras,39
11179,"Madrid, Comunidad de",201106,Otras,34
11180,"Madrid, Comunidad de",201105,Otras,37
11181,"Madrid, Comunidad de",201104,Otras,26
11182,"Madrid, Comunidad de",201103,Otras,50
11183,"Madrid, Comunidad de",201102,Otras,38
11184,"Madrid, Comunidad de",201101,Otras,29
11185,"Madrid, Comunidad de",201012,Otras,35
11186,"Madrid, Comunidad de",201011,Otras,26
11187,"Madrid, Comunidad de",201010,Otras,33
11188,"Madrid, Comunidad de",201009,Otras,13
11189,"Madrid, Comunidad de",201008,Otras,5
11190,"Madrid, Comunidad de",201007,Otras,20
11191,"Madrid, Comunidad de",201006,Otras,28
11192,"Madrid, Comunidad de",201005,Otras,18
11193,"Madrid, Comunidad de",201004,Otras,22
11194,"Madrid, Comunidad de",201003,Otras,25
11195,"Madrid, Comunidad de",201002,Otras,12
11196,"Madrid, Comunidad de",201001,Otras,2
11197,"Madrid, Comunidad de",200912,Otras,10
11198,"Madrid, Comunidad de",200911,Otras,19
11199,"Madrid, Comunidad de",200910,Otras,12
11200,"Madrid, Comunidad de",200909,Otras,3
11201,"Madrid, Comunidad de",200908,Otras,9
11202,"Madrid, Comunidad de",200907,Otras,10
11203,"Madrid, Comunidad de",200906,Otras,11
11204,"Madrid, Comunidad de",200905,Otras,6
11205,"Madrid, Comunidad de",200904,Otras,7
11206,"Madrid, Comunidad de",200903,Otras,7
11207,"Madrid, Comunidad de",200902,Otras,3
11208,"Madrid, Comunidad de",200901,Otras,10
11209,"Madrid, Comunidad de",200812,Otras,0
11210,"Madrid, Comunidad de",200811,Otras,12
11211,"Madrid, Comunidad de",200810,Otras,5
11212,"Madrid, Comunidad de",200809,Otras,8
11213,"Madrid, Comunidad de",200808,Otras,3
11214,"Madrid, Comunidad de",200807,Otras,5
11215,"Madrid, Comunidad de",200806,Otras,6
11216,"Madrid, Comunidad de",200805,Otras,7
11217,"Madrid, Comunidad de",200804,Otras,5
11218,"Madrid, Comunidad de",200803,Otras,1
11219,"Madrid, Comunidad de",200802,Otras,7
11220,"Madrid, Comunidad de",200801,Otras,6
11221,"Murcia, Región de",202604,Otras,4
11222,"Murcia, Región de",202603,Otras,6
11223,"Murcia, Región de",202602,Otras,9
11224,"Murcia, Región de",202601,Otras,9
11225,"Murcia, Región de",202512,Otras,6
11226,"Murcia, Región de",202511,Otras,6
11227,"Murcia, Región de",202510,Otras,8
11228,"Murcia, Región de",202509,Otras,6
11229,"Murcia, Región de",202508,Otras,5
11230,"Murcia, Región de",202507,Otras,6
11231,"Murcia, Región de",202506,Otras,5
11232,"Murcia, Región de",202505,Otras,4
11233,"Murcia, Región de",202504,Otras,7
11234,"Murcia, Región de",202503,Otras,4
11235,"Murcia, Región de",202502,Otras,8
11236,"Murcia, Región de",202501,Otras,7
11237,"Murcia, Región de",202412,Otras,10
11238,"Murcia, Región de",202411,Otras,4
11239,"Murcia, Región de",202410,Otras,10
11240,"Murcia, Región de",202409,Otras,4
11241,"Murcia, Región de",202408,Otras,3
11242,"Murcia, Región de",202407,Otras,6
11243,"Murcia, Región de",202406,Otras,6
11244,"Murcia, Región de",202405,Otras,8
11245,"Murcia, Región de",202404,Otras,9
11246,"Murcia, Región de",202403,Otras,6
11247,"Murcia, Región de",202402,Otras,10
11248,"Murcia, Región de",202401,Otras,6
11249,"Murcia, Región de",202312,Otras,4
11250,"Murcia, Región de",202311,Otras,9
11251,"Murcia, Región de",202310,Otras,2
11252,"Murcia, Región de",202309,Otras,3
11253,"Murcia, Región de",202308,Otras,3
11254,"Murcia, Región de",202307,Otras,7
11255,"Murcia, Región de",202306,Otras,4
11256,"Murcia, Región de",202305,Otras,7
11257,"Murcia, Región de",202304,Otras,8
11258,"Murcia, Región de",202303,Otras,0
11259,"Murcia, Región de",202302,Otras,3
11260,"Murcia, Región de",202301,Otras,3
11261,"Murcia, Región de",202212,Otras,6
11262,"Murcia, Región de",202211,Otras,12
11263,"Murcia, Región de",202210,Otras,6
11264,"Murcia, Región de",202209,Otras,7
11265,"Murcia, Región de",202208,Otras,9
11266,"Murcia, Región de",202207,Otras,9
11267,"Murcia, Región de",202206,Otras,7
11268,"Murcia, Región de",202205,Otras,6
11269,"Murcia, Región de",202204,Otras,3
11270,"Murcia, Región de",202203,Otras,11
11271,"Murcia, Región de",202202,Otras,4
11272,"Murcia, Región de",202201,Otras,0
11273,"Murcia, Región de",202112,Otras,8
11274,"Murcia, Región de",202111,Otras,3
11275,"Murcia, Región de",202110,Otras,9
11276,"Murcia, Región de",202109,Otras,6
11277,"Murcia, Región de",202108,Otras,3
11278,"Murcia, Región de",202107,Otras,3
11279,"Murcia, Región de",202106,Otras,15
11280,"Murcia, Región de",202105,Otras,9
11281,"Murcia, Región de",202104,Otras,8
11282,"Murcia, Región de",202103,Otras,15
11283,"Murcia, Región de",202102,Otras,13
11284,"Murcia, Región de",202101,Otras,6
11285,"Murcia, Región de",202012,Otras,15
11286,"Murcia, Región de",202011,Otras,6
11287,"Murcia, Región de",202010,Otras,10
11288,"Murcia, Región de",202009,Otras,4
11289,"Murcia, Región de",202008,Otras,8
11290,"Murcia, Región de",202007,Otras,10
11291,"Murcia, Región de",202006,Otras,7
11292,"Murcia, Región de",202005,Otras,2
11293,"Murcia, Región de",202004,Otras,1
11294,"Murcia, Región de",202003,Otras,8
11295,"Murcia, Región de",202002,Otras,4
11296,"Murcia, Región de",202001,Otras,5
11297,"Murcia, Región de",201912,Otras,12
11298,"Murcia, Región de",201911,Otras,9
11299,"Murcia, Región de",201910,Otras,5
11300,"Murcia, Región de",201909,Otras,6
11301,"Murcia, Región de",201908,Otras,4
11302,"Murcia, Región de",201907,Otras,5
11303,"Murcia, Región de",201906,Otras,12
11304,"Murcia, Región de",201905,Otras,10
11305,"Murcia, Región de",201904,Otras,10
11306,"Murcia, Región de",201903,Otras,8
11307,"Murcia, Región de",201902,Otras,13
11308,"Murcia, Región de",201901,Otras,11
11309,"Murcia, Región de",201812,Otras,13
11310,"Murcia, Región de",201811,Otras,17
11311,"Murcia, Región de",201810,Otras,8
11312,"Murcia, Región de",201809,Otras,7
11313,"Murcia, Región de",201808,Otras,8
11314,"Murcia, Región de",201807,Otras,5
11315,"Murcia, Región de",201806,Otras,14
11316,"Murcia, Región de",201805,Otras,11
11317,"Murcia, Región de",201804,Otras,8
11318,"Murcia, Región de",201803,Otras,7
11319,"Murcia, Región de",201802,Otras,9
11320,"Murcia, Región de",201801,Otras,4
11321,"Murcia, Región de",201712,Otras,12
11322,"Murcia, Región de",201711,Otras,6
11323,"Murcia, Región de",201710,Otras,10
11324,"Murcia, Región de",201709,Otras,6
11325,"Murcia, Región de",201708,Otras,3
11326,"Murcia, Región de",201707,Otras,6
11327,"Murcia, Región de",201706,Otras,4
11328,"Murcia, Región de",201705,Otras,6
11329,"Murcia, Región de",201704,Otras,6
11330,"Murcia, Región de",201703,Otras,9
11331,"Murcia, Región de",201702,Otras,21
11332,"Murcia, Región de",201701,Otras,13
11333,"Murcia, Región de",201612,Otras,5
11334,"Murcia, Región de",201611,Otras,10
11335,"Murcia, Región de",201610,Otras,7
11336,"Murcia, Región de",201609,Otras,4
11337,"Murcia, Región de",201608,Otras,2
11338,"Murcia, Región de",201607,Otras,15
11339,"Murcia, Región de",201606,Otras,9
11340,"Murcia, Región de",201605,Otras,4
11341,"Murcia, Región de",201604,Otras,6
11342,"Murcia, Región de",201603,Otras,6
11343,"Murcia, Región de",201602,Otras,9
11344,"Murcia, Región de",201601,Otras,4
11345,"Murcia, Región de",201512,Otras,9
11346,"Murcia, Región de",201511,Otras,11
11347,"Murcia, Región de",201510,Otras,16
11348,"Murcia, Región de",201509,Otras,14
11349,"Murcia, Región de",201508,Otras,1
11350,"Murcia, Región de",201507,Otras,14
11351,"Murcia, Región de",201506,Otras,20
11352,"Murcia, Región de",201505,Otras,6
11353,"Murcia, Región de",201504,Otras,8
11354,"Murcia, Región de",201503,Otras,17
11355,"Murcia, Región de",201502,Otras,16
11356,"Murcia, Región de",201501,Otras,13
11357,"Murcia, Región de",201412,Otras,12
11358,"Murcia, Región de",201411,Otras,14
11359,"Murcia, Región de",201410,Otras,19
11360,"Murcia, Región de",201409,Otras,4
11361,"Murcia, Región de",201408,Otras,17
11362,"Murcia, Región de",201407,Otras,29
11363,"Murcia, Región de",201406,Otras,15
11364,"Murcia, Región de",201405,Otras,21
11365,"Murcia, Región de",201404,Otras,17
11366,"Murcia, Región de",201403,Otras,17
11367,"Murcia, Región de",201402,Otras,10
11368,"Murcia, Región de",201401,Otras,14
11369,"Murcia, Región de",201312,Otras,11
11370,"Murcia, Región de",201311,Otras,19
11371,"Murcia, Región de",201310,Otras,11
11372,"Murcia, Región de",201309,Otras,9
11373,"Murcia, Región de",201308,Otras,10
11374,"Murcia, Región de",201307,Otras,20
11375,"Murcia, Región de",201306,Otras,13
11376,"Murcia, Región de",201305,Otras,18
11377,"Murcia, Región de",201304,Otras,10
11378,"Murcia, Región de",201303,Otras,11
11379,"Murcia, Región de",201302,Otras,21
11380,"Murcia, Región de",201301,Otras,11
11381,"Murcia, Región de",201212,Otras,10
11382,"Murcia, Región de",201211,Otras,6
11383,"Murcia, Región de",201210,Otras,11
11384,"Murcia, Región de",201209,Otras,6
11385,"Murcia, Región de",201208,Otras,1
11386,"Murcia, Región de",201207,Otras,9
11387,"Murcia, Región de",201206,Otras,21
11388,"Murcia, Región de",201205,Otras,21
11389,"Murcia, Región de",201204,Otras,7
11390,"Murcia, Región de",201203,Otras,11
11391,"Murcia, Región de",201202,Otras,13
11392,"Murcia, Región de",201201,Otras,9
11393,"Murcia, Región de",201112,Otras,11
11394,"Murcia, Región de",201111,Otras,14
11395,"Murcia, Región de",201110,Otras,6
11396,"Murcia, Región de",201109,Otras,7
11397,"Murcia, Región de",201108,Otras,4
11398,"Murcia, Región de",201107,Otras,3
11399,"Murcia, Región de",201106,Otras,7
11400,"Murcia, Región de",201105,Otras,9
11401,"Murcia, Región de",201104,Otras,4
11402,"Murcia, Región de",201103,Otras,5
11403,"Murcia, Región de",201102,Otras,1
11404,"Murcia, Región de",201101,Otras,7
11405,"Murcia, Región de",201012,Otras,3
11406,"Murcia, Región de",201011,Otras,2
11407,"Murcia, Región de",201010,Otras,5
11408,"Murcia, Región de",201009,Otras,2
11409,"Murcia, Región de",201008,Otras,0
11410,"Murcia, Región de",201007,Otras,5
11411,"Murcia, Región de",201006,Otras,8
11412,"Murcia, Región de",201005,Otras,1
11413,"Murcia, Región de",201004,Otras,2
11414,"Murcia, Región de",201003,Otras,1
11415,"Murcia, Región de",201002,Otras,0
11416,"Murcia, Región de",201001,Otras,1
11417,"Murcia, Región de",200912,Otras,0
11418,"Murcia, Región de",200911,Otras,6
11419,"Murcia, Región de",200910,Otras,1
11420,"Murcia, Región de",200909,Otras,1
11421,"Murcia, Región de",200908,Otras,1
11422,"Murcia, Región de",200907,Otras,2
11423,"Murcia, Región de",200906,Otras,1
11424,"Murcia, Región de",200905,Otras,1
11425,"Murcia, Región de",200904,Otras,2
11426,"Murcia, Región de",200903,Otras,0
11427,"Murcia, Región de",200902,Otras,0
11428,"Murcia, Región de",200901,Otras,6
11429,"Murcia, Región de",200812,Otras,2
11430,"Murcia, Región de",200811,Otras,0
11431,"Murcia, Región de",200810,Otras,2
11432,"Murcia, Región de",200809,Otras,1
11433,"Murcia, Región de",200808,Otras,0
11434,"Murcia, Región de",200807,Otras,0
11435,"Murcia, Región de",200806,Otras,2
11436,"Murcia, Región de",200805,Otras,3
11437,"Murcia, Región de",200804,Otras,0
11438,"Murcia, Región de",200803,Otras,1
11439,"Murcia, Región de",200802,Otras,1
11440,"Murcia, Región de",200801,Otras,2
11441,"Navarra, Comunidad Foral de",202604,Otras,3
11442,"Navarra, Comunidad Foral de",202603,Otras,1
11443,"Navarra, Comunidad Foral de",202602,Otras,3
11444,"Navarra, Comunidad Foral de",202601,Otras,1
11445,"Navarra, Comunidad Foral de",202512,Otras,2
11446,"Navarra, Comunidad Foral de",202511,Otras,5
11447,"Navarra, Comunidad Foral de",202510,Otras,4
11448,"Navarra, Comunidad Foral de",202509,Otras,0
11449,"Navarra, Comunidad Foral de",202508,Otras,0
11450,"Navarra, Comunidad Foral de",202507,Otras,2
11451,"Navarra, Comunidad Foral de",202506,Otras,4
11452,"Navarra, Comunidad Foral de",202505,Otras,2
11453,"Navarra, Comunidad Foral de",202504,Otras,3
11454,"Navarra, Comunidad Foral de",202503,Otras,4
11455,"Navarra, Comunidad Foral de",202502,Otras,6
11456,"Navarra, Comunidad Foral de",202501,Otras,5
11457,"Navarra, Comunidad Foral de",202412,Otras,1
11458,"Navarra, Comunidad Foral de",202411,Otras,4
11459,"Navarra, Comunidad Foral de",202410,Otras,4
11460,"Navarra, Comunidad Foral de",202409,Otras,3
11461,"Navarra, Comunidad Foral de",202408,Otras,3
11462,"Navarra, Comunidad Foral de",202407,Otras,1
11463,"Navarra, Comunidad Foral de",202406,Otras,2
11464,"Navarra, Comunidad Foral de",202405,Otras,1
11465,"Navarra, Comunidad Foral de",202404,Otras,5
11466,"Navarra, Comunidad Foral de",202403,Otras,4
11467,"Navarra, Comunidad Foral de",202402,Otras,4
11468,"Navarra, Comunidad Foral de",202401,Otras,5
11469,"Navarra, Comunidad Foral de",202312,Otras,2
11470,"Navarra, Comunidad Foral de",202311,Otras,4
11471,"Navarra, Comunidad Foral de",202310,Otras,1
11472,"Navarra, Comunidad Foral de",202309,Otras,3
11473,"Navarra, Comunidad Foral de",202308,Otras,3
11474,"Navarra, Comunidad Foral de",202307,Otras,1
11475,"Navarra, Comunidad Foral de",202306,Otras,2
11476,"Navarra, Comunidad Foral de",202305,Otras,4
11477,"Navarra, Comunidad Foral de",202304,Otras,1
11478,"Navarra, Comunidad Foral de",202303,Otras,1
11479,"Navarra, Comunidad Foral de",202302,Otras,2
11480,"Navarra, Comunidad Foral de",202301,Otras,1
11481,"Navarra, Comunidad Foral de",202212,Otras,1
11482,"Navarra, Comunidad Foral de",202211,Otras,2
11483,"Navarra, Comunidad Foral de",202210,Otras,3
11484,"Navarra, Comunidad Foral de",202209,Otras,1
11485,"Navarra, Comunidad Foral de",202208,Otras,0
11486,"Navarra, Comunidad Foral de",202207,Otras,1
11487,"Navarra, Comunidad Foral de",202206,Otras,2
11488,"Navarra, Comunidad Foral de",202205,Otras,0
11489,"Navarra, Comunidad Foral de",202204,Otras,4
11490,"Navarra, Comunidad Foral de",202203,Otras,1
11491,"Navarra, Comunidad Foral de",202202,Otras,3
11492,"Navarra, Comunidad Foral de",202201,Otras,3
11493,"Navarra, Comunidad Foral de",202112,Otras,4
11494,"Navarra, Comunidad Foral de",202111,Otras,2
11495,"Navarra, Comunidad Foral de",202110,Otras,3
11496,"Navarra, Comunidad Foral de",202109,Otras,2
11497,"Navarra, Comunidad Foral de",202108,Otras,2
11498,"Navarra, Comunidad Foral de",202107,Otras,3
11499,"Navarra, Comunidad Foral de",202106,Otras,1
11500,"Navarra, Comunidad Foral de",202105,Otras,4
11501,"Navarra, Comunidad Foral de",202104,Otras,0
11502,"Navarra, Comunidad Foral de",202103,Otras,4
11503,"Navarra, Comunidad Foral de",202102,Otras,3
11504,"Navarra, Comunidad Foral de",202101,Otras,2
11505,"Navarra, Comunidad Foral de",202012,Otras,0
11506,"Navarra, Comunidad Foral de",202011,Otras,2
11507,"Navarra, Comunidad Foral de",202010,Otras,1
11508,"Navarra, Comunidad Foral de",202009,Otras,4
11509,"Navarra, Comunidad Foral de",202008,Otras,0
11510,"Navarra, Comunidad Foral de",202007,Otras,2
11511,"Navarra, Comunidad Foral de",202006,Otras,2
11512,"Navarra, Comunidad Foral de",202005,Otras,1
11513,"Navarra, Comunidad Foral de",202004,Otras,0
11514,"Navarra, Comunidad Foral de",202003,Otras,1
11515,"Navarra, Comunidad Foral de",202002,Otras,4
11516,"Navarra, Comunidad Foral de",202001,Otras,5
11517,"Navarra, Comunidad Foral de",201912,Otras,4
11518,"Navarra, Comunidad Foral de",201911,Otras,8
11519,"Navarra, Comunidad Foral de",201910,Otras,6
11520,"Navarra, Comunidad Foral de",201909,Otras,2
11521,"Navarra, Comunidad Foral de",201908,Otras,1
11522,"Navarra, Comunidad Foral de",201907,Otras,2
11523,"Navarra, Comunidad Foral de",201906,Otras,2
11524,"Navarra, Comunidad Foral de",201905,Otras,4
11525,"Navarra, Comunidad Foral de",201904,Otras,6
11526,"Navarra, Comunidad Foral de",201903,Otras,3
11527,"Navarra, Comunidad Foral de",201902,Otras,5
11528,"Navarra, Comunidad Foral de",201901,Otras,3
11529,"Navarra, Comunidad Foral de",201812,Otras,2
11530,"Navarra, Comunidad Foral de",201811,Otras,3
11531,"Navarra, Comunidad Foral de",201810,Otras,5
11532,"Navarra, Comunidad Foral de",201809,Otras,2
11533,"Navarra, Comunidad Foral de",201808,Otras,4
11534,"Navarra, Comunidad Foral de",201807,Otras,1
11535,"Navarra, Comunidad Foral de",201806,Otras,5
11536,"Navarra, Comunidad Foral de",201805,Otras,2
11537,"Navarra, Comunidad Foral de",201804,Otras,2
11538,"Navarra, Comunidad Foral de",201803,Otras,1
11539,"Navarra, Comunidad Foral de",201802,Otras,3
11540,"Navarra, Comunidad Foral de",201801,Otras,3
11541,"Navarra, Comunidad Foral de",201712,Otras,5
11542,"Navarra, Comunidad Foral de",201711,Otras,1
11543,"Navarra, Comunidad Foral de",201710,Otras,8
11544,"Navarra, Comunidad Foral de",201709,Otras,1
11545,"Navarra, Comunidad Foral de",201708,Otras,0
11546,"Navarra, Comunidad Foral de",201707,Otras,1
11547,"Navarra, Comunidad Foral de",201706,Otras,4
11548,"Navarra, Comunidad Foral de",201705,Otras,5
11549,"Navarra, Comunidad Foral de",201704,Otras,4
11550,"Navarra, Comunidad Foral de",201703,Otras,7
11551,"Navarra, Comunidad Foral de",201702,Otras,1
11552,"Navarra, Comunidad Foral de",201701,Otras,6
11553,"Navarra, Comunidad Foral de",201612,Otras,7
11554,"Navarra, Comunidad Foral de",201611,Otras,6
11555,"Navarra, Comunidad Foral de",201610,Otras,5
11556,"Navarra, Comunidad Foral de",201609,Otras,3
11557,"Navarra, Comunidad Foral de",201608,Otras,6
11558,"Navarra, Comunidad Foral de",201607,Otras,5
11559,"Navarra, Comunidad Foral de",201606,Otras,2
11560,"Navarra, Comunidad Foral de",201605,Otras,2
11561,"Navarra, Comunidad Foral de",201604,Otras,10
11562,"Navarra, Comunidad Foral de",201603,Otras,5
11563,"Navarra, Comunidad Foral de",201602,Otras,3
11564,"Navarra, Comunidad Foral de",201601,Otras,4
11565,"Navarra, Comunidad Foral de",201512,Otras,3
11566,"Navarra, Comunidad Foral de",201511,Otras,3
11567,"Navarra, Comunidad Foral de",201510,Otras,8
11568,"Navarra, Comunidad Foral de",201509,Otras,3
11569,"Navarra, Comunidad Foral de",201508,Otras,2
11570,"Navarra, Comunidad Foral de",201507,Otras,6
11571,"Navarra, Comunidad Foral de",201506,Otras,8
11572,"Navarra, Comunidad Foral de",201505,Otras,10
11573,"Navarra, Comunidad Foral de",201504,Otras,5
11574,"Navarra, Comunidad Foral de",201503,Otras,14
11575,"Navarra, Comunidad Foral de",201502,Otras,8
11576,"Navarra, Comunidad Foral de",201501,Otras,4
11577,"Navarra, Comunidad Foral de",201412,Otras,3
11578,"Navarra, Comunidad Foral de",201411,Otras,10
11579,"Navarra, Comunidad Foral de",201410,Otras,7
11580,"Navarra, Comunidad Foral de",201409,Otras,6
11581,"Navarra, Comunidad Foral de",201408,Otras,2
11582,"Navarra, Comunidad Foral de",201407,Otras,7
11583,"Navarra, Comunidad Foral de",201406,Otras,10
11584,"Navarra, Comunidad Foral de",201405,Otras,9
11585,"Navarra, Comunidad Foral de",201404,Otras,10
11586,"Navarra, Comunidad Foral de",201403,Otras,14
11587,"Navarra, Comunidad Foral de",201402,Otras,19
11588,"Navarra, Comunidad Foral de",201401,Otras,10
11589,"Navarra, Comunidad Foral de",201312,Otras,12
11590,"Navarra, Comunidad Foral de",201311,Otras,12
11591,"Navarra, Comunidad Foral de",201310,Otras,14
11592,"Navarra, Comunidad Foral de",201309,Otras,9
11593,"Navarra, Comunidad Foral de",201308,Otras,2
11594,"Navarra, Comunidad Foral de",201307,Otras,13
11595,"Navarra, Comunidad Foral de",201306,Otras,9
11596,"Navarra, Comunidad Foral de",201305,Otras,16
11597,"Navarra, Comunidad Foral de",201304,Otras,16
11598,"Navarra, Comunidad Foral de",201303,Otras,6
11599,"Navarra, Comunidad Foral de",201302,Otras,15
11600,"Navarra, Comunidad Foral de",201301,Otras,10
11601,"Navarra, Comunidad Foral de",201212,Otras,5
11602,"Navarra, Comunidad Foral de",201211,Otras,14
11603,"Navarra, Comunidad Foral de",201210,Otras,11
11604,"Navarra, Comunidad Foral de",201209,Otras,13
11605,"Navarra, Comunidad Foral de",201208,Otras,4
11606,"Navarra, Comunidad Foral de",201207,Otras,6
11607,"Navarra, Comunidad Foral de",201206,Otras,12
11608,"Navarra, Comunidad Foral de",201205,Otras,11
11609,"Navarra, Comunidad Foral de",201204,Otras,10
11610,"Navarra, Comunidad Foral de",201203,Otras,11
11611,"Navarra, Comunidad Foral de",201202,Otras,5
11612,"Navarra, Comunidad Foral de",201201,Otras,1
11613,"Navarra, Comunidad Foral de",201112,Otras,2
11614,"Navarra, Comunidad Foral de",201111,Otras,6
11615,"Navarra, Comunidad Foral de",201110,Otras,0
11616,"Navarra, Comunidad Foral de",201109,Otras,3
11617,"Navarra, Comunidad Foral de",201108,Otras,4
11618,"Navarra, Comunidad Foral de",201107,Otras,3
11619,"Navarra, Comunidad Foral de",201106,Otras,6
11620,"Navarra, Comunidad Foral de",201105,Otras,5
11621,"Navarra, Comunidad Foral de",201104,Otras,3
11622,"Navarra, Comunidad Foral de",201103,Otras,9
11623,"Navarra, Comunidad Foral de",201102,Otras,3
11624,"Navarra, Comunidad Foral de",201101,Otras,2
11625,"Navarra, Comunidad Foral de",201012,Otras,0
11626,"Navarra, Comunidad Foral de",201011,Otras,0
11627,"Navarra, Comunidad Foral de",201010,Otras,0
11628,"Navarra, Comunidad Foral de",201009,Otras,0
11629,"Navarra, Comunidad Foral de",201008,Otras,0
11630,"Navarra, Comunidad Foral de",201007,Otras,0
11631,"Navarra, Comunidad Foral de",201006,Otras,0
11632,"Navarra, Comunidad Foral de",201005,Otras,0
11633,"Navarra, Comunidad Foral de",201004,Otras,0
11634,"Navarra, Comunidad Foral de",201003,Otras,0
11635,"Navarra, Comunidad Foral de",201002,Otras,0
11636,"Navarra, Comunidad Foral de",201001,Otras,0
11637,"Navarra, Comunidad Foral de",200912,Otras,0
11638,"Navarra, Comunidad Foral de",200911,Otras,0
11639,"Navarra, Comunidad Foral de",200910,Otras,0
11640,"Navarra, Comunidad Foral de",200909,Otras,0
11641,"Navarra, Comunidad Foral de",200908,Otras,0
11642,"Navarra, Comunidad Foral de",200907,Otras,0
11643,"Navarra, Comunidad Foral de",200906,Otras,0
11644,"Navarra, Comunidad Foral de",200905,Otras,0
11645,"Navarra, Comunidad Foral de",200904,Otras,0
11646,"Navarra, Comunidad Foral de",200903,Otras,0
11647,"Navarra, Comunidad Foral de",200902,Otras,0
11648,"Navarra, Comunidad Foral de",200901,Otras,0
11649,"Navarra, Comunidad Foral de",200812,Otras,0
11650,"Navarra, Comunidad Foral de",200811,Otras,0
11651,"Navarra, Comunidad Foral de",200810,Otras,0
11652,"Navarra, Comunidad Foral de",200809,Otras,0
11653,"Navarra, Comunidad Foral de",200808,Otras,0
11654,"Navarra, Comunidad Foral de",200807,Otras,0
11655,"Navarra, Comunidad Foral de",200806,Otras,0
11656,"Navarra, Comunidad Foral de",200805,Otras,0
11657,"Navarra, Comunidad Foral de",200804,Otras,0
11658,"Navarra, Comunidad Foral de",200803,Otras,0
11659,"Navarra, Comunidad Foral de",200802,Otras,0
11660,"Navarra, Comunidad Foral de",200801,Otras,0
11661,País Vasco,202604,Otras,14
11662,País Vasco,202603,Otras,16
11663,País Vasco,202602,Otras,10
11664,País Vasco,202601,Otras,15
11665,País Vasco,202512,Otras,10
11666,País Vasco,202511,Otras,17
11667,País Vasco,202510,Otras,18
11668,País Vasco,202509,Otras,13
11669,País Vasco,202508,Otras,9
11670,País Vasco,202507,Otras,24
11671,País Vasco,202506,Otras,12
11672,País Vasco,202505,Otras,16
11673,País Vasco,202504,Otras,25
11674,País Vasco,202503,Otras,13
11675,País Vasco,202502,Otras,23
11676,País Vasco,202501,Otras,15
11677,País Vasco,202412,Otras,19
11678,País Vasco,202411,Otras,13
11679,País Vasco,202410,Otras,16
11680,País Vasco,202409,Otras,9
11681,País Vasco,202408,Otras,7
11682,País Vasco,202407,Otras,20
11683,País Vasco,202406,Otras,16
11684,País Vasco,202405,Otras,9
11685,País Vasco,202404,Otras,15
11686,País Vasco,202403,Otras,11
11687,País Vasco,202402,Otras,17
11688,País Vasco,202401,Otras,18
11689,País Vasco,202312,Otras,11
11690,País Vasco,202311,Otras,13
11691,País Vasco,202310,Otras,11
11692,País Vasco,202309,Otras,9
11693,País Vasco,202308,Otras,6
11694,País Vasco,202307,Otras,24
11695,País Vasco,202306,Otras,13
11696,País Vasco,202305,Otras,19
11697,País Vasco,202304,Otras,6
11698,País Vasco,202303,Otras,9
11699,País Vasco,202302,Otras,17
11700,País Vasco,202301,Otras,12
11701,País Vasco,202212,Otras,10
11702,País Vasco,202211,Otras,15
11703,País Vasco,202210,Otras,12
11704,País Vasco,202209,Otras,15
11705,País Vasco,202208,Otras,6
11706,País Vasco,202207,Otras,7
11707,País Vasco,202206,Otras,11
11708,País Vasco,202205,Otras,16
11709,País Vasco,202204,Otras,16
11710,País Vasco,202203,Otras,13
11711,País Vasco,202202,Otras,12
11712,País Vasco,202201,Otras,16
11713,País Vasco,202112,Otras,11
11714,País Vasco,202111,Otras,3
11715,País Vasco,202110,Otras,9
11716,País Vasco,202109,Otras,6
11717,País Vasco,202108,Otras,4
11718,País Vasco,202107,Otras,14
11719,País Vasco,202106,Otras,14
11720,País Vasco,202105,Otras,11
11721,País Vasco,202104,Otras,13
11722,País Vasco,202103,Otras,28
11723,País Vasco,202102,Otras,11
11724,País Vasco,202101,Otras,11
11725,País Vasco,202012,Otras,12
11726,País Vasco,202011,Otras,12
11727,País Vasco,202010,Otras,13
11728,País Vasco,202009,Otras,9
11729,País Vasco,202008,Otras,12
11730,País Vasco,202007,Otras,11
11731,País Vasco,202006,Otras,9
11732,País Vasco,202005,Otras,3
11733,País Vasco,202004,Otras,1
11734,País Vasco,202003,Otras,11
11735,País Vasco,202002,Otras,15
11736,País Vasco,202001,Otras,16
11737,País Vasco,201912,Otras,21
11738,País Vasco,201911,Otras,11
11739,País Vasco,201910,Otras,8
11740,País Vasco,201909,Otras,11
11741,País Vasco,201908,Otras,4
11742,País Vasco,201907,Otras,11
11743,País Vasco,201906,Otras,9
11744,País Vasco,201905,Otras,11
11745,País Vasco,201904,Otras,15
11746,País Vasco,201903,Otras,10
11747,País Vasco,201902,Otras,13
11748,País Vasco,201901,Otras,15
11749,País Vasco,201812,Otras,16
11750,País Vasco,201811,Otras,21
11751,País Vasco,201810,Otras,11
11752,País Vasco,201809,Otras,10
11753,País Vasco,201808,Otras,6
11754,País Vasco,201807,Otras,19
11755,País Vasco,201806,Otras,12
11756,País Vasco,201805,Otras,14
11757,País Vasco,201804,Otras,9
11758,País Vasco,201803,Otras,7
11759,País Vasco,201802,Otras,24
11760,País Vasco,201801,Otras,13
11761,País Vasco,201712,Otras,17
11762,País Vasco,201711,Otras,11
11763,País Vasco,201710,Otras,21
11764,País Vasco,201709,Otras,15
11765,País Vasco,201708,Otras,5
11766,País Vasco,201707,Otras,9
11767,País Vasco,201706,Otras,14
11768,País Vasco,201705,Otras,17
11769,País Vasco,201704,Otras,13
11770,País Vasco,201703,Otras,19
11771,País Vasco,201702,Otras,15
11772,País Vasco,201701,Otras,18
11773,País Vasco,201612,Otras,23
11774,País Vasco,201611,Otras,20
11775,País Vasco,201610,Otras,14
11776,País Vasco,201609,Otras,24
11777,País Vasco,201608,Otras,9
11778,País Vasco,201607,Otras,13
11779,País Vasco,201606,Otras,17
11780,País Vasco,201605,Otras,20
11781,País Vasco,201604,Otras,17
11782,País Vasco,201603,Otras,29
11783,País Vasco,201602,Otras,21
11784,País Vasco,201601,Otras,18
11785,País Vasco,201512,Otras,31
11786,País Vasco,201511,Otras,27
11787,País Vasco,201510,Otras,21
11788,País Vasco,201509,Otras,18
11789,País Vasco,201508,Otras,16
11790,País Vasco,201507,Otras,20
11791,País Vasco,201506,Otras,18
11792,País Vasco,201505,Otras,33
11793,País Vasco,201504,Otras,18
11794,País Vasco,201503,Otras,21
11795,País Vasco,201502,Otras,34
11796,País Vasco,201501,Otras,18
11797,País Vasco,201412,Otras,24
11798,País Vasco,201411,Otras,31
11799,País Vasco,201410,Otras,41
11800,País Vasco,201409,Otras,16
11801,País Vasco,201408,Otras,18
11802,País Vasco,201407,Otras,21
11803,País Vasco,201406,Otras,24
11804,País Vasco,201405,Otras,37
11805,País Vasco,201404,Otras,20
11806,País Vasco,201403,Otras,48
11807,País Vasco,201402,Otras,38
11808,País Vasco,201401,Otras,31
11809,País Vasco,201312,Otras,32
11810,País Vasco,201311,Otras,33
11811,País Vasco,201310,Otras,41
11812,País Vasco,201309,Otras,24
11813,País Vasco,201308,Otras,8
11814,País Vasco,201307,Otras,39
11815,País Vasco,201306,Otras,29
11816,País Vasco,201305,Otras,42
11817,País Vasco,201304,Otras,35
11818,País Vasco,201303,Otras,43
11819,País Vasco,201302,Otras,60
11820,País Vasco,201301,Otras,25
11821,País Vasco,201212,Otras,34
11822,País Vasco,201211,Otras,37
11823,País Vasco,201210,Otras,40
11824,País Vasco,201209,Otras,27
11825,País Vasco,201208,Otras,14
11826,País Vasco,201207,Otras,45
11827,País Vasco,201206,Otras,50
11828,País Vasco,201205,Otras,44
11829,País Vasco,201204,Otras,34
11830,País Vasco,201203,Otras,52
11831,País Vasco,201202,Otras,30
11832,País Vasco,201201,Otras,21
11833,País Vasco,201112,Otras,15
11834,País Vasco,201111,Otras,16
11835,País Vasco,201110,Otras,9
11836,País Vasco,201109,Otras,20
11837,País Vasco,201108,Otras,15
11838,País Vasco,201107,Otras,21
11839,País Vasco,201106,Otras,22
11840,País Vasco,201105,Otras,28
11841,País Vasco,201104,Otras,9
11842,País Vasco,201103,Otras,24
11843,País Vasco,201102,Otras,25
11844,País Vasco,201101,Otras,32
11845,País Vasco,201012,Otras,21
11846,País Vasco,201011,Otras,15
11847,País Vasco,201010,Otras,23
11848,País Vasco,201009,Otras,10
11849,País Vasco,201008,Otras,6
11850,País Vasco,201007,Otras,13
11851,País Vasco,201006,Otras,16
11852,País Vasco,201005,Otras,29
11853,País Vasco,201004,Otras,25
11854,País Vasco,201003,Otras,11
11855,País Vasco,201002,Otras,19
11856,País Vasco,201001,Otras,21
11857,País Vasco,200912,Otras,22
11858,País Vasco,200911,Otras,12
11859,País Vasco,200910,Otras,24
11860,País Vasco,200909,Otras,12
11861,País Vasco,200908,Otras,10
11862,País Vasco,200907,Otras,14
11863,País Vasco,200906,Otras,6
11864,País Vasco,200905,Otras,8
11865,País Vasco,200904,Otras,12
11866,País Vasco,200903,Otras,13
11867,País Vasco,200902,Otras,11
11868,País Vasco,200901,Otras,3
11869,País Vasco,200812,Otras,5
11870,País Vasco,200811,Otras,9
11871,País Vasco,200810,Otras,7
11872,País Vasco,200809,Otras,9
11873,País Vasco,200808,Otras,1
11874,País Vasco,200807,Otras,4
11875,País Vasco,200806,Otras,9
11876,País Vasco,200805,Otras,5
11877,País Vasco,200804,Otras,10
11878,País Vasco,200803,Otras,19
11879,País Vasco,200802,Otras,9
11880,País Vasco,200801,Otras,7
11881,"Rioja, La",202604,Otras,6
11882,"Rioja, La",202603,Otras,1
11883,"Rioja, La",202602,Otras,0
11884,"Rioja, La",202601,Otras,1
11885,"Rioja, La",202512,Otras,0
11886,"Rioja, La",202511,Otras,1
11887,"Rioja, La",202510,Otras,4
11888,"Rioja, La",202509,Otras,2
11889,"Rioja, La",202508,Otras,0
11890,"Rioja, La",202507,Otras,3
11891,"Rioja, La",202506,Otras,0
11892,"Rioja, La",202505,Otras,0
11893,"Rioja, La",202504,Otras,3
11894,"Rioja, La",202503,Otras,1
11895,"Rioja, La",202502,Otras,2
11896,"Rioja, La",202501,Otras,2
11897,"Rioja, La",202412,Otras,1
11898,"Rioja, La",202411,Otras,0
11899,"Rioja, La",202410,Otras,6
11900,"Rioja, La",202409,Otras,1
11901,"Rioja, La",202408,Otras,1
11902,"Rioja, La",202407,Otras,1
11903,"Rioja, La",202406,Otras,0
11904,"Rioja, La",202405,Otras,0
11905,"Rioja, La",202404,Otras,1
11906,"Rioja, La",202403,Otras,0
11907,"Rioja, La",202402,Otras,1
11908,"Rioja, La",202401,Otras,1
11909,"Rioja, La",202312,Otras,2
11910,"Rioja, La",202311,Otras,2
11911,"Rioja, La",202310,Otras,2
11912,"Rioja, La",202309,Otras,1
11913,"Rioja, La",202308,Otras,0
11914,"Rioja, La",202307,Otras,6
11915,"Rioja, La",202306,Otras,5
11916,"Rioja, La",202305,Otras,3
11917,"Rioja, La",202304,Otras,0
11918,"Rioja, La",202303,Otras,0
11919,"Rioja, La",202302,Otras,1
11920,"Rioja, La",202301,Otras,3
11921,"Rioja, La",202212,Otras,1
11922,"Rioja, La",202211,Otras,1
11923,"Rioja, La",202210,Otras,0
11924,"Rioja, La",202209,Otras,0
11925,"Rioja, La",202208,Otras,0
11926,"Rioja, La",202207,Otras,0
11927,"Rioja, La",202206,Otras,3
11928,"Rioja, La",202205,Otras,4
11929,"Rioja, La",202204,Otras,1
11930,"Rioja, La",202203,Otras,0
11931,"Rioja, La",202202,Otras,0
11932,"Rioja, La",202201,Otras,0
11933,"Rioja, La",202112,Otras,0
11934,"Rioja, La",202111,Otras,0
11935,"Rioja, La",202110,Otras,0
11936,"Rioja, La",202109,Otras,0
11937,"Rioja, La",202108,Otras,0
11938,"Rioja, La",202107,Otras,0
11939,"Rioja, La",202106,Otras,0
11940,"Rioja, La",202105,Otras,0
11941,"Rioja, La",202104,Otras,0
11942,"Rioja, La",202103,Otras,0
11943,"Rioja, La",202102,Otras,2
11944,"Rioja, La",202101,Otras,2
11945,"Rioja, La",202012,Otras,2
11946,"Rioja, La",202011,Otras,4
11947,"Rioja, La",202010,Otras,1
11948,"Rioja, La",202009,Otras,0
11949,"Rioja, La",202008,Otras,1
11950,"Rioja, La",202007,Otras,0
11951,"Rioja, La",202006,Otras,0
11952,"Rioja, La",202005,Otras,0
11953,"Rioja, La",202004,Otras,0
11954,"Rioja, La",202003,Otras,2
11955,"Rioja, La",202002,Otras,2
11956,"Rioja, La",202001,Otras,0
11957,"Rioja, La",201912,Otras,0
11958,"Rioja, La",201911,Otras,2
11959,"Rioja, La",201910,Otras,2
11960,"Rioja, La",201909,Otras,0
11961,"Rioja, La",201908,Otras,0
11962,"Rioja, La",201907,Otras,0
11963,"Rioja, La",201906,Otras,0
11964,"Rioja, La",201905,Otras,1
11965,"Rioja, La",201904,Otras,1
11966,"Rioja, La",201903,Otras,0
11967,"Rioja, La",201902,Otras,0
11968,"Rioja, La",201901,Otras,0
11969,"Rioja, La",201812,Otras,1
11970,"Rioja, La",201811,Otras,0
11971,"Rioja, La",201810,Otras,1
11972,"Rioja, La",201809,Otras,1
11973,"Rioja, La",201808,Otras,0
11974,"Rioja, La",201807,Otras,1
11975,"Rioja, La",201806,Otras,2
11976,"Rioja, La",201805,Otras,2
11977,"Rioja, La",201804,Otras,0
11978,"Rioja, La",201803,Otras,0
11979,"Rioja, La",201802,Otras,1
11980,"Rioja, La",201801,Otras,0
11981,"Rioja, La",201712,Otras,0
11982,"Rioja, La",201711,Otras,1
11983,"Rioja, La",201710,Otras,2
11984,"Rioja, La",201709,Otras,0
11985,"Rioja, La",201708,Otras,0
11986,"Rioja, La",201707,Otras,1
11987,"Rioja, La",201706,Otras,2
11988,"Rioja, La",201705,Otras,2
11989,"Rioja, La",201704,Otras,0
11990,"Rioja, La",201703,Otras,0
11991,"Rioja, La",201702,Otras,2
11992,"Rioja, La",201701,Otras,0
11993,"Rioja, La",201612,Otras,0
11994,"Rioja, La",201611,Otras,0
11995,"Rioja, La",201610,Otras,2
11996,"Rioja, La",201609,Otras,0
11997,"Rioja, La",201608,Otras,1
11998,"Rioja, La",201607,Otras,0
11999,"Rioja, La",201606,Otras,0
12000,"Rioja, La",201605,Otras,1
12001,"Rioja, La",201604,Otras,2
12002,"Rioja, La",201603,Otras,1
12003,"Rioja, La",201602,Otras,2
12004,"Rioja, La",201601,Otras,1
12005,"Rioja, La",201512,Otras,2
12006,"Rioja, La",201511,Otras,1
12007,"Rioja, La",201510,Otras,5
12008,"Rioja, La",201509,Otras,1
12009,"Rioja, La",201508,Otras,4
12010,"Rioja, La",201507,Otras,4
12011,"Rioja, La",201506,Otras,5
12012,"Rioja, La",201505,Otras,3
12013,"Rioja, La",201504,Otras,0
12014,"Rioja, La",201503,Otras,12
12015,"Rioja, La",201502,Otras,3
12016,"Rioja, La",201501,Otras,4
12017,"Rioja, La",201412,Otras,3
12018,"Rioja, La",201411,Otras,3
12019,"Rioja, La",201410,Otras,2
12020,"Rioja, La",201409,Otras,2
12021,"Rioja, La",201408,Otras,1
12022,"Rioja, La",201407,Otras,3
12023,"Rioja, La",201406,Otras,3
12024,"Rioja, La",201405,Otras,11
12025,"Rioja, La",201404,Otras,7
12026,"Rioja, La",201403,Otras,10
12027,"Rioja, La",201402,Otras,5
12028,"Rioja, La",201401,Otras,7
12029,"Rioja, La",201312,Otras,4
12030,"Rioja, La",201311,Otras,4
12031,"Rioja, La",201310,Otras,1
12032,"Rioja, La",201309,Otras,2
12033,"Rioja, La",201308,Otras,5
12034,"Rioja, La",201307,Otras,10
12035,"Rioja, La",201306,Otras,4
12036,"Rioja, La",201305,Otras,14
12037,"Rioja, La",201304,Otras,3
12038,"Rioja, La",201303,Otras,13
12039,"Rioja, La",201302,Otras,2
12040,"Rioja, La",201301,Otras,1
12041,"Rioja, La",201212,Otras,0
12042,"Rioja, La",201211,Otras,2
12043,"Rioja, La",201210,Otras,1
12044,"Rioja, La",201209,Otras,0
12045,"Rioja, La",201208,Otras,0
12046,"Rioja, La",201207,Otras,2
12047,"Rioja, La",201206,Otras,1
12048,"Rioja, La",201205,Otras,0
12049,"Rioja, La",201204,Otras,0
12050,"Rioja, La",201203,Otras,0
12051,"Rioja, La",201202,Otras,0
12052,"Rioja, La",201201,Otras,1
12053,"Rioja, La",201112,Otras,1
12054,"Rioja, La",201111,Otras,1
12055,"Rioja, La",201110,Otras,1
12056,"Rioja, La",201109,Otras,0
12057,"Rioja, La",201108,Otras,0
12058,"Rioja, La",201107,Otras,3
12059,"Rioja, La",201106,Otras,1
12060,"Rioja, La",201105,Otras,3
12061,"Rioja, La",201104,Otras,1
12062,"Rioja, La",201103,Otras,1
12063,"Rioja, La",201102,Otras,0
12064,"Rioja, La",201101,Otras,0
12065,"Rioja, La",201012,Otras,0
12066,"Rioja, La",201011,Otras,0
12067,"Rioja, La",201010,Otras,0
12068,"Rioja, La",201009,Otras,0
12069,"Rioja, La",201008,Otras,0
12070,"Rioja, La",201007,Otras,0
12071,"Rioja, La",201006,Otras,0
12072,"Rioja, La",201005,Otras,0
12073,"Rioja, La",201004,Otras,0
12074,"Rioja, La",201003,Otras,0
12075,"Rioja, La",201002,Otras,0
12076,"Rioja, La",201001,Otras,0
12077,"Rioja, La",200912,Otras,0
12078,"Rioja, La",200911,Otras,0
12079,"Rioja, La",200910,Otras,0
12080,"Rioja, La",200909,Otras,0
12081,"Rioja, La",200908,Otras,0
12082,"Rioja, La",200907,Otras,2
12083,"Rioja, La",200906,Otras,0
12084,"Rioja, La",200905,Otras,0
12085,"Rioja, La",200904,Otras,0
12086,"Rioja, La",200903,Otras,0
12087,"Rioja, La",200902,Otras,0
12088,"Rioja, La",200901,Otras,0
12089,"Rioja, La",200812,Otras,0
12090,"Rioja, La",200811,Otras,1
12091,"Rioja, La",200810,Otras,0
12092,"Rioja, La",200809,Otras,1
12093,"Rioja, La",200808,Otras,0
12094,"Rioja, La",200807,Otras,1
12095,"Rioja, La",200806,Otras,1
12096,"Rioja, La",200805,Otras,0
12097,"Rioja, La",200804,Otras,0
12098,"Rioja, La",200803,Otras,0
12099,"Rioja, La",200802,Otras,0
12100,"Rioja, La",200801,Otras,0
12101,Ceuta,202604,Otras,0
12102,Ceuta,202603,Otras,0
12103,Ceuta,202602,Otras,0
12104,Ceuta,202601,Otras,0
12105,Ceuta,202512,Otras,0
12106,Ceuta,202511,Otras,0
12107,Ceuta,202510,Otras,1
12108,Ceuta,202509,Otras,0
12109,Ceuta,202508,Otras,0
12110,Ceuta,202507,Otras,0
12111,Ceuta,202506,Otras,0
12112,Ceuta,202505,Otras,0
12113,Ceuta,202504,Otras,0
12114,Ceuta,202503,Otras,0
12115,Ceuta,202502,Otras,0
12116,Ceuta,202501,Otras,0
12117,Ceuta,202412,Otras,0
12118,Ceuta,202411,Otras,0
12119,Ceuta,202410,Otras,0
12120,Ceuta,202409,Otras,0
12121,Ceuta,202408,Otras,0
12122,Ceuta,202407,Otras,0
12123,Ceuta,202406,Otras,0
12124,Ceuta,202405,Otras,0
12125,Ceuta,202404,Otras,0
12126,Ceuta,202403,Otras,0
12127,Ceuta,202402,Otras,0
12128,Ceuta,202401,Otras,1
12129,Ceuta,202312,Otras,0
12130,Ceuta,202311,Otras,0
12131,Ceuta,202310,Otras,0
12132,Ceuta,202309,Otras,0
12133,Ceuta,202308,Otras,0
12134,Ceuta,202307,Otras,0
12135,Ceuta,202306,Otras,0
12136,Ceuta,202305,Otras,0
12137,Ceuta,202304,Otras,0
12138,Ceuta,202303,Otras,0
12139,Ceuta,202302,Otras,1
12140,Ceuta,202301,Otras,0
12141,Ceuta,202212,Otras,0
12142,Ceuta,202211,Otras,0
12143,Ceuta,202210,Otras,0
12144,Ceuta,202209,Otras,0
12145,Ceuta,202208,Otras,0
12146,Ceuta,202207,Otras,0
12147,Ceuta,202206,Otras,0
12148,Ceuta,202205,Otras,1
12149,Ceuta,202204,Otras,0
12150,Ceuta,202203,Otras,0
12151,Ceuta,202202,Otras,0
12152,Ceuta,202201,Otras,0
12153,Ceuta,202112,Otras,0
12154,Ceuta,202111,Otras,0
12155,Ceuta,202110,Otras,0
12156,Ceuta,202109,Otras,0
12157,Ceuta,202108,Otras,0
12158,Ceuta,202107,Otras,0
12159,Ceuta,202106,Otras,0
12160,Ceuta,202105,Otras,0
12161,Ceuta,202104,Otras,0
12162,Ceuta,202103,Otras,2
12163,Ceuta,202102,Otras,0
12164,Ceuta,202101,Otras,0
12165,Ceuta,202012,Otras,0
12166,Ceuta,202011,Otras,1
12167,Ceuta,202010,Otras,0
12168,Ceuta,202009,Otras,0
12169,Ceuta,202008,Otras,0
12170,Ceuta,202007,Otras,0
12171,Ceuta,202006,Otras,0
12172,Ceuta,202005,Otras,0
12173,Ceuta,202004,Otras,0
12174,Ceuta,202003,Otras,0
12175,Ceuta,202002,Otras,0
12176,Ceuta,202001,Otras,0
12177,Ceuta,201912,Otras,0
12178,Ceuta,201911,Otras,0
12179,Ceuta,201910,Otras,0
12180,Ceuta,201909,Otras,0
12181,Ceuta,201908,Otras,0
12182,Ceuta,201907,Otras,0
12183,Ceuta,201906,Otras,1
12184,Ceuta,201905,Otras,0
12185,Ceuta,201904,Otras,0
12186,Ceuta,201903,Otras,0
12187,Ceuta,201902,Otras,0
12188,Ceuta,201901,Otras,0
12189,Ceuta,201812,Otras,3
12190,Ceuta,201811,Otras,0
12191,Ceuta,201810,Otras,0
12192,Ceuta,201809,Otras,0
12193,Ceuta,201808,Otras,0
12194,Ceuta,201807,Otras,1
12195,Ceuta,201806,Otras,1
12196,Ceuta,201805,Otras,0
12197,Ceuta,201804,Otras,0
12198,Ceuta,201803,Otras,0
12199,Ceuta,201802,Otras,0
12200,Ceuta,201801,Otras,0
12201,Ceuta,201712,Otras,0
12202,Ceuta,201711,Otras,0
12203,Ceuta,201710,Otras,0
12204,Ceuta,201709,Otras,0
12205,Ceuta,201708,Otras,0
12206,Ceuta,201707,Otras,0
12207,Ceuta,201706,Otras,0
12208,Ceuta,201705,Otras,0
12209,Ceuta,201704,Otras,0
12210,Ceuta,201703,Otras,0
12211,Ceuta,201702,Otras,0
12212,Ceuta,201701,Otras,0
12213,Ceuta,201612,Otras,0
12214,Ceuta,201611,Otras,0
12215,Ceuta,201610,Otras,0
12216,Ceuta,201609,Otras,0
12217,Ceuta,201608,Otras,0
12218,Ceuta,201607,Otras,0
12219,Ceuta,201606,Otras,0
12220,Ceuta,201605,Otras,0
12221,Ceuta,201604,Otras,0
12222,Ceuta,201603,Otras,0
12223,Ceuta,201602,Otras,0
12224,Ceuta,201601,Otras,0
12225,Ceuta,201512,Otras,0
12226,Ceuta,201511,Otras,0
12227,Ceuta,201510,Otras,0
12228,Ceuta,201509,Otras,0
12229,Ceuta,201508,Otras,0
12230,Ceuta,201507,Otras,0
12231,Ceuta,201506,Otras,0
12232,Ceuta,201505,Otras,0
12233,Ceuta,201504,Otras,0
12234,Ceuta,201503,Otras,0
12235,Ceuta,201502,Otras,0
12236,Ceuta,201501,Otras,0
12237,Ceuta,201412,Otras,0
12238,Ceuta,201411,Otras,0
12239,Ceuta,201410,Otras,0
12240,Ceuta,201409,Otras,0
12241,Ceuta,201408,Otras,3
12242,Ceuta,201407,Otras,0
12243,Ceuta,201406,Otras,0
12244,Ceuta,201405,Otras,0
12245,Ceuta,201404,Otras,0
12246,Ceuta,201403,Otras,0
12247,Ceuta,201402,Otras,0
12248,Ceuta,201401,Otras,0
12249,Ceuta,201312,Otras,0
12250,Ceuta,201311,Otras,0
12251,Ceuta,201310,Otras,0
12252,Ceuta,201309,Otras,0
12253,Ceuta,201308,Otras,0
12254,Ceuta,201307,Otras,0
12255,Ceuta,201306,Otras,0
12256,Ceuta,201305,Otras,0
12257,Ceuta,201304,Otras,0
12258,Ceuta,201303,Otras,0
12259,Ceuta,201302,Otras,0
12260,Ceuta,201301,Otras,0
12261,Ceuta,201212,Otras,0
12262,Ceuta,201211,Otras,0
12263,Ceuta,201210,Otras,0
12264,Ceuta,201209,Otras,0
12265,Ceuta,201208,Otras,0
12266,Ceuta,201207,Otras,0
12267,Ceuta,201206,Otras,0
12268,Ceuta,201205,Otras,0
12269,Ceuta,201204,Otras,0
12270,Ceuta,201203,Otras,1
12271,Ceuta,201202,Otras,0
12272,Ceuta,201201,Otras,0
12273,Ceuta,201112,Otras,0
12274,Ceuta,201111,Otras,0
12275,Ceuta,201110,Otras,0
12276,Ceuta,201109,Otras,0
12277,Ceuta,201108,Otras,0
12278,Ceuta,201107,Otras,0
12279,Ceuta,201106,Otras,0
12280,Ceuta,201105,Otras,0
12281,Ceuta,201104,Otras,0
12282,Ceuta,201103,Otras,0
12283,Ceuta,201102,Otras,0
12284,Ceuta,201101,Otras,0
12285,Ceuta,201012,Otras,0
12286,Ceuta,201011,Otras,0
12287,Ceuta,201010,Otras,0
12288,Ceuta,201009,Otras,0
12289,Ceuta,201008,Otras,0
12290,Ceuta,201007,Otras,0
12291,Ceuta,201006,Otras,0
12292,Ceuta,201005,Otras,0
12293,Ceuta,201004,Otras,0
12294,Ceuta,201003,Otras,0
12295,Ceuta,201002,Otras,0
12296,Ceuta,201001,Otras,0
12297,Ceuta,200912,Otras,0
12298,Ceuta,200911,Otras,0
12299,Ceuta,200910,Otras,0
12300,Ceuta,200909,Otras,0
12301,Ceuta,200908,Otras,0
12302,Ceuta,200907,Otras,0
12303,Ceuta,200906,Otras,0
12304,Ceuta,200905,Otras,0
12305,Ceuta,200904,Otras,0
12306,Ceuta,200903,Otras,0
12307,Ceuta,200902,Otras,0
12308,Ceuta,200901,Otras,0
12309,Ceuta,200812,Otras,0
12310,Ceuta,200811,Otras,0
12311,Ceuta,200810,Otras,0
12312,Ceuta,200809,Otras,0
12313,Ceuta,200808,Otras,0
12314,Ceuta,200807,Otras,0
12315,Ceuta,200806,Otras,0
12316,Ceuta,200805,Otras,0
12317,Ceuta,200804,Otras,0
12318,Ceuta,200803,Otras,0
12319,Ceuta,200802,Otras,0
12320,Ceuta,200801,Otras,0
12321,Melilla,202604,Otras,0
12322,Melilla,202603,Otras,0
12323,Melilla,202602,Otras,0
12324,Melilla,202601,Otras,0
12325,Melilla,202512,Otras,0
12326,Melilla,202511,Otras,0
12327,Melilla,202510,Otras,0
12328,Melilla,202509,Otras,0
12329,Melilla,202508,Otras,0
12330,Melilla,202507,Otras,0
12331,Melilla,202506,Otras,0
12332,Melilla,202505,Otras,0
12333,Melilla,202504,Otras,0
12334,Melilla,202503,Otras,0
12335,Melilla,202502,Otras,0
12336,Melilla,202501,Otras,0
12337,Melilla,202412,Otras,0
12338,Melilla,202411,Otras,0
12339,Melilla,202410,Otras,0
12340,Melilla,202409,Otras,0
12341,Melilla,202408,Otras,0
12342,Melilla,202407,Otras,0
12343,Melilla,202406,Otras,0
12344,Melilla,202405,Otras,0
12345,Melilla,202404,Otras,0
12346,Melilla,202403,Otras,0
12347,Melilla,202402,Otras,0
12348,Melilla,202401,Otras,0
12349,Melilla,202312,Otras,0
12350,Melilla,202311,Otras,0
12351,Melilla,202310,Otras,0
12352,Melilla,202309,Otras,0
12353,Melilla,202308,Otras,1
12354,Melilla,202307,Otras,0
12355,Melilla,202306,Otras,0
12356,Melilla,202305,Otras,0
12357,Melilla,202304,Otras,0
12358,Melilla,202303,Otras,0
12359,Melilla,202302,Otras,0
12360,Melilla,202301,Otras,0
12361,Melilla,202212,Otras,0
12362,Melilla,202211,Otras,0
12363,Melilla,202210,Otras,0
12364,Melilla,202209,Otras,0
12365,Melilla,202208,Otras,0
12366,Melilla,202207,Otras,0
12367,Melilla,202206,Otras,0
12368,Melilla,202205,Otras,0
12369,Melilla,202204,Otras,0
12370,Melilla,202203,Otras,0
12371,Melilla,202202,Otras,0
12372,Melilla,202201,Otras,0
12373,Melilla,202112,Otras,0
12374,Melilla,202111,Otras,0
12375,Melilla,202110,Otras,0
12376,Melilla,202109,Otras,0
12377,Melilla,202108,Otras,0
12378,Melilla,202107,Otras,0
12379,Melilla,202106,Otras,0
12380,Melilla,202105,Otras,0
12381,Melilla,202104,Otras,0
12382,Melilla,202103,Otras,0
12383,Melilla,202102,Otras,0
12384,Melilla,202101,Otras,0
12385,Melilla,202012,Otras,0
12386,Melilla,202011,Otras,0
12387,Melilla,202010,Otras,0
12388,Melilla,202009,Otras,0
12389,Melilla,202008,Otras,0
12390,Melilla,202007,Otras,0
12391,Melilla,202006,Otras,0
12392,Melilla,202005,Otras,0
12393,Melilla,202004,Otras,1
12394,Melilla,202003,Otras,0
12395,Melilla,202002,Otras,0
12396,Melilla,202001,Otras,0
12397,Melilla,201912,Otras,0
12398,Melilla,201911,Otras,0
12399,Melilla,201910,Otras,2
12400,Melilla,201909,Otras,0
12401,Melilla,201908,Otras,0
12402,Melilla,201907,Otras,1
12403,Melilla,201906,Otras,0
12404,Melilla,201905,Otras,0
12405,Melilla,201904,Otras,0
12406,Melilla,201903,Otras,0
12407,Melilla,201902,Otras,0
12408,Melilla,201901,Otras,0
12409,Melilla,201812,Otras,0
12410,Melilla,201811,Otras,0
12411,Melilla,201810,Otras,0
12412,Melilla,201809,Otras,0
12413,Melilla,201808,Otras,0
12414,Melilla,201807,Otras,0
12415,Melilla,201806,Otras,2
12416,Melilla,201805,Otras,0
12417,Melilla,201804,Otras,0
12418,Melilla,201803,Otras,0
12419,Melilla,201802,Otras,0
12420,Melilla,201801,Otras,0
12421,Melilla,201712,Otras,1
12422,Melilla,201711,Otras,0
12423,Melilla,201710,Otras,0
12424,Melilla,201709,Otras,0
12425,Melilla,201708,Otras,0
12426,Melilla,201707,Otras,1
12427,Melilla,201706,Otras,0
12428,Melilla,201705,Otras,0
12429,Melilla,201704,Otras,0
12430,Melilla,201703,Otras,0
12431,Melilla,201702,Otras,0
12432,Melilla,201701,Otras,0
12433,Melilla,201612,Otras,1
12434,Melilla,201611,Otras,0
12435,Melilla,201610,Otras,0
12436,Melilla,201609,Otras,0
12437,Melilla,201608,Otras,0
12438,Melilla,201607,Otras,0
12439,Melilla,201606,Otras,1
12440,Melilla,201605,Otras,0
12441,Melilla,201604,Otras,0
12442,Melilla,201603,Otras,0
12443,Melilla,201602,Otras,1
12444,Melilla,201601,Otras,0
12445,Melilla,201512,Otras,0
12446,Melilla,201511,Otras,0
12447,Melilla,201510,Otras,0
12448,Melilla,201509,Otras,0
12449,Melilla,201508,Otras,0
12450,Melilla,201507,Otras,0
12451,Melilla,201506,Otras,0
12452,Melilla,201505,Otras,0
12453,Melilla,201504,Otras,0
12454,Melilla,201503,Otras,0
12455,Melilla,201502,Otras,0
12456,Melilla,201501,Otras,0
12457,Melilla,201412,Otras,0
12458,Melilla,201411,Otras,0
12459,Melilla,201410,Otras,0
12460,Melilla,201409,Otras,0
12461,Melilla,201408,Otras,0
12462,Melilla,201407,Otras,0
12463,Melilla,201406,Otras,1
12464,Melilla,201405,Otras,0
12465,Melilla,201404,Otras,0
12466,Melilla,201403,Otras,0
12467,Melilla,201402,Otras,0
12468,Melilla,201401,Otras,0
12469,Melilla,201312,Otras,0
12470,Melilla,201311,Otras,0
12471,Melilla,201310,Otras,0
12472,Melilla,201309,Otras,0
12473,Melilla,201308,Otras,0
12474,Melilla,201307,Otras,0
12475,Melilla,201306,Otras,0
12476,Melilla,201305,Otras,0
12477,Melilla,201304,Otras,0
12478,Melilla,201303,Otras,0
12479,Melilla,201302,Otras,0
12480,Melilla,201301,Otras,0
12481,Melilla,201212,Otras,0
12482,Melilla,201211,Otras,1
12483,Melilla,201210,Otras,0
12484,Melilla,201209,Otras,0
12485,Melilla,201208,Otras,0
12486,Melilla,201207,Otras,0
12487,Melilla,201206,Otras,0
12488,Melilla,201205,Otras,0
12489,Melilla,201204,Otras,0
12490,Melilla,201203,Otras,0
12491,Melilla,201202,Otras,0
12492,Melilla,201201,Otras,0
12493,Melilla,201112,Otras,0
12494,Melilla,201111,Otras,0
12495,Melilla,201110,Otras,0
12496,Melilla,201109,Otras,0
12497,Melilla,201108,Otras,0
12498,Melilla,201107,Otras,0
12499,Melilla,201106,Otras,0
12500,Melilla,201105,Otras,0
12501,Melilla,201104,Otras,0
12502,Melilla,201103,Otras,0
12503,Melilla,201102,Otras,0
12504,Melilla,201101,Otras,0
12505,Melilla,201012,Otras,0
12506,Melilla,201011,Otras,0
12507,Melilla,201010,Otras,0
12508,Melilla,201009,Otras,0
12509,Melilla,201008,Otras,0
12510,Melilla,201007,Otras,0
12511,Melilla,201006,Otras,0
12512,Melilla,201005,Otras,0
12513,Melilla,201004,Otras,0
12514,Melilla,201003,Otras,0
12515,Melilla,201002,Otras,0
12516,Melilla,201001,Otras,0
12517,Melilla,200912,Otras,0
12518,Melilla,200911,Otras,0
12519,Melilla,200910,Otras,0
12520,Melilla,200909,Otras,0
12521,Melilla,200908,Otras,0
12522,Melilla,200907,Otras,0
12523,Melilla,200906,Otras,0
12524,Melilla,200905,Otras,0
12525,Melilla,200904,Otras,0
12526,Melilla,200903,Otras,0
12527,Melilla,200902,Otras,0
12528,Melilla,200901,Otras,0
12529,Melilla,200812,Otras,0
12530,Melilla,200811,Otras,0
12531,Melilla,200810,Otras,0
12532,Melilla,200809,Otras,0
12533,Melilla,200808,Otras,0
12534,Melilla,200807,Otras,0
12535,Melilla,200806,Otras,0
12536,Melilla,200805,Otras,0
12537,Melilla,200804,Otras,0
12538,Melilla,200803,Otras,0
12539,Melilla,200802,Otras,0
12540,Melilla,200801,Otras,0
