id_dis,territorio,id_tiempo,razon,numero_sociedades
1,andalucia,202604,voluntaria,300
2,andalucia,202603,voluntaria,395
3,andalucia,202602,voluntaria,442
4,andalucia,202601,voluntaria,668
5,andalucia,202512,voluntaria,507
6,andalucia,202511,voluntaria,423
7,andalucia,202510,voluntaria,299
8,andalucia,202509,voluntaria,241
9,andalucia,202508,voluntaria,190
10,andalucia,202507,voluntaria,234
11,andalucia,202506,voluntaria,217
12,andalucia,202505,voluntaria,288
13,andalucia,202504,voluntaria,250
14,andalucia,202503,voluntaria,319
15,andalucia,202502,voluntaria,357
16,andalucia,202501,voluntaria,609
17,andalucia,202412,voluntaria,493
18,andalucia,202411,voluntaria,366
19,andalucia,202410,voluntaria,305
20,andalucia,202409,voluntaria,235
21,andalucia,202408,voluntaria,171
22,andalucia,202407,voluntaria,242
23,andalucia,202406,voluntaria,207
24,andalucia,202405,voluntaria,218
25,andalucia,202404,voluntaria,284
26,andalucia,202403,voluntaria,301
27,andalucia,202402,voluntaria,374
28,andalucia,202401,voluntaria,568
29,andalucia,202312,voluntaria,386
30,andalucia,202311,voluntaria,304
31,andalucia,202310,voluntaria,224
32,andalucia,202309,voluntaria,195
33,andalucia,202308,voluntaria,163
34,andalucia,202307,voluntaria,217
35,andalucia,202306,voluntaria,227
36,andalucia,202305,voluntaria,241
37,andalucia,202304,voluntaria,197
38,andalucia,202303,voluntaria,374
39,andalucia,202302,voluntaria,296
40,andalucia,202301,voluntaria,478
41,andalucia,202212,voluntaria,440
42,andalucia,202211,voluntaria,338
43,andalucia,202210,voluntaria,191
44,andalucia,202209,voluntaria,205
45,andalucia,202208,voluntaria,169
46,andalucia,202207,voluntaria,184
47,andalucia,202206,voluntaria,219
48,andalucia,202205,voluntaria,234
49,andalucia,202204,voluntaria,195
50,andalucia,202203,voluntaria,319
51,andalucia,202202,voluntaria,371
52,andalucia,202201,voluntaria,497
53,andalucia,202112,voluntaria,401
54,andalucia,202111,voluntaria,268
55,andalucia,202110,voluntaria,209
56,andalucia,202109,voluntaria,143
57,andalucia,202108,voluntaria,176
58,andalucia,202107,voluntaria,181
59,andalucia,202106,voluntaria,220
60,andalucia,202105,voluntaria,222
61,andalucia,202104,voluntaria,233
62,andalucia,202103,voluntaria,281
63,andalucia,202102,voluntaria,289
64,andalucia,202101,voluntaria,357
65,andalucia,202012,voluntaria,328
66,andalucia,202011,voluntaria,247
67,andalucia,202010,voluntaria,206
68,andalucia,202009,voluntaria,177
69,andalucia,202008,voluntaria,125
70,andalucia,202007,voluntaria,139
71,andalucia,202006,voluntaria,135
72,andalucia,202005,voluntaria,54
73,andalucia,202004,voluntaria,61
74,andalucia,202003,voluntaria,211
75,andalucia,202002,voluntaria,334
76,andalucia,202001,voluntaria,411
77,andalucia,201912,voluntaria,307
78,andalucia,201911,voluntaria,225
79,andalucia,201910,voluntaria,215
80,andalucia,201909,voluntaria,152
81,andalucia,201908,voluntaria,135
82,andalucia,201907,voluntaria,159
83,andalucia,201906,voluntaria,175
84,andalucia,201905,voluntaria,182
85,andalucia,201904,voluntaria,195
86,andalucia,201903,voluntaria,260
87,andalucia,201902,voluntaria,306
88,andalucia,201901,voluntaria,449
89,andalucia,201812,voluntaria,322
90,andalucia,201811,voluntaria,231
91,andalucia,201810,voluntaria,207
92,andalucia,201809,voluntaria,141
93,andalucia,201808,voluntaria,138
94,andalucia,201807,voluntaria,135
95,andalucia,201806,voluntaria,153
96,andalucia,201805,voluntaria,167
97,andalucia,201804,voluntaria,199
98,andalucia,201803,voluntaria,218
99,andalucia,201802,voluntaria,273
100,andalucia,201801,voluntaria,433
101,andalucia,201712,voluntaria,325
102,andalucia,201711,voluntaria,245
103,andalucia,201710,voluntaria,154
104,andalucia,201709,voluntaria,132
105,andalucia,201708,voluntaria,158
106,andalucia,201707,voluntaria,147
107,andalucia,201706,voluntaria,187
108,andalucia,201705,voluntaria,190
109,andalucia,201704,voluntaria,151
110,andalucia,201703,voluntaria,295
111,andalucia,201702,voluntaria,309
112,andalucia,201701,voluntaria,398
113,andalucia,201612,voluntaria,287
114,andalucia,201611,voluntaria,207
115,andalucia,201610,voluntaria,156
116,andalucia,201609,voluntaria,131
117,andalucia,201608,voluntaria,128
118,andalucia,201607,voluntaria,188
119,andalucia,201606,voluntaria,231
120,andalucia,201605,voluntaria,152
121,andalucia,201604,voluntaria,176
122,andalucia,201603,voluntaria,214
123,andalucia,201602,voluntaria,244
124,andalucia,201601,voluntaria,342
125,andalucia,201512,voluntaria,253
126,andalucia,201511,voluntaria,203
127,andalucia,201510,voluntaria,127
128,andalucia,201509,voluntaria,141
129,andalucia,201508,voluntaria,141
130,andalucia,201507,voluntaria,134
131,andalucia,201506,voluntaria,133
132,andalucia,201505,voluntaria,164
133,andalucia,201504,voluntaria,158
134,andalucia,201503,voluntaria,201
135,andalucia,201502,voluntaria,215
136,andalucia,201501,voluntaria,365
137,andalucia,201412,voluntaria,224
138,andalucia,201411,voluntaria,194
139,andalucia,201410,voluntaria,183
140,andalucia,201409,voluntaria,160
141,andalucia,201408,voluntaria,135
142,andalucia,201407,voluntaria,156
143,andalucia,201406,voluntaria,126
144,andalucia,201405,voluntaria,158
145,andalucia,201404,voluntaria,177
146,andalucia,201403,voluntaria,203
147,andalucia,201402,voluntaria,226
148,andalucia,201401,voluntaria,345
149,andalucia,201312,voluntaria,265
150,andalucia,201311,voluntaria,199
151,andalucia,201310,voluntaria,229
152,andalucia,201309,voluntaria,174
153,andalucia,201308,voluntaria,146
154,andalucia,201307,voluntaria,187
155,andalucia,201306,voluntaria,153
156,andalucia,201305,voluntaria,234
157,andalucia,201304,voluntaria,237
158,andalucia,201303,voluntaria,214
159,andalucia,201302,voluntaria,272
160,andalucia,201301,voluntaria,443
161,andalucia,201212,voluntaria,285
162,andalucia,201211,voluntaria,212
163,andalucia,201210,voluntaria,193
164,andalucia,201209,voluntaria,145
165,andalucia,201208,voluntaria,167
166,andalucia,201207,voluntaria,154
167,andalucia,201206,voluntaria,169
168,andalucia,201205,voluntaria,181
169,andalucia,201204,voluntaria,176
170,andalucia,201203,voluntaria,252
171,andalucia,201202,voluntaria,311
172,andalucia,201201,voluntaria,419
173,andalucia,201112,voluntaria,302
174,andalucia,201111,voluntaria,179
175,andalucia,201110,voluntaria,186
176,andalucia,201109,voluntaria,167
177,andalucia,201108,voluntaria,131
178,andalucia,201107,voluntaria,127
179,andalucia,201106,voluntaria,171
180,andalucia,201105,voluntaria,201
181,andalucia,201104,voluntaria,149
182,andalucia,201103,voluntaria,244
183,andalucia,201102,voluntaria,220
184,andalucia,201101,voluntaria,332
185,andalucia,201012,voluntaria,273
186,andalucia,201011,voluntaria,196
187,andalucia,201010,voluntaria,144
188,andalucia,201009,voluntaria,154
189,andalucia,201008,voluntaria,121
190,andalucia,201007,voluntaria,166
191,andalucia,201006,voluntaria,155
192,andalucia,201005,voluntaria,302
193,andalucia,201004,voluntaria,149
194,andalucia,201003,voluntaria,219
195,andalucia,201002,voluntaria,232
196,andalucia,201001,voluntaria,319
197,andalucia,200912,voluntaria,271
198,andalucia,200911,voluntaria,172
199,andalucia,200910,voluntaria,148
200,andalucia,200909,voluntaria,137
201,andalucia,200908,voluntaria,112
202,andalucia,200907,voluntaria,111
203,andalucia,200906,voluntaria,199
204,andalucia,200905,voluntaria,146
205,andalucia,200904,voluntaria,159
206,andalucia,200903,voluntaria,314
207,andalucia,200902,voluntaria,382
208,andalucia,200901,voluntaria,336
209,andalucia,200812,voluntaria,244
210,andalucia,200811,voluntaria,230
211,andalucia,200810,voluntaria,169
212,andalucia,200809,voluntaria,186
213,andalucia,200808,voluntaria,105
214,andalucia,200807,voluntaria,117
215,andalucia,200806,voluntaria,126
216,andalucia,200805,voluntaria,144
217,andalucia,200804,voluntaria,180
218,andalucia,200803,voluntaria,178
219,andalucia,200802,voluntaria,259
220,andalucia,200801,voluntaria,346
221,aragon,202604,voluntaria,53
222,aragon,202603,voluntaria,58
223,aragon,202602,voluntaria,75
224,aragon,202601,voluntaria,110
225,aragon,202512,voluntaria,144
226,aragon,202511,voluntaria,77
227,aragon,202510,voluntaria,58
228,aragon,202509,voluntaria,26
229,aragon,202508,voluntaria,33
230,aragon,202507,voluntaria,26
231,aragon,202506,voluntaria,38
232,aragon,202505,voluntaria,51
233,aragon,202504,voluntaria,44
234,aragon,202503,voluntaria,51
235,aragon,202502,voluntaria,66
236,aragon,202501,voluntaria,115
237,aragon,202412,voluntaria,142
238,aragon,202411,voluntaria,63
239,aragon,202410,voluntaria,46
240,aragon,202409,voluntaria,38
241,aragon,202408,voluntaria,36
242,aragon,202407,voluntaria,23
243,aragon,202406,voluntaria,38
244,aragon,202405,voluntaria,35
245,aragon,202404,voluntaria,38
246,aragon,202403,voluntaria,48
247,aragon,202402,voluntaria,59
248,aragon,202401,voluntaria,142
249,aragon,202312,voluntaria,127
250,aragon,202311,voluntaria,69
251,aragon,202310,voluntaria,40
252,aragon,202309,voluntaria,25
253,aragon,202308,voluntaria,37
254,aragon,202307,voluntaria,26
255,aragon,202306,voluntaria,43
256,aragon,202305,voluntaria,38
257,aragon,202304,voluntaria,32
258,aragon,202303,voluntaria,71
259,aragon,202302,voluntaria,77
260,aragon,202301,voluntaria,103
261,aragon,202212,voluntaria,107
262,aragon,202211,voluntaria,71
263,aragon,202210,voluntaria,51
264,aragon,202209,voluntaria,31
265,aragon,202208,voluntaria,34
266,aragon,202207,voluntaria,33
267,aragon,202206,voluntaria,40
268,aragon,202205,voluntaria,36
269,aragon,202204,voluntaria,32
270,aragon,202203,voluntaria,52
271,aragon,202202,voluntaria,71
272,aragon,202201,voluntaria,107
273,aragon,202112,voluntaria,102
274,aragon,202111,voluntaria,94
275,aragon,202110,voluntaria,23
276,aragon,202109,voluntaria,31
277,aragon,202108,voluntaria,33
278,aragon,202107,voluntaria,30
279,aragon,202106,voluntaria,32
280,aragon,202105,voluntaria,51
281,aragon,202104,voluntaria,39
282,aragon,202103,voluntaria,48
283,aragon,202102,voluntaria,80
284,aragon,202101,voluntaria,82
285,aragon,202012,voluntaria,103
286,aragon,202011,voluntaria,63
287,aragon,202010,voluntaria,30
288,aragon,202009,voluntaria,37
289,aragon,202008,voluntaria,21
290,aragon,202007,voluntaria,26
291,aragon,202006,voluntaria,34
292,aragon,202005,voluntaria,14
293,aragon,202004,voluntaria,9
294,aragon,202003,voluntaria,33
295,aragon,202002,voluntaria,66
296,aragon,202001,voluntaria,120
297,aragon,201912,voluntaria,128
298,aragon,201911,voluntaria,69
299,aragon,201910,voluntaria,44
300,aragon,201909,voluntaria,27
301,aragon,201908,voluntaria,44
302,aragon,201907,voluntaria,33
303,aragon,201906,voluntaria,28
304,aragon,201905,voluntaria,29
305,aragon,201904,voluntaria,46
306,aragon,201903,voluntaria,49
307,aragon,201902,voluntaria,60
308,aragon,201901,voluntaria,112
309,aragon,201812,voluntaria,131
310,aragon,201811,voluntaria,61
311,aragon,201810,voluntaria,37
312,aragon,201809,voluntaria,19
313,aragon,201808,voluntaria,30
314,aragon,201807,voluntaria,28
315,aragon,201806,voluntaria,35
316,aragon,201805,voluntaria,32
317,aragon,201804,voluntaria,41
318,aragon,201803,voluntaria,34
319,aragon,201802,voluntaria,81
320,aragon,201801,voluntaria,125
321,aragon,201712,voluntaria,82
322,aragon,201711,voluntaria,40
323,aragon,201710,voluntaria,27
324,aragon,201709,voluntaria,22
325,aragon,201708,voluntaria,40
326,aragon,201707,voluntaria,35
327,aragon,201706,voluntaria,32
328,aragon,201705,voluntaria,47
329,aragon,201704,voluntaria,35
330,aragon,201703,voluntaria,55
331,aragon,201702,voluntaria,74
332,aragon,201701,voluntaria,142
333,aragon,201612,voluntaria,84
334,aragon,201611,voluntaria,66
335,aragon,201610,voluntaria,24
336,aragon,201609,voluntaria,32
337,aragon,201608,voluntaria,28
338,aragon,201607,voluntaria,27
339,aragon,201606,voluntaria,35
340,aragon,201605,voluntaria,37
341,aragon,201604,voluntaria,36
342,aragon,201603,voluntaria,46
343,aragon,201602,voluntaria,100
344,aragon,201601,voluntaria,69
345,aragon,201512,voluntaria,80
346,aragon,201511,voluntaria,47
347,aragon,201510,voluntaria,29
348,aragon,201509,voluntaria,28
349,aragon,201508,voluntaria,43
350,aragon,201507,voluntaria,35
351,aragon,201506,voluntaria,33
352,aragon,201505,voluntaria,24
353,aragon,201504,voluntaria,28
354,aragon,201503,voluntaria,34
355,aragon,201502,voluntaria,54
356,aragon,201501,voluntaria,93
357,aragon,201412,voluntaria,53
358,aragon,201411,voluntaria,63
359,aragon,201410,voluntaria,40
360,aragon,201409,voluntaria,30
361,aragon,201408,voluntaria,37
362,aragon,201407,voluntaria,39
363,aragon,201406,voluntaria,33
364,aragon,201405,voluntaria,28
365,aragon,201404,voluntaria,33
366,aragon,201403,voluntaria,47
367,aragon,201402,voluntaria,81
368,aragon,201401,voluntaria,84
369,aragon,201312,voluntaria,110
370,aragon,201311,voluntaria,35
371,aragon,201310,voluntaria,55
372,aragon,201309,voluntaria,30
373,aragon,201308,voluntaria,27
374,aragon,201307,voluntaria,50
375,aragon,201306,voluntaria,48
376,aragon,201305,voluntaria,48
377,aragon,201304,voluntaria,51
378,aragon,201303,voluntaria,48
379,aragon,201302,voluntaria,77
380,aragon,201301,voluntaria,99
381,aragon,201212,voluntaria,82
382,aragon,201211,voluntaria,26
383,aragon,201210,voluntaria,31
384,aragon,201209,voluntaria,32
385,aragon,201208,voluntaria,32
386,aragon,201207,voluntaria,31
387,aragon,201206,voluntaria,50
388,aragon,201205,voluntaria,48
389,aragon,201204,voluntaria,45
390,aragon,201203,voluntaria,63
391,aragon,201202,voluntaria,80
392,aragon,201201,voluntaria,113
393,aragon,201112,voluntaria,64
394,aragon,201111,voluntaria,55
395,aragon,201110,voluntaria,32
396,aragon,201109,voluntaria,32
397,aragon,201108,voluntaria,40
398,aragon,201107,voluntaria,38
399,aragon,201106,voluntaria,29
400,aragon,201105,voluntaria,24
401,aragon,201104,voluntaria,37
402,aragon,201103,voluntaria,48
403,aragon,201102,voluntaria,66
404,aragon,201101,voluntaria,84
405,aragon,201012,voluntaria,69
406,aragon,201011,voluntaria,57
407,aragon,201010,voluntaria,34
408,aragon,201009,voluntaria,25
409,aragon,201008,voluntaria,33
410,aragon,201007,voluntaria,32
411,aragon,201006,voluntaria,27
412,aragon,201005,voluntaria,33
413,aragon,201004,voluntaria,31
414,aragon,201003,voluntaria,51
415,aragon,201002,voluntaria,83
416,aragon,201001,voluntaria,89
417,aragon,200912,voluntaria,83
418,aragon,200911,voluntaria,50
419,aragon,200910,voluntaria,19
420,aragon,200909,voluntaria,43
421,aragon,200908,voluntaria,29
422,aragon,200907,voluntaria,27
423,aragon,200906,voluntaria,31
424,aragon,200905,voluntaria,37
425,aragon,200904,voluntaria,46
426,aragon,200903,voluntaria,45
427,aragon,200902,voluntaria,58
428,aragon,200901,voluntaria,84
429,aragon,200812,voluntaria,94
430,aragon,200811,voluntaria,87
431,aragon,200810,voluntaria,33
432,aragon,200809,voluntaria,30
433,aragon,200808,voluntaria,36
434,aragon,200807,voluntaria,25
435,aragon,200806,voluntaria,18
436,aragon,200805,voluntaria,33
437,aragon,200804,voluntaria,35
438,aragon,200803,voluntaria,48
439,aragon,200802,voluntaria,67
440,aragon,200801,voluntaria,92
441,principado_de_asturias,202604,voluntaria,28
442,principado_de_asturias,202603,voluntaria,29
443,principado_de_asturias,202602,voluntaria,51
444,principado_de_asturias,202601,voluntaria,76
445,principado_de_asturias,202512,voluntaria,57
446,principado_de_asturias,202511,voluntaria,30
447,principado_de_asturias,202510,voluntaria,35
448,principado_de_asturias,202509,voluntaria,14
449,principado_de_asturias,202508,voluntaria,64
450,principado_de_asturias,202507,voluntaria,17
451,principado_de_asturias,202506,voluntaria,16
452,principado_de_asturias,202505,voluntaria,27
453,principado_de_asturias,202504,voluntaria,28
454,principado_de_asturias,202503,voluntaria,32
455,principado_de_asturias,202502,voluntaria,51
456,principado_de_asturias,202501,voluntaria,69
457,principado_de_asturias,202412,voluntaria,32
458,principado_de_asturias,202411,voluntaria,31
459,principado_de_asturias,202410,voluntaria,29
460,principado_de_asturias,202409,voluntaria,20
461,principado_de_asturias,202408,voluntaria,20
462,principado_de_asturias,202407,voluntaria,28
463,principado_de_asturias,202406,voluntaria,20
464,principado_de_asturias,202405,voluntaria,27
465,principado_de_asturias,202404,voluntaria,22
466,principado_de_asturias,202403,voluntaria,25
467,principado_de_asturias,202402,voluntaria,39
468,principado_de_asturias,202401,voluntaria,64
469,principado_de_asturias,202312,voluntaria,53
470,principado_de_asturias,202311,voluntaria,29
471,principado_de_asturias,202310,voluntaria,30
472,principado_de_asturias,202309,voluntaria,17
473,principado_de_asturias,202308,voluntaria,18
474,principado_de_asturias,202307,voluntaria,20
475,principado_de_asturias,202306,voluntaria,22
476,principado_de_asturias,202305,voluntaria,12
477,principado_de_asturias,202304,voluntaria,13
478,principado_de_asturias,202303,voluntaria,32
479,principado_de_asturias,202302,voluntaria,34
480,principado_de_asturias,202301,voluntaria,70
481,principado_de_asturias,202212,voluntaria,54
482,principado_de_asturias,202211,voluntaria,49
483,principado_de_asturias,202210,voluntaria,28
484,principado_de_asturias,202209,voluntaria,19
485,principado_de_asturias,202208,voluntaria,19
486,principado_de_asturias,202207,voluntaria,28
487,principado_de_asturias,202206,voluntaria,20
488,principado_de_asturias,202205,voluntaria,29
489,principado_de_asturias,202204,voluntaria,24
490,principado_de_asturias,202203,voluntaria,29
491,principado_de_asturias,202202,voluntaria,22
492,principado_de_asturias,202201,voluntaria,64
493,principado_de_asturias,202112,voluntaria,60
494,principado_de_asturias,202111,voluntaria,31
495,principado_de_asturias,202110,voluntaria,29
496,principado_de_asturias,202109,voluntaria,22
497,principado_de_asturias,202108,voluntaria,14
498,principado_de_asturias,202107,voluntaria,18
499,principado_de_asturias,202106,voluntaria,25
500,principado_de_asturias,202105,voluntaria,15
501,principado_de_asturias,202104,voluntaria,25
502,principado_de_asturias,202103,voluntaria,16
503,principado_de_asturias,202102,voluntaria,43
504,principado_de_asturias,202101,voluntaria,76
505,principado_de_asturias,202012,voluntaria,30
506,principado_de_asturias,202011,voluntaria,18
507,principado_de_asturias,202010,voluntaria,16
508,principado_de_asturias,202009,voluntaria,18
509,principado_de_asturias,202008,voluntaria,16
510,principado_de_asturias,202007,voluntaria,15
511,principado_de_asturias,202006,voluntaria,12
512,principado_de_asturias,202005,voluntaria,3
513,principado_de_asturias,202004,voluntaria,5
514,principado_de_asturias,202003,voluntaria,19
515,principado_de_asturias,202002,voluntaria,27
516,principado_de_asturias,202001,voluntaria,69
517,principado_de_asturias,201912,voluntaria,43
518,principado_de_asturias,201911,voluntaria,23
519,principado_de_asturias,201910,voluntaria,23
520,principado_de_asturias,201909,voluntaria,16
521,principado_de_asturias,201908,voluntaria,14
522,principado_de_asturias,201907,voluntaria,23
523,principado_de_asturias,201906,voluntaria,16
524,principado_de_asturias,201905,voluntaria,19
525,principado_de_asturias,201904,voluntaria,21
526,principado_de_asturias,201903,voluntaria,27
527,principado_de_asturias,201902,voluntaria,41
528,principado_de_asturias,201901,voluntaria,62
529,principado_de_asturias,201812,voluntaria,43
530,principado_de_asturias,201811,voluntaria,39
531,principado_de_asturias,201810,voluntaria,32
532,principado_de_asturias,201809,voluntaria,19
533,principado_de_asturias,201808,voluntaria,15
534,principado_de_asturias,201807,voluntaria,19
535,principado_de_asturias,201806,voluntaria,17
536,principado_de_asturias,201805,voluntaria,18
537,principado_de_asturias,201804,voluntaria,24
538,principado_de_asturias,201803,voluntaria,33
539,principado_de_asturias,201802,voluntaria,47
540,principado_de_asturias,201801,voluntaria,60
541,principado_de_asturias,201712,voluntaria,40
542,principado_de_asturias,201711,voluntaria,25
543,principado_de_asturias,201710,voluntaria,25
544,principado_de_asturias,201709,voluntaria,15
545,principado_de_asturias,201708,voluntaria,14
546,principado_de_asturias,201707,voluntaria,15
547,principado_de_asturias,201706,voluntaria,23
548,principado_de_asturias,201705,voluntaria,32
549,principado_de_asturias,201704,voluntaria,15
550,principado_de_asturias,201703,voluntaria,38
551,principado_de_asturias,201702,voluntaria,43
552,principado_de_asturias,201701,voluntaria,62
553,principado_de_asturias,201612,voluntaria,46
554,principado_de_asturias,201611,voluntaria,41
555,principado_de_asturias,201610,voluntaria,27
556,principado_de_asturias,201609,voluntaria,14
557,principado_de_asturias,201608,voluntaria,14
558,principado_de_asturias,201607,voluntaria,11
559,principado_de_asturias,201606,voluntaria,20
560,principado_de_asturias,201605,voluntaria,22
561,principado_de_asturias,201604,voluntaria,27
562,principado_de_asturias,201603,voluntaria,22
563,principado_de_asturias,201602,voluntaria,29
564,principado_de_asturias,201601,voluntaria,51
565,principado_de_asturias,201512,voluntaria,43
566,principado_de_asturias,201511,voluntaria,18
567,principado_de_asturias,201510,voluntaria,15
568,principado_de_asturias,201509,voluntaria,11
569,principado_de_asturias,201508,voluntaria,14
570,principado_de_asturias,201507,voluntaria,13
571,principado_de_asturias,201506,voluntaria,19
572,principado_de_asturias,201505,voluntaria,18
573,principado_de_asturias,201504,voluntaria,23
574,principado_de_asturias,201503,voluntaria,34
575,principado_de_asturias,201502,voluntaria,26
576,principado_de_asturias,201501,voluntaria,57
577,principado_de_asturias,201412,voluntaria,41
578,principado_de_asturias,201411,voluntaria,38
579,principado_de_asturias,201410,voluntaria,22
580,principado_de_asturias,201409,voluntaria,15
581,principado_de_asturias,201408,voluntaria,17
582,principado_de_asturias,201407,voluntaria,20
583,principado_de_asturias,201406,voluntaria,3
584,principado_de_asturias,201405,voluntaria,23
585,principado_de_asturias,201404,voluntaria,17
586,principado_de_asturias,201403,voluntaria,36
587,principado_de_asturias,201402,voluntaria,27
588,principado_de_asturias,201401,voluntaria,47
589,principado_de_asturias,201312,voluntaria,45
590,principado_de_asturias,201311,voluntaria,27
591,principado_de_asturias,201310,voluntaria,46
592,principado_de_asturias,201309,voluntaria,20
593,principado_de_asturias,201308,voluntaria,19
594,principado_de_asturias,201307,voluntaria,17
595,principado_de_asturias,201306,voluntaria,17
596,principado_de_asturias,201305,voluntaria,32
597,principado_de_asturias,201304,voluntaria,33
598,principado_de_asturias,201303,voluntaria,29
599,principado_de_asturias,201302,voluntaria,40
600,principado_de_asturias,201301,voluntaria,56
601,principado_de_asturias,201212,voluntaria,41
602,principado_de_asturias,201211,voluntaria,24
603,principado_de_asturias,201210,voluntaria,27
604,principado_de_asturias,201209,voluntaria,10
605,principado_de_asturias,201208,voluntaria,17
606,principado_de_asturias,201207,voluntaria,21
607,principado_de_asturias,201206,voluntaria,20
608,principado_de_asturias,201205,voluntaria,21
609,principado_de_asturias,201204,voluntaria,24
610,principado_de_asturias,201203,voluntaria,27
611,principado_de_asturias,201202,voluntaria,29
612,principado_de_asturias,201201,voluntaria,59
613,principado_de_asturias,201112,voluntaria,29
614,principado_de_asturias,201111,voluntaria,23
615,principado_de_asturias,201110,voluntaria,19
616,principado_de_asturias,201109,voluntaria,12
617,principado_de_asturias,201108,voluntaria,15
618,principado_de_asturias,201107,voluntaria,13
619,principado_de_asturias,201106,voluntaria,13
620,principado_de_asturias,201105,voluntaria,20
621,principado_de_asturias,201104,voluntaria,9
622,principado_de_asturias,201103,voluntaria,29
623,principado_de_asturias,201102,voluntaria,28
624,principado_de_asturias,201101,voluntaria,51
625,principado_de_asturias,201012,voluntaria,40
626,principado_de_asturias,201011,voluntaria,20
627,principado_de_asturias,201010,voluntaria,20
628,principado_de_asturias,201009,voluntaria,13
629,principado_de_asturias,201008,voluntaria,10
630,principado_de_asturias,201007,voluntaria,15
631,principado_de_asturias,201006,voluntaria,12
632,principado_de_asturias,201005,voluntaria,12
633,principado_de_asturias,201004,voluntaria,21
634,principado_de_asturias,201003,voluntaria,26
635,principado_de_asturias,201002,voluntaria,35
636,principado_de_asturias,201001,voluntaria,45
637,principado_de_asturias,200912,voluntaria,42
638,principado_de_asturias,200911,voluntaria,21
639,principado_de_asturias,200910,voluntaria,17
640,principado_de_asturias,200909,voluntaria,18
641,principado_de_asturias,200908,voluntaria,18
642,principado_de_asturias,200907,voluntaria,32
643,principado_de_asturias,200906,voluntaria,24
644,principado_de_asturias,200905,voluntaria,15
645,principado_de_asturias,200904,voluntaria,18
646,principado_de_asturias,200903,voluntaria,30
647,principado_de_asturias,200902,voluntaria,46
648,principado_de_asturias,200901,voluntaria,41
649,principado_de_asturias,200812,voluntaria,25
650,principado_de_asturias,200811,voluntaria,39
651,principado_de_asturias,200810,voluntaria,30
652,principado_de_asturias,200809,voluntaria,15
653,principado_de_asturias,200808,voluntaria,8
654,principado_de_asturias,200807,voluntaria,8
655,principado_de_asturias,200806,voluntaria,8
656,principado_de_asturias,200805,voluntaria,19
657,principado_de_asturias,200804,voluntaria,25
658,principado_de_asturias,200803,voluntaria,21
659,principado_de_asturias,200802,voluntaria,42
660,principado_de_asturias,200801,voluntaria,89
661,illes_balears,202604,voluntaria,67
662,illes_balears,202603,voluntaria,80
663,illes_balears,202602,voluntaria,93
664,illes_balears,202601,voluntaria,134
665,illes_balears,202512,voluntaria,149
666,illes_balears,202511,voluntaria,95
667,illes_balears,202510,voluntaria,101
668,illes_balears,202509,voluntaria,64
669,illes_balears,202508,voluntaria,40
670,illes_balears,202507,voluntaria,64
671,illes_balears,202506,voluntaria,72
672,illes_balears,202505,voluntaria,77
673,illes_balears,202504,voluntaria,59
674,illes_balears,202503,voluntaria,68
675,illes_balears,202502,voluntaria,100
676,illes_balears,202501,voluntaria,148
677,illes_balears,202412,voluntaria,117
678,illes_balears,202411,voluntaria,76
679,illes_balears,202410,voluntaria,70
680,illes_balears,202409,voluntaria,66
681,illes_balears,202408,voluntaria,69
682,illes_balears,202407,voluntaria,56
683,illes_balears,202406,voluntaria,55
684,illes_balears,202405,voluntaria,50
685,illes_balears,202404,voluntaria,66
686,illes_balears,202403,voluntaria,61
687,illes_balears,202402,voluntaria,106
688,illes_balears,202401,voluntaria,179
689,illes_balears,202312,voluntaria,97
690,illes_balears,202311,voluntaria,69
691,illes_balears,202310,voluntaria,71
692,illes_balears,202309,voluntaria,58
693,illes_balears,202308,voluntaria,44
694,illes_balears,202307,voluntaria,38
695,illes_balears,202306,voluntaria,58
696,illes_balears,202305,voluntaria,74
697,illes_balears,202304,voluntaria,65
698,illes_balears,202303,voluntaria,86
699,illes_balears,202302,voluntaria,103
700,illes_balears,202301,voluntaria,184
701,illes_balears,202212,voluntaria,128
702,illes_balears,202211,voluntaria,86
703,illes_balears,202210,voluntaria,69
704,illes_balears,202209,voluntaria,51
705,illes_balears,202208,voluntaria,58
706,illes_balears,202207,voluntaria,33
707,illes_balears,202206,voluntaria,60
708,illes_balears,202205,voluntaria,42
709,illes_balears,202204,voluntaria,56
710,illes_balears,202203,voluntaria,72
711,illes_balears,202202,voluntaria,103
712,illes_balears,202201,voluntaria,155
713,illes_balears,202112,voluntaria,120
714,illes_balears,202111,voluntaria,70
715,illes_balears,202110,voluntaria,63
716,illes_balears,202109,voluntaria,52
717,illes_balears,202108,voluntaria,46
718,illes_balears,202107,voluntaria,43
719,illes_balears,202106,voluntaria,55
720,illes_balears,202105,voluntaria,49
721,illes_balears,202104,voluntaria,52
722,illes_balears,202103,voluntaria,60
723,illes_balears,202102,voluntaria,109
724,illes_balears,202101,voluntaria,135
725,illes_balears,202012,voluntaria,114
726,illes_balears,202011,voluntaria,70
727,illes_balears,202010,voluntaria,58
728,illes_balears,202009,voluntaria,60
729,illes_balears,202008,voluntaria,50
730,illes_balears,202007,voluntaria,57
731,illes_balears,202006,voluntaria,45
732,illes_balears,202005,voluntaria,26
733,illes_balears,202004,voluntaria,31
734,illes_balears,202003,voluntaria,46
735,illes_balears,202002,voluntaria,67
736,illes_balears,202001,voluntaria,122
737,illes_balears,201912,voluntaria,112
738,illes_balears,201911,voluntaria,108
739,illes_balears,201910,voluntaria,69
740,illes_balears,201909,voluntaria,48
741,illes_balears,201908,voluntaria,51
742,illes_balears,201907,voluntaria,56
743,illes_balears,201906,voluntaria,59
744,illes_balears,201905,voluntaria,75
745,illes_balears,201904,voluntaria,36
746,illes_balears,201903,voluntaria,54
747,illes_balears,201902,voluntaria,87
748,illes_balears,201901,voluntaria,143
749,illes_balears,201812,voluntaria,90
750,illes_balears,201811,voluntaria,81
751,illes_balears,201810,voluntaria,72
752,illes_balears,201809,voluntaria,53
753,illes_balears,201808,voluntaria,50
754,illes_balears,201807,voluntaria,52
755,illes_balears,201806,voluntaria,38
756,illes_balears,201805,voluntaria,81
757,illes_balears,201804,voluntaria,56
758,illes_balears,201803,voluntaria,62
759,illes_balears,201802,voluntaria,128
760,illes_balears,201801,voluntaria,170
761,illes_balears,201712,voluntaria,102
762,illes_balears,201711,voluntaria,89
763,illes_balears,201710,voluntaria,57
764,illes_balears,201709,voluntaria,33
765,illes_balears,201708,voluntaria,58
766,illes_balears,201707,voluntaria,42
767,illes_balears,201706,voluntaria,58
768,illes_balears,201705,voluntaria,51
769,illes_balears,201704,voluntaria,46
770,illes_balears,201703,voluntaria,61
771,illes_balears,201702,voluntaria,74
772,illes_balears,201701,voluntaria,133
773,illes_balears,201612,voluntaria,129
774,illes_balears,201611,voluntaria,63
775,illes_balears,201610,voluntaria,45
776,illes_balears,201609,voluntaria,38
777,illes_balears,201608,voluntaria,25
778,illes_balears,201607,voluntaria,41
779,illes_balears,201606,voluntaria,37
780,illes_balears,201605,voluntaria,49
781,illes_balears,201604,voluntaria,35
782,illes_balears,201603,voluntaria,54
783,illes_balears,201602,voluntaria,81
784,illes_balears,201601,voluntaria,116
785,illes_balears,201512,voluntaria,85
786,illes_balears,201511,voluntaria,54
787,illes_balears,201510,voluntaria,38
788,illes_balears,201509,voluntaria,37
789,illes_balears,201508,voluntaria,34
790,illes_balears,201507,voluntaria,32
791,illes_balears,201506,voluntaria,44
792,illes_balears,201505,voluntaria,51
793,illes_balears,201504,voluntaria,31
794,illes_balears,201503,voluntaria,56
795,illes_balears,201502,voluntaria,69
796,illes_balears,201501,voluntaria,101
797,illes_balears,201412,voluntaria,64
798,illes_balears,201411,voluntaria,62
799,illes_balears,201410,voluntaria,39
800,illes_balears,201409,voluntaria,35
801,illes_balears,201408,voluntaria,27
802,illes_balears,201407,voluntaria,31
803,illes_balears,201406,voluntaria,43
804,illes_balears,201405,voluntaria,39
805,illes_balears,201404,voluntaria,31
806,illes_balears,201403,voluntaria,53
807,illes_balears,201402,voluntaria,69
808,illes_balears,201401,voluntaria,126
809,illes_balears,201312,voluntaria,82
810,illes_balears,201311,voluntaria,46
811,illes_balears,201310,voluntaria,41
812,illes_balears,201309,voluntaria,28
813,illes_balears,201308,voluntaria,32
814,illes_balears,201307,voluntaria,52
815,illes_balears,201306,voluntaria,41
816,illes_balears,201305,voluntaria,46
817,illes_balears,201304,voluntaria,56
818,illes_balears,201303,voluntaria,49
819,illes_balears,201302,voluntaria,71
820,illes_balears,201301,voluntaria,113
821,illes_balears,201212,voluntaria,93
822,illes_balears,201211,voluntaria,60
823,illes_balears,201210,voluntaria,50
824,illes_balears,201209,voluntaria,20
825,illes_balears,201208,voluntaria,41
826,illes_balears,201207,voluntaria,37
827,illes_balears,201206,voluntaria,39
828,illes_balears,201205,voluntaria,53
829,illes_balears,201204,voluntaria,29
830,illes_balears,201203,voluntaria,54
831,illes_balears,201202,voluntaria,45
832,illes_balears,201201,voluntaria,130
833,illes_balears,201112,voluntaria,90
834,illes_balears,201111,voluntaria,69
835,illes_balears,201110,voluntaria,45
836,illes_balears,201109,voluntaria,35
837,illes_balears,201108,voluntaria,35
838,illes_balears,201107,voluntaria,27
839,illes_balears,201106,voluntaria,37
840,illes_balears,201105,voluntaria,40
841,illes_balears,201104,voluntaria,43
842,illes_balears,201103,voluntaria,64
843,illes_balears,201102,voluntaria,64
844,illes_balears,201101,voluntaria,88
845,illes_balears,201012,voluntaria,69
846,illes_balears,201011,voluntaria,58
847,illes_balears,201010,voluntaria,38
848,illes_balears,201009,voluntaria,24
849,illes_balears,201008,voluntaria,38
850,illes_balears,201007,voluntaria,33
851,illes_balears,201006,voluntaria,38
852,illes_balears,201005,voluntaria,34
853,illes_balears,201004,voluntaria,43
854,illes_balears,201003,voluntaria,48
855,illes_balears,201002,voluntaria,61
856,illes_balears,201001,voluntaria,85
857,illes_balears,200912,voluntaria,81
858,illes_balears,200911,voluntaria,56
859,illes_balears,200910,voluntaria,48
860,illes_balears,200909,voluntaria,28
861,illes_balears,200908,voluntaria,29
862,illes_balears,200907,voluntaria,25
863,illes_balears,200906,voluntaria,39
864,illes_balears,200905,voluntaria,34
865,illes_balears,200904,voluntaria,36
866,illes_balears,200903,voluntaria,39
867,illes_balears,200902,voluntaria,50
868,illes_balears,200901,voluntaria,79
869,illes_balears,200812,voluntaria,70
870,illes_balears,200811,voluntaria,40
871,illes_balears,200810,voluntaria,40
872,illes_balears,200809,voluntaria,39
873,illes_balears,200808,voluntaria,27
874,illes_balears,200807,voluntaria,38
875,illes_balears,200806,voluntaria,26
876,illes_balears,200805,voluntaria,43
877,illes_balears,200804,voluntaria,41
878,illes_balears,200803,voluntaria,36
879,illes_balears,200802,voluntaria,64
880,illes_balears,200801,voluntaria,104
881,canarias,202604,voluntaria,97
882,canarias,202603,voluntaria,103
883,canarias,202602,voluntaria,112
884,canarias,202601,voluntaria,139
885,canarias,202512,voluntaria,156
886,canarias,202511,voluntaria,71
887,canarias,202510,voluntaria,85
888,canarias,202509,voluntaria,58
889,canarias,202508,voluntaria,40
890,canarias,202507,voluntaria,73
891,canarias,202506,voluntaria,45
892,canarias,202505,voluntaria,59
893,canarias,202504,voluntaria,71
894,canarias,202503,voluntaria,63
895,canarias,202502,voluntaria,72
896,canarias,202501,voluntaria,135
897,canarias,202412,voluntaria,130
898,canarias,202411,voluntaria,86
899,canarias,202410,voluntaria,61
900,canarias,202409,voluntaria,43
901,canarias,202408,voluntaria,59
902,canarias,202407,voluntaria,55
903,canarias,202406,voluntaria,54
904,canarias,202405,voluntaria,56
905,canarias,202404,voluntaria,84
906,canarias,202403,voluntaria,76
907,canarias,202402,voluntaria,96
908,canarias,202401,voluntaria,164
909,canarias,202312,voluntaria,88
910,canarias,202311,voluntaria,71
911,canarias,202310,voluntaria,48
912,canarias,202309,voluntaria,61
913,canarias,202308,voluntaria,53
914,canarias,202307,voluntaria,67
915,canarias,202306,voluntaria,69
916,canarias,202305,voluntaria,44
917,canarias,202304,voluntaria,55
918,canarias,202303,voluntaria,76
919,canarias,202302,voluntaria,87
920,canarias,202301,voluntaria,160
921,canarias,202212,voluntaria,105
922,canarias,202211,voluntaria,87
923,canarias,202210,voluntaria,57
924,canarias,202209,voluntaria,45
925,canarias,202208,voluntaria,42
926,canarias,202207,voluntaria,63
927,canarias,202206,voluntaria,54
928,canarias,202205,voluntaria,63
929,canarias,202204,voluntaria,55
930,canarias,202203,voluntaria,61
931,canarias,202202,voluntaria,87
932,canarias,202201,voluntaria,148
933,canarias,202112,voluntaria,113
934,canarias,202111,voluntaria,66
935,canarias,202110,voluntaria,43
936,canarias,202109,voluntaria,53
937,canarias,202108,voluntaria,40
938,canarias,202107,voluntaria,55
939,canarias,202106,voluntaria,59
940,canarias,202105,voluntaria,52
941,canarias,202104,voluntaria,56
942,canarias,202103,voluntaria,75
943,canarias,202102,voluntaria,68
944,canarias,202101,voluntaria,139
945,canarias,202012,voluntaria,104
946,canarias,202011,voluntaria,66
947,canarias,202010,voluntaria,63
948,canarias,202009,voluntaria,44
949,canarias,202008,voluntaria,51
950,canarias,202007,voluntaria,37
951,canarias,202006,voluntaria,37
952,canarias,202005,voluntaria,10
953,canarias,202004,voluntaria,3
954,canarias,202003,voluntaria,45
955,canarias,202002,voluntaria,88
956,canarias,202001,voluntaria,143
957,canarias,201912,voluntaria,70
958,canarias,201911,voluntaria,62
959,canarias,201910,voluntaria,59
960,canarias,201909,voluntaria,42
961,canarias,201908,voluntaria,42
962,canarias,201907,voluntaria,43
963,canarias,201906,voluntaria,53
964,canarias,201905,voluntaria,53
965,canarias,201904,voluntaria,51
966,canarias,201903,voluntaria,79
967,canarias,201902,voluntaria,77
968,canarias,201901,voluntaria,137
969,canarias,201812,voluntaria,97
970,canarias,201811,voluntaria,67
971,canarias,201810,voluntaria,56
972,canarias,201809,voluntaria,37
973,canarias,201808,voluntaria,35
974,canarias,201807,voluntaria,44
975,canarias,201806,voluntaria,55
976,canarias,201805,voluntaria,48
977,canarias,201804,voluntaria,55
978,canarias,201803,voluntaria,58
979,canarias,201802,voluntaria,77
980,canarias,201801,voluntaria,160
981,canarias,201712,voluntaria,82
982,canarias,201711,voluntaria,58
983,canarias,201710,voluntaria,49
984,canarias,201709,voluntaria,36
985,canarias,201708,voluntaria,50
986,canarias,201707,voluntaria,33
987,canarias,201706,voluntaria,48
988,canarias,201705,voluntaria,44
989,canarias,201704,voluntaria,51
990,canarias,201703,voluntaria,73
991,canarias,201702,voluntaria,77
992,canarias,201701,voluntaria,134
993,canarias,201612,voluntaria,61
994,canarias,201611,voluntaria,52
995,canarias,201610,voluntaria,45
996,canarias,201609,voluntaria,45
997,canarias,201608,voluntaria,50
998,canarias,201607,voluntaria,33
999,canarias,201606,voluntaria,39
1000,canarias,201605,voluntaria,43
1001,canarias,201604,voluntaria,60
1002,canarias,201603,voluntaria,54
1003,canarias,201602,voluntaria,64
1004,canarias,201601,voluntaria,117
1005,canarias,201512,voluntaria,100
1006,canarias,201511,voluntaria,63
1007,canarias,201510,voluntaria,44
1008,canarias,201509,voluntaria,34
1009,canarias,201508,voluntaria,36
1010,canarias,201507,voluntaria,34
1011,canarias,201506,voluntaria,43
1012,canarias,201505,voluntaria,42
1013,canarias,201504,voluntaria,51
1014,canarias,201503,voluntaria,69
1015,canarias,201502,voluntaria,71
1016,canarias,201501,voluntaria,108
1017,canarias,201412,voluntaria,109
1018,canarias,201411,voluntaria,53
1019,canarias,201410,voluntaria,50
1020,canarias,201409,voluntaria,34
1021,canarias,201408,voluntaria,41
1022,canarias,201407,voluntaria,47
1023,canarias,201406,voluntaria,40
1024,canarias,201405,voluntaria,46
1025,canarias,201404,voluntaria,49
1026,canarias,201403,voluntaria,52
1027,canarias,201402,voluntaria,76
1028,canarias,201401,voluntaria,144
1029,canarias,201312,voluntaria,85
1030,canarias,201311,voluntaria,65
1031,canarias,201310,voluntaria,43
1032,canarias,201309,voluntaria,43
1033,canarias,201308,voluntaria,58
1034,canarias,201307,voluntaria,57
1035,canarias,201306,voluntaria,41
1036,canarias,201305,voluntaria,62
1037,canarias,201304,voluntaria,70
1038,canarias,201303,voluntaria,83
1039,canarias,201302,voluntaria,92
1040,canarias,201301,voluntaria,137
1041,canarias,201212,voluntaria,102
1042,canarias,201211,voluntaria,65
1043,canarias,201210,voluntaria,49
1044,canarias,201209,voluntaria,66
1045,canarias,201208,voluntaria,52
1046,canarias,201207,voluntaria,59
1047,canarias,201206,voluntaria,40
1048,canarias,201205,voluntaria,51
1049,canarias,201204,voluntaria,59
1050,canarias,201203,voluntaria,70
1051,canarias,201202,voluntaria,97
1052,canarias,201201,voluntaria,99
1053,canarias,201112,voluntaria,106
1054,canarias,201111,voluntaria,51
1055,canarias,201110,voluntaria,49
1056,canarias,201109,voluntaria,42
1057,canarias,201108,voluntaria,33
1058,canarias,201107,voluntaria,48
1059,canarias,201106,voluntaria,46
1060,canarias,201105,voluntaria,41
1061,canarias,201104,voluntaria,32
1062,canarias,201103,voluntaria,42
1063,canarias,201102,voluntaria,90
1064,canarias,201101,voluntaria,124
1065,canarias,201012,voluntaria,102
1066,canarias,201011,voluntaria,60
1067,canarias,201010,voluntaria,27
1068,canarias,201009,voluntaria,41
1069,canarias,201008,voluntaria,40
1070,canarias,201007,voluntaria,32
1071,canarias,201006,voluntaria,48
1072,canarias,201005,voluntaria,39
1073,canarias,201004,voluntaria,28
1074,canarias,201003,voluntaria,65
1075,canarias,201002,voluntaria,88
1076,canarias,201001,voluntaria,98
1077,canarias,200912,voluntaria,82
1078,canarias,200911,voluntaria,56
1079,canarias,200910,voluntaria,45
1080,canarias,200909,voluntaria,40
1081,canarias,200908,voluntaria,41
1082,canarias,200907,voluntaria,45
1083,canarias,200906,voluntaria,40
1084,canarias,200905,voluntaria,44
1085,canarias,200904,voluntaria,45
1086,canarias,200903,voluntaria,79
1087,canarias,200902,voluntaria,89
1088,canarias,200901,voluntaria,97
1089,canarias,200812,voluntaria,59
1090,canarias,200811,voluntaria,58
1091,canarias,200810,voluntaria,39
1092,canarias,200809,voluntaria,40
1093,canarias,200808,voluntaria,20
1094,canarias,200807,voluntaria,25
1095,canarias,200806,voluntaria,28
1096,canarias,200805,voluntaria,21
1097,canarias,200804,voluntaria,55
1098,canarias,200803,voluntaria,37
1099,canarias,200802,voluntaria,65
1100,canarias,200801,voluntaria,75
1101,cantabria,202604,voluntaria,17
1102,cantabria,202603,voluntaria,20
1103,cantabria,202602,voluntaria,35
1104,cantabria,202601,voluntaria,43
1105,cantabria,202512,voluntaria,24
1106,cantabria,202511,voluntaria,25
1107,cantabria,202510,voluntaria,21
1108,cantabria,202509,voluntaria,13
1109,cantabria,202508,voluntaria,9
1110,cantabria,202507,voluntaria,14
1111,cantabria,202506,voluntaria,14
1112,cantabria,202505,voluntaria,18
1113,cantabria,202504,voluntaria,22
1114,cantabria,202503,voluntaria,24
1115,cantabria,202502,voluntaria,34
1116,cantabria,202501,voluntaria,47
1117,cantabria,202412,voluntaria,26
1118,cantabria,202411,voluntaria,9
1119,cantabria,202410,voluntaria,19
1120,cantabria,202409,voluntaria,12
1121,cantabria,202408,voluntaria,12
1122,cantabria,202407,voluntaria,13
1123,cantabria,202406,voluntaria,8
1124,cantabria,202405,voluntaria,21
1125,cantabria,202404,voluntaria,17
1126,cantabria,202403,voluntaria,17
1127,cantabria,202402,voluntaria,50
1128,cantabria,202401,voluntaria,32
1129,cantabria,202312,voluntaria,30
1130,cantabria,202311,voluntaria,22
1131,cantabria,202310,voluntaria,17
1132,cantabria,202309,voluntaria,10
1133,cantabria,202308,voluntaria,12
1134,cantabria,202307,voluntaria,9
1135,cantabria,202306,voluntaria,11
1136,cantabria,202305,voluntaria,15
1137,cantabria,202304,voluntaria,13
1138,cantabria,202303,voluntaria,32
1139,cantabria,202302,voluntaria,21
1140,cantabria,202301,voluntaria,28
1141,cantabria,202212,voluntaria,37
1142,cantabria,202211,voluntaria,21
1143,cantabria,202210,voluntaria,16
1144,cantabria,202209,voluntaria,19
1145,cantabria,202208,voluntaria,14
1146,cantabria,202207,voluntaria,11
1147,cantabria,202206,voluntaria,11
1148,cantabria,202205,voluntaria,19
1149,cantabria,202204,voluntaria,11
1150,cantabria,202203,voluntaria,35
1151,cantabria,202202,voluntaria,32
1152,cantabria,202201,voluntaria,42
1153,cantabria,202112,voluntaria,30
1154,cantabria,202111,voluntaria,16
1155,cantabria,202110,voluntaria,9
1156,cantabria,202109,voluntaria,13
1157,cantabria,202108,voluntaria,9
1158,cantabria,202107,voluntaria,3
1159,cantabria,202106,voluntaria,16
1160,cantabria,202105,voluntaria,21
1161,cantabria,202104,voluntaria,14
1162,cantabria,202103,voluntaria,21
1163,cantabria,202102,voluntaria,31
1164,cantabria,202101,voluntaria,37
1165,cantabria,202012,voluntaria,20
1166,cantabria,202011,voluntaria,15
1167,cantabria,202010,voluntaria,5
1168,cantabria,202009,voluntaria,10
1169,cantabria,202008,voluntaria,11
1170,cantabria,202007,voluntaria,3
1171,cantabria,202006,voluntaria,13
1172,cantabria,202005,voluntaria,2
1173,cantabria,202004,voluntaria,4
1174,cantabria,202003,voluntaria,17
1175,cantabria,202002,voluntaria,28
1176,cantabria,202001,voluntaria,45
1177,cantabria,201912,voluntaria,19
1178,cantabria,201911,voluntaria,18
1179,cantabria,201910,voluntaria,7
1180,cantabria,201909,voluntaria,24
1181,cantabria,201908,voluntaria,8
1182,cantabria,201907,voluntaria,15
1183,cantabria,201906,voluntaria,5
1184,cantabria,201905,voluntaria,15
1185,cantabria,201904,voluntaria,14
1186,cantabria,201903,voluntaria,17
1187,cantabria,201902,voluntaria,21
1188,cantabria,201901,voluntaria,36
1189,cantabria,201812,voluntaria,32
1190,cantabria,201811,voluntaria,19
1191,cantabria,201810,voluntaria,10
1192,cantabria,201809,voluntaria,5
1193,cantabria,201808,voluntaria,20
1194,cantabria,201807,voluntaria,4
1195,cantabria,201806,voluntaria,12
1196,cantabria,201805,voluntaria,13
1197,cantabria,201804,voluntaria,17
1198,cantabria,201803,voluntaria,20
1199,cantabria,201802,voluntaria,30
1200,cantabria,201801,voluntaria,40
1201,cantabria,201712,voluntaria,17
1202,cantabria,201711,voluntaria,8
1203,cantabria,201710,voluntaria,14
1204,cantabria,201709,voluntaria,12
1205,cantabria,201708,voluntaria,8
1206,cantabria,201707,voluntaria,15
1207,cantabria,201706,voluntaria,7
1208,cantabria,201705,voluntaria,13
1209,cantabria,201704,voluntaria,11
1210,cantabria,201703,voluntaria,14
1211,cantabria,201702,voluntaria,26
1212,cantabria,201701,voluntaria,39
1213,cantabria,201612,voluntaria,35
1214,cantabria,201611,voluntaria,22
1215,cantabria,201610,voluntaria,17
1216,cantabria,201609,voluntaria,12
1217,cantabria,201608,voluntaria,18
1218,cantabria,201607,voluntaria,8
1219,cantabria,201606,voluntaria,11
1220,cantabria,201605,voluntaria,9
1221,cantabria,201604,voluntaria,15
1222,cantabria,201603,voluntaria,18
1223,cantabria,201602,voluntaria,16
1224,cantabria,201601,voluntaria,20
1225,cantabria,201512,voluntaria,15
1226,cantabria,201511,voluntaria,15
1227,cantabria,201510,voluntaria,14
1228,cantabria,201509,voluntaria,13
1229,cantabria,201508,voluntaria,10
1230,cantabria,201507,voluntaria,8
1231,cantabria,201506,voluntaria,9
1232,cantabria,201505,voluntaria,6
1233,cantabria,201504,voluntaria,8
1234,cantabria,201503,voluntaria,18
1235,cantabria,201502,voluntaria,24
1236,cantabria,201501,voluntaria,26
1237,cantabria,201412,voluntaria,15
1238,cantabria,201411,voluntaria,12
1239,cantabria,201410,voluntaria,8
1240,cantabria,201409,voluntaria,12
1241,cantabria,201408,voluntaria,5
1242,cantabria,201407,voluntaria,13
1243,cantabria,201406,voluntaria,17
1244,cantabria,201405,voluntaria,21
1245,cantabria,201404,voluntaria,18
1246,cantabria,201403,voluntaria,22
1247,cantabria,201402,voluntaria,24
1248,cantabria,201401,voluntaria,26
1249,cantabria,201312,voluntaria,29
1250,cantabria,201311,voluntaria,17
1251,cantabria,201310,voluntaria,15
1252,cantabria,201309,voluntaria,8
1253,cantabria,201308,voluntaria,13
1254,cantabria,201307,voluntaria,9
1255,cantabria,201306,voluntaria,6
1256,cantabria,201305,voluntaria,21
1257,cantabria,201304,voluntaria,26
1258,cantabria,201303,voluntaria,28
1259,cantabria,201302,voluntaria,29
1260,cantabria,201301,voluntaria,31
1261,cantabria,201212,voluntaria,23
1262,cantabria,201211,voluntaria,17
1263,cantabria,201210,voluntaria,24
1264,cantabria,201209,voluntaria,13
1265,cantabria,201208,voluntaria,16
1266,cantabria,201207,voluntaria,12
1267,cantabria,201206,voluntaria,13
1268,cantabria,201205,voluntaria,26
1269,cantabria,201204,voluntaria,27
1270,cantabria,201203,voluntaria,25
1271,cantabria,201202,voluntaria,23
1272,cantabria,201201,voluntaria,37
1273,cantabria,201112,voluntaria,21
1274,cantabria,201111,voluntaria,15
1275,cantabria,201110,voluntaria,20
1276,cantabria,201109,voluntaria,20
1277,cantabria,201108,voluntaria,6
1278,cantabria,201107,voluntaria,9
1279,cantabria,201106,voluntaria,13
1280,cantabria,201105,voluntaria,23
1281,cantabria,201104,voluntaria,11
1282,cantabria,201103,voluntaria,19
1283,cantabria,201102,voluntaria,24
1284,cantabria,201101,voluntaria,29
1285,cantabria,201012,voluntaria,17
1286,cantabria,201011,voluntaria,13
1287,cantabria,201010,voluntaria,5
1288,cantabria,201009,voluntaria,13
1289,cantabria,201008,voluntaria,5
1290,cantabria,201007,voluntaria,4
1291,cantabria,201006,voluntaria,16
1292,cantabria,201005,voluntaria,9
1293,cantabria,201004,voluntaria,16
1294,cantabria,201003,voluntaria,17
1295,cantabria,201002,voluntaria,14
1296,cantabria,201001,voluntaria,27
1297,cantabria,200912,voluntaria,26
1298,cantabria,200911,voluntaria,12
1299,cantabria,200910,voluntaria,10
1300,cantabria,200909,voluntaria,12
1301,cantabria,200908,voluntaria,10
1302,cantabria,200907,voluntaria,9
1303,cantabria,200906,voluntaria,13
1304,cantabria,200905,voluntaria,14
1305,cantabria,200904,voluntaria,13
1306,cantabria,200903,voluntaria,17
1307,cantabria,200902,voluntaria,29
1308,cantabria,200901,voluntaria,23
1309,cantabria,200812,voluntaria,20
1310,cantabria,200811,voluntaria,18
1311,cantabria,200810,voluntaria,19
1312,cantabria,200809,voluntaria,13
1313,cantabria,200808,voluntaria,10
1314,cantabria,200807,voluntaria,9
1315,cantabria,200806,voluntaria,8
1316,cantabria,200805,voluntaria,18
1317,cantabria,200804,voluntaria,16
1318,cantabria,200803,voluntaria,14
1319,cantabria,200802,voluntaria,30
1320,cantabria,200801,voluntaria,21
1321,castilla_y_leon,202604,voluntaria,61
1322,castilla_y_leon,202603,voluntaria,101
1323,castilla_y_leon,202602,voluntaria,103
1324,castilla_y_leon,202601,voluntaria,175
1325,castilla_y_leon,202512,voluntaria,195
1326,castilla_y_leon,202511,voluntaria,106
1327,castilla_y_leon,202510,voluntaria,56
1328,castilla_y_leon,202509,voluntaria,58
1329,castilla_y_leon,202508,voluntaria,43
1330,castilla_y_leon,202507,voluntaria,50
1331,castilla_y_leon,202506,voluntaria,57
1332,castilla_y_leon,202505,voluntaria,70
1333,castilla_y_leon,202504,voluntaria,56
1334,castilla_y_leon,202503,voluntaria,70
1335,castilla_y_leon,202502,voluntaria,103
1336,castilla_y_leon,202501,voluntaria,174
1337,castilla_y_leon,202412,voluntaria,135
1338,castilla_y_leon,202411,voluntaria,87
1339,castilla_y_leon,202410,voluntaria,75
1340,castilla_y_leon,202409,voluntaria,47
1341,castilla_y_leon,202408,voluntaria,42
1342,castilla_y_leon,202407,voluntaria,65
1343,castilla_y_leon,202406,voluntaria,68
1344,castilla_y_leon,202405,voluntaria,56
1345,castilla_y_leon,202404,voluntaria,67
1346,castilla_y_leon,202403,voluntaria,59
1347,castilla_y_leon,202402,voluntaria,107
1348,castilla_y_leon,202401,voluntaria,196
1349,castilla_y_leon,202312,voluntaria,127
1350,castilla_y_leon,202311,voluntaria,104
1351,castilla_y_leon,202310,voluntaria,79
1352,castilla_y_leon,202309,voluntaria,54
1353,castilla_y_leon,202308,voluntaria,37
1354,castilla_y_leon,202307,voluntaria,55
1355,castilla_y_leon,202306,voluntaria,64
1356,castilla_y_leon,202305,voluntaria,76
1357,castilla_y_leon,202304,voluntaria,72
1358,castilla_y_leon,202303,voluntaria,117
1359,castilla_y_leon,202302,voluntaria,95
1360,castilla_y_leon,202301,voluntaria,164
1361,castilla_y_leon,202212,voluntaria,160
1362,castilla_y_leon,202211,voluntaria,75
1363,castilla_y_leon,202210,voluntaria,63
1364,castilla_y_leon,202209,voluntaria,54
1365,castilla_y_leon,202208,voluntaria,70
1366,castilla_y_leon,202207,voluntaria,63
1367,castilla_y_leon,202206,voluntaria,68
1368,castilla_y_leon,202205,voluntaria,56
1369,castilla_y_leon,202204,voluntaria,61
1370,castilla_y_leon,202203,voluntaria,70
1371,castilla_y_leon,202202,voluntaria,113
1372,castilla_y_leon,202201,voluntaria,165
1373,castilla_y_leon,202112,voluntaria,170
1374,castilla_y_leon,202111,voluntaria,68
1375,castilla_y_leon,202110,voluntaria,53
1376,castilla_y_leon,202109,voluntaria,51
1377,castilla_y_leon,202108,voluntaria,37
1378,castilla_y_leon,202107,voluntaria,57
1379,castilla_y_leon,202106,voluntaria,65
1380,castilla_y_leon,202105,voluntaria,68
1381,castilla_y_leon,202104,voluntaria,66
1382,castilla_y_leon,202103,voluntaria,97
1383,castilla_y_leon,202102,voluntaria,116
1384,castilla_y_leon,202101,voluntaria,129
1385,castilla_y_leon,202012,voluntaria,132
1386,castilla_y_leon,202011,voluntaria,68
1387,castilla_y_leon,202010,voluntaria,51
1388,castilla_y_leon,202009,voluntaria,54
1389,castilla_y_leon,202008,voluntaria,36
1390,castilla_y_leon,202007,voluntaria,65
1391,castilla_y_leon,202006,voluntaria,35
1392,castilla_y_leon,202005,voluntaria,11
1393,castilla_y_leon,202004,voluntaria,17
1394,castilla_y_leon,202003,voluntaria,48
1395,castilla_y_leon,202002,voluntaria,90
1396,castilla_y_leon,202001,voluntaria,181
1397,castilla_y_leon,201912,voluntaria,130
1398,castilla_y_leon,201911,voluntaria,76
1399,castilla_y_leon,201910,voluntaria,64
1400,castilla_y_leon,201909,voluntaria,57
1401,castilla_y_leon,201908,voluntaria,40
1402,castilla_y_leon,201907,voluntaria,50
1403,castilla_y_leon,201906,voluntaria,42
1404,castilla_y_leon,201905,voluntaria,65
1405,castilla_y_leon,201904,voluntaria,64
1406,castilla_y_leon,201903,voluntaria,71
1407,castilla_y_leon,201902,voluntaria,77
1408,castilla_y_leon,201901,voluntaria,159
1409,castilla_y_leon,201812,voluntaria,129
1410,castilla_y_leon,201811,voluntaria,79
1411,castilla_y_leon,201810,voluntaria,48
1412,castilla_y_leon,201809,voluntaria,41
1413,castilla_y_leon,201808,voluntaria,40
1414,castilla_y_leon,201807,voluntaria,39
1415,castilla_y_leon,201806,voluntaria,40
1416,castilla_y_leon,201805,voluntaria,61
1417,castilla_y_leon,201804,voluntaria,44
1418,castilla_y_leon,201803,voluntaria,65
1419,castilla_y_leon,201802,voluntaria,73
1420,castilla_y_leon,201801,voluntaria,144
1421,castilla_y_leon,201712,voluntaria,135
1422,castilla_y_leon,201711,voluntaria,71
1423,castilla_y_leon,201710,voluntaria,46
1424,castilla_y_leon,201709,voluntaria,43
1425,castilla_y_leon,201708,voluntaria,54
1426,castilla_y_leon,201707,voluntaria,40
1427,castilla_y_leon,201706,voluntaria,55
1428,castilla_y_leon,201705,voluntaria,61
1429,castilla_y_leon,201704,voluntaria,36
1430,castilla_y_leon,201703,voluntaria,69
1431,castilla_y_leon,201702,voluntaria,92
1432,castilla_y_leon,201701,voluntaria,149
1433,castilla_y_leon,201612,voluntaria,148
1434,castilla_y_leon,201611,voluntaria,91
1435,castilla_y_leon,201610,voluntaria,57
1436,castilla_y_leon,201609,voluntaria,60
1437,castilla_y_leon,201608,voluntaria,34
1438,castilla_y_leon,201607,voluntaria,50
1439,castilla_y_leon,201606,voluntaria,56
1440,castilla_y_leon,201605,voluntaria,51
1441,castilla_y_leon,201604,voluntaria,58
1442,castilla_y_leon,201603,voluntaria,69
1443,castilla_y_leon,201602,voluntaria,88
1444,castilla_y_leon,201601,voluntaria,142
1445,castilla_y_leon,201512,voluntaria,151
1446,castilla_y_leon,201511,voluntaria,65
1447,castilla_y_leon,201510,voluntaria,51
1448,castilla_y_leon,201509,voluntaria,55
1449,castilla_y_leon,201508,voluntaria,43
1450,castilla_y_leon,201507,voluntaria,61
1451,castilla_y_leon,201506,voluntaria,45
1452,castilla_y_leon,201505,voluntaria,54
1453,castilla_y_leon,201504,voluntaria,41
1454,castilla_y_leon,201503,voluntaria,82
1455,castilla_y_leon,201502,voluntaria,86
1456,castilla_y_leon,201501,voluntaria,115
1457,castilla_y_leon,201412,voluntaria,110
1458,castilla_y_leon,201411,voluntaria,59
1459,castilla_y_leon,201410,voluntaria,61
1460,castilla_y_leon,201409,voluntaria,52
1461,castilla_y_leon,201408,voluntaria,43
1462,castilla_y_leon,201407,voluntaria,55
1463,castilla_y_leon,201406,voluntaria,45
1464,castilla_y_leon,201405,voluntaria,54
1465,castilla_y_leon,201404,voluntaria,55
1466,castilla_y_leon,201403,voluntaria,84
1467,castilla_y_leon,201402,voluntaria,87
1468,castilla_y_leon,201401,voluntaria,146
1469,castilla_y_leon,201312,voluntaria,112
1470,castilla_y_leon,201311,voluntaria,89
1471,castilla_y_leon,201310,voluntaria,59
1472,castilla_y_leon,201309,voluntaria,58
1473,castilla_y_leon,201308,voluntaria,46
1474,castilla_y_leon,201307,voluntaria,63
1475,castilla_y_leon,201306,voluntaria,54
1476,castilla_y_leon,201305,voluntaria,76
1477,castilla_y_leon,201304,voluntaria,89
1478,castilla_y_leon,201303,voluntaria,78
1479,castilla_y_leon,201302,voluntaria,133
1480,castilla_y_leon,201301,voluntaria,175
1481,castilla_y_leon,201212,voluntaria,106
1482,castilla_y_leon,201211,voluntaria,84
1483,castilla_y_leon,201210,voluntaria,69
1484,castilla_y_leon,201209,voluntaria,51
1485,castilla_y_leon,201208,voluntaria,63
1486,castilla_y_leon,201207,voluntaria,61
1487,castilla_y_leon,201206,voluntaria,91
1488,castilla_y_leon,201205,voluntaria,85
1489,castilla_y_leon,201204,voluntaria,49
1490,castilla_y_leon,201203,voluntaria,85
1491,castilla_y_leon,201202,voluntaria,131
1492,castilla_y_leon,201201,voluntaria,102
1493,castilla_y_leon,201112,voluntaria,99
1494,castilla_y_leon,201111,voluntaria,75
1495,castilla_y_leon,201110,voluntaria,42
1496,castilla_y_leon,201109,voluntaria,57
1497,castilla_y_leon,201108,voluntaria,31
1498,castilla_y_leon,201107,voluntaria,52
1499,castilla_y_leon,201106,voluntaria,54
1500,castilla_y_leon,201105,voluntaria,63
1501,castilla_y_leon,201104,voluntaria,53
1502,castilla_y_leon,201103,voluntaria,87
1503,castilla_y_leon,201102,voluntaria,112
1504,castilla_y_leon,201101,voluntaria,130
1505,castilla_y_leon,201012,voluntaria,85
1506,castilla_y_leon,201011,voluntaria,58
1507,castilla_y_leon,201010,voluntaria,44
1508,castilla_y_leon,201009,voluntaria,38
1509,castilla_y_leon,201008,voluntaria,33
1510,castilla_y_leon,201007,voluntaria,31
1511,castilla_y_leon,201006,voluntaria,45
1512,castilla_y_leon,201005,voluntaria,44
1513,castilla_y_leon,201004,voluntaria,40
1514,castilla_y_leon,201003,voluntaria,66
1515,castilla_y_leon,201002,voluntaria,174
1516,castilla_y_leon,201001,voluntaria,147
1517,castilla_y_leon,200912,voluntaria,105
1518,castilla_y_leon,200911,voluntaria,43
1519,castilla_y_leon,200910,voluntaria,60
1520,castilla_y_leon,200909,voluntaria,55
1521,castilla_y_leon,200908,voluntaria,38
1522,castilla_y_leon,200907,voluntaria,47
1523,castilla_y_leon,200906,voluntaria,46
1524,castilla_y_leon,200905,voluntaria,63
1525,castilla_y_leon,200904,voluntaria,60
1526,castilla_y_leon,200903,voluntaria,54
1527,castilla_y_leon,200902,voluntaria,82
1528,castilla_y_leon,200901,voluntaria,99
1529,castilla_y_leon,200812,voluntaria,86
1530,castilla_y_leon,200811,voluntaria,62
1531,castilla_y_leon,200810,voluntaria,34
1532,castilla_y_leon,200809,voluntaria,43
1533,castilla_y_leon,200808,voluntaria,23
1534,castilla_y_leon,200807,voluntaria,43
1535,castilla_y_leon,200806,voluntaria,30
1536,castilla_y_leon,200805,voluntaria,40
1537,castilla_y_leon,200804,voluntaria,45
1538,castilla_y_leon,200803,voluntaria,51
1539,castilla_y_leon,200802,voluntaria,89
1540,castilla_y_leon,200801,voluntaria,102
1541,castilla_la_mancha,202604,voluntaria,42
1542,castilla_la_mancha,202603,voluntaria,49
1543,castilla_la_mancha,202602,voluntaria,52
1544,castilla_la_mancha,202601,voluntaria,65
1545,castilla_la_mancha,202512,voluntaria,67
1546,castilla_la_mancha,202511,voluntaria,49
1547,castilla_la_mancha,202510,voluntaria,34
1548,castilla_la_mancha,202509,voluntaria,41
1549,castilla_la_mancha,202508,voluntaria,21
1550,castilla_la_mancha,202507,voluntaria,25
1551,castilla_la_mancha,202506,voluntaria,25
1552,castilla_la_mancha,202505,voluntaria,35
1553,castilla_la_mancha,202504,voluntaria,37
1554,castilla_la_mancha,202503,voluntaria,40
1555,castilla_la_mancha,202502,voluntaria,36
1556,castilla_la_mancha,202501,voluntaria,51
1557,castilla_la_mancha,202412,voluntaria,87
1558,castilla_la_mancha,202411,voluntaria,35
1559,castilla_la_mancha,202410,voluntaria,29
1560,castilla_la_mancha,202409,voluntaria,26
1561,castilla_la_mancha,202408,voluntaria,20
1562,castilla_la_mancha,202407,voluntaria,24
1563,castilla_la_mancha,202406,voluntaria,18
1564,castilla_la_mancha,202405,voluntaria,12
1565,castilla_la_mancha,202404,voluntaria,30
1566,castilla_la_mancha,202403,voluntaria,28
1567,castilla_la_mancha,202402,voluntaria,45
1568,castilla_la_mancha,202401,voluntaria,87
1569,castilla_la_mancha,202312,voluntaria,40
1570,castilla_la_mancha,202311,voluntaria,29
1571,castilla_la_mancha,202310,voluntaria,21
1572,castilla_la_mancha,202309,voluntaria,13
1573,castilla_la_mancha,202308,voluntaria,16
1574,castilla_la_mancha,202307,voluntaria,12
1575,castilla_la_mancha,202306,voluntaria,33
1576,castilla_la_mancha,202305,voluntaria,30
1577,castilla_la_mancha,202304,voluntaria,23
1578,castilla_la_mancha,202303,voluntaria,23
1579,castilla_la_mancha,202302,voluntaria,29
1580,castilla_la_mancha,202301,voluntaria,46
1581,castilla_la_mancha,202212,voluntaria,40
1582,castilla_la_mancha,202211,voluntaria,31
1583,castilla_la_mancha,202210,voluntaria,19
1584,castilla_la_mancha,202209,voluntaria,24
1585,castilla_la_mancha,202208,voluntaria,14
1586,castilla_la_mancha,202207,voluntaria,29
1587,castilla_la_mancha,202206,voluntaria,23
1588,castilla_la_mancha,202205,voluntaria,16
1589,castilla_la_mancha,202204,voluntaria,35
1590,castilla_la_mancha,202203,voluntaria,35
1591,castilla_la_mancha,202202,voluntaria,33
1592,castilla_la_mancha,202201,voluntaria,43
1593,castilla_la_mancha,202112,voluntaria,44
1594,castilla_la_mancha,202111,voluntaria,20
1595,castilla_la_mancha,202110,voluntaria,20
1596,castilla_la_mancha,202109,voluntaria,18
1597,castilla_la_mancha,202108,voluntaria,20
1598,castilla_la_mancha,202107,voluntaria,22
1599,castilla_la_mancha,202106,voluntaria,30
1600,castilla_la_mancha,202105,voluntaria,19
1601,castilla_la_mancha,202104,voluntaria,33
1602,castilla_la_mancha,202103,voluntaria,44
1603,castilla_la_mancha,202102,voluntaria,29
1604,castilla_la_mancha,202101,voluntaria,55
1605,castilla_la_mancha,202012,voluntaria,43
1606,castilla_la_mancha,202011,voluntaria,35
1607,castilla_la_mancha,202010,voluntaria,21
1608,castilla_la_mancha,202009,voluntaria,23
1609,castilla_la_mancha,202008,voluntaria,12
1610,castilla_la_mancha,202007,voluntaria,16
1611,castilla_la_mancha,202006,voluntaria,12
1612,castilla_la_mancha,202005,voluntaria,2
1613,castilla_la_mancha,202004,voluntaria,5
1614,castilla_la_mancha,202003,voluntaria,25
1615,castilla_la_mancha,202002,voluntaria,25
1616,castilla_la_mancha,202001,voluntaria,51
1617,castilla_la_mancha,201912,voluntaria,62
1618,castilla_la_mancha,201911,voluntaria,30
1619,castilla_la_mancha,201910,voluntaria,25
1620,castilla_la_mancha,201909,voluntaria,12
1621,castilla_la_mancha,201908,voluntaria,10
1622,castilla_la_mancha,201907,voluntaria,15
1623,castilla_la_mancha,201906,voluntaria,16
1624,castilla_la_mancha,201905,voluntaria,26
1625,castilla_la_mancha,201904,voluntaria,22
1626,castilla_la_mancha,201903,voluntaria,19
1627,castilla_la_mancha,201902,voluntaria,31
1628,castilla_la_mancha,201901,voluntaria,54
1629,castilla_la_mancha,201812,voluntaria,39
1630,castilla_la_mancha,201811,voluntaria,20
1631,castilla_la_mancha,201810,voluntaria,25
1632,castilla_la_mancha,201809,voluntaria,10
1633,castilla_la_mancha,201808,voluntaria,23
1634,castilla_la_mancha,201807,voluntaria,19
1635,castilla_la_mancha,201806,voluntaria,18
1636,castilla_la_mancha,201805,voluntaria,22
1637,castilla_la_mancha,201804,voluntaria,26
1638,castilla_la_mancha,201803,voluntaria,30
1639,castilla_la_mancha,201802,voluntaria,34
1640,castilla_la_mancha,201801,voluntaria,67
1641,castilla_la_mancha,201712,voluntaria,36
1642,castilla_la_mancha,201711,voluntaria,18
1643,castilla_la_mancha,201710,voluntaria,19
1644,castilla_la_mancha,201709,voluntaria,15
1645,castilla_la_mancha,201708,voluntaria,17
1646,castilla_la_mancha,201707,voluntaria,14
1647,castilla_la_mancha,201706,voluntaria,13
1648,castilla_la_mancha,201705,voluntaria,19
1649,castilla_la_mancha,201704,voluntaria,13
1650,castilla_la_mancha,201703,voluntaria,22
1651,castilla_la_mancha,201702,voluntaria,26
1652,castilla_la_mancha,201701,voluntaria,36
1653,castilla_la_mancha,201612,voluntaria,25
1654,castilla_la_mancha,201611,voluntaria,27
1655,castilla_la_mancha,201610,voluntaria,11
1656,castilla_la_mancha,201609,voluntaria,11
1657,castilla_la_mancha,201608,voluntaria,15
1658,castilla_la_mancha,201607,voluntaria,16
1659,castilla_la_mancha,201606,voluntaria,21
1660,castilla_la_mancha,201605,voluntaria,15
1661,castilla_la_mancha,201604,voluntaria,15
1662,castilla_la_mancha,201603,voluntaria,20
1663,castilla_la_mancha,201602,voluntaria,32
1664,castilla_la_mancha,201601,voluntaria,37
1665,castilla_la_mancha,201512,voluntaria,43
1666,castilla_la_mancha,201511,voluntaria,19
1667,castilla_la_mancha,201510,voluntaria,18
1668,castilla_la_mancha,201509,voluntaria,14
1669,castilla_la_mancha,201508,voluntaria,12
1670,castilla_la_mancha,201507,voluntaria,17
1671,castilla_la_mancha,201506,voluntaria,15
1672,castilla_la_mancha,201505,voluntaria,12
1673,castilla_la_mancha,201504,voluntaria,22
1674,castilla_la_mancha,201503,voluntaria,13
1675,castilla_la_mancha,201502,voluntaria,24
1676,castilla_la_mancha,201501,voluntaria,44
1677,castilla_la_mancha,201412,voluntaria,36
1678,castilla_la_mancha,201411,voluntaria,20
1679,castilla_la_mancha,201410,voluntaria,19
1680,castilla_la_mancha,201409,voluntaria,15
1681,castilla_la_mancha,201408,voluntaria,10
1682,castilla_la_mancha,201407,voluntaria,15
1683,castilla_la_mancha,201406,voluntaria,13
1684,castilla_la_mancha,201405,voluntaria,28
1685,castilla_la_mancha,201404,voluntaria,19
1686,castilla_la_mancha,201403,voluntaria,19
1687,castilla_la_mancha,201402,voluntaria,36
1688,castilla_la_mancha,201401,voluntaria,35
1689,castilla_la_mancha,201312,voluntaria,47
1690,castilla_la_mancha,201311,voluntaria,28
1691,castilla_la_mancha,201310,voluntaria,21
1692,castilla_la_mancha,201309,voluntaria,25
1693,castilla_la_mancha,201308,voluntaria,23
1694,castilla_la_mancha,201307,voluntaria,27
1695,castilla_la_mancha,201306,voluntaria,25
1696,castilla_la_mancha,201305,voluntaria,24
1697,castilla_la_mancha,201304,voluntaria,33
1698,castilla_la_mancha,201303,voluntaria,37
1699,castilla_la_mancha,201302,voluntaria,40
1700,castilla_la_mancha,201301,voluntaria,59
1701,castilla_la_mancha,201212,voluntaria,30
1702,castilla_la_mancha,201211,voluntaria,28
1703,castilla_la_mancha,201210,voluntaria,26
1704,castilla_la_mancha,201209,voluntaria,12
1705,castilla_la_mancha,201208,voluntaria,22
1706,castilla_la_mancha,201207,voluntaria,25
1707,castilla_la_mancha,201206,voluntaria,16
1708,castilla_la_mancha,201205,voluntaria,25
1709,castilla_la_mancha,201204,voluntaria,22
1710,castilla_la_mancha,201203,voluntaria,28
1711,castilla_la_mancha,201202,voluntaria,40
1712,castilla_la_mancha,201201,voluntaria,62
1713,castilla_la_mancha,201112,voluntaria,22
1714,castilla_la_mancha,201111,voluntaria,28
1715,castilla_la_mancha,201110,voluntaria,12
1716,castilla_la_mancha,201109,voluntaria,19
1717,castilla_la_mancha,201108,voluntaria,10
1718,castilla_la_mancha,201107,voluntaria,17
1719,castilla_la_mancha,201106,voluntaria,10
1720,castilla_la_mancha,201105,voluntaria,15
1721,castilla_la_mancha,201104,voluntaria,24
1722,castilla_la_mancha,201103,voluntaria,31
1723,castilla_la_mancha,201102,voluntaria,28
1724,castilla_la_mancha,201101,voluntaria,32
1725,castilla_la_mancha,201012,voluntaria,48
1726,castilla_la_mancha,201011,voluntaria,16
1727,castilla_la_mancha,201010,voluntaria,17
1728,castilla_la_mancha,201009,voluntaria,11
1729,castilla_la_mancha,201008,voluntaria,11
1730,castilla_la_mancha,201007,voluntaria,15
1731,castilla_la_mancha,201006,voluntaria,24
1732,castilla_la_mancha,201005,voluntaria,14
1733,castilla_la_mancha,201004,voluntaria,22
1734,castilla_la_mancha,201003,voluntaria,31
1735,castilla_la_mancha,201002,voluntaria,26
1736,castilla_la_mancha,201001,voluntaria,21
1737,castilla_la_mancha,200912,voluntaria,41
1738,castilla_la_mancha,200911,voluntaria,34
1739,castilla_la_mancha,200910,voluntaria,20
1740,castilla_la_mancha,200909,voluntaria,18
1741,castilla_la_mancha,200908,voluntaria,24
1742,castilla_la_mancha,200907,voluntaria,25
1743,castilla_la_mancha,200906,voluntaria,17
1744,castilla_la_mancha,200905,voluntaria,11
1745,castilla_la_mancha,200904,voluntaria,26
1746,castilla_la_mancha,200903,voluntaria,26
1747,castilla_la_mancha,200902,voluntaria,39
1748,castilla_la_mancha,200901,voluntaria,51
1749,castilla_la_mancha,200812,voluntaria,33
1750,castilla_la_mancha,200811,voluntaria,13
1751,castilla_la_mancha,200810,voluntaria,21
1752,castilla_la_mancha,200809,voluntaria,8
1753,castilla_la_mancha,200808,voluntaria,18
1754,castilla_la_mancha,200807,voluntaria,27
1755,castilla_la_mancha,200806,voluntaria,20
1756,castilla_la_mancha,200805,voluntaria,16
1757,castilla_la_mancha,200804,voluntaria,27
1758,castilla_la_mancha,200803,voluntaria,15
1759,castilla_la_mancha,200802,voluntaria,41
1760,castilla_la_mancha,200801,voluntaria,24
1761,cataluna,202604,voluntaria,93
1762,cataluna,202603,voluntaria,119
1763,cataluna,202602,voluntaria,148
1764,cataluna,202601,voluntaria,298
1765,cataluna,202512,voluntaria,198
1766,cataluna,202511,voluntaria,128
1767,cataluna,202510,voluntaria,81
1768,cataluna,202509,voluntaria,93
1769,cataluna,202508,voluntaria,59
1770,cataluna,202507,voluntaria,77
1771,cataluna,202506,voluntaria,73
1772,cataluna,202505,voluntaria,91
1773,cataluna,202504,voluntaria,69
1774,cataluna,202503,voluntaria,78
1775,cataluna,202502,voluntaria,121
1776,cataluna,202501,voluntaria,294
1777,cataluna,202412,voluntaria,153
1778,cataluna,202411,voluntaria,120
1779,cataluna,202410,voluntaria,84
1780,cataluna,202409,voluntaria,67
1781,cataluna,202408,voluntaria,86
1782,cataluna,202407,voluntaria,86
1783,cataluna,202406,voluntaria,86
1784,cataluna,202405,voluntaria,72
1785,cataluna,202404,voluntaria,109
1786,cataluna,202403,voluntaria,95
1787,cataluna,202402,voluntaria,120
1788,cataluna,202401,voluntaria,295
1789,cataluna,202312,voluntaria,164
1790,cataluna,202311,voluntaria,114
1791,cataluna,202310,voluntaria,82
1792,cataluna,202309,voluntaria,59
1793,cataluna,202308,voluntaria,86
1794,cataluna,202307,voluntaria,82
1795,cataluna,202306,voluntaria,85
1796,cataluna,202305,voluntaria,113
1797,cataluna,202304,voluntaria,93
1798,cataluna,202303,voluntaria,92
1799,cataluna,202302,voluntaria,132
1800,cataluna,202301,voluntaria,229
1801,cataluna,202212,voluntaria,157
1802,cataluna,202211,voluntaria,127
1803,cataluna,202210,voluntaria,79
1804,cataluna,202209,voluntaria,59
1805,cataluna,202208,voluntaria,87
1806,cataluna,202207,voluntaria,66
1807,cataluna,202206,voluntaria,62
1808,cataluna,202205,voluntaria,97
1809,cataluna,202204,voluntaria,87
1810,cataluna,202203,voluntaria,164
1811,cataluna,202202,voluntaria,173
1812,cataluna,202201,voluntaria,259
1813,cataluna,202112,voluntaria,173
1814,cataluna,202111,voluntaria,113
1815,cataluna,202110,voluntaria,90
1816,cataluna,202109,voluntaria,54
1817,cataluna,202108,voluntaria,88
1818,cataluna,202107,voluntaria,66
1819,cataluna,202106,voluntaria,67
1820,cataluna,202105,voluntaria,85
1821,cataluna,202104,voluntaria,97
1822,cataluna,202103,voluntaria,119
1823,cataluna,202102,voluntaria,154
1824,cataluna,202101,voluntaria,185
1825,cataluna,202012,voluntaria,165
1826,cataluna,202011,voluntaria,117
1827,cataluna,202010,voluntaria,84
1828,cataluna,202009,voluntaria,64
1829,cataluna,202008,voluntaria,59
1830,cataluna,202007,voluntaria,65
1831,cataluna,202006,voluntaria,50
1832,cataluna,202005,voluntaria,33
1833,cataluna,202004,voluntaria,33
1834,cataluna,202003,voluntaria,82
1835,cataluna,202002,voluntaria,112
1836,cataluna,202001,voluntaria,203
1837,cataluna,201912,voluntaria,169
1838,cataluna,201911,voluntaria,102
1839,cataluna,201910,voluntaria,87
1840,cataluna,201909,voluntaria,47
1841,cataluna,201908,voluntaria,64
1842,cataluna,201907,voluntaria,63
1843,cataluna,201906,voluntaria,74
1844,cataluna,201905,voluntaria,99
1845,cataluna,201904,voluntaria,80
1846,cataluna,201903,voluntaria,94
1847,cataluna,201902,voluntaria,107
1848,cataluna,201901,voluntaria,215
1849,cataluna,201812,voluntaria,151
1850,cataluna,201811,voluntaria,123
1851,cataluna,201810,voluntaria,71
1852,cataluna,201809,voluntaria,53
1853,cataluna,201808,voluntaria,78
1854,cataluna,201807,voluntaria,70
1855,cataluna,201806,voluntaria,72
1856,cataluna,201805,voluntaria,79
1857,cataluna,201804,voluntaria,78
1858,cataluna,201803,voluntaria,109
1859,cataluna,201802,voluntaria,136
1860,cataluna,201801,voluntaria,220
1861,cataluna,201712,voluntaria,160
1862,cataluna,201711,voluntaria,92
1863,cataluna,201710,voluntaria,65
1864,cataluna,201709,voluntaria,56
1865,cataluna,201708,voluntaria,66
1866,cataluna,201707,voluntaria,76
1867,cataluna,201706,voluntaria,69
1868,cataluna,201705,voluntaria,102
1869,cataluna,201704,voluntaria,61
1870,cataluna,201703,voluntaria,109
1871,cataluna,201702,voluntaria,118
1872,cataluna,201701,voluntaria,210
1873,cataluna,201612,voluntaria,182
1874,cataluna,201611,voluntaria,101
1875,cataluna,201610,voluntaria,59
1876,cataluna,201609,voluntaria,68
1877,cataluna,201608,voluntaria,83
1878,cataluna,201607,voluntaria,69
1879,cataluna,201606,voluntaria,83
1880,cataluna,201605,voluntaria,76
1881,cataluna,201604,voluntaria,100
1882,cataluna,201603,voluntaria,109
1883,cataluna,201602,voluntaria,124
1884,cataluna,201601,voluntaria,165
1885,cataluna,201512,voluntaria,188
1886,cataluna,201511,voluntaria,110
1887,cataluna,201510,voluntaria,79
1888,cataluna,201509,voluntaria,59
1889,cataluna,201508,voluntaria,75
1890,cataluna,201507,voluntaria,79
1891,cataluna,201506,voluntaria,74
1892,cataluna,201505,voluntaria,88
1893,cataluna,201504,voluntaria,68
1894,cataluna,201503,voluntaria,116
1895,cataluna,201502,voluntaria,134
1896,cataluna,201501,voluntaria,190
1897,cataluna,201412,voluntaria,193
1898,cataluna,201411,voluntaria,129
1899,cataluna,201410,voluntaria,93
1900,cataluna,201409,voluntaria,65
1901,cataluna,201408,voluntaria,77
1902,cataluna,201407,voluntaria,84
1903,cataluna,201406,voluntaria,68
1904,cataluna,201405,voluntaria,86
1905,cataluna,201404,voluntaria,90
1906,cataluna,201403,voluntaria,126
1907,cataluna,201402,voluntaria,112
1908,cataluna,201401,voluntaria,235
1909,cataluna,201312,voluntaria,136
1910,cataluna,201311,voluntaria,136
1911,cataluna,201310,voluntaria,124
1912,cataluna,201309,voluntaria,77
1913,cataluna,201308,voluntaria,100
1914,cataluna,201307,voluntaria,133
1915,cataluna,201306,voluntaria,91
1916,cataluna,201305,voluntaria,114
1917,cataluna,201304,voluntaria,135
1918,cataluna,201303,voluntaria,118
1919,cataluna,201302,voluntaria,127
1920,cataluna,201301,voluntaria,267
1921,cataluna,201212,voluntaria,154
1922,cataluna,201211,voluntaria,118
1923,cataluna,201210,voluntaria,111
1924,cataluna,201209,voluntaria,82
1925,cataluna,201208,voluntaria,103
1926,cataluna,201207,voluntaria,137
1927,cataluna,201206,voluntaria,84
1928,cataluna,201205,voluntaria,104
1929,cataluna,201204,voluntaria,113
1930,cataluna,201203,voluntaria,132
1931,cataluna,201202,voluntaria,145
1932,cataluna,201201,voluntaria,229
1933,cataluna,201112,voluntaria,178
1934,cataluna,201111,voluntaria,132
1935,cataluna,201110,voluntaria,101
1936,cataluna,201109,voluntaria,79
1937,cataluna,201108,voluntaria,112
1938,cataluna,201107,voluntaria,107
1939,cataluna,201106,voluntaria,99
1940,cataluna,201105,voluntaria,120
1941,cataluna,201104,voluntaria,91
1942,cataluna,201103,voluntaria,153
1943,cataluna,201102,voluntaria,167
1944,cataluna,201101,voluntaria,228
1945,cataluna,201012,voluntaria,205
1946,cataluna,201011,voluntaria,140
1947,cataluna,201010,voluntaria,103
1948,cataluna,201009,voluntaria,100
1949,cataluna,201008,voluntaria,98
1950,cataluna,201007,voluntaria,93
1951,cataluna,201006,voluntaria,109
1952,cataluna,201005,voluntaria,102
1953,cataluna,201004,voluntaria,121
1954,cataluna,201003,voluntaria,135
1955,cataluna,201002,voluntaria,168
1956,cataluna,201001,voluntaria,247
1957,cataluna,200912,voluntaria,234
1958,cataluna,200911,voluntaria,117
1959,cataluna,200910,voluntaria,123
1960,cataluna,200909,voluntaria,96
1961,cataluna,200908,voluntaria,108
1962,cataluna,200907,voluntaria,103
1963,cataluna,200906,voluntaria,130
1964,cataluna,200905,voluntaria,117
1965,cataluna,200904,voluntaria,140
1966,cataluna,200903,voluntaria,156
1967,cataluna,200902,voluntaria,158
1968,cataluna,200901,voluntaria,224
1969,cataluna,200812,voluntaria,213
1970,cataluna,200811,voluntaria,117
1971,cataluna,200810,voluntaria,100
1972,cataluna,200809,voluntaria,83
1973,cataluna,200808,voluntaria,90
1974,cataluna,200807,voluntaria,99
1975,cataluna,200806,voluntaria,86
1976,cataluna,200805,voluntaria,125
1977,cataluna,200804,voluntaria,110
1978,cataluna,200803,voluntaria,125
1979,cataluna,200802,voluntaria,131
1980,cataluna,200801,voluntaria,248
1981,comunitat_valenciana,202604,voluntaria,135
1982,comunitat_valenciana,202603,voluntaria,124
1983,comunitat_valenciana,202602,voluntaria,174
1984,comunitat_valenciana,202601,voluntaria,248
1985,comunitat_valenciana,202512,voluntaria,184
1986,comunitat_valenciana,202511,voluntaria,144
1987,comunitat_valenciana,202510,voluntaria,113
1988,comunitat_valenciana,202509,voluntaria,97
1989,comunitat_valenciana,202508,voluntaria,77
1990,comunitat_valenciana,202507,voluntaria,92
1991,comunitat_valenciana,202506,voluntaria,67
1992,comunitat_valenciana,202505,voluntaria,121
1993,comunitat_valenciana,202504,voluntaria,101
1994,comunitat_valenciana,202503,voluntaria,106
1995,comunitat_valenciana,202502,voluntaria,134
1996,comunitat_valenciana,202501,voluntaria,255
1997,comunitat_valenciana,202412,voluntaria,155
1998,comunitat_valenciana,202411,voluntaria,140
1999,comunitat_valenciana,202410,voluntaria,106
2000,comunitat_valenciana,202409,voluntaria,92
2001,comunitat_valenciana,202408,voluntaria,62
2002,comunitat_valenciana,202407,voluntaria,58
2003,comunitat_valenciana,202406,voluntaria,70
2004,comunitat_valenciana,202405,voluntaria,76
2005,comunitat_valenciana,202404,voluntaria,112
2006,comunitat_valenciana,202403,voluntaria,108
2007,comunitat_valenciana,202402,voluntaria,135
2008,comunitat_valenciana,202401,voluntaria,242
2009,comunitat_valenciana,202312,voluntaria,130
2010,comunitat_valenciana,202311,voluntaria,115
2011,comunitat_valenciana,202310,voluntaria,90
2012,comunitat_valenciana,202309,voluntaria,73
2013,comunitat_valenciana,202308,voluntaria,68
2014,comunitat_valenciana,202307,voluntaria,70
2015,comunitat_valenciana,202306,voluntaria,88
2016,comunitat_valenciana,202305,voluntaria,116
2017,comunitat_valenciana,202304,voluntaria,79
2018,comunitat_valenciana,202303,voluntaria,127
2019,comunitat_valenciana,202302,voluntaria,162
2020,comunitat_valenciana,202301,voluntaria,269
2021,comunitat_valenciana,202212,voluntaria,186
2022,comunitat_valenciana,202211,voluntaria,159
2023,comunitat_valenciana,202210,voluntaria,76
2024,comunitat_valenciana,202209,voluntaria,69
2025,comunitat_valenciana,202208,voluntaria,81
2026,comunitat_valenciana,202207,voluntaria,98
2027,comunitat_valenciana,202206,voluntaria,68
2028,comunitat_valenciana,202205,voluntaria,88
2029,comunitat_valenciana,202204,voluntaria,77
2030,comunitat_valenciana,202203,voluntaria,120
2031,comunitat_valenciana,202202,voluntaria,112
2032,comunitat_valenciana,202201,voluntaria,305
2033,comunitat_valenciana,202112,voluntaria,138
2034,comunitat_valenciana,202111,voluntaria,139
2035,comunitat_valenciana,202110,voluntaria,88
2036,comunitat_valenciana,202109,voluntaria,89
2037,comunitat_valenciana,202108,voluntaria,80
2038,comunitat_valenciana,202107,voluntaria,73
2039,comunitat_valenciana,202106,voluntaria,72
2040,comunitat_valenciana,202105,voluntaria,99
2041,comunitat_valenciana,202104,voluntaria,98
2042,comunitat_valenciana,202103,voluntaria,93
2043,comunitat_valenciana,202102,voluntaria,140
2044,comunitat_valenciana,202101,voluntaria,222
2045,comunitat_valenciana,202012,voluntaria,160
2046,comunitat_valenciana,202011,voluntaria,85
2047,comunitat_valenciana,202010,voluntaria,94
2048,comunitat_valenciana,202009,voluntaria,79
2049,comunitat_valenciana,202008,voluntaria,63
2050,comunitat_valenciana,202007,voluntaria,89
2051,comunitat_valenciana,202006,voluntaria,54
2052,comunitat_valenciana,202005,voluntaria,29
2053,comunitat_valenciana,202004,voluntaria,30
2054,comunitat_valenciana,202003,voluntaria,77
2055,comunitat_valenciana,202002,voluntaria,113
2056,comunitat_valenciana,202001,voluntaria,230
2057,comunitat_valenciana,201912,voluntaria,144
2058,comunitat_valenciana,201911,voluntaria,92
2059,comunitat_valenciana,201910,voluntaria,86
2060,comunitat_valenciana,201909,voluntaria,66
2061,comunitat_valenciana,201908,voluntaria,58
2062,comunitat_valenciana,201907,voluntaria,83
2063,comunitat_valenciana,201906,voluntaria,47
2064,comunitat_valenciana,201905,voluntaria,86
2065,comunitat_valenciana,201904,voluntaria,101
2066,comunitat_valenciana,201903,voluntaria,72
2067,comunitat_valenciana,201902,voluntaria,116
2068,comunitat_valenciana,201901,voluntaria,246
2069,comunitat_valenciana,201812,voluntaria,133
2070,comunitat_valenciana,201811,voluntaria,81
2071,comunitat_valenciana,201810,voluntaria,61
2072,comunitat_valenciana,201809,voluntaria,55
2073,comunitat_valenciana,201808,voluntaria,72
2074,comunitat_valenciana,201807,voluntaria,82
2075,comunitat_valenciana,201806,voluntaria,54
2076,comunitat_valenciana,201805,voluntaria,65
2077,comunitat_valenciana,201804,voluntaria,70
2078,comunitat_valenciana,201803,voluntaria,88
2079,comunitat_valenciana,201802,voluntaria,105
2080,comunitat_valenciana,201801,voluntaria,248
2081,comunitat_valenciana,201712,voluntaria,133
2082,comunitat_valenciana,201711,voluntaria,97
2083,comunitat_valenciana,201710,voluntaria,66
2084,comunitat_valenciana,201709,voluntaria,69
2085,comunitat_valenciana,201708,voluntaria,50
2086,comunitat_valenciana,201707,voluntaria,58
2087,comunitat_valenciana,201706,voluntaria,60
2088,comunitat_valenciana,201705,voluntaria,76
2089,comunitat_valenciana,201704,voluntaria,51
2090,comunitat_valenciana,201703,voluntaria,96
2091,comunitat_valenciana,201702,voluntaria,106
2092,comunitat_valenciana,201701,voluntaria,234
2093,comunitat_valenciana,201612,voluntaria,113
2094,comunitat_valenciana,201611,voluntaria,93
2095,comunitat_valenciana,201610,voluntaria,78
2096,comunitat_valenciana,201609,voluntaria,59
2097,comunitat_valenciana,201608,voluntaria,55
2098,comunitat_valenciana,201607,voluntaria,59
2099,comunitat_valenciana,201606,voluntaria,63
2100,comunitat_valenciana,201605,voluntaria,87
2101,comunitat_valenciana,201604,voluntaria,84
2102,comunitat_valenciana,201603,voluntaria,74
2103,comunitat_valenciana,201602,voluntaria,116
2104,comunitat_valenciana,201601,voluntaria,218
2105,comunitat_valenciana,201512,voluntaria,122
2106,comunitat_valenciana,201511,voluntaria,96
2107,comunitat_valenciana,201510,voluntaria,52
2108,comunitat_valenciana,201509,voluntaria,84
2109,comunitat_valenciana,201508,voluntaria,67
2110,comunitat_valenciana,201507,voluntaria,73
2111,comunitat_valenciana,201506,voluntaria,57
2112,comunitat_valenciana,201505,voluntaria,70
2113,comunitat_valenciana,201504,voluntaria,66
2114,comunitat_valenciana,201503,voluntaria,77
2115,comunitat_valenciana,201502,voluntaria,107
2116,comunitat_valenciana,201501,voluntaria,167
2117,comunitat_valenciana,201412,voluntaria,128
2118,comunitat_valenciana,201411,voluntaria,90
2119,comunitat_valenciana,201410,voluntaria,85
2120,comunitat_valenciana,201409,voluntaria,59
2121,comunitat_valenciana,201408,voluntaria,66
2122,comunitat_valenciana,201407,voluntaria,72
2123,comunitat_valenciana,201406,voluntaria,66
2124,comunitat_valenciana,201405,voluntaria,57
2125,comunitat_valenciana,201404,voluntaria,68
2126,comunitat_valenciana,201403,voluntaria,97
2127,comunitat_valenciana,201402,voluntaria,105
2128,comunitat_valenciana,201401,voluntaria,211
2129,comunitat_valenciana,201312,voluntaria,123
2130,comunitat_valenciana,201311,voluntaria,112
2131,comunitat_valenciana,201310,voluntaria,57
2132,comunitat_valenciana,201309,voluntaria,63
2133,comunitat_valenciana,201308,voluntaria,74
2134,comunitat_valenciana,201307,voluntaria,80
2135,comunitat_valenciana,201306,voluntaria,81
2136,comunitat_valenciana,201305,voluntaria,113
2137,comunitat_valenciana,201304,voluntaria,90
2138,comunitat_valenciana,201303,voluntaria,125
2139,comunitat_valenciana,201302,voluntaria,170
2140,comunitat_valenciana,201301,voluntaria,242
2141,comunitat_valenciana,201212,voluntaria,140
2142,comunitat_valenciana,201211,voluntaria,115
2143,comunitat_valenciana,201210,voluntaria,79
2144,comunitat_valenciana,201209,voluntaria,80
2145,comunitat_valenciana,201208,voluntaria,73
2146,comunitat_valenciana,201207,voluntaria,88
2147,comunitat_valenciana,201206,voluntaria,73
2148,comunitat_valenciana,201205,voluntaria,93
2149,comunitat_valenciana,201204,voluntaria,80
2150,comunitat_valenciana,201203,voluntaria,109
2151,comunitat_valenciana,201202,voluntaria,130
2152,comunitat_valenciana,201201,voluntaria,216
2153,comunitat_valenciana,201112,voluntaria,102
2154,comunitat_valenciana,201111,voluntaria,120
2155,comunitat_valenciana,201110,voluntaria,70
2156,comunitat_valenciana,201109,voluntaria,76
2157,comunitat_valenciana,201108,voluntaria,60
2158,comunitat_valenciana,201107,voluntaria,68
2159,comunitat_valenciana,201106,voluntaria,81
2160,comunitat_valenciana,201105,voluntaria,103
2161,comunitat_valenciana,201104,voluntaria,53
2162,comunitat_valenciana,201103,voluntaria,98
2163,comunitat_valenciana,201102,voluntaria,151
2164,comunitat_valenciana,201101,voluntaria,197
2165,comunitat_valenciana,201012,voluntaria,161
2166,comunitat_valenciana,201011,voluntaria,78
2167,comunitat_valenciana,201010,voluntaria,68
2168,comunitat_valenciana,201009,voluntaria,74
2169,comunitat_valenciana,201008,voluntaria,63
2170,comunitat_valenciana,201007,voluntaria,85
2171,comunitat_valenciana,201006,voluntaria,80
2172,comunitat_valenciana,201005,voluntaria,81
2173,comunitat_valenciana,201004,voluntaria,92
2174,comunitat_valenciana,201003,voluntaria,128
2175,comunitat_valenciana,201002,voluntaria,139
2176,comunitat_valenciana,201001,voluntaria,204
2177,comunitat_valenciana,200912,voluntaria,161
2178,comunitat_valenciana,200911,voluntaria,129
2179,comunitat_valenciana,200910,voluntaria,73
2180,comunitat_valenciana,200909,voluntaria,73
2181,comunitat_valenciana,200908,voluntaria,75
2182,comunitat_valenciana,200907,voluntaria,76
2183,comunitat_valenciana,200906,voluntaria,76
2184,comunitat_valenciana,200905,voluntaria,83
2185,comunitat_valenciana,200904,voluntaria,57
2186,comunitat_valenciana,200903,voluntaria,117
2187,comunitat_valenciana,200902,voluntaria,173
2188,comunitat_valenciana,200901,voluntaria,202
2189,comunitat_valenciana,200812,voluntaria,140
2190,comunitat_valenciana,200811,voluntaria,125
2191,comunitat_valenciana,200810,voluntaria,95
2192,comunitat_valenciana,200809,voluntaria,95
2193,comunitat_valenciana,200808,voluntaria,36
2194,comunitat_valenciana,200807,voluntaria,77
2195,comunitat_valenciana,200806,voluntaria,54
2196,comunitat_valenciana,200805,voluntaria,88
2197,comunitat_valenciana,200804,voluntaria,94
2198,comunitat_valenciana,200803,voluntaria,81
2199,comunitat_valenciana,200802,voluntaria,165
2200,comunitat_valenciana,200801,voluntaria,275
2201,extremadura,202604,voluntaria,42
2202,extremadura,202603,voluntaria,36
2203,extremadura,202602,voluntaria,36
2204,extremadura,202601,voluntaria,29
2205,extremadura,202512,voluntaria,52
2206,extremadura,202511,voluntaria,31
2207,extremadura,202510,voluntaria,31
2208,extremadura,202509,voluntaria,10
2209,extremadura,202508,voluntaria,14
2210,extremadura,202507,voluntaria,16
2211,extremadura,202506,voluntaria,34
2212,extremadura,202505,voluntaria,19
2213,extremadura,202504,voluntaria,16
2214,extremadura,202503,voluntaria,16
2215,extremadura,202502,voluntaria,35
2216,extremadura,202501,voluntaria,43
2217,extremadura,202412,voluntaria,40
2218,extremadura,202411,voluntaria,34
2219,extremadura,202410,voluntaria,28
2220,extremadura,202409,voluntaria,15
2221,extremadura,202408,voluntaria,13
2222,extremadura,202407,voluntaria,21
2223,extremadura,202406,voluntaria,10
2224,extremadura,202405,voluntaria,24
2225,extremadura,202404,voluntaria,19
2226,extremadura,202403,voluntaria,25
2227,extremadura,202402,voluntaria,30
2228,extremadura,202401,voluntaria,52
2229,extremadura,202312,voluntaria,35
2230,extremadura,202311,voluntaria,27
2231,extremadura,202310,voluntaria,21
2232,extremadura,202309,voluntaria,18
2233,extremadura,202308,voluntaria,12
2234,extremadura,202307,voluntaria,16
2235,extremadura,202306,voluntaria,23
2236,extremadura,202305,voluntaria,15
2237,extremadura,202304,voluntaria,21
2238,extremadura,202303,voluntaria,30
2239,extremadura,202302,voluntaria,24
2240,extremadura,202301,voluntaria,54
2241,extremadura,202212,voluntaria,34
2242,extremadura,202211,voluntaria,36
2243,extremadura,202210,voluntaria,28
2244,extremadura,202209,voluntaria,13
2245,extremadura,202208,voluntaria,14
2246,extremadura,202207,voluntaria,20
2247,extremadura,202206,voluntaria,22
2248,extremadura,202205,voluntaria,18
2249,extremadura,202204,voluntaria,17
2250,extremadura,202203,voluntaria,21
2251,extremadura,202202,voluntaria,38
2252,extremadura,202201,voluntaria,44
2253,extremadura,202112,voluntaria,45
2254,extremadura,202111,voluntaria,24
2255,extremadura,202110,voluntaria,21
2256,extremadura,202109,voluntaria,19
2257,extremadura,202108,voluntaria,22
2258,extremadura,202107,voluntaria,21
2259,extremadura,202106,voluntaria,22
2260,extremadura,202105,voluntaria,25
2261,extremadura,202104,voluntaria,21
2262,extremadura,202103,voluntaria,19
2263,extremadura,202102,voluntaria,17
2264,extremadura,202101,voluntaria,36
2265,extremadura,202012,voluntaria,42
2266,extremadura,202011,voluntaria,29
2267,extremadura,202010,voluntaria,33
2268,extremadura,202009,voluntaria,17
2269,extremadura,202008,voluntaria,16
2270,extremadura,202007,voluntaria,22
2271,extremadura,202006,voluntaria,13
2272,extremadura,202005,voluntaria,5
2273,extremadura,202004,voluntaria,6
2274,extremadura,202003,voluntaria,12
2275,extremadura,202002,voluntaria,28
2276,extremadura,202001,voluntaria,41
2277,extremadura,201912,voluntaria,33
2278,extremadura,201911,voluntaria,22
2279,extremadura,201910,voluntaria,24
2280,extremadura,201909,voluntaria,9
2281,extremadura,201908,voluntaria,9
2282,extremadura,201907,voluntaria,20
2283,extremadura,201906,voluntaria,11
2284,extremadura,201905,voluntaria,16
2285,extremadura,201904,voluntaria,17
2286,extremadura,201903,voluntaria,19
2287,extremadura,201902,voluntaria,48
2288,extremadura,201901,voluntaria,34
2289,extremadura,201812,voluntaria,42
2290,extremadura,201811,voluntaria,24
2291,extremadura,201810,voluntaria,27
2292,extremadura,201809,voluntaria,14
2293,extremadura,201808,voluntaria,15
2294,extremadura,201807,voluntaria,22
2295,extremadura,201806,voluntaria,11
2296,extremadura,201805,voluntaria,15
2297,extremadura,201804,voluntaria,15
2298,extremadura,201803,voluntaria,19
2299,extremadura,201802,voluntaria,16
2300,extremadura,201801,voluntaria,44
2301,extremadura,201712,voluntaria,43
2302,extremadura,201711,voluntaria,29
2303,extremadura,201710,voluntaria,30
2304,extremadura,201709,voluntaria,16
2305,extremadura,201708,voluntaria,18
2306,extremadura,201707,voluntaria,20
2307,extremadura,201706,voluntaria,20
2308,extremadura,201705,voluntaria,14
2309,extremadura,201704,voluntaria,17
2310,extremadura,201703,voluntaria,25
2311,extremadura,201702,voluntaria,27
2312,extremadura,201701,voluntaria,46
2313,extremadura,201612,voluntaria,25
2314,extremadura,201611,voluntaria,21
2315,extremadura,201610,voluntaria,14
2316,extremadura,201609,voluntaria,12
2317,extremadura,201608,voluntaria,9
2318,extremadura,201607,voluntaria,15
2319,extremadura,201606,voluntaria,16
2320,extremadura,201605,voluntaria,18
2321,extremadura,201604,voluntaria,21
2322,extremadura,201603,voluntaria,23
2323,extremadura,201602,voluntaria,29
2324,extremadura,201601,voluntaria,45
2325,extremadura,201512,voluntaria,19
2326,extremadura,201511,voluntaria,11
2327,extremadura,201510,voluntaria,21
2328,extremadura,201509,voluntaria,9
2329,extremadura,201508,voluntaria,7
2330,extremadura,201507,voluntaria,21
2331,extremadura,201506,voluntaria,16
2332,extremadura,201505,voluntaria,13
2333,extremadura,201504,voluntaria,21
2334,extremadura,201503,voluntaria,13
2335,extremadura,201502,voluntaria,29
2336,extremadura,201501,voluntaria,32
2337,extremadura,201412,voluntaria,30
2338,extremadura,201411,voluntaria,17
2339,extremadura,201410,voluntaria,7
2340,extremadura,201409,voluntaria,14
2341,extremadura,201408,voluntaria,12
2342,extremadura,201407,voluntaria,20
2343,extremadura,201406,voluntaria,17
2344,extremadura,201405,voluntaria,23
2345,extremadura,201404,voluntaria,15
2346,extremadura,201403,voluntaria,14
2347,extremadura,201402,voluntaria,24
2348,extremadura,201401,voluntaria,44
2349,extremadura,201312,voluntaria,21
2350,extremadura,201311,voluntaria,23
2351,extremadura,201310,voluntaria,20
2352,extremadura,201309,voluntaria,10
2353,extremadura,201308,voluntaria,10
2354,extremadura,201307,voluntaria,18
2355,extremadura,201306,voluntaria,22
2356,extremadura,201305,voluntaria,23
2357,extremadura,201304,voluntaria,35
2358,extremadura,201303,voluntaria,21
2359,extremadura,201302,voluntaria,23
2360,extremadura,201301,voluntaria,54
2361,extremadura,201212,voluntaria,42
2362,extremadura,201211,voluntaria,28
2363,extremadura,201210,voluntaria,31
2364,extremadura,201209,voluntaria,16
2365,extremadura,201208,voluntaria,22
2366,extremadura,201207,voluntaria,15
2367,extremadura,201206,voluntaria,25
2368,extremadura,201205,voluntaria,34
2369,extremadura,201204,voluntaria,23
2370,extremadura,201203,voluntaria,31
2371,extremadura,201202,voluntaria,36
2372,extremadura,201201,voluntaria,55
2373,extremadura,201112,voluntaria,22
2374,extremadura,201111,voluntaria,36
2375,extremadura,201110,voluntaria,19
2376,extremadura,201109,voluntaria,21
2377,extremadura,201108,voluntaria,26
2378,extremadura,201107,voluntaria,17
2379,extremadura,201106,voluntaria,20
2380,extremadura,201105,voluntaria,17
2381,extremadura,201104,voluntaria,12
2382,extremadura,201103,voluntaria,20
2383,extremadura,201102,voluntaria,25
2384,extremadura,201101,voluntaria,37
2385,extremadura,201012,voluntaria,39
2386,extremadura,201011,voluntaria,22
2387,extremadura,201010,voluntaria,19
2388,extremadura,201009,voluntaria,22
2389,extremadura,201008,voluntaria,12
2390,extremadura,201007,voluntaria,14
2391,extremadura,201006,voluntaria,14
2392,extremadura,201005,voluntaria,17
2393,extremadura,201004,voluntaria,22
2394,extremadura,201003,voluntaria,22
2395,extremadura,201002,voluntaria,49
2396,extremadura,201001,voluntaria,46
2397,extremadura,200912,voluntaria,48
2398,extremadura,200911,voluntaria,23
2399,extremadura,200910,voluntaria,18
2400,extremadura,200909,voluntaria,19
2401,extremadura,200908,voluntaria,16
2402,extremadura,200907,voluntaria,23
2403,extremadura,200906,voluntaria,12
2404,extremadura,200905,voluntaria,22
2405,extremadura,200904,voluntaria,15
2406,extremadura,200903,voluntaria,23
2407,extremadura,200902,voluntaria,34
2408,extremadura,200901,voluntaria,51
2409,extremadura,200812,voluntaria,32
2410,extremadura,200811,voluntaria,29
2411,extremadura,200810,voluntaria,17
2412,extremadura,200809,voluntaria,18
2413,extremadura,200808,voluntaria,11
2414,extremadura,200807,voluntaria,24
2415,extremadura,200806,voluntaria,22
2416,extremadura,200805,voluntaria,19
2417,extremadura,200804,voluntaria,22
2418,extremadura,200803,voluntaria,20
2419,extremadura,200802,voluntaria,19
2420,extremadura,200801,voluntaria,36
2421,galicia,202604,voluntaria,103
2422,galicia,202603,voluntaria,124
2423,galicia,202602,voluntaria,152
2424,galicia,202601,voluntaria,242
2425,galicia,202512,voluntaria,177
2426,galicia,202511,voluntaria,123
2427,galicia,202510,voluntaria,117
2428,galicia,202509,voluntaria,79
2429,galicia,202508,voluntaria,53
2430,galicia,202507,voluntaria,58
2431,galicia,202506,voluntaria,86
2432,galicia,202505,voluntaria,75
2433,galicia,202504,voluntaria,71
2434,galicia,202503,voluntaria,93
2435,galicia,202502,voluntaria,160
2436,galicia,202501,voluntaria,222
2437,galicia,202412,voluntaria,192
2438,galicia,202411,voluntaria,119
2439,galicia,202410,voluntaria,102
2440,galicia,202409,voluntaria,64
2441,galicia,202408,voluntaria,54
2442,galicia,202407,voluntaria,54
2443,galicia,202406,voluntaria,70
2444,galicia,202405,voluntaria,74
2445,galicia,202404,voluntaria,82
2446,galicia,202403,voluntaria,89
2447,galicia,202402,voluntaria,139
2448,galicia,202401,voluntaria,239
2449,galicia,202312,voluntaria,165
2450,galicia,202311,voluntaria,99
2451,galicia,202310,voluntaria,69
2452,galicia,202309,voluntaria,78
2453,galicia,202308,voluntaria,43
2454,galicia,202307,voluntaria,62
2455,galicia,202306,voluntaria,64
2456,galicia,202305,voluntaria,82
2457,galicia,202304,voluntaria,60
2458,galicia,202303,voluntaria,108
2459,galicia,202302,voluntaria,128
2460,galicia,202301,voluntaria,173
2461,galicia,202212,voluntaria,235
2462,galicia,202211,voluntaria,121
2463,galicia,202210,voluntaria,83
2464,galicia,202209,voluntaria,82
2465,galicia,202208,voluntaria,70
2466,galicia,202207,voluntaria,53
2467,galicia,202206,voluntaria,60
2468,galicia,202205,voluntaria,75
2469,galicia,202204,voluntaria,64
2470,galicia,202203,voluntaria,103
2471,galicia,202202,voluntaria,120
2472,galicia,202201,voluntaria,198
2473,galicia,202112,voluntaria,242
2474,galicia,202111,voluntaria,116
2475,galicia,202110,voluntaria,74
2476,galicia,202109,voluntaria,83
2477,galicia,202108,voluntaria,58
2478,galicia,202107,voluntaria,82
2479,galicia,202106,voluntaria,64
2480,galicia,202105,voluntaria,82
2481,galicia,202104,voluntaria,87
2482,galicia,202103,voluntaria,111
2483,galicia,202102,voluntaria,158
2484,galicia,202101,voluntaria,156
2485,galicia,202012,voluntaria,252
2486,galicia,202011,voluntaria,112
2487,galicia,202010,voluntaria,72
2488,galicia,202009,voluntaria,77
2489,galicia,202008,voluntaria,50
2490,galicia,202007,voluntaria,43
2491,galicia,202006,voluntaria,41
2492,galicia,202005,voluntaria,21
2493,galicia,202004,voluntaria,17
2494,galicia,202003,voluntaria,67
2495,galicia,202002,voluntaria,124
2496,galicia,202001,voluntaria,201
2497,galicia,201912,voluntaria,184
2498,galicia,201911,voluntaria,104
2499,galicia,201910,voluntaria,85
2500,galicia,201909,voluntaria,54
2501,galicia,201908,voluntaria,46
2502,galicia,201907,voluntaria,58
2503,galicia,201906,voluntaria,47
2504,galicia,201905,voluntaria,73
2505,galicia,201904,voluntaria,84
2506,galicia,201903,voluntaria,82
2507,galicia,201902,voluntaria,147
2508,galicia,201901,voluntaria,207
2509,galicia,201812,voluntaria,167
2510,galicia,201811,voluntaria,115
2511,galicia,201810,voluntaria,92
2512,galicia,201809,voluntaria,47
2513,galicia,201808,voluntaria,50
2514,galicia,201807,voluntaria,50
2515,galicia,201806,voluntaria,70
2516,galicia,201805,voluntaria,55
2517,galicia,201804,voluntaria,78
2518,galicia,201803,voluntaria,98
2519,galicia,201802,voluntaria,111
2520,galicia,201801,voluntaria,247
2521,galicia,201712,voluntaria,176
2522,galicia,201711,voluntaria,90
2523,galicia,201710,voluntaria,79
2524,galicia,201709,voluntaria,58
2525,galicia,201708,voluntaria,63
2526,galicia,201707,voluntaria,50
2527,galicia,201706,voluntaria,68
2528,galicia,201705,voluntaria,59
2529,galicia,201704,voluntaria,70
2530,galicia,201703,voluntaria,97
2531,galicia,201702,voluntaria,141
2532,galicia,201701,voluntaria,212
2533,galicia,201612,voluntaria,190
2534,galicia,201611,voluntaria,135
2535,galicia,201610,voluntaria,93
2536,galicia,201609,voluntaria,75
2537,galicia,201608,voluntaria,54
2538,galicia,201607,voluntaria,63
2539,galicia,201606,voluntaria,49
2540,galicia,201605,voluntaria,70
2541,galicia,201604,voluntaria,74
2542,galicia,201603,voluntaria,103
2543,galicia,201602,voluntaria,133
2544,galicia,201601,voluntaria,167
2545,galicia,201512,voluntaria,188
2546,galicia,201511,voluntaria,94
2547,galicia,201510,voluntaria,90
2548,galicia,201509,voluntaria,62
2549,galicia,201508,voluntaria,50
2550,galicia,201507,voluntaria,57
2551,galicia,201506,voluntaria,76
2552,galicia,201505,voluntaria,64
2553,galicia,201504,voluntaria,90
2554,galicia,201503,voluntaria,84
2555,galicia,201502,voluntaria,142
2556,galicia,201501,voluntaria,169
2557,galicia,201412,voluntaria,166
2558,galicia,201411,voluntaria,85
2559,galicia,201410,voluntaria,99
2560,galicia,201409,voluntaria,82
2561,galicia,201408,voluntaria,54
2562,galicia,201407,voluntaria,59
2563,galicia,201406,voluntaria,73
2564,galicia,201405,voluntaria,73
2565,galicia,201404,voluntaria,68
2566,galicia,201403,voluntaria,77
2567,galicia,201402,voluntaria,104
2568,galicia,201401,voluntaria,192
2569,galicia,201312,voluntaria,167
2570,galicia,201311,voluntaria,127
2571,galicia,201310,voluntaria,100
2572,galicia,201309,voluntaria,64
2573,galicia,201308,voluntaria,69
2574,galicia,201307,voluntaria,72
2575,galicia,201306,voluntaria,95
2576,galicia,201305,voluntaria,111
2577,galicia,201304,voluntaria,110
2578,galicia,201303,voluntaria,118
2579,galicia,201302,voluntaria,199
2580,galicia,201301,voluntaria,274
2581,galicia,201212,voluntaria,159
2582,galicia,201211,voluntaria,103
2583,galicia,201210,voluntaria,100
2584,galicia,201209,voluntaria,66
2585,galicia,201208,voluntaria,57
2586,galicia,201207,voluntaria,77
2587,galicia,201206,voluntaria,78
2588,galicia,201205,voluntaria,86
2589,galicia,201204,voluntaria,83
2590,galicia,201203,voluntaria,101
2591,galicia,201202,voluntaria,143
2592,galicia,201201,voluntaria,225
2593,galicia,201112,voluntaria,198
2594,galicia,201111,voluntaria,99
2595,galicia,201110,voluntaria,63
2596,galicia,201109,voluntaria,69
2597,galicia,201108,voluntaria,67
2598,galicia,201107,voluntaria,51
2599,galicia,201106,voluntaria,68
2600,galicia,201105,voluntaria,78
2601,galicia,201104,voluntaria,64
2602,galicia,201103,voluntaria,91
2603,galicia,201102,voluntaria,133
2604,galicia,201101,voluntaria,188
2605,galicia,201012,voluntaria,152
2606,galicia,201011,voluntaria,76
2607,galicia,201010,voluntaria,70
2608,galicia,201009,voluntaria,92
2609,galicia,201008,voluntaria,55
2610,galicia,201007,voluntaria,59
2611,galicia,201006,voluntaria,66
2612,galicia,201005,voluntaria,59
2613,galicia,201004,voluntaria,62
2614,galicia,201003,voluntaria,99
2615,galicia,201002,voluntaria,119
2616,galicia,201001,voluntaria,165
2617,galicia,200912,voluntaria,129
2618,galicia,200911,voluntaria,87
2619,galicia,200910,voluntaria,65
2620,galicia,200909,voluntaria,61
2621,galicia,200908,voluntaria,53
2622,galicia,200907,voluntaria,39
2623,galicia,200906,voluntaria,36
2624,galicia,200905,voluntaria,43
2625,galicia,200904,voluntaria,58
2626,galicia,200903,voluntaria,73
2627,galicia,200902,voluntaria,110
2628,galicia,200901,voluntaria,177
2629,galicia,200812,voluntaria,113
2630,galicia,200811,voluntaria,70
2631,galicia,200810,voluntaria,59
2632,galicia,200809,voluntaria,53
2633,galicia,200808,voluntaria,38
2634,galicia,200807,voluntaria,52
2635,galicia,200806,voluntaria,42
2636,galicia,200805,voluntaria,54
2637,galicia,200804,voluntaria,57
2638,galicia,200803,voluntaria,44
2639,galicia,200802,voluntaria,117
2640,galicia,200801,voluntaria,151
2641,comunidad_de_madrid,202604,voluntaria,487
2642,comunidad_de_madrid,202603,voluntaria,623
2643,comunidad_de_madrid,202602,voluntaria,563
2644,comunidad_de_madrid,202601,voluntaria,981
2645,comunidad_de_madrid,202512,voluntaria,934
2646,comunidad_de_madrid,202511,voluntaria,642
2647,comunidad_de_madrid,202510,voluntaria,573
2648,comunidad_de_madrid,202509,voluntaria,384
2649,comunidad_de_madrid,202508,voluntaria,341
2650,comunidad_de_madrid,202507,voluntaria,446
2651,comunidad_de_madrid,202506,voluntaria,420
2652,comunidad_de_madrid,202505,voluntaria,387
2653,comunidad_de_madrid,202504,voluntaria,452
2654,comunidad_de_madrid,202503,voluntaria,529
2655,comunidad_de_madrid,202502,voluntaria,634
2656,comunidad_de_madrid,202501,voluntaria,1000
2657,comunidad_de_madrid,202412,voluntaria,872
2658,comunidad_de_madrid,202411,voluntaria,597
2659,comunidad_de_madrid,202410,voluntaria,530
2660,comunidad_de_madrid,202409,voluntaria,350
2661,comunidad_de_madrid,202408,voluntaria,370
2662,comunidad_de_madrid,202407,voluntaria,432
2663,comunidad_de_madrid,202406,voluntaria,427
2664,comunidad_de_madrid,202405,voluntaria,339
2665,comunidad_de_madrid,202404,voluntaria,462
2666,comunidad_de_madrid,202403,voluntaria,475
2667,comunidad_de_madrid,202402,voluntaria,635
2668,comunidad_de_madrid,202401,voluntaria,841
2669,comunidad_de_madrid,202312,voluntaria,723
2670,comunidad_de_madrid,202311,voluntaria,595
2671,comunidad_de_madrid,202310,voluntaria,529
2672,comunidad_de_madrid,202309,voluntaria,228
2673,comunidad_de_madrid,202308,voluntaria,388
2674,comunidad_de_madrid,202307,voluntaria,453
2675,comunidad_de_madrid,202306,voluntaria,477
2676,comunidad_de_madrid,202305,voluntaria,446
2677,comunidad_de_madrid,202304,voluntaria,445
2678,comunidad_de_madrid,202303,voluntaria,678
2679,comunidad_de_madrid,202302,voluntaria,785
2680,comunidad_de_madrid,202301,voluntaria,1114
2681,comunidad_de_madrid,202212,voluntaria,905
2682,comunidad_de_madrid,202211,voluntaria,756
2683,comunidad_de_madrid,202210,voluntaria,599
2684,comunidad_de_madrid,202209,voluntaria,398
2685,comunidad_de_madrid,202208,voluntaria,454
2686,comunidad_de_madrid,202207,voluntaria,423
2687,comunidad_de_madrid,202206,voluntaria,482
2688,comunidad_de_madrid,202205,voluntaria,432
2689,comunidad_de_madrid,202204,voluntaria,431
2690,comunidad_de_madrid,202203,voluntaria,547
2691,comunidad_de_madrid,202202,voluntaria,558
2692,comunidad_de_madrid,202201,voluntaria,922
2693,comunidad_de_madrid,202112,voluntaria,681
2694,comunidad_de_madrid,202111,voluntaria,513
2695,comunidad_de_madrid,202110,voluntaria,410
2696,comunidad_de_madrid,202109,voluntaria,275
2697,comunidad_de_madrid,202108,voluntaria,339
2698,comunidad_de_madrid,202107,voluntaria,364
2699,comunidad_de_madrid,202106,voluntaria,420
2700,comunidad_de_madrid,202105,voluntaria,443
2701,comunidad_de_madrid,202104,voluntaria,428
2702,comunidad_de_madrid,202103,voluntaria,514
2703,comunidad_de_madrid,202102,voluntaria,599
2704,comunidad_de_madrid,202101,voluntaria,648
2705,comunidad_de_madrid,202012,voluntaria,671
2706,comunidad_de_madrid,202011,voluntaria,450
2707,comunidad_de_madrid,202010,voluntaria,347
2708,comunidad_de_madrid,202009,voluntaria,282
2709,comunidad_de_madrid,202008,voluntaria,305
2710,comunidad_de_madrid,202007,voluntaria,424
2711,comunidad_de_madrid,202006,voluntaria,268
2712,comunidad_de_madrid,202005,voluntaria,110
2713,comunidad_de_madrid,202004,voluntaria,70
2714,comunidad_de_madrid,202003,voluntaria,378
2715,comunidad_de_madrid,202002,voluntaria,605
2716,comunidad_de_madrid,202001,voluntaria,848
2717,comunidad_de_madrid,201912,voluntaria,611
2718,comunidad_de_madrid,201911,voluntaria,545
2719,comunidad_de_madrid,201910,voluntaria,386
2720,comunidad_de_madrid,201909,voluntaria,254
2721,comunidad_de_madrid,201908,voluntaria,330
2722,comunidad_de_madrid,201907,voluntaria,403
2723,comunidad_de_madrid,201906,voluntaria,335
2724,comunidad_de_madrid,201905,voluntaria,320
2725,comunidad_de_madrid,201904,voluntaria,382
2726,comunidad_de_madrid,201903,voluntaria,451
2727,comunidad_de_madrid,201902,voluntaria,591
2728,comunidad_de_madrid,201901,voluntaria,833
2729,comunidad_de_madrid,201812,voluntaria,621
2730,comunidad_de_madrid,201811,voluntaria,470
2731,comunidad_de_madrid,201810,voluntaria,380
2732,comunidad_de_madrid,201809,voluntaria,262
2733,comunidad_de_madrid,201808,voluntaria,312
2734,comunidad_de_madrid,201807,voluntaria,361
2735,comunidad_de_madrid,201806,voluntaria,341
2736,comunidad_de_madrid,201805,voluntaria,324
2737,comunidad_de_madrid,201804,voluntaria,365
2738,comunidad_de_madrid,201803,voluntaria,440
2739,comunidad_de_madrid,201802,voluntaria,462
2740,comunidad_de_madrid,201801,voluntaria,859
2741,comunidad_de_madrid,201712,voluntaria,524
2742,comunidad_de_madrid,201711,voluntaria,410
2743,comunidad_de_madrid,201710,voluntaria,344
2744,comunidad_de_madrid,201709,voluntaria,262
2745,comunidad_de_madrid,201708,voluntaria,309
2746,comunidad_de_madrid,201707,voluntaria,332
2747,comunidad_de_madrid,201706,voluntaria,363
2748,comunidad_de_madrid,201705,voluntaria,356
2749,comunidad_de_madrid,201704,voluntaria,358
2750,comunidad_de_madrid,201703,voluntaria,471
2751,comunidad_de_madrid,201702,voluntaria,521
2752,comunidad_de_madrid,201701,voluntaria,761
2753,comunidad_de_madrid,201612,voluntaria,506
2754,comunidad_de_madrid,201611,voluntaria,421
2755,comunidad_de_madrid,201610,voluntaria,344
2756,comunidad_de_madrid,201609,voluntaria,258
2757,comunidad_de_madrid,201608,voluntaria,272
2758,comunidad_de_madrid,201607,voluntaria,262
2759,comunidad_de_madrid,201606,voluntaria,295
2760,comunidad_de_madrid,201605,voluntaria,240
2761,comunidad_de_madrid,201604,voluntaria,300
2762,comunidad_de_madrid,201603,voluntaria,360
2763,comunidad_de_madrid,201602,voluntaria,463
2764,comunidad_de_madrid,201601,voluntaria,640
2765,comunidad_de_madrid,201512,voluntaria,449
2766,comunidad_de_madrid,201511,voluntaria,336
2767,comunidad_de_madrid,201510,voluntaria,305
2768,comunidad_de_madrid,201509,voluntaria,249
2769,comunidad_de_madrid,201508,voluntaria,240
2770,comunidad_de_madrid,201507,voluntaria,273
2771,comunidad_de_madrid,201506,voluntaria,302
2772,comunidad_de_madrid,201505,voluntaria,248
2773,comunidad_de_madrid,201504,voluntaria,291
2774,comunidad_de_madrid,201503,voluntaria,325
2775,comunidad_de_madrid,201502,voluntaria,385
2776,comunidad_de_madrid,201501,voluntaria,599
2777,comunidad_de_madrid,201412,voluntaria,404
2778,comunidad_de_madrid,201411,voluntaria,355
2779,comunidad_de_madrid,201410,voluntaria,325
2780,comunidad_de_madrid,201409,voluntaria,257
2781,comunidad_de_madrid,201408,voluntaria,199
2782,comunidad_de_madrid,201407,voluntaria,264
2783,comunidad_de_madrid,201406,voluntaria,251
2784,comunidad_de_madrid,201405,voluntaria,218
2785,comunidad_de_madrid,201404,voluntaria,255
2786,comunidad_de_madrid,201403,voluntaria,347
2787,comunidad_de_madrid,201402,voluntaria,349
2788,comunidad_de_madrid,201401,voluntaria,688
2789,comunidad_de_madrid,201312,voluntaria,390
2790,comunidad_de_madrid,201311,voluntaria,351
2791,comunidad_de_madrid,201310,voluntaria,323
2792,comunidad_de_madrid,201309,voluntaria,223
2793,comunidad_de_madrid,201308,voluntaria,263
2794,comunidad_de_madrid,201307,voluntaria,328
2795,comunidad_de_madrid,201306,voluntaria,359
2796,comunidad_de_madrid,201305,voluntaria,306
2797,comunidad_de_madrid,201304,voluntaria,397
2798,comunidad_de_madrid,201303,voluntaria,321
2799,comunidad_de_madrid,201302,voluntaria,457
2800,comunidad_de_madrid,201301,voluntaria,568
2801,comunidad_de_madrid,201212,voluntaria,361
2802,comunidad_de_madrid,201211,voluntaria,306
2803,comunidad_de_madrid,201210,voluntaria,309
2804,comunidad_de_madrid,201209,voluntaria,194
2805,comunidad_de_madrid,201208,voluntaria,230
2806,comunidad_de_madrid,201207,voluntaria,251
2807,comunidad_de_madrid,201206,voluntaria,282
2808,comunidad_de_madrid,201205,voluntaria,254
2809,comunidad_de_madrid,201204,voluntaria,185
2810,comunidad_de_madrid,201203,voluntaria,334
2811,comunidad_de_madrid,201202,voluntaria,358
2812,comunidad_de_madrid,201201,voluntaria,511
2813,comunidad_de_madrid,201112,voluntaria,306
2814,comunidad_de_madrid,201111,voluntaria,254
2815,comunidad_de_madrid,201110,voluntaria,217
2816,comunidad_de_madrid,201109,voluntaria,159
2817,comunidad_de_madrid,201108,voluntaria,155
2818,comunidad_de_madrid,201107,voluntaria,162
2819,comunidad_de_madrid,201106,voluntaria,220
2820,comunidad_de_madrid,201105,voluntaria,235
2821,comunidad_de_madrid,201104,voluntaria,205
2822,comunidad_de_madrid,201103,voluntaria,364
2823,comunidad_de_madrid,201102,voluntaria,354
2824,comunidad_de_madrid,201101,voluntaria,457
2825,comunidad_de_madrid,201012,voluntaria,303
2826,comunidad_de_madrid,201011,voluntaria,271
2827,comunidad_de_madrid,201010,voluntaria,164
2828,comunidad_de_madrid,201009,voluntaria,142
2829,comunidad_de_madrid,201008,voluntaria,155
2830,comunidad_de_madrid,201007,voluntaria,195
2831,comunidad_de_madrid,201006,voluntaria,180
2832,comunidad_de_madrid,201005,voluntaria,219
2833,comunidad_de_madrid,201004,voluntaria,214
2834,comunidad_de_madrid,201003,voluntaria,230
2835,comunidad_de_madrid,201002,voluntaria,303
2836,comunidad_de_madrid,201001,voluntaria,444
2837,comunidad_de_madrid,200912,voluntaria,360
2838,comunidad_de_madrid,200911,voluntaria,235
2839,comunidad_de_madrid,200910,voluntaria,183
2840,comunidad_de_madrid,200909,voluntaria,164
2841,comunidad_de_madrid,200908,voluntaria,136
2842,comunidad_de_madrid,200907,voluntaria,197
2843,comunidad_de_madrid,200906,voluntaria,217
2844,comunidad_de_madrid,200905,voluntaria,206
2845,comunidad_de_madrid,200904,voluntaria,160
2846,comunidad_de_madrid,200903,voluntaria,248
2847,comunidad_de_madrid,200902,voluntaria,249
2848,comunidad_de_madrid,200901,voluntaria,400
2849,comunidad_de_madrid,200812,voluntaria,300
2850,comunidad_de_madrid,200811,voluntaria,253
2851,comunidad_de_madrid,200810,voluntaria,194
2852,comunidad_de_madrid,200809,voluntaria,166
2853,comunidad_de_madrid,200808,voluntaria,126
2854,comunidad_de_madrid,200807,voluntaria,195
2855,comunidad_de_madrid,200806,voluntaria,159
2856,comunidad_de_madrid,200805,voluntaria,161
2857,comunidad_de_madrid,200804,voluntaria,229
2858,comunidad_de_madrid,200803,voluntaria,158
2859,comunidad_de_madrid,200802,voluntaria,476
2860,comunidad_de_madrid,200801,voluntaria,433
2861,region_de_murcia,202604,voluntaria,3
2862,region_de_murcia,202603,voluntaria,3
2863,region_de_murcia,202602,voluntaria,12
2864,region_de_murcia,202601,voluntaria,11
2865,region_de_murcia,202512,voluntaria,13
2866,region_de_murcia,202511,voluntaria,15
2867,region_de_murcia,202510,voluntaria,14
2868,region_de_murcia,202509,voluntaria,17
2869,region_de_murcia,202508,voluntaria,10
2870,region_de_murcia,202507,voluntaria,7
2871,region_de_murcia,202506,voluntaria,9
2872,region_de_murcia,202505,voluntaria,14
2873,region_de_murcia,202504,voluntaria,13
2874,region_de_murcia,202503,voluntaria,22
2875,region_de_murcia,202502,voluntaria,26
2876,region_de_murcia,202501,voluntaria,43
2877,region_de_murcia,202412,voluntaria,35
2878,region_de_murcia,202411,voluntaria,24
2879,region_de_murcia,202410,voluntaria,34
2880,region_de_murcia,202409,voluntaria,25
2881,region_de_murcia,202408,voluntaria,18
2882,region_de_murcia,202407,voluntaria,14
2883,region_de_murcia,202406,voluntaria,21
2884,region_de_murcia,202405,voluntaria,13
2885,region_de_murcia,202404,voluntaria,28
2886,region_de_murcia,202403,voluntaria,25
2887,region_de_murcia,202402,voluntaria,29
2888,region_de_murcia,202401,voluntaria,45
2889,region_de_murcia,202312,voluntaria,38
2890,region_de_murcia,202311,voluntaria,31
2891,region_de_murcia,202310,voluntaria,15
2892,region_de_murcia,202309,voluntaria,18
2893,region_de_murcia,202308,voluntaria,27
2894,region_de_murcia,202307,voluntaria,12
2895,region_de_murcia,202306,voluntaria,26
2896,region_de_murcia,202305,voluntaria,14
2897,region_de_murcia,202304,voluntaria,20
2898,region_de_murcia,202303,voluntaria,23
2899,region_de_murcia,202302,voluntaria,29
2900,region_de_murcia,202301,voluntaria,51
2901,region_de_murcia,202212,voluntaria,41
2902,region_de_murcia,202211,voluntaria,24
2903,region_de_murcia,202210,voluntaria,23
2904,region_de_murcia,202209,voluntaria,14
2905,region_de_murcia,202208,voluntaria,23
2906,region_de_murcia,202207,voluntaria,30
2907,region_de_murcia,202206,voluntaria,15
2908,region_de_murcia,202205,voluntaria,21
2909,region_de_murcia,202204,voluntaria,22
2910,region_de_murcia,202203,voluntaria,34
2911,region_de_murcia,202202,voluntaria,24
2912,region_de_murcia,202201,voluntaria,23
2913,region_de_murcia,202112,voluntaria,18
2914,region_de_murcia,202111,voluntaria,20
2915,region_de_murcia,202110,voluntaria,6
2916,region_de_murcia,202109,voluntaria,8
2917,region_de_murcia,202108,voluntaria,6
2918,region_de_murcia,202107,voluntaria,12
2919,region_de_murcia,202106,voluntaria,13
2920,region_de_murcia,202105,voluntaria,17
2921,region_de_murcia,202104,voluntaria,10
2922,region_de_murcia,202103,voluntaria,13
2923,region_de_murcia,202102,voluntaria,12
2924,region_de_murcia,202101,voluntaria,9
2925,region_de_murcia,202012,voluntaria,6
2926,region_de_murcia,202011,voluntaria,4
2927,region_de_murcia,202010,voluntaria,7
2928,region_de_murcia,202009,voluntaria,9
2929,region_de_murcia,202008,voluntaria,3
2930,region_de_murcia,202007,voluntaria,10
2931,region_de_murcia,202006,voluntaria,6
2932,region_de_murcia,202005,voluntaria,1
2933,region_de_murcia,202004,voluntaria,3
2934,region_de_murcia,202003,voluntaria,3
2935,region_de_murcia,202002,voluntaria,4
2936,region_de_murcia,202001,voluntaria,22
2937,region_de_murcia,201912,voluntaria,20
2938,region_de_murcia,201911,voluntaria,7
2939,region_de_murcia,201910,voluntaria,10
2940,region_de_murcia,201909,voluntaria,8
2941,region_de_murcia,201908,voluntaria,9
2942,region_de_murcia,201907,voluntaria,11
2943,region_de_murcia,201906,voluntaria,5
2944,region_de_murcia,201905,voluntaria,10
2945,region_de_murcia,201904,voluntaria,15
2946,region_de_murcia,201903,voluntaria,11
2947,region_de_murcia,201902,voluntaria,25
2948,region_de_murcia,201901,voluntaria,25
2949,region_de_murcia,201812,voluntaria,25
2950,region_de_murcia,201811,voluntaria,18
2951,region_de_murcia,201810,voluntaria,10
2952,region_de_murcia,201809,voluntaria,17
2953,region_de_murcia,201808,voluntaria,10
2954,region_de_murcia,201807,voluntaria,9
2955,region_de_murcia,201806,voluntaria,8
2956,region_de_murcia,201805,voluntaria,16
2957,region_de_murcia,201804,voluntaria,11
2958,region_de_murcia,201803,voluntaria,16
2959,region_de_murcia,201802,voluntaria,24
2960,region_de_murcia,201801,voluntaria,18
2961,region_de_murcia,201712,voluntaria,5
2962,region_de_murcia,201711,voluntaria,1
2963,region_de_murcia,201710,voluntaria,3
2964,region_de_murcia,201709,voluntaria,7
2965,region_de_murcia,201708,voluntaria,3
2966,region_de_murcia,201707,voluntaria,16
2967,region_de_murcia,201706,voluntaria,5
2968,region_de_murcia,201705,voluntaria,13
2969,region_de_murcia,201704,voluntaria,11
2970,region_de_murcia,201703,voluntaria,20
2971,region_de_murcia,201702,voluntaria,6
2972,region_de_murcia,201701,voluntaria,21
2973,region_de_murcia,201612,voluntaria,27
2974,region_de_murcia,201611,voluntaria,15
2975,region_de_murcia,201610,voluntaria,8
2976,region_de_murcia,201609,voluntaria,5
2977,region_de_murcia,201608,voluntaria,9
2978,region_de_murcia,201607,voluntaria,7
2979,region_de_murcia,201606,voluntaria,8
2980,region_de_murcia,201605,voluntaria,7
2981,region_de_murcia,201604,voluntaria,4
2982,region_de_murcia,201603,voluntaria,4
2983,region_de_murcia,201602,voluntaria,11
2984,region_de_murcia,201601,voluntaria,22
2985,region_de_murcia,201512,voluntaria,21
2986,region_de_murcia,201511,voluntaria,5
2987,region_de_murcia,201510,voluntaria,7
2988,region_de_murcia,201509,voluntaria,7
2989,region_de_murcia,201508,voluntaria,3
2990,region_de_murcia,201507,voluntaria,5
2991,region_de_murcia,201506,voluntaria,15
2992,region_de_murcia,201505,voluntaria,0
2993,region_de_murcia,201504,voluntaria,7
2994,region_de_murcia,201503,voluntaria,14
2995,region_de_murcia,201502,voluntaria,14
2996,region_de_murcia,201501,voluntaria,19
2997,region_de_murcia,201412,voluntaria,27
2998,region_de_murcia,201411,voluntaria,6
2999,region_de_murcia,201410,voluntaria,2
3000,region_de_murcia,201409,voluntaria,5
3001,region_de_murcia,201408,voluntaria,11
3002,region_de_murcia,201407,voluntaria,5
3003,region_de_murcia,201406,voluntaria,10
3004,region_de_murcia,201405,voluntaria,3
3005,region_de_murcia,201404,voluntaria,6
3006,region_de_murcia,201403,voluntaria,13
3007,region_de_murcia,201402,voluntaria,16
3008,region_de_murcia,201401,voluntaria,26
3009,region_de_murcia,201312,voluntaria,6
3010,region_de_murcia,201311,voluntaria,80
3011,region_de_murcia,201310,voluntaria,3
3012,region_de_murcia,201309,voluntaria,15
3013,region_de_murcia,201308,voluntaria,3
3014,region_de_murcia,201307,voluntaria,10
3015,region_de_murcia,201306,voluntaria,7
3016,region_de_murcia,201305,voluntaria,8
3017,region_de_murcia,201304,voluntaria,7
3018,region_de_murcia,201303,voluntaria,7
3019,region_de_murcia,201302,voluntaria,8
3020,region_de_murcia,201301,voluntaria,6
3021,region_de_murcia,201212,voluntaria,4
3022,region_de_murcia,201211,voluntaria,11
3023,region_de_murcia,201210,voluntaria,6
3024,region_de_murcia,201209,voluntaria,3
3025,region_de_murcia,201208,voluntaria,2
3026,region_de_murcia,201207,voluntaria,11
3027,region_de_murcia,201206,voluntaria,6
3028,region_de_murcia,201205,voluntaria,5
3029,region_de_murcia,201204,voluntaria,8
3030,region_de_murcia,201203,voluntaria,7
3031,region_de_murcia,201202,voluntaria,3
3032,region_de_murcia,201201,voluntaria,3
3033,region_de_murcia,201112,voluntaria,21
3034,region_de_murcia,201111,voluntaria,3
3035,region_de_murcia,201110,voluntaria,5
3036,region_de_murcia,201109,voluntaria,6
3037,region_de_murcia,201108,voluntaria,1
3038,region_de_murcia,201107,voluntaria,2
3039,region_de_murcia,201106,voluntaria,4
3040,region_de_murcia,201105,voluntaria,1
3041,region_de_murcia,201104,voluntaria,8
3042,region_de_murcia,201103,voluntaria,4
3043,region_de_murcia,201102,voluntaria,0
3044,region_de_murcia,201101,voluntaria,15
3045,region_de_murcia,201012,voluntaria,5
3046,region_de_murcia,201011,voluntaria,2
3047,region_de_murcia,201010,voluntaria,6
3048,region_de_murcia,201009,voluntaria,1
3049,region_de_murcia,201008,voluntaria,5
3050,region_de_murcia,201007,voluntaria,4
3051,region_de_murcia,201006,voluntaria,2
3052,region_de_murcia,201005,voluntaria,8
3053,region_de_murcia,201004,voluntaria,4
3054,region_de_murcia,201003,voluntaria,2
3055,region_de_murcia,201002,voluntaria,5
3056,region_de_murcia,201001,voluntaria,8
3057,region_de_murcia,200912,voluntaria,6
3058,region_de_murcia,200911,voluntaria,4
3059,region_de_murcia,200910,voluntaria,8
3060,region_de_murcia,200909,voluntaria,2
3061,region_de_murcia,200908,voluntaria,8
3062,region_de_murcia,200907,voluntaria,2
3063,region_de_murcia,200906,voluntaria,5
3064,region_de_murcia,200905,voluntaria,4
3065,region_de_murcia,200904,voluntaria,5
3066,region_de_murcia,200903,voluntaria,44
3067,region_de_murcia,200902,voluntaria,3
3068,region_de_murcia,200901,voluntaria,9
3069,region_de_murcia,200812,voluntaria,9
3070,region_de_murcia,200811,voluntaria,0
3071,region_de_murcia,200810,voluntaria,6
3072,region_de_murcia,200809,voluntaria,7
3073,region_de_murcia,200808,voluntaria,14
3074,region_de_murcia,200807,voluntaria,2
3075,region_de_murcia,200806,voluntaria,4
3076,region_de_murcia,200805,voluntaria,3
3077,region_de_murcia,200804,voluntaria,3
3078,region_de_murcia,200803,voluntaria,1
3079,region_de_murcia,200802,voluntaria,3
3080,region_de_murcia,200801,voluntaria,9
3081,comunidad_foral_de_navarra,202604,voluntaria,0
3082,comunidad_foral_de_navarra,202603,voluntaria,2
3083,comunidad_foral_de_navarra,202602,voluntaria,1
3084,comunidad_foral_de_navarra,202601,voluntaria,0
3085,comunidad_foral_de_navarra,202512,voluntaria,0
3086,comunidad_foral_de_navarra,202511,voluntaria,2
3087,comunidad_foral_de_navarra,202510,voluntaria,1
3088,comunidad_foral_de_navarra,202509,voluntaria,1
3089,comunidad_foral_de_navarra,202508,voluntaria,1
3090,comunidad_foral_de_navarra,202507,voluntaria,1
3091,comunidad_foral_de_navarra,202506,voluntaria,0
3092,comunidad_foral_de_navarra,202505,voluntaria,1
3093,comunidad_foral_de_navarra,202504,voluntaria,0
3094,comunidad_foral_de_navarra,202503,voluntaria,0
3095,comunidad_foral_de_navarra,202502,voluntaria,1
3096,comunidad_foral_de_navarra,202501,voluntaria,0
3097,comunidad_foral_de_navarra,202412,voluntaria,1
3098,comunidad_foral_de_navarra,202411,voluntaria,2
3099,comunidad_foral_de_navarra,202410,voluntaria,2
3100,comunidad_foral_de_navarra,202409,voluntaria,1
3101,comunidad_foral_de_navarra,202408,voluntaria,0
3102,comunidad_foral_de_navarra,202407,voluntaria,0
3103,comunidad_foral_de_navarra,202406,voluntaria,1
3104,comunidad_foral_de_navarra,202405,voluntaria,0
3105,comunidad_foral_de_navarra,202404,voluntaria,0
3106,comunidad_foral_de_navarra,202403,voluntaria,1
3107,comunidad_foral_de_navarra,202402,voluntaria,2
3108,comunidad_foral_de_navarra,202401,voluntaria,0
3109,comunidad_foral_de_navarra,202312,voluntaria,1
3110,comunidad_foral_de_navarra,202311,voluntaria,0
3111,comunidad_foral_de_navarra,202310,voluntaria,0
3112,comunidad_foral_de_navarra,202309,voluntaria,0
3113,comunidad_foral_de_navarra,202308,voluntaria,1
3114,comunidad_foral_de_navarra,202307,voluntaria,0
3115,comunidad_foral_de_navarra,202306,voluntaria,0
3116,comunidad_foral_de_navarra,202305,voluntaria,0
3117,comunidad_foral_de_navarra,202304,voluntaria,0
3118,comunidad_foral_de_navarra,202303,voluntaria,0
3119,comunidad_foral_de_navarra,202302,voluntaria,1
3120,comunidad_foral_de_navarra,202301,voluntaria,1
3121,comunidad_foral_de_navarra,202212,voluntaria,0
3122,comunidad_foral_de_navarra,202211,voluntaria,0
3123,comunidad_foral_de_navarra,202210,voluntaria,0
3124,comunidad_foral_de_navarra,202209,voluntaria,0
3125,comunidad_foral_de_navarra,202208,voluntaria,2
3126,comunidad_foral_de_navarra,202207,voluntaria,0
3127,comunidad_foral_de_navarra,202206,voluntaria,3
3128,comunidad_foral_de_navarra,202205,voluntaria,0
3129,comunidad_foral_de_navarra,202204,voluntaria,1
3130,comunidad_foral_de_navarra,202203,voluntaria,0
3131,comunidad_foral_de_navarra,202202,voluntaria,1
3132,comunidad_foral_de_navarra,202201,voluntaria,1
3133,comunidad_foral_de_navarra,202112,voluntaria,0
3134,comunidad_foral_de_navarra,202111,voluntaria,0
3135,comunidad_foral_de_navarra,202110,voluntaria,2
3136,comunidad_foral_de_navarra,202109,voluntaria,0
3137,comunidad_foral_de_navarra,202108,voluntaria,0
3138,comunidad_foral_de_navarra,202107,voluntaria,0
3139,comunidad_foral_de_navarra,202106,voluntaria,0
3140,comunidad_foral_de_navarra,202105,voluntaria,0
3141,comunidad_foral_de_navarra,202104,voluntaria,0
3142,comunidad_foral_de_navarra,202103,voluntaria,0
3143,comunidad_foral_de_navarra,202102,voluntaria,1
3144,comunidad_foral_de_navarra,202101,voluntaria,0
3145,comunidad_foral_de_navarra,202012,voluntaria,0
3146,comunidad_foral_de_navarra,202011,voluntaria,0
3147,comunidad_foral_de_navarra,202010,voluntaria,0
3148,comunidad_foral_de_navarra,202009,voluntaria,0
3149,comunidad_foral_de_navarra,202008,voluntaria,0
3150,comunidad_foral_de_navarra,202007,voluntaria,0
3151,comunidad_foral_de_navarra,202006,voluntaria,1
3152,comunidad_foral_de_navarra,202005,voluntaria,0
3153,comunidad_foral_de_navarra,202004,voluntaria,1
3154,comunidad_foral_de_navarra,202003,voluntaria,0
3155,comunidad_foral_de_navarra,202002,voluntaria,2
3156,comunidad_foral_de_navarra,202001,voluntaria,0
3157,comunidad_foral_de_navarra,201912,voluntaria,0
3158,comunidad_foral_de_navarra,201911,voluntaria,0
3159,comunidad_foral_de_navarra,201910,voluntaria,0
3160,comunidad_foral_de_navarra,201909,voluntaria,1
3161,comunidad_foral_de_navarra,201908,voluntaria,0
3162,comunidad_foral_de_navarra,201907,voluntaria,1
3163,comunidad_foral_de_navarra,201906,voluntaria,0
3164,comunidad_foral_de_navarra,201905,voluntaria,0
3165,comunidad_foral_de_navarra,201904,voluntaria,1
3166,comunidad_foral_de_navarra,201903,voluntaria,1
3167,comunidad_foral_de_navarra,201902,voluntaria,0
3168,comunidad_foral_de_navarra,201901,voluntaria,2
3169,comunidad_foral_de_navarra,201812,voluntaria,0
3170,comunidad_foral_de_navarra,201811,voluntaria,1
3171,comunidad_foral_de_navarra,201810,voluntaria,0
3172,comunidad_foral_de_navarra,201809,voluntaria,1
3173,comunidad_foral_de_navarra,201808,voluntaria,0
3174,comunidad_foral_de_navarra,201807,voluntaria,0
3175,comunidad_foral_de_navarra,201806,voluntaria,1
3176,comunidad_foral_de_navarra,201805,voluntaria,2
3177,comunidad_foral_de_navarra,201804,voluntaria,0
3178,comunidad_foral_de_navarra,201803,voluntaria,0
3179,comunidad_foral_de_navarra,201802,voluntaria,0
3180,comunidad_foral_de_navarra,201801,voluntaria,0
3181,comunidad_foral_de_navarra,201712,voluntaria,0
3182,comunidad_foral_de_navarra,201711,voluntaria,0
3183,comunidad_foral_de_navarra,201710,voluntaria,2
3184,comunidad_foral_de_navarra,201709,voluntaria,1
3185,comunidad_foral_de_navarra,201708,voluntaria,1
3186,comunidad_foral_de_navarra,201707,voluntaria,0
3187,comunidad_foral_de_navarra,201706,voluntaria,0
3188,comunidad_foral_de_navarra,201705,voluntaria,3
3189,comunidad_foral_de_navarra,201704,voluntaria,0
3190,comunidad_foral_de_navarra,201703,voluntaria,0
3191,comunidad_foral_de_navarra,201702,voluntaria,1
3192,comunidad_foral_de_navarra,201701,voluntaria,2
3193,comunidad_foral_de_navarra,201612,voluntaria,0
3194,comunidad_foral_de_navarra,201611,voluntaria,2
3195,comunidad_foral_de_navarra,201610,voluntaria,1
3196,comunidad_foral_de_navarra,201609,voluntaria,0
3197,comunidad_foral_de_navarra,201608,voluntaria,0
3198,comunidad_foral_de_navarra,201607,voluntaria,0
3199,comunidad_foral_de_navarra,201606,voluntaria,0
3200,comunidad_foral_de_navarra,201605,voluntaria,0
3201,comunidad_foral_de_navarra,201604,voluntaria,1
3202,comunidad_foral_de_navarra,201603,voluntaria,3
3203,comunidad_foral_de_navarra,201602,voluntaria,0
3204,comunidad_foral_de_navarra,201601,voluntaria,1
3205,comunidad_foral_de_navarra,201512,voluntaria,0
3206,comunidad_foral_de_navarra,201511,voluntaria,1
3207,comunidad_foral_de_navarra,201510,voluntaria,0
3208,comunidad_foral_de_navarra,201509,voluntaria,0
3209,comunidad_foral_de_navarra,201508,voluntaria,1
3210,comunidad_foral_de_navarra,201507,voluntaria,0
3211,comunidad_foral_de_navarra,201506,voluntaria,1
3212,comunidad_foral_de_navarra,201505,voluntaria,0
3213,comunidad_foral_de_navarra,201504,voluntaria,0
3214,comunidad_foral_de_navarra,201503,voluntaria,1
3215,comunidad_foral_de_navarra,201502,voluntaria,2
3216,comunidad_foral_de_navarra,201501,voluntaria,2
3217,comunidad_foral_de_navarra,201412,voluntaria,0
3218,comunidad_foral_de_navarra,201411,voluntaria,0
3219,comunidad_foral_de_navarra,201410,voluntaria,1
3220,comunidad_foral_de_navarra,201409,voluntaria,1
3221,comunidad_foral_de_navarra,201408,voluntaria,1
3222,comunidad_foral_de_navarra,201407,voluntaria,0
3223,comunidad_foral_de_navarra,201406,voluntaria,1
3224,comunidad_foral_de_navarra,201405,voluntaria,1
3225,comunidad_foral_de_navarra,201404,voluntaria,1
3226,comunidad_foral_de_navarra,201403,voluntaria,2
3227,comunidad_foral_de_navarra,201402,voluntaria,1
3228,comunidad_foral_de_navarra,201401,voluntaria,4
3229,comunidad_foral_de_navarra,201312,voluntaria,0
3230,comunidad_foral_de_navarra,201311,voluntaria,1
3231,comunidad_foral_de_navarra,201310,voluntaria,1
3232,comunidad_foral_de_navarra,201309,voluntaria,2
3233,comunidad_foral_de_navarra,201308,voluntaria,1
3234,comunidad_foral_de_navarra,201307,voluntaria,0
3235,comunidad_foral_de_navarra,201306,voluntaria,2
3236,comunidad_foral_de_navarra,201305,voluntaria,2
3237,comunidad_foral_de_navarra,201304,voluntaria,2
3238,comunidad_foral_de_navarra,201303,voluntaria,0
3239,comunidad_foral_de_navarra,201302,voluntaria,4
3240,comunidad_foral_de_navarra,201301,voluntaria,1
3241,comunidad_foral_de_navarra,201212,voluntaria,1
3242,comunidad_foral_de_navarra,201211,voluntaria,1
3243,comunidad_foral_de_navarra,201210,voluntaria,4
3244,comunidad_foral_de_navarra,201209,voluntaria,3
3245,comunidad_foral_de_navarra,201208,voluntaria,1
3246,comunidad_foral_de_navarra,201207,voluntaria,0
3247,comunidad_foral_de_navarra,201206,voluntaria,3
3248,comunidad_foral_de_navarra,201205,voluntaria,3
3249,comunidad_foral_de_navarra,201204,voluntaria,1
3250,comunidad_foral_de_navarra,201203,voluntaria,0
3251,comunidad_foral_de_navarra,201202,voluntaria,1
3252,comunidad_foral_de_navarra,201201,voluntaria,3
3253,comunidad_foral_de_navarra,201112,voluntaria,1
3254,comunidad_foral_de_navarra,201111,voluntaria,1
3255,comunidad_foral_de_navarra,201110,voluntaria,0
3256,comunidad_foral_de_navarra,201109,voluntaria,1
3257,comunidad_foral_de_navarra,201108,voluntaria,0
3258,comunidad_foral_de_navarra,201107,voluntaria,1
3259,comunidad_foral_de_navarra,201106,voluntaria,1
3260,comunidad_foral_de_navarra,201105,voluntaria,1
3261,comunidad_foral_de_navarra,201104,voluntaria,2
3262,comunidad_foral_de_navarra,201103,voluntaria,2
3263,comunidad_foral_de_navarra,201102,voluntaria,1
3264,comunidad_foral_de_navarra,201101,voluntaria,5
3265,comunidad_foral_de_navarra,201012,voluntaria,4
3266,comunidad_foral_de_navarra,201011,voluntaria,4
3267,comunidad_foral_de_navarra,201010,voluntaria,8
3268,comunidad_foral_de_navarra,201009,voluntaria,0
3269,comunidad_foral_de_navarra,201008,voluntaria,1
3270,comunidad_foral_de_navarra,201007,voluntaria,2
3271,comunidad_foral_de_navarra,201006,voluntaria,3
3272,comunidad_foral_de_navarra,201005,voluntaria,6
3273,comunidad_foral_de_navarra,201004,voluntaria,6
3274,comunidad_foral_de_navarra,201003,voluntaria,5
3275,comunidad_foral_de_navarra,201002,voluntaria,10
3276,comunidad_foral_de_navarra,201001,voluntaria,10
3277,comunidad_foral_de_navarra,200912,voluntaria,9
3278,comunidad_foral_de_navarra,200911,voluntaria,3
3279,comunidad_foral_de_navarra,200910,voluntaria,4
3280,comunidad_foral_de_navarra,200909,voluntaria,6
3281,comunidad_foral_de_navarra,200908,voluntaria,2
3282,comunidad_foral_de_navarra,200907,voluntaria,7
3283,comunidad_foral_de_navarra,200906,voluntaria,9
3284,comunidad_foral_de_navarra,200905,voluntaria,2
3285,comunidad_foral_de_navarra,200904,voluntaria,6
3286,comunidad_foral_de_navarra,200903,voluntaria,4
3287,comunidad_foral_de_navarra,200902,voluntaria,2
3288,comunidad_foral_de_navarra,200901,voluntaria,6
3289,comunidad_foral_de_navarra,200812,voluntaria,1
3290,comunidad_foral_de_navarra,200811,voluntaria,3
3291,comunidad_foral_de_navarra,200810,voluntaria,4
3292,comunidad_foral_de_navarra,200809,voluntaria,1
3293,comunidad_foral_de_navarra,200808,voluntaria,3
3294,comunidad_foral_de_navarra,200807,voluntaria,1
3295,comunidad_foral_de_navarra,200806,voluntaria,1
3296,comunidad_foral_de_navarra,200805,voluntaria,1
3297,comunidad_foral_de_navarra,200804,voluntaria,3
3298,comunidad_foral_de_navarra,200803,voluntaria,1
3299,comunidad_foral_de_navarra,200802,voluntaria,4
3300,comunidad_foral_de_navarra,200801,voluntaria,7
3301,pais_vasco,202604,voluntaria,70
3302,pais_vasco,202603,voluntaria,107
3303,pais_vasco,202602,voluntaria,120
3304,pais_vasco,202601,voluntaria,205
3305,pais_vasco,202512,voluntaria,182
3306,pais_vasco,202511,voluntaria,98
3307,pais_vasco,202510,voluntaria,98
3308,pais_vasco,202509,voluntaria,68
3309,pais_vasco,202508,voluntaria,52
3310,pais_vasco,202507,voluntaria,72
3311,pais_vasco,202506,voluntaria,79
3312,pais_vasco,202505,voluntaria,84
3313,pais_vasco,202504,voluntaria,91
3314,pais_vasco,202503,voluntaria,96
3315,pais_vasco,202502,voluntaria,156
3316,pais_vasco,202501,voluntaria,237
3317,pais_vasco,202412,voluntaria,168
3318,pais_vasco,202411,voluntaria,103
3319,pais_vasco,202410,voluntaria,107
3320,pais_vasco,202409,voluntaria,68
3321,pais_vasco,202408,voluntaria,46
3322,pais_vasco,202407,voluntaria,56
3323,pais_vasco,202406,voluntaria,86
3324,pais_vasco,202405,voluntaria,71
3325,pais_vasco,202404,voluntaria,93
3326,pais_vasco,202403,voluntaria,61
3327,pais_vasco,202402,voluntaria,175
3328,pais_vasco,202401,voluntaria,223
3329,pais_vasco,202312,voluntaria,105
3330,pais_vasco,202311,voluntaria,120
3331,pais_vasco,202310,voluntaria,75
3332,pais_vasco,202309,voluntaria,57
3333,pais_vasco,202308,voluntaria,71
3334,pais_vasco,202307,voluntaria,70
3335,pais_vasco,202306,voluntaria,77
3336,pais_vasco,202305,voluntaria,82
3337,pais_vasco,202304,voluntaria,65
3338,pais_vasco,202303,voluntaria,99
3339,pais_vasco,202302,voluntaria,111
3340,pais_vasco,202301,voluntaria,173
3341,pais_vasco,202212,voluntaria,162
3342,pais_vasco,202211,voluntaria,117
3343,pais_vasco,202210,voluntaria,63
3344,pais_vasco,202209,voluntaria,44
3345,pais_vasco,202208,voluntaria,60
3346,pais_vasco,202207,voluntaria,62
3347,pais_vasco,202206,voluntaria,63
3348,pais_vasco,202205,voluntaria,76
3349,pais_vasco,202204,voluntaria,67
3350,pais_vasco,202203,voluntaria,98
3351,pais_vasco,202202,voluntaria,119
3352,pais_vasco,202201,voluntaria,182
3353,pais_vasco,202112,voluntaria,162
3354,pais_vasco,202111,voluntaria,112
3355,pais_vasco,202110,voluntaria,68
3356,pais_vasco,202109,voluntaria,44
3357,pais_vasco,202108,voluntaria,61
3358,pais_vasco,202107,voluntaria,81
3359,pais_vasco,202106,voluntaria,58
3360,pais_vasco,202105,voluntaria,92
3361,pais_vasco,202104,voluntaria,78
3362,pais_vasco,202103,voluntaria,97
3363,pais_vasco,202102,voluntaria,132
3364,pais_vasco,202101,voluntaria,180
3365,pais_vasco,202012,voluntaria,155
3366,pais_vasco,202011,voluntaria,93
3367,pais_vasco,202010,voluntaria,56
3368,pais_vasco,202009,voluntaria,50
3369,pais_vasco,202008,voluntaria,50
3370,pais_vasco,202007,voluntaria,57
3371,pais_vasco,202006,voluntaria,57
3372,pais_vasco,202005,voluntaria,38
3373,pais_vasco,202004,voluntaria,21
3374,pais_vasco,202003,voluntaria,54
3375,pais_vasco,202002,voluntaria,115
3376,pais_vasco,202001,voluntaria,220
3377,pais_vasco,201912,voluntaria,167
3378,pais_vasco,201911,voluntaria,108
3379,pais_vasco,201910,voluntaria,68
3380,pais_vasco,201909,voluntaria,38
3381,pais_vasco,201908,voluntaria,44
3382,pais_vasco,201907,voluntaria,81
3383,pais_vasco,201906,voluntaria,54
3384,pais_vasco,201905,voluntaria,74
3385,pais_vasco,201904,voluntaria,77
3386,pais_vasco,201903,voluntaria,78
3387,pais_vasco,201902,voluntaria,145
3388,pais_vasco,201901,voluntaria,211
3389,pais_vasco,201812,voluntaria,146
3390,pais_vasco,201811,voluntaria,96
3391,pais_vasco,201810,voluntaria,60
3392,pais_vasco,201809,voluntaria,44
3393,pais_vasco,201808,voluntaria,39
3394,pais_vasco,201807,voluntaria,62
3395,pais_vasco,201806,voluntaria,73
3396,pais_vasco,201805,voluntaria,83
3397,pais_vasco,201804,voluntaria,64
3398,pais_vasco,201803,voluntaria,93
3399,pais_vasco,201802,voluntaria,116
3400,pais_vasco,201801,voluntaria,209
3401,pais_vasco,201712,voluntaria,142
3402,pais_vasco,201711,voluntaria,102
3403,pais_vasco,201710,voluntaria,70
3404,pais_vasco,201709,voluntaria,50
3405,pais_vasco,201708,voluntaria,53
3406,pais_vasco,201707,voluntaria,63
3407,pais_vasco,201706,voluntaria,62
3408,pais_vasco,201705,voluntaria,78
3409,pais_vasco,201704,voluntaria,47
3410,pais_vasco,201703,voluntaria,92
3411,pais_vasco,201702,voluntaria,135
3412,pais_vasco,201701,voluntaria,208
3413,pais_vasco,201612,voluntaria,149
3414,pais_vasco,201611,voluntaria,94
3415,pais_vasco,201610,voluntaria,60
3416,pais_vasco,201609,voluntaria,42
3417,pais_vasco,201608,voluntaria,62
3418,pais_vasco,201607,voluntaria,71
3419,pais_vasco,201606,voluntaria,63
3420,pais_vasco,201605,voluntaria,74
3421,pais_vasco,201604,voluntaria,83
3422,pais_vasco,201603,voluntaria,57
3423,pais_vasco,201602,voluntaria,143
3424,pais_vasco,201601,voluntaria,159
3425,pais_vasco,201512,voluntaria,129
3426,pais_vasco,201511,voluntaria,66
3427,pais_vasco,201510,voluntaria,55
3428,pais_vasco,201509,voluntaria,71
3429,pais_vasco,201508,voluntaria,57
3430,pais_vasco,201507,voluntaria,91
3431,pais_vasco,201506,voluntaria,66
3432,pais_vasco,201505,voluntaria,51
3433,pais_vasco,201504,voluntaria,46
3434,pais_vasco,201503,voluntaria,67
3435,pais_vasco,201502,voluntaria,125
3436,pais_vasco,201501,voluntaria,163
3437,pais_vasco,201412,voluntaria,142
3438,pais_vasco,201411,voluntaria,85
3439,pais_vasco,201410,voluntaria,68
3440,pais_vasco,201409,voluntaria,48
3441,pais_vasco,201408,voluntaria,30
3442,pais_vasco,201407,voluntaria,55
3443,pais_vasco,201406,voluntaria,55
3444,pais_vasco,201405,voluntaria,66
3445,pais_vasco,201404,voluntaria,67
3446,pais_vasco,201403,voluntaria,98
3447,pais_vasco,201402,voluntaria,116
3448,pais_vasco,201401,voluntaria,182
3449,pais_vasco,201312,voluntaria,115
3450,pais_vasco,201311,voluntaria,70
3451,pais_vasco,201310,voluntaria,56
3452,pais_vasco,201309,voluntaria,48
3453,pais_vasco,201308,voluntaria,37
3454,pais_vasco,201307,voluntaria,74
3455,pais_vasco,201306,voluntaria,58
3456,pais_vasco,201305,voluntaria,64
3457,pais_vasco,201304,voluntaria,59
3458,pais_vasco,201303,voluntaria,68
3459,pais_vasco,201302,voluntaria,121
3460,pais_vasco,201301,voluntaria,177
3461,pais_vasco,201212,voluntaria,102
3462,pais_vasco,201211,voluntaria,65
3463,pais_vasco,201210,voluntaria,54
3464,pais_vasco,201209,voluntaria,59
3465,pais_vasco,201208,voluntaria,44
3466,pais_vasco,201207,voluntaria,60
3467,pais_vasco,201206,voluntaria,49
3468,pais_vasco,201205,voluntaria,76
3469,pais_vasco,201204,voluntaria,54
3470,pais_vasco,201203,voluntaria,94
3471,pais_vasco,201202,voluntaria,145
3472,pais_vasco,201201,voluntaria,214
3473,pais_vasco,201112,voluntaria,91
3474,pais_vasco,201111,voluntaria,71
3475,pais_vasco,201110,voluntaria,51
3476,pais_vasco,201109,voluntaria,46
3477,pais_vasco,201108,voluntaria,63
3478,pais_vasco,201107,voluntaria,53
3479,pais_vasco,201106,voluntaria,130
3480,pais_vasco,201105,voluntaria,65
3481,pais_vasco,201104,voluntaria,49
3482,pais_vasco,201103,voluntaria,54
3483,pais_vasco,201102,voluntaria,119
3484,pais_vasco,201101,voluntaria,177
3485,pais_vasco,201012,voluntaria,81
3486,pais_vasco,201011,voluntaria,70
3487,pais_vasco,201010,voluntaria,52
3488,pais_vasco,201009,voluntaria,37
3489,pais_vasco,201008,voluntaria,56
3490,pais_vasco,201007,voluntaria,46
3491,pais_vasco,201006,voluntaria,52
3492,pais_vasco,201005,voluntaria,58
3493,pais_vasco,201004,voluntaria,71
3494,pais_vasco,201003,voluntaria,72
3495,pais_vasco,201002,voluntaria,115
3496,pais_vasco,201001,voluntaria,142
3497,pais_vasco,200912,voluntaria,74
3498,pais_vasco,200911,voluntaria,64
3499,pais_vasco,200910,voluntaria,45
3500,pais_vasco,200909,voluntaria,51
3501,pais_vasco,200908,voluntaria,53
3502,pais_vasco,200907,voluntaria,54
3503,pais_vasco,200906,voluntaria,62
3504,pais_vasco,200905,voluntaria,61
3505,pais_vasco,200904,voluntaria,62
3506,pais_vasco,200903,voluntaria,65
3507,pais_vasco,200902,voluntaria,140
3508,pais_vasco,200901,voluntaria,168
3509,pais_vasco,200812,voluntaria,87
3510,pais_vasco,200811,voluntaria,53
3511,pais_vasco,200810,voluntaria,69
3512,pais_vasco,200809,voluntaria,48
3513,pais_vasco,200808,voluntaria,29
3514,pais_vasco,200807,voluntaria,31
3515,pais_vasco,200806,voluntaria,43
3516,pais_vasco,200805,voluntaria,61
3517,pais_vasco,200804,voluntaria,63
3518,pais_vasco,200803,voluntaria,51
3519,pais_vasco,200802,voluntaria,103
3520,pais_vasco,200801,voluntaria,158
3521,la_rioja,202604,voluntaria,11
3522,la_rioja,202603,voluntaria,14
3523,la_rioja,202602,voluntaria,19
3524,la_rioja,202601,voluntaria,21
3525,la_rioja,202512,voluntaria,24
3526,la_rioja,202511,voluntaria,15
3527,la_rioja,202510,voluntaria,11
3528,la_rioja,202509,voluntaria,11
3529,la_rioja,202508,voluntaria,6
3530,la_rioja,202507,voluntaria,10
3531,la_rioja,202506,voluntaria,6
3532,la_rioja,202505,voluntaria,11
3533,la_rioja,202504,voluntaria,9
3534,la_rioja,202503,voluntaria,14
3535,la_rioja,202502,voluntaria,13
3536,la_rioja,202501,voluntaria,8
3537,la_rioja,202412,voluntaria,23
3538,la_rioja,202411,voluntaria,11
3539,la_rioja,202410,voluntaria,10
3540,la_rioja,202409,voluntaria,10
3541,la_rioja,202408,voluntaria,1
3542,la_rioja,202407,voluntaria,18
3543,la_rioja,202406,voluntaria,10
3544,la_rioja,202405,voluntaria,11
3545,la_rioja,202404,voluntaria,12
3546,la_rioja,202403,voluntaria,12
3547,la_rioja,202402,voluntaria,20
3548,la_rioja,202401,voluntaria,23
3549,la_rioja,202312,voluntaria,15
3550,la_rioja,202311,voluntaria,16
3551,la_rioja,202310,voluntaria,17
3552,la_rioja,202309,voluntaria,11
3553,la_rioja,202308,voluntaria,8
3554,la_rioja,202307,voluntaria,8
3555,la_rioja,202306,voluntaria,7
3556,la_rioja,202305,voluntaria,7
3557,la_rioja,202304,voluntaria,7
3558,la_rioja,202303,voluntaria,14
3559,la_rioja,202302,voluntaria,22
3560,la_rioja,202301,voluntaria,30
3561,la_rioja,202212,voluntaria,18
3562,la_rioja,202211,voluntaria,13
3563,la_rioja,202210,voluntaria,13
3564,la_rioja,202209,voluntaria,8
3565,la_rioja,202208,voluntaria,8
3566,la_rioja,202207,voluntaria,6
3567,la_rioja,202206,voluntaria,11
3568,la_rioja,202205,voluntaria,13
3569,la_rioja,202204,voluntaria,11
3570,la_rioja,202203,voluntaria,12
3571,la_rioja,202202,voluntaria,12
3572,la_rioja,202201,voluntaria,19
3573,la_rioja,202112,voluntaria,18
3574,la_rioja,202111,voluntaria,14
3575,la_rioja,202110,voluntaria,10
3576,la_rioja,202109,voluntaria,12
3577,la_rioja,202108,voluntaria,15
3578,la_rioja,202107,voluntaria,12
3579,la_rioja,202106,voluntaria,7
3580,la_rioja,202105,voluntaria,13
3581,la_rioja,202104,voluntaria,8
3582,la_rioja,202103,voluntaria,16
3583,la_rioja,202102,voluntaria,24
3584,la_rioja,202101,voluntaria,22
3585,la_rioja,202012,voluntaria,20
3586,la_rioja,202011,voluntaria,7
3587,la_rioja,202010,voluntaria,7
3588,la_rioja,202009,voluntaria,7
3589,la_rioja,202008,voluntaria,5
3590,la_rioja,202007,voluntaria,9
3591,la_rioja,202006,voluntaria,4
3592,la_rioja,202005,voluntaria,4
3593,la_rioja,202004,voluntaria,3
3594,la_rioja,202003,voluntaria,6
3595,la_rioja,202002,voluntaria,18
3596,la_rioja,202001,voluntaria,23
3597,la_rioja,201912,voluntaria,11
3598,la_rioja,201911,voluntaria,15
3599,la_rioja,201910,voluntaria,12
3600,la_rioja,201909,voluntaria,4
3601,la_rioja,201908,voluntaria,6
3602,la_rioja,201907,voluntaria,7
3603,la_rioja,201906,voluntaria,5
3604,la_rioja,201905,voluntaria,13
3605,la_rioja,201904,voluntaria,7
3606,la_rioja,201903,voluntaria,15
3607,la_rioja,201902,voluntaria,24
3608,la_rioja,201901,voluntaria,22
3609,la_rioja,201812,voluntaria,10
3610,la_rioja,201811,voluntaria,8
3611,la_rioja,201810,voluntaria,6
3612,la_rioja,201809,voluntaria,4
3613,la_rioja,201808,voluntaria,10
3614,la_rioja,201807,voluntaria,6
3615,la_rioja,201806,voluntaria,6
3616,la_rioja,201805,voluntaria,6
3617,la_rioja,201804,voluntaria,8
3618,la_rioja,201803,voluntaria,13
3619,la_rioja,201802,voluntaria,13
3620,la_rioja,201801,voluntaria,13
3621,la_rioja,201712,voluntaria,16
3622,la_rioja,201711,voluntaria,15
3623,la_rioja,201710,voluntaria,10
3624,la_rioja,201709,voluntaria,3
3625,la_rioja,201708,voluntaria,13
3626,la_rioja,201707,voluntaria,8
3627,la_rioja,201706,voluntaria,11
3628,la_rioja,201705,voluntaria,9
3629,la_rioja,201704,voluntaria,6
3630,la_rioja,201703,voluntaria,10
3631,la_rioja,201702,voluntaria,16
3632,la_rioja,201701,voluntaria,13
3633,la_rioja,201612,voluntaria,20
3634,la_rioja,201611,voluntaria,12
3635,la_rioja,201610,voluntaria,8
3636,la_rioja,201609,voluntaria,6
3637,la_rioja,201608,voluntaria,10
3638,la_rioja,201607,voluntaria,11
3639,la_rioja,201606,voluntaria,6
3640,la_rioja,201605,voluntaria,5
3641,la_rioja,201604,voluntaria,6
3642,la_rioja,201603,voluntaria,11
3643,la_rioja,201602,voluntaria,21
3644,la_rioja,201601,voluntaria,17
3645,la_rioja,201512,voluntaria,17
3646,la_rioja,201511,voluntaria,16
3647,la_rioja,201510,voluntaria,7
3648,la_rioja,201509,voluntaria,5
3649,la_rioja,201508,voluntaria,11
3650,la_rioja,201507,voluntaria,7
3651,la_rioja,201506,voluntaria,6
3652,la_rioja,201505,voluntaria,7
3653,la_rioja,201504,voluntaria,16
3654,la_rioja,201503,voluntaria,12
3655,la_rioja,201502,voluntaria,10
3656,la_rioja,201501,voluntaria,22
3657,la_rioja,201412,voluntaria,17
3658,la_rioja,201411,voluntaria,7
3659,la_rioja,201410,voluntaria,7
3660,la_rioja,201409,voluntaria,7
3661,la_rioja,201408,voluntaria,7
3662,la_rioja,201407,voluntaria,5
3663,la_rioja,201406,voluntaria,6
3664,la_rioja,201405,voluntaria,12
3665,la_rioja,201404,voluntaria,14
3666,la_rioja,201403,voluntaria,9
3667,la_rioja,201402,voluntaria,24
3668,la_rioja,201401,voluntaria,19
3669,la_rioja,201312,voluntaria,24
3670,la_rioja,201311,voluntaria,10
3671,la_rioja,201310,voluntaria,12
3672,la_rioja,201309,voluntaria,9
3673,la_rioja,201308,voluntaria,8
3674,la_rioja,201307,voluntaria,8
3675,la_rioja,201306,voluntaria,8
3676,la_rioja,201305,voluntaria,18
3677,la_rioja,201304,voluntaria,11
3678,la_rioja,201303,voluntaria,8
3679,la_rioja,201302,voluntaria,12
3680,la_rioja,201301,voluntaria,40
3681,la_rioja,201212,voluntaria,37
3682,la_rioja,201211,voluntaria,9
3683,la_rioja,201210,voluntaria,3
3684,la_rioja,201209,voluntaria,11
3685,la_rioja,201208,voluntaria,7
3686,la_rioja,201207,voluntaria,9
3687,la_rioja,201206,voluntaria,10
3688,la_rioja,201205,voluntaria,10
3689,la_rioja,201204,voluntaria,5
3690,la_rioja,201203,voluntaria,5
3691,la_rioja,201202,voluntaria,14
3692,la_rioja,201201,voluntaria,18
3693,la_rioja,201112,voluntaria,10
3694,la_rioja,201111,voluntaria,5
3695,la_rioja,201110,voluntaria,8
3696,la_rioja,201109,voluntaria,8
3697,la_rioja,201108,voluntaria,3
3698,la_rioja,201107,voluntaria,6
3699,la_rioja,201106,voluntaria,3
3700,la_rioja,201105,voluntaria,4
3701,la_rioja,201104,voluntaria,10
3702,la_rioja,201103,voluntaria,9
3703,la_rioja,201102,voluntaria,11
3704,la_rioja,201101,voluntaria,23
3705,la_rioja,201012,voluntaria,17
3706,la_rioja,201011,voluntaria,24
3707,la_rioja,201010,voluntaria,15
3708,la_rioja,201009,voluntaria,9
3709,la_rioja,201008,voluntaria,11
3710,la_rioja,201007,voluntaria,11
3711,la_rioja,201006,voluntaria,8
3712,la_rioja,201005,voluntaria,52
3713,la_rioja,201004,voluntaria,10
3714,la_rioja,201003,voluntaria,23
3715,la_rioja,201002,voluntaria,26
3716,la_rioja,201001,voluntaria,10
3717,la_rioja,200912,voluntaria,19
3718,la_rioja,200911,voluntaria,5
3719,la_rioja,200910,voluntaria,7
3720,la_rioja,200909,voluntaria,3
3721,la_rioja,200908,voluntaria,4
3722,la_rioja,200907,voluntaria,5
3723,la_rioja,200906,voluntaria,0
3724,la_rioja,200905,voluntaria,1
3725,la_rioja,200904,voluntaria,6
3726,la_rioja,200903,voluntaria,7
3727,la_rioja,200902,voluntaria,5
3728,la_rioja,200901,voluntaria,11
3729,la_rioja,200812,voluntaria,7
3730,la_rioja,200811,voluntaria,1
3731,la_rioja,200810,voluntaria,2
3732,la_rioja,200809,voluntaria,4
3733,la_rioja,200808,voluntaria,0
3734,la_rioja,200807,voluntaria,1
3735,la_rioja,200806,voluntaria,1
3736,la_rioja,200805,voluntaria,3
3737,la_rioja,200804,voluntaria,9
3738,la_rioja,200803,voluntaria,8
3739,la_rioja,200802,voluntaria,13
3740,la_rioja,200801,voluntaria,8
3741,ceuta,202604,voluntaria,1
3742,ceuta,202603,voluntaria,4
3743,ceuta,202602,voluntaria,1
3744,ceuta,202601,voluntaria,3
3745,ceuta,202512,voluntaria,1
3746,ceuta,202511,voluntaria,1
3747,ceuta,202510,voluntaria,2
3748,ceuta,202509,voluntaria,0
3749,ceuta,202508,voluntaria,1
3750,ceuta,202507,voluntaria,1
3751,ceuta,202506,voluntaria,3
3752,ceuta,202505,voluntaria,1
3753,ceuta,202504,voluntaria,2
3754,ceuta,202503,voluntaria,2
3755,ceuta,202502,voluntaria,3
3756,ceuta,202501,voluntaria,3
3757,ceuta,202412,voluntaria,3
3758,ceuta,202411,voluntaria,0
3759,ceuta,202410,voluntaria,2
3760,ceuta,202409,voluntaria,0
3761,ceuta,202408,voluntaria,4
3762,ceuta,202407,voluntaria,0
3763,ceuta,202406,voluntaria,2
3764,ceuta,202405,voluntaria,1
3765,ceuta,202404,voluntaria,2
3766,ceuta,202403,voluntaria,0
3767,ceuta,202402,voluntaria,0
3768,ceuta,202401,voluntaria,4
3769,ceuta,202312,voluntaria,0
3770,ceuta,202311,voluntaria,7
3771,ceuta,202310,voluntaria,2
3772,ceuta,202309,voluntaria,3
3773,ceuta,202308,voluntaria,2
3774,ceuta,202307,voluntaria,0
3775,ceuta,202306,voluntaria,4
3776,ceuta,202305,voluntaria,1
3777,ceuta,202304,voluntaria,2
3778,ceuta,202303,voluntaria,2
3779,ceuta,202302,voluntaria,0
3780,ceuta,202301,voluntaria,4
3781,ceuta,202212,voluntaria,3
3782,ceuta,202211,voluntaria,3
3783,ceuta,202210,voluntaria,1
3784,ceuta,202209,voluntaria,2
3785,ceuta,202208,voluntaria,0
3786,ceuta,202207,voluntaria,0
3787,ceuta,202206,voluntaria,0
3788,ceuta,202205,voluntaria,3
3789,ceuta,202204,voluntaria,1
3790,ceuta,202203,voluntaria,1
3791,ceuta,202202,voluntaria,2
3792,ceuta,202201,voluntaria,1
3793,ceuta,202112,voluntaria,1
3794,ceuta,202111,voluntaria,3
3795,ceuta,202110,voluntaria,0
3796,ceuta,202109,voluntaria,1
3797,ceuta,202108,voluntaria,0
3798,ceuta,202107,voluntaria,0
3799,ceuta,202106,voluntaria,2
3800,ceuta,202105,voluntaria,2
3801,ceuta,202104,voluntaria,0
3802,ceuta,202103,voluntaria,3
3803,ceuta,202102,voluntaria,4
3804,ceuta,202101,voluntaria,1
3805,ceuta,202012,voluntaria,3
3806,ceuta,202011,voluntaria,2
3807,ceuta,202010,voluntaria,4
3808,ceuta,202009,voluntaria,0
3809,ceuta,202008,voluntaria,0
3810,ceuta,202007,voluntaria,0
3811,ceuta,202006,voluntaria,0
3812,ceuta,202005,voluntaria,0
3813,ceuta,202004,voluntaria,2
3814,ceuta,202003,voluntaria,0
3815,ceuta,202002,voluntaria,1
3816,ceuta,202001,voluntaria,3
3817,ceuta,201912,voluntaria,2
3818,ceuta,201911,voluntaria,1
3819,ceuta,201910,voluntaria,0
3820,ceuta,201909,voluntaria,1
3821,ceuta,201908,voluntaria,1
3822,ceuta,201907,voluntaria,0
3823,ceuta,201906,voluntaria,1
3824,ceuta,201905,voluntaria,2
3825,ceuta,201904,voluntaria,0
3826,ceuta,201903,voluntaria,0
3827,ceuta,201902,voluntaria,1
3828,ceuta,201901,voluntaria,6
3829,ceuta,201812,voluntaria,1
3830,ceuta,201811,voluntaria,2
3831,ceuta,201810,voluntaria,1
3832,ceuta,201809,voluntaria,2
3833,ceuta,201808,voluntaria,1
3834,ceuta,201807,voluntaria,2
3835,ceuta,201806,voluntaria,1
3836,ceuta,201805,voluntaria,0
3837,ceuta,201804,voluntaria,0
3838,ceuta,201803,voluntaria,2
3839,ceuta,201802,voluntaria,2
3840,ceuta,201801,voluntaria,0
3841,ceuta,201712,voluntaria,3
3842,ceuta,201711,voluntaria,1
3843,ceuta,201710,voluntaria,1
3844,ceuta,201709,voluntaria,0
3845,ceuta,201708,voluntaria,3
3846,ceuta,201707,voluntaria,0
3847,ceuta,201706,voluntaria,0
3848,ceuta,201705,voluntaria,1
3849,ceuta,201704,voluntaria,2
3850,ceuta,201703,voluntaria,2
3851,ceuta,201702,voluntaria,2
3852,ceuta,201701,voluntaria,0
3853,ceuta,201612,voluntaria,6
3854,ceuta,201611,voluntaria,1
3855,ceuta,201610,voluntaria,1
3856,ceuta,201609,voluntaria,0
3857,ceuta,201608,voluntaria,0
3858,ceuta,201607,voluntaria,1
3859,ceuta,201606,voluntaria,2
3860,ceuta,201605,voluntaria,0
3861,ceuta,201604,voluntaria,1
3862,ceuta,201603,voluntaria,2
3863,ceuta,201602,voluntaria,0
3864,ceuta,201601,voluntaria,2
3865,ceuta,201512,voluntaria,3
3866,ceuta,201511,voluntaria,1
3867,ceuta,201510,voluntaria,2
3868,ceuta,201509,voluntaria,1
3869,ceuta,201508,voluntaria,0
3870,ceuta,201507,voluntaria,0
3871,ceuta,201506,voluntaria,1
3872,ceuta,201505,voluntaria,0
3873,ceuta,201504,voluntaria,1
3874,ceuta,201503,voluntaria,2
3875,ceuta,201502,voluntaria,1
3876,ceuta,201501,voluntaria,2
3877,ceuta,201412,voluntaria,2
3878,ceuta,201411,voluntaria,2
3879,ceuta,201410,voluntaria,1
3880,ceuta,201409,voluntaria,0
3881,ceuta,201408,voluntaria,0
3882,ceuta,201407,voluntaria,0
3883,ceuta,201406,voluntaria,0
3884,ceuta,201405,voluntaria,0
3885,ceuta,201404,voluntaria,1
3886,ceuta,201403,voluntaria,0
3887,ceuta,201402,voluntaria,0
3888,ceuta,201401,voluntaria,0
3889,ceuta,201312,voluntaria,0
3890,ceuta,201311,voluntaria,0
3891,ceuta,201310,voluntaria,0
3892,ceuta,201309,voluntaria,0
3893,ceuta,201308,voluntaria,0
3894,ceuta,201307,voluntaria,0
3895,ceuta,201306,voluntaria,1
3896,ceuta,201305,voluntaria,1
3897,ceuta,201304,voluntaria,3
3898,ceuta,201303,voluntaria,2
3899,ceuta,201302,voluntaria,2
3900,ceuta,201301,voluntaria,3
3901,ceuta,201212,voluntaria,4
3902,ceuta,201211,voluntaria,6
3903,ceuta,201210,voluntaria,3
3904,ceuta,201209,voluntaria,1
3905,ceuta,201208,voluntaria,1
3906,ceuta,201207,voluntaria,0
3907,ceuta,201206,voluntaria,0
3908,ceuta,201205,voluntaria,0
3909,ceuta,201204,voluntaria,0
3910,ceuta,201203,voluntaria,1
3911,ceuta,201202,voluntaria,2
3912,ceuta,201201,voluntaria,0
3913,ceuta,201112,voluntaria,7
3914,ceuta,201111,voluntaria,0
3915,ceuta,201110,voluntaria,1
3916,ceuta,201109,voluntaria,0
3917,ceuta,201108,voluntaria,0
3918,ceuta,201107,voluntaria,0
3919,ceuta,201106,voluntaria,2
3920,ceuta,201105,voluntaria,2
3921,ceuta,201104,voluntaria,0
3922,ceuta,201103,voluntaria,3
3923,ceuta,201102,voluntaria,2
3924,ceuta,201101,voluntaria,1
3925,ceuta,201012,voluntaria,3
3926,ceuta,201011,voluntaria,0
3927,ceuta,201010,voluntaria,2
3928,ceuta,201009,voluntaria,2
3929,ceuta,201008,voluntaria,1
3930,ceuta,201007,voluntaria,0
3931,ceuta,201006,voluntaria,3
3932,ceuta,201005,voluntaria,1
3933,ceuta,201004,voluntaria,2
3934,ceuta,201003,voluntaria,3
3935,ceuta,201002,voluntaria,2
3936,ceuta,201001,voluntaria,4
3937,ceuta,200912,voluntaria,2
3938,ceuta,200911,voluntaria,1
3939,ceuta,200910,voluntaria,4
3940,ceuta,200909,voluntaria,0
3941,ceuta,200908,voluntaria,3
3942,ceuta,200907,voluntaria,1
3943,ceuta,200906,voluntaria,0
3944,ceuta,200905,voluntaria,0
3945,ceuta,200904,voluntaria,2
3946,ceuta,200903,voluntaria,2
3947,ceuta,200902,voluntaria,3
3948,ceuta,200901,voluntaria,4
3949,ceuta,200812,voluntaria,3
3950,ceuta,200811,voluntaria,3
3951,ceuta,200810,voluntaria,3
3952,ceuta,200809,voluntaria,2
3953,ceuta,200808,voluntaria,0
3954,ceuta,200807,voluntaria,4
3955,ceuta,200806,voluntaria,1
3956,ceuta,200805,voluntaria,1
3957,ceuta,200804,voluntaria,0
3958,ceuta,200803,voluntaria,4
3959,ceuta,200802,voluntaria,0
3960,ceuta,200801,voluntaria,1
3961,melilla,202604,voluntaria,0
3962,melilla,202603,voluntaria,1
3963,melilla,202602,voluntaria,0
3964,melilla,202601,voluntaria,2
3965,melilla,202512,voluntaria,2
3966,melilla,202511,voluntaria,3
3967,melilla,202510,voluntaria,0
3968,melilla,202509,voluntaria,1
3969,melilla,202508,voluntaria,1
3970,melilla,202507,voluntaria,1
3971,melilla,202506,voluntaria,3
3972,melilla,202505,voluntaria,3
3973,melilla,202504,voluntaria,4
3974,melilla,202503,voluntaria,4
3975,melilla,202502,voluntaria,2
3976,melilla,202501,voluntaria,7
3977,melilla,202412,voluntaria,3
3978,melilla,202411,voluntaria,0
3979,melilla,202410,voluntaria,0
3980,melilla,202409,voluntaria,3
3981,melilla,202408,voluntaria,0
3982,melilla,202407,voluntaria,2
3983,melilla,202406,voluntaria,2
3984,melilla,202405,voluntaria,2
3985,melilla,202404,voluntaria,0
3986,melilla,202403,voluntaria,0
3987,melilla,202402,voluntaria,1
3988,melilla,202401,voluntaria,2
3989,melilla,202312,voluntaria,7
3990,melilla,202311,voluntaria,1
3991,melilla,202310,voluntaria,1
3992,melilla,202309,voluntaria,1
3993,melilla,202308,voluntaria,0
3994,melilla,202307,voluntaria,0
3995,melilla,202306,voluntaria,1
3996,melilla,202305,voluntaria,3
3997,melilla,202304,voluntaria,1
3998,melilla,202303,voluntaria,4
3999,melilla,202302,voluntaria,2
4000,melilla,202301,voluntaria,5
4001,melilla,202212,voluntaria,5
4002,melilla,202211,voluntaria,2
4003,melilla,202210,voluntaria,3
4004,melilla,202209,voluntaria,1
4005,melilla,202208,voluntaria,1
4006,melilla,202207,voluntaria,4
4007,melilla,202206,voluntaria,3
4008,melilla,202205,voluntaria,0
4009,melilla,202204,voluntaria,0
4010,melilla,202203,voluntaria,2
4011,melilla,202202,voluntaria,2
4012,melilla,202201,voluntaria,2
4013,melilla,202112,voluntaria,3
4014,melilla,202111,voluntaria,2
4015,melilla,202110,voluntaria,2
4016,melilla,202109,voluntaria,2
4017,melilla,202108,voluntaria,0
4018,melilla,202107,voluntaria,0
4019,melilla,202106,voluntaria,2
4020,melilla,202105,voluntaria,1
4021,melilla,202104,voluntaria,0
4022,melilla,202103,voluntaria,1
4023,melilla,202102,voluntaria,2
4024,melilla,202101,voluntaria,2
4025,melilla,202012,voluntaria,2
4026,melilla,202011,voluntaria,2
4027,melilla,202010,voluntaria,1
4028,melilla,202009,voluntaria,0
4029,melilla,202008,voluntaria,1
4030,melilla,202007,voluntaria,0
4031,melilla,202006,voluntaria,0
4032,melilla,202005,voluntaria,0
4033,melilla,202004,voluntaria,0
4034,melilla,202003,voluntaria,2
4035,melilla,202002,voluntaria,2
4036,melilla,202001,voluntaria,4
4037,melilla,201912,voluntaria,6
4038,melilla,201911,voluntaria,2
4039,melilla,201910,voluntaria,3
4040,melilla,201909,voluntaria,0
4041,melilla,201908,voluntaria,2
4042,melilla,201907,voluntaria,0
4043,melilla,201906,voluntaria,2
4044,melilla,201905,voluntaria,0
4045,melilla,201904,voluntaria,3
4046,melilla,201903,voluntaria,1
4047,melilla,201902,voluntaria,3
4048,melilla,201901,voluntaria,1
4049,melilla,201812,voluntaria,2
4050,melilla,201811,voluntaria,0
4051,melilla,201810,voluntaria,0
4052,melilla,201809,voluntaria,0
4053,melilla,201808,voluntaria,3
4054,melilla,201807,voluntaria,2
4055,melilla,201806,voluntaria,3
4056,melilla,201805,voluntaria,0
4057,melilla,201804,voluntaria,0
4058,melilla,201803,voluntaria,2
4059,melilla,201802,voluntaria,1
4060,melilla,201801,voluntaria,1
4061,melilla,201712,voluntaria,3
4062,melilla,201711,voluntaria,0
4063,melilla,201710,voluntaria,1
4064,melilla,201709,voluntaria,0
4065,melilla,201708,voluntaria,0
4066,melilla,201707,voluntaria,2
4067,melilla,201706,voluntaria,2
4068,melilla,201705,voluntaria,0
4069,melilla,201704,voluntaria,0
4070,melilla,201703,voluntaria,4
4071,melilla,201702,voluntaria,0
4072,melilla,201701,voluntaria,3
4073,melilla,201612,voluntaria,2
4074,melilla,201611,voluntaria,1
4075,melilla,201610,voluntaria,0
4076,melilla,201609,voluntaria,0
4077,melilla,201608,voluntaria,0
4078,melilla,201607,voluntaria,1
4079,melilla,201606,voluntaria,2
4080,melilla,201605,voluntaria,2
4081,melilla,201604,voluntaria,0
4082,melilla,201603,voluntaria,2
4083,melilla,201602,voluntaria,1
4084,melilla,201601,voluntaria,3
4085,melilla,201512,voluntaria,0
4086,melilla,201511,voluntaria,1
4087,melilla,201510,voluntaria,0
4088,melilla,201509,voluntaria,2
4089,melilla,201508,voluntaria,2
4090,melilla,201507,voluntaria,0
4091,melilla,201506,voluntaria,0
4092,melilla,201505,voluntaria,1
4093,melilla,201504,voluntaria,0
4094,melilla,201503,voluntaria,2
4095,melilla,201502,voluntaria,3
4096,melilla,201501,voluntaria,2
4097,melilla,201412,voluntaria,2
4098,melilla,201411,voluntaria,0
4099,melilla,201410,voluntaria,0
4100,melilla,201409,voluntaria,0
4101,melilla,201408,voluntaria,1
4102,melilla,201407,voluntaria,0
4103,melilla,201406,voluntaria,2
4104,melilla,201405,voluntaria,0
4105,melilla,201404,voluntaria,2
4106,melilla,201403,voluntaria,0
4107,melilla,201402,voluntaria,1
4108,melilla,201401,voluntaria,3
4109,melilla,201312,voluntaria,2
4110,melilla,201311,voluntaria,2
4111,melilla,201310,voluntaria,0
4112,melilla,201309,voluntaria,1
4113,melilla,201308,voluntaria,1
4114,melilla,201307,voluntaria,0
4115,melilla,201306,voluntaria,0
4116,melilla,201305,voluntaria,0
4117,melilla,201304,voluntaria,0
4118,melilla,201303,voluntaria,1
4119,melilla,201302,voluntaria,1
4120,melilla,201301,voluntaria,1
4121,melilla,201212,voluntaria,0
4122,melilla,201211,voluntaria,3
4123,melilla,201210,voluntaria,2
4124,melilla,201209,voluntaria,0
4125,melilla,201208,voluntaria,1
4126,melilla,201207,voluntaria,2
4127,melilla,201206,voluntaria,0
4128,melilla,201205,voluntaria,0
4129,melilla,201204,voluntaria,0
4130,melilla,201203,voluntaria,1
4131,melilla,201202,voluntaria,1
4132,melilla,201201,voluntaria,3
4133,melilla,201112,voluntaria,2
4134,melilla,201111,voluntaria,0
4135,melilla,201110,voluntaria,0
4136,melilla,201109,voluntaria,0
4137,melilla,201108,voluntaria,1
4138,melilla,201107,voluntaria,2
4139,melilla,201106,voluntaria,2
4140,melilla,201105,voluntaria,2
4141,melilla,201104,voluntaria,1
4142,melilla,201103,voluntaria,2
4143,melilla,201102,voluntaria,1
4144,melilla,201101,voluntaria,0
4145,melilla,201012,voluntaria,6
4146,melilla,201011,voluntaria,0
4147,melilla,201010,voluntaria,0
4148,melilla,201009,voluntaria,0
4149,melilla,201008,voluntaria,1
4150,melilla,201007,voluntaria,1
4151,melilla,201006,voluntaria,1
4152,melilla,201005,voluntaria,1
4153,melilla,201004,voluntaria,1
4154,melilla,201003,voluntaria,1
4155,melilla,201002,voluntaria,1
4156,melilla,201001,voluntaria,1
4157,melilla,200912,voluntaria,2
4158,melilla,200911,voluntaria,0
4159,melilla,200910,voluntaria,2
4160,melilla,200909,voluntaria,0
4161,melilla,200908,voluntaria,1
4162,melilla,200907,voluntaria,0
4163,melilla,200906,voluntaria,0
4164,melilla,200905,voluntaria,1
4165,melilla,200904,voluntaria,1
4166,melilla,200903,voluntaria,0
4167,melilla,200902,voluntaria,1
4168,melilla,200901,voluntaria,4
4169,melilla,200812,voluntaria,6
4170,melilla,200811,voluntaria,0
4171,melilla,200810,voluntaria,0
4172,melilla,200809,voluntaria,1
4173,melilla,200808,voluntaria,0
4174,melilla,200807,voluntaria,0
4175,melilla,200806,voluntaria,0
4176,melilla,200805,voluntaria,1
4177,melilla,200804,voluntaria,0
4178,melilla,200803,voluntaria,2
4179,melilla,200802,voluntaria,0
4180,melilla,200801,voluntaria,4
4181,andalucia,202604,por_fusion,8
4182,andalucia,202603,por_fusion,19
4183,andalucia,202602,por_fusion,26
4184,andalucia,202601,por_fusion,39
4185,andalucia,202512,por_fusion,75
4186,andalucia,202511,por_fusion,17
4187,andalucia,202510,por_fusion,16
4188,andalucia,202509,por_fusion,13
4189,andalucia,202508,por_fusion,13
4190,andalucia,202507,por_fusion,19
4191,andalucia,202506,por_fusion,14
4192,andalucia,202505,por_fusion,8
4193,andalucia,202504,por_fusion,6
4194,andalucia,202503,por_fusion,13
4195,andalucia,202502,por_fusion,43
4196,andalucia,202501,por_fusion,28
4197,andalucia,202412,por_fusion,26
4198,andalucia,202411,por_fusion,18
4199,andalucia,202410,por_fusion,22
4200,andalucia,202409,por_fusion,13
4201,andalucia,202408,por_fusion,15
4202,andalucia,202407,por_fusion,12
4203,andalucia,202406,por_fusion,11
4204,andalucia,202405,por_fusion,3
4205,andalucia,202404,por_fusion,11
4206,andalucia,202403,por_fusion,24
4207,andalucia,202402,por_fusion,19
4208,andalucia,202401,por_fusion,25
4209,andalucia,202312,por_fusion,18
4210,andalucia,202311,por_fusion,22
4211,andalucia,202310,por_fusion,17
4212,andalucia,202309,por_fusion,17
4213,andalucia,202308,por_fusion,12
4214,andalucia,202307,por_fusion,14
4215,andalucia,202306,por_fusion,6
4216,andalucia,202305,por_fusion,14
4217,andalucia,202304,por_fusion,15
4218,andalucia,202303,por_fusion,20
4219,andalucia,202302,por_fusion,28
4220,andalucia,202301,por_fusion,24
4221,andalucia,202212,por_fusion,25
4222,andalucia,202211,por_fusion,20
4223,andalucia,202210,por_fusion,15
4224,andalucia,202209,por_fusion,17
4225,andalucia,202208,por_fusion,23
4226,andalucia,202207,por_fusion,43
4227,andalucia,202206,por_fusion,7
4228,andalucia,202205,por_fusion,19
4229,andalucia,202204,por_fusion,13
4230,andalucia,202203,por_fusion,27
4231,andalucia,202202,por_fusion,32
4232,andalucia,202201,por_fusion,33
4233,andalucia,202112,por_fusion,19
4234,andalucia,202111,por_fusion,25
4235,andalucia,202110,por_fusion,20
4236,andalucia,202109,por_fusion,21
4237,andalucia,202108,por_fusion,10
4238,andalucia,202107,por_fusion,11
4239,andalucia,202106,por_fusion,11
4240,andalucia,202105,por_fusion,11
4241,andalucia,202104,por_fusion,12
4242,andalucia,202103,por_fusion,30
4243,andalucia,202102,por_fusion,18
4244,andalucia,202101,por_fusion,26
4245,andalucia,202012,por_fusion,44
4246,andalucia,202011,por_fusion,19
4247,andalucia,202010,por_fusion,21
4248,andalucia,202009,por_fusion,117
4249,andalucia,202008,por_fusion,9
4250,andalucia,202007,por_fusion,7
4251,andalucia,202006,por_fusion,18
4252,andalucia,202005,por_fusion,6
4253,andalucia,202004,por_fusion,10
4254,andalucia,202003,por_fusion,19
4255,andalucia,202002,por_fusion,30
4256,andalucia,202001,por_fusion,18
4257,andalucia,201912,por_fusion,8
4258,andalucia,201911,por_fusion,13
4259,andalucia,201910,por_fusion,27
4260,andalucia,201909,por_fusion,23
4261,andalucia,201908,por_fusion,13
4262,andalucia,201907,por_fusion,21
4263,andalucia,201906,por_fusion,15
4264,andalucia,201905,por_fusion,11
4265,andalucia,201904,por_fusion,13
4266,andalucia,201903,por_fusion,15
4267,andalucia,201902,por_fusion,26
4268,andalucia,201901,por_fusion,18
4269,andalucia,201812,por_fusion,83
4270,andalucia,201811,por_fusion,24
4271,andalucia,201810,por_fusion,10
4272,andalucia,201809,por_fusion,13
4273,andalucia,201808,por_fusion,4
4274,andalucia,201807,por_fusion,18
4275,andalucia,201806,por_fusion,26
4276,andalucia,201805,por_fusion,12
4277,andalucia,201804,por_fusion,9
4278,andalucia,201803,por_fusion,38
4279,andalucia,201802,por_fusion,29
4280,andalucia,201801,por_fusion,20
4281,andalucia,201712,por_fusion,118
4282,andalucia,201711,por_fusion,24
4283,andalucia,201710,por_fusion,48
4284,andalucia,201709,por_fusion,13
4285,andalucia,201708,por_fusion,14
4286,andalucia,201707,por_fusion,20
4287,andalucia,201706,por_fusion,6
4288,andalucia,201705,por_fusion,20
4289,andalucia,201704,por_fusion,8
4290,andalucia,201703,por_fusion,23
4291,andalucia,201702,por_fusion,38
4292,andalucia,201701,por_fusion,92
4293,andalucia,201612,por_fusion,57
4294,andalucia,201611,por_fusion,15
4295,andalucia,201610,por_fusion,25
4296,andalucia,201609,por_fusion,19
4297,andalucia,201608,por_fusion,19
4298,andalucia,201607,por_fusion,19
4299,andalucia,201606,por_fusion,13
4300,andalucia,201605,por_fusion,13
4301,andalucia,201604,por_fusion,10
4302,andalucia,201603,por_fusion,25
4303,andalucia,201602,por_fusion,25
4304,andalucia,201601,por_fusion,19
4305,andalucia,201512,por_fusion,23
4306,andalucia,201511,por_fusion,6
4307,andalucia,201510,por_fusion,27
4308,andalucia,201509,por_fusion,25
4309,andalucia,201508,por_fusion,8
4310,andalucia,201507,por_fusion,8
4311,andalucia,201506,por_fusion,12
4312,andalucia,201505,por_fusion,11
4313,andalucia,201504,por_fusion,14
4314,andalucia,201503,por_fusion,21
4315,andalucia,201502,por_fusion,10
4316,andalucia,201501,por_fusion,20
4317,andalucia,201412,por_fusion,37
4318,andalucia,201411,por_fusion,15
4319,andalucia,201410,por_fusion,20
4320,andalucia,201409,por_fusion,13
4321,andalucia,201408,por_fusion,11
4322,andalucia,201407,por_fusion,28
4323,andalucia,201406,por_fusion,11
4324,andalucia,201405,por_fusion,3
4325,andalucia,201404,por_fusion,15
4326,andalucia,201403,por_fusion,19
4327,andalucia,201402,por_fusion,14
4328,andalucia,201401,por_fusion,15
4329,andalucia,201312,por_fusion,47
4330,andalucia,201311,por_fusion,86
4331,andalucia,201310,por_fusion,15
4332,andalucia,201309,por_fusion,19
4333,andalucia,201308,por_fusion,21
4334,andalucia,201307,por_fusion,7
4335,andalucia,201306,por_fusion,13
4336,andalucia,201305,por_fusion,12
4337,andalucia,201304,por_fusion,17
4338,andalucia,201303,por_fusion,9
4339,andalucia,201302,por_fusion,26
4340,andalucia,201301,por_fusion,41
4341,andalucia,201212,por_fusion,19
4342,andalucia,201211,por_fusion,19
4343,andalucia,201210,por_fusion,8
4344,andalucia,201209,por_fusion,18
4345,andalucia,201208,por_fusion,21
4346,andalucia,201207,por_fusion,8
4347,andalucia,201206,por_fusion,11
4348,andalucia,201205,por_fusion,7
4349,andalucia,201204,por_fusion,10
4350,andalucia,201203,por_fusion,22
4351,andalucia,201202,por_fusion,24
4352,andalucia,201201,por_fusion,26
4353,andalucia,201112,por_fusion,25
4354,andalucia,201111,por_fusion,33
4355,andalucia,201110,por_fusion,14
4356,andalucia,201109,por_fusion,31
4357,andalucia,201108,por_fusion,14
4358,andalucia,201107,por_fusion,15
4359,andalucia,201106,por_fusion,9
4360,andalucia,201105,por_fusion,6
4361,andalucia,201104,por_fusion,11
4362,andalucia,201103,por_fusion,14
4363,andalucia,201102,por_fusion,6
4364,andalucia,201101,por_fusion,29
4365,andalucia,201012,por_fusion,53
4366,andalucia,201011,por_fusion,13
4367,andalucia,201010,por_fusion,24
4368,andalucia,201009,por_fusion,22
4369,andalucia,201008,por_fusion,4
4370,andalucia,201007,por_fusion,10
4371,andalucia,201006,por_fusion,14
4372,andalucia,201005,por_fusion,8
4373,andalucia,201004,por_fusion,16
4374,andalucia,201003,por_fusion,16
4375,andalucia,201002,por_fusion,20
4376,andalucia,201001,por_fusion,11
4377,andalucia,200912,por_fusion,15
4378,andalucia,200911,por_fusion,11
4379,andalucia,200910,por_fusion,27
4380,andalucia,200909,por_fusion,10
4381,andalucia,200908,por_fusion,6
4382,andalucia,200907,por_fusion,3
4383,andalucia,200906,por_fusion,11
4384,andalucia,200905,por_fusion,7
4385,andalucia,200904,por_fusion,7
4386,andalucia,200903,por_fusion,11
4387,andalucia,200902,por_fusion,16
4388,andalucia,200901,por_fusion,17
4389,andalucia,200812,por_fusion,27
4390,andalucia,200811,por_fusion,17
4391,andalucia,200810,por_fusion,26
4392,andalucia,200809,por_fusion,16
4393,andalucia,200808,por_fusion,8
4394,andalucia,200807,por_fusion,18
4395,andalucia,200806,por_fusion,7
4396,andalucia,200805,por_fusion,11
4397,andalucia,200804,por_fusion,5
4398,andalucia,200803,por_fusion,5
4399,andalucia,200802,por_fusion,29
4400,andalucia,200801,por_fusion,37
4401,aragon,202604,por_fusion,7
4402,aragon,202603,por_fusion,2
4403,aragon,202602,por_fusion,5
4404,aragon,202601,por_fusion,13
4405,aragon,202512,por_fusion,12
4406,aragon,202511,por_fusion,3
4407,aragon,202510,por_fusion,5
4408,aragon,202509,por_fusion,5
4409,aragon,202508,por_fusion,4
4410,aragon,202507,por_fusion,13
4411,aragon,202506,por_fusion,11
4412,aragon,202505,por_fusion,0
4413,aragon,202504,por_fusion,2
4414,aragon,202503,por_fusion,0
4415,aragon,202502,por_fusion,4
4416,aragon,202501,por_fusion,19
4417,aragon,202412,por_fusion,3
4418,aragon,202411,por_fusion,2
4419,aragon,202410,por_fusion,4
4420,aragon,202409,por_fusion,1
4421,aragon,202408,por_fusion,8
4422,aragon,202407,por_fusion,4
4423,aragon,202406,por_fusion,1
4424,aragon,202405,por_fusion,3
4425,aragon,202404,por_fusion,2
4426,aragon,202403,por_fusion,0
4427,aragon,202402,por_fusion,4
4428,aragon,202401,por_fusion,14
4429,aragon,202312,por_fusion,4
4430,aragon,202311,por_fusion,6
4431,aragon,202310,por_fusion,8
4432,aragon,202309,por_fusion,4
4433,aragon,202308,por_fusion,0
4434,aragon,202307,por_fusion,7
4435,aragon,202306,por_fusion,2
4436,aragon,202305,por_fusion,14
4437,aragon,202304,por_fusion,2
4438,aragon,202303,por_fusion,7
4439,aragon,202302,por_fusion,6
4440,aragon,202301,por_fusion,7
4441,aragon,202212,por_fusion,11
4442,aragon,202211,por_fusion,16
4443,aragon,202210,por_fusion,3
4444,aragon,202209,por_fusion,1
4445,aragon,202208,por_fusion,6
4446,aragon,202207,por_fusion,1
4447,aragon,202206,por_fusion,6
4448,aragon,202205,por_fusion,4
4449,aragon,202204,por_fusion,2
4450,aragon,202203,por_fusion,4
4451,aragon,202202,por_fusion,4
4452,aragon,202201,por_fusion,13
4453,aragon,202112,por_fusion,17
4454,aragon,202111,por_fusion,12
4455,aragon,202110,por_fusion,5
4456,aragon,202109,por_fusion,7
4457,aragon,202108,por_fusion,4
4458,aragon,202107,por_fusion,6
4459,aragon,202106,por_fusion,1
4460,aragon,202105,por_fusion,3
4461,aragon,202104,por_fusion,3
4462,aragon,202103,por_fusion,1
4463,aragon,202102,por_fusion,1
4464,aragon,202101,por_fusion,3
4465,aragon,202012,por_fusion,8
4466,aragon,202011,por_fusion,7
4467,aragon,202010,por_fusion,3
4468,aragon,202009,por_fusion,5
4469,aragon,202008,por_fusion,4
4470,aragon,202007,por_fusion,5
4471,aragon,202006,por_fusion,2
4472,aragon,202005,por_fusion,0
4473,aragon,202004,por_fusion,0
4474,aragon,202003,por_fusion,5
4475,aragon,202002,por_fusion,9
4476,aragon,202001,por_fusion,3
4477,aragon,201912,por_fusion,68
4478,aragon,201911,por_fusion,1
4479,aragon,201910,por_fusion,4
4480,aragon,201909,por_fusion,8
4481,aragon,201908,por_fusion,10
4482,aragon,201907,por_fusion,6
4483,aragon,201906,por_fusion,3
4484,aragon,201905,por_fusion,3
4485,aragon,201904,por_fusion,4
4486,aragon,201903,por_fusion,3
4487,aragon,201902,por_fusion,6
4488,aragon,201901,por_fusion,8
4489,aragon,201812,por_fusion,8
4490,aragon,201811,por_fusion,3
4491,aragon,201810,por_fusion,8
4492,aragon,201809,por_fusion,4
4493,aragon,201808,por_fusion,5
4494,aragon,201807,por_fusion,6
4495,aragon,201806,por_fusion,3
4496,aragon,201805,por_fusion,3
4497,aragon,201804,por_fusion,2
4498,aragon,201803,por_fusion,4
4499,aragon,201802,por_fusion,5
4500,aragon,201801,por_fusion,10
4501,aragon,201712,por_fusion,15
4502,aragon,201711,por_fusion,3
4503,aragon,201710,por_fusion,6
4504,aragon,201709,por_fusion,3
4505,aragon,201708,por_fusion,2
4506,aragon,201707,por_fusion,5
4507,aragon,201706,por_fusion,2
4508,aragon,201705,por_fusion,1
4509,aragon,201704,por_fusion,2
4510,aragon,201703,por_fusion,3
4511,aragon,201702,por_fusion,2
4512,aragon,201701,por_fusion,20
4513,aragon,201612,por_fusion,6
4514,aragon,201611,por_fusion,3
4515,aragon,201610,por_fusion,4
4516,aragon,201609,por_fusion,8
4517,aragon,201608,por_fusion,2
4518,aragon,201607,por_fusion,1
4519,aragon,201606,por_fusion,1
4520,aragon,201605,por_fusion,5
4521,aragon,201604,por_fusion,0
4522,aragon,201603,por_fusion,5
4523,aragon,201602,por_fusion,0
4524,aragon,201601,por_fusion,10
4525,aragon,201512,por_fusion,27
4526,aragon,201511,por_fusion,6
4527,aragon,201510,por_fusion,4
4528,aragon,201509,por_fusion,11
4529,aragon,201508,por_fusion,4
4530,aragon,201507,por_fusion,6
4531,aragon,201506,por_fusion,2
4532,aragon,201505,por_fusion,2
4533,aragon,201504,por_fusion,2
4534,aragon,201503,por_fusion,5
4535,aragon,201502,por_fusion,2
4536,aragon,201501,por_fusion,5
4537,aragon,201412,por_fusion,7
4538,aragon,201411,por_fusion,16
4539,aragon,201410,por_fusion,3
4540,aragon,201409,por_fusion,4
4541,aragon,201408,por_fusion,6
4542,aragon,201407,por_fusion,4
4543,aragon,201406,por_fusion,7
4544,aragon,201405,por_fusion,1
4545,aragon,201404,por_fusion,1
4546,aragon,201403,por_fusion,3
4547,aragon,201402,por_fusion,4
4548,aragon,201401,por_fusion,9
4549,aragon,201312,por_fusion,1
4550,aragon,201311,por_fusion,6
4551,aragon,201310,por_fusion,5
4552,aragon,201309,por_fusion,6
4553,aragon,201308,por_fusion,2
4554,aragon,201307,por_fusion,4
4555,aragon,201306,por_fusion,2
4556,aragon,201305,por_fusion,5
4557,aragon,201304,por_fusion,1
4558,aragon,201303,por_fusion,9
4559,aragon,201302,por_fusion,28
4560,aragon,201301,por_fusion,4
4561,aragon,201212,por_fusion,17
4562,aragon,201211,por_fusion,2
4563,aragon,201210,por_fusion,6
4564,aragon,201209,por_fusion,3
4565,aragon,201208,por_fusion,9
4566,aragon,201207,por_fusion,2
4567,aragon,201206,por_fusion,3
4568,aragon,201205,por_fusion,2
4569,aragon,201204,por_fusion,2
4570,aragon,201203,por_fusion,1
4571,aragon,201202,por_fusion,8
4572,aragon,201201,por_fusion,6
4573,aragon,201112,por_fusion,58
4574,aragon,201111,por_fusion,2
4575,aragon,201110,por_fusion,1
4576,aragon,201109,por_fusion,0
4577,aragon,201108,por_fusion,3
4578,aragon,201107,por_fusion,0
4579,aragon,201106,por_fusion,2
4580,aragon,201105,por_fusion,2
4581,aragon,201104,por_fusion,3
4582,aragon,201103,por_fusion,2
4583,aragon,201102,por_fusion,8
4584,aragon,201101,por_fusion,18
4585,aragon,201012,por_fusion,1
4586,aragon,201011,por_fusion,9
4587,aragon,201010,por_fusion,11
4588,aragon,201009,por_fusion,6
4589,aragon,201008,por_fusion,8
4590,aragon,201007,por_fusion,5
4591,aragon,201006,por_fusion,8
4592,aragon,201005,por_fusion,3
4593,aragon,201004,por_fusion,1
4594,aragon,201003,por_fusion,0
4595,aragon,201002,por_fusion,7
4596,aragon,201001,por_fusion,9
4597,aragon,200912,por_fusion,4
4598,aragon,200911,por_fusion,7
4599,aragon,200910,por_fusion,1
4600,aragon,200909,por_fusion,11
4601,aragon,200908,por_fusion,3
4602,aragon,200907,por_fusion,4
4603,aragon,200906,por_fusion,3
4604,aragon,200905,por_fusion,1
4605,aragon,200904,por_fusion,0
4606,aragon,200903,por_fusion,7
4607,aragon,200902,por_fusion,8
4608,aragon,200901,por_fusion,14
4609,aragon,200812,por_fusion,7
4610,aragon,200811,por_fusion,5
4611,aragon,200810,por_fusion,19
4612,aragon,200809,por_fusion,8
4613,aragon,200808,por_fusion,5
4614,aragon,200807,por_fusion,6
4615,aragon,200806,por_fusion,11
4616,aragon,200805,por_fusion,0
4617,aragon,200804,por_fusion,4
4618,aragon,200803,por_fusion,2
4619,aragon,200802,por_fusion,5
4620,aragon,200801,por_fusion,16
4621,principado_de_asturias,202604,por_fusion,2
4622,principado_de_asturias,202603,por_fusion,2
4623,principado_de_asturias,202602,por_fusion,2
4624,principado_de_asturias,202601,por_fusion,7
4625,principado_de_asturias,202512,por_fusion,3
4626,principado_de_asturias,202511,por_fusion,3
4627,principado_de_asturias,202510,por_fusion,7
4628,principado_de_asturias,202509,por_fusion,0
4629,principado_de_asturias,202508,por_fusion,1
4630,principado_de_asturias,202507,por_fusion,2
4631,principado_de_asturias,202506,por_fusion,1
4632,principado_de_asturias,202505,por_fusion,0
4633,principado_de_asturias,202504,por_fusion,0
4634,principado_de_asturias,202503,por_fusion,2
4635,principado_de_asturias,202502,por_fusion,3
4636,principado_de_asturias,202501,por_fusion,2
4637,principado_de_asturias,202412,por_fusion,1
4638,principado_de_asturias,202411,por_fusion,0
4639,principado_de_asturias,202410,por_fusion,1
4640,principado_de_asturias,202409,por_fusion,1
4641,principado_de_asturias,202408,por_fusion,1
4642,principado_de_asturias,202407,por_fusion,3
4643,principado_de_asturias,202406,por_fusion,1
4644,principado_de_asturias,202405,por_fusion,3
4645,principado_de_asturias,202404,por_fusion,2
4646,principado_de_asturias,202403,por_fusion,1
4647,principado_de_asturias,202402,por_fusion,4
4648,principado_de_asturias,202401,por_fusion,1
4649,principado_de_asturias,202312,por_fusion,0
4650,principado_de_asturias,202311,por_fusion,0
4651,principado_de_asturias,202310,por_fusion,0
4652,principado_de_asturias,202309,por_fusion,3
4653,principado_de_asturias,202308,por_fusion,3
4654,principado_de_asturias,202307,por_fusion,0
4655,principado_de_asturias,202306,por_fusion,0
4656,principado_de_asturias,202305,por_fusion,1
4657,principado_de_asturias,202304,por_fusion,3
4658,principado_de_asturias,202303,por_fusion,3
4659,principado_de_asturias,202302,por_fusion,0
4660,principado_de_asturias,202301,por_fusion,6
4661,principado_de_asturias,202212,por_fusion,3
4662,principado_de_asturias,202211,por_fusion,1
4663,principado_de_asturias,202210,por_fusion,1
4664,principado_de_asturias,202209,por_fusion,2
4665,principado_de_asturias,202208,por_fusion,3
4666,principado_de_asturias,202207,por_fusion,2
4667,principado_de_asturias,202206,por_fusion,2
4668,principado_de_asturias,202205,por_fusion,1
4669,principado_de_asturias,202204,por_fusion,1
4670,principado_de_asturias,202203,por_fusion,1
4671,principado_de_asturias,202202,por_fusion,0
4672,principado_de_asturias,202201,por_fusion,0
4673,principado_de_asturias,202112,por_fusion,3
4674,principado_de_asturias,202111,por_fusion,0
4675,principado_de_asturias,202110,por_fusion,1
4676,principado_de_asturias,202109,por_fusion,2
4677,principado_de_asturias,202108,por_fusion,1
4678,principado_de_asturias,202107,por_fusion,0
4679,principado_de_asturias,202106,por_fusion,0
4680,principado_de_asturias,202105,por_fusion,1
4681,principado_de_asturias,202104,por_fusion,0
4682,principado_de_asturias,202103,por_fusion,1
4683,principado_de_asturias,202102,por_fusion,7
4684,principado_de_asturias,202101,por_fusion,4
4685,principado_de_asturias,202012,por_fusion,6
4686,principado_de_asturias,202011,por_fusion,0
4687,principado_de_asturias,202010,por_fusion,2
4688,principado_de_asturias,202009,por_fusion,0
4689,principado_de_asturias,202008,por_fusion,1
4690,principado_de_asturias,202007,por_fusion,1
4691,principado_de_asturias,202006,por_fusion,4
4692,principado_de_asturias,202005,por_fusion,0
4693,principado_de_asturias,202004,por_fusion,0
4694,principado_de_asturias,202003,por_fusion,3
4695,principado_de_asturias,202002,por_fusion,2
4696,principado_de_asturias,202001,por_fusion,2
4697,principado_de_asturias,201912,por_fusion,5
4698,principado_de_asturias,201911,por_fusion,2
4699,principado_de_asturias,201910,por_fusion,1
4700,principado_de_asturias,201909,por_fusion,2
4701,principado_de_asturias,201908,por_fusion,1
4702,principado_de_asturias,201907,por_fusion,1
4703,principado_de_asturias,201906,por_fusion,2
4704,principado_de_asturias,201905,por_fusion,0
4705,principado_de_asturias,201904,por_fusion,0
4706,principado_de_asturias,201903,por_fusion,2
4707,principado_de_asturias,201902,por_fusion,0
4708,principado_de_asturias,201901,por_fusion,1
4709,principado_de_asturias,201812,por_fusion,4
4710,principado_de_asturias,201811,por_fusion,2
4711,principado_de_asturias,201810,por_fusion,3
4712,principado_de_asturias,201809,por_fusion,3
4713,principado_de_asturias,201808,por_fusion,1
4714,principado_de_asturias,201807,por_fusion,0
4715,principado_de_asturias,201806,por_fusion,1
4716,principado_de_asturias,201805,por_fusion,1
4717,principado_de_asturias,201804,por_fusion,2
4718,principado_de_asturias,201803,por_fusion,1
4719,principado_de_asturias,201802,por_fusion,0
4720,principado_de_asturias,201801,por_fusion,11
4721,principado_de_asturias,201712,por_fusion,0
4722,principado_de_asturias,201711,por_fusion,6
4723,principado_de_asturias,201710,por_fusion,4
4724,principado_de_asturias,201709,por_fusion,2
4725,principado_de_asturias,201708,por_fusion,0
4726,principado_de_asturias,201707,por_fusion,0
4727,principado_de_asturias,201706,por_fusion,0
4728,principado_de_asturias,201705,por_fusion,1
4729,principado_de_asturias,201704,por_fusion,2
4730,principado_de_asturias,201703,por_fusion,1
4731,principado_de_asturias,201702,por_fusion,6
4732,principado_de_asturias,201701,por_fusion,3
4733,principado_de_asturias,201612,por_fusion,16
4734,principado_de_asturias,201611,por_fusion,3
4735,principado_de_asturias,201610,por_fusion,1
4736,principado_de_asturias,201609,por_fusion,1
4737,principado_de_asturias,201608,por_fusion,1
4738,principado_de_asturias,201607,por_fusion,1
4739,principado_de_asturias,201606,por_fusion,1
4740,principado_de_asturias,201605,por_fusion,1
4741,principado_de_asturias,201604,por_fusion,0
4742,principado_de_asturias,201603,por_fusion,4
4743,principado_de_asturias,201602,por_fusion,3
4744,principado_de_asturias,201601,por_fusion,19
4745,principado_de_asturias,201512,por_fusion,9
4746,principado_de_asturias,201511,por_fusion,2
4747,principado_de_asturias,201510,por_fusion,2
4748,principado_de_asturias,201509,por_fusion,1
4749,principado_de_asturias,201508,por_fusion,6
4750,principado_de_asturias,201507,por_fusion,1
4751,principado_de_asturias,201506,por_fusion,0
4752,principado_de_asturias,201505,por_fusion,0
4753,principado_de_asturias,201504,por_fusion,2
4754,principado_de_asturias,201503,por_fusion,1
4755,principado_de_asturias,201502,por_fusion,5
4756,principado_de_asturias,201501,por_fusion,2
4757,principado_de_asturias,201412,por_fusion,7
4758,principado_de_asturias,201411,por_fusion,0
4759,principado_de_asturias,201410,por_fusion,3
4760,principado_de_asturias,201409,por_fusion,0
4761,principado_de_asturias,201408,por_fusion,2
4762,principado_de_asturias,201407,por_fusion,4
4763,principado_de_asturias,201406,por_fusion,5
4764,principado_de_asturias,201405,por_fusion,1
4765,principado_de_asturias,201404,por_fusion,0
4766,principado_de_asturias,201403,por_fusion,2
4767,principado_de_asturias,201402,por_fusion,3
4768,principado_de_asturias,201401,por_fusion,6
4769,principado_de_asturias,201312,por_fusion,5
4770,principado_de_asturias,201311,por_fusion,0
4771,principado_de_asturias,201310,por_fusion,3
4772,principado_de_asturias,201309,por_fusion,1
4773,principado_de_asturias,201308,por_fusion,3
4774,principado_de_asturias,201307,por_fusion,5
4775,principado_de_asturias,201306,por_fusion,0
4776,principado_de_asturias,201305,por_fusion,0
4777,principado_de_asturias,201304,por_fusion,2
4778,principado_de_asturias,201303,por_fusion,3
4779,principado_de_asturias,201302,por_fusion,2
4780,principado_de_asturias,201301,por_fusion,3
4781,principado_de_asturias,201212,por_fusion,4
4782,principado_de_asturias,201211,por_fusion,6
4783,principado_de_asturias,201210,por_fusion,14
4784,principado_de_asturias,201209,por_fusion,11
4785,principado_de_asturias,201208,por_fusion,3
4786,principado_de_asturias,201207,por_fusion,0
4787,principado_de_asturias,201206,por_fusion,2
4788,principado_de_asturias,201205,por_fusion,0
4789,principado_de_asturias,201204,por_fusion,1
4790,principado_de_asturias,201203,por_fusion,5
4791,principado_de_asturias,201202,por_fusion,2
4792,principado_de_asturias,201201,por_fusion,5
4793,principado_de_asturias,201112,por_fusion,2
4794,principado_de_asturias,201111,por_fusion,8
4795,principado_de_asturias,201110,por_fusion,2
4796,principado_de_asturias,201109,por_fusion,4
4797,principado_de_asturias,201108,por_fusion,0
4798,principado_de_asturias,201107,por_fusion,0
4799,principado_de_asturias,201106,por_fusion,2
4800,principado_de_asturias,201105,por_fusion,6
4801,principado_de_asturias,201104,por_fusion,1
4802,principado_de_asturias,201103,por_fusion,3
4803,principado_de_asturias,201102,por_fusion,3
4804,principado_de_asturias,201101,por_fusion,11
4805,principado_de_asturias,201012,por_fusion,6
4806,principado_de_asturias,201011,por_fusion,1
4807,principado_de_asturias,201010,por_fusion,8
4808,principado_de_asturias,201009,por_fusion,2
4809,principado_de_asturias,201008,por_fusion,4
4810,principado_de_asturias,201007,por_fusion,1
4811,principado_de_asturias,201006,por_fusion,11
4812,principado_de_asturias,201005,por_fusion,1
4813,principado_de_asturias,201004,por_fusion,2
4814,principado_de_asturias,201003,por_fusion,1
4815,principado_de_asturias,201002,por_fusion,1
4816,principado_de_asturias,201001,por_fusion,4
4817,principado_de_asturias,200912,por_fusion,3
4818,principado_de_asturias,200911,por_fusion,0
4819,principado_de_asturias,200910,por_fusion,10
4820,principado_de_asturias,200909,por_fusion,0
4821,principado_de_asturias,200908,por_fusion,0
4822,principado_de_asturias,200907,por_fusion,2
4823,principado_de_asturias,200906,por_fusion,0
4824,principado_de_asturias,200905,por_fusion,0
4825,principado_de_asturias,200904,por_fusion,0
4826,principado_de_asturias,200903,por_fusion,1
4827,principado_de_asturias,200902,por_fusion,0
4828,principado_de_asturias,200901,por_fusion,2
4829,principado_de_asturias,200812,por_fusion,1
4830,principado_de_asturias,200811,por_fusion,1
4831,principado_de_asturias,200810,por_fusion,2
4832,principado_de_asturias,200809,por_fusion,6
4833,principado_de_asturias,200808,por_fusion,2
4834,principado_de_asturias,200807,por_fusion,1
4835,principado_de_asturias,200806,por_fusion,0
4836,principado_de_asturias,200805,por_fusion,1
4837,principado_de_asturias,200804,por_fusion,2
4838,principado_de_asturias,200803,por_fusion,2
4839,principado_de_asturias,200802,por_fusion,3
4840,principado_de_asturias,200801,por_fusion,1
4841,illes_balears,202604,por_fusion,9
4842,illes_balears,202603,por_fusion,6
4843,illes_balears,202602,por_fusion,14
4844,illes_balears,202601,por_fusion,4
4845,illes_balears,202512,por_fusion,21
4846,illes_balears,202511,por_fusion,6
4847,illes_balears,202510,por_fusion,5
4848,illes_balears,202509,por_fusion,3
4849,illes_balears,202508,por_fusion,1
4850,illes_balears,202507,por_fusion,4
4851,illes_balears,202506,por_fusion,1
4852,illes_balears,202505,por_fusion,1
4853,illes_balears,202504,por_fusion,0
4854,illes_balears,202503,por_fusion,7
4855,illes_balears,202502,por_fusion,4
4856,illes_balears,202501,por_fusion,1
4857,illes_balears,202412,por_fusion,6
4858,illes_balears,202411,por_fusion,7
4859,illes_balears,202410,por_fusion,15
4860,illes_balears,202409,por_fusion,5
4861,illes_balears,202408,por_fusion,0
4862,illes_balears,202407,por_fusion,2
4863,illes_balears,202406,por_fusion,2
4864,illes_balears,202405,por_fusion,0
4865,illes_balears,202404,por_fusion,3
4866,illes_balears,202403,por_fusion,1
4867,illes_balears,202402,por_fusion,5
4868,illes_balears,202401,por_fusion,4
4869,illes_balears,202312,por_fusion,2
4870,illes_balears,202311,por_fusion,3
4871,illes_balears,202310,por_fusion,4
4872,illes_balears,202309,por_fusion,1
4873,illes_balears,202308,por_fusion,3
4874,illes_balears,202307,por_fusion,3
4875,illes_balears,202306,por_fusion,2
4876,illes_balears,202305,por_fusion,2
4877,illes_balears,202304,por_fusion,4
4878,illes_balears,202303,por_fusion,5
4879,illes_balears,202302,por_fusion,2
4880,illes_balears,202301,por_fusion,4
4881,illes_balears,202212,por_fusion,9
4882,illes_balears,202211,por_fusion,9
4883,illes_balears,202210,por_fusion,2
4884,illes_balears,202209,por_fusion,4
4885,illes_balears,202208,por_fusion,5
4886,illes_balears,202207,por_fusion,8
4887,illes_balears,202206,por_fusion,3
4888,illes_balears,202205,por_fusion,4
4889,illes_balears,202204,por_fusion,2
4890,illes_balears,202203,por_fusion,12
4891,illes_balears,202202,por_fusion,11
4892,illes_balears,202201,por_fusion,6
4893,illes_balears,202112,por_fusion,3
4894,illes_balears,202111,por_fusion,8
4895,illes_balears,202110,por_fusion,2
4896,illes_balears,202109,por_fusion,9
4897,illes_balears,202108,por_fusion,2
4898,illes_balears,202107,por_fusion,9
4899,illes_balears,202106,por_fusion,4
4900,illes_balears,202105,por_fusion,41
4901,illes_balears,202104,por_fusion,3
4902,illes_balears,202103,por_fusion,8
4903,illes_balears,202102,por_fusion,8
4904,illes_balears,202101,por_fusion,2
4905,illes_balears,202012,por_fusion,9
4906,illes_balears,202011,por_fusion,4
4907,illes_balears,202010,por_fusion,0
4908,illes_balears,202009,por_fusion,2
4909,illes_balears,202008,por_fusion,2
4910,illes_balears,202007,por_fusion,35
4911,illes_balears,202006,por_fusion,3
4912,illes_balears,202005,por_fusion,9
4913,illes_balears,202004,por_fusion,2
4914,illes_balears,202003,por_fusion,8
4915,illes_balears,202002,por_fusion,7
4916,illes_balears,202001,por_fusion,9
4917,illes_balears,201912,por_fusion,16
4918,illes_balears,201911,por_fusion,5
4919,illes_balears,201910,por_fusion,7
4920,illes_balears,201909,por_fusion,5
4921,illes_balears,201908,por_fusion,8
4922,illes_balears,201907,por_fusion,2
4923,illes_balears,201906,por_fusion,5
4924,illes_balears,201905,por_fusion,3
4925,illes_balears,201904,por_fusion,5
4926,illes_balears,201903,por_fusion,4
4927,illes_balears,201902,por_fusion,6
4928,illes_balears,201901,por_fusion,5
4929,illes_balears,201812,por_fusion,8
4930,illes_balears,201811,por_fusion,6
4931,illes_balears,201810,por_fusion,2
4932,illes_balears,201809,por_fusion,10
4933,illes_balears,201808,por_fusion,1
4934,illes_balears,201807,por_fusion,2
4935,illes_balears,201806,por_fusion,0
4936,illes_balears,201805,por_fusion,1
4937,illes_balears,201804,por_fusion,4
4938,illes_balears,201803,por_fusion,2
4939,illes_balears,201802,por_fusion,6
4940,illes_balears,201801,por_fusion,4
4941,illes_balears,201712,por_fusion,7
4942,illes_balears,201711,por_fusion,2
4943,illes_balears,201710,por_fusion,1
4944,illes_balears,201709,por_fusion,4
4945,illes_balears,201708,por_fusion,1
4946,illes_balears,201707,por_fusion,2
4947,illes_balears,201706,por_fusion,0
4948,illes_balears,201705,por_fusion,1
4949,illes_balears,201704,por_fusion,0
4950,illes_balears,201703,por_fusion,5
4951,illes_balears,201702,por_fusion,4
4952,illes_balears,201701,por_fusion,40
4953,illes_balears,201612,por_fusion,3
4954,illes_balears,201611,por_fusion,5
4955,illes_balears,201610,por_fusion,5
4956,illes_balears,201609,por_fusion,7
4957,illes_balears,201608,por_fusion,5
4958,illes_balears,201607,por_fusion,4
4959,illes_balears,201606,por_fusion,3
4960,illes_balears,201605,por_fusion,2
4961,illes_balears,201604,por_fusion,3
4962,illes_balears,201603,por_fusion,4
4963,illes_balears,201602,por_fusion,9
4964,illes_balears,201601,por_fusion,10
4965,illes_balears,201512,por_fusion,11
4966,illes_balears,201511,por_fusion,8
4967,illes_balears,201510,por_fusion,9
4968,illes_balears,201509,por_fusion,4
4969,illes_balears,201508,por_fusion,5
4970,illes_balears,201507,por_fusion,9
4971,illes_balears,201506,por_fusion,4
4972,illes_balears,201505,por_fusion,11
4973,illes_balears,201504,por_fusion,3
4974,illes_balears,201503,por_fusion,3
4975,illes_balears,201502,por_fusion,2
4976,illes_balears,201501,por_fusion,2
4977,illes_balears,201412,por_fusion,8
4978,illes_balears,201411,por_fusion,6
4979,illes_balears,201410,por_fusion,10
4980,illes_balears,201409,por_fusion,14
4981,illes_balears,201408,por_fusion,6
4982,illes_balears,201407,por_fusion,9
4983,illes_balears,201406,por_fusion,0
4984,illes_balears,201405,por_fusion,1
4985,illes_balears,201404,por_fusion,1
4986,illes_balears,201403,por_fusion,5
4987,illes_balears,201402,por_fusion,20
4988,illes_balears,201401,por_fusion,9
4989,illes_balears,201312,por_fusion,11
4990,illes_balears,201311,por_fusion,3
4991,illes_balears,201310,por_fusion,15
4992,illes_balears,201309,por_fusion,2
4993,illes_balears,201308,por_fusion,4
4994,illes_balears,201307,por_fusion,4
4995,illes_balears,201306,por_fusion,0
4996,illes_balears,201305,por_fusion,11
4997,illes_balears,201304,por_fusion,2
4998,illes_balears,201303,por_fusion,3
4999,illes_balears,201302,por_fusion,4
5000,illes_balears,201301,por_fusion,9
5001,illes_balears,201212,por_fusion,7
5002,illes_balears,201211,por_fusion,5
5003,illes_balears,201210,por_fusion,3
5004,illes_balears,201209,por_fusion,15
5005,illes_balears,201208,por_fusion,3
5006,illes_balears,201207,por_fusion,11
5007,illes_balears,201206,por_fusion,7
5008,illes_balears,201205,por_fusion,10
5009,illes_balears,201204,por_fusion,2
5010,illes_balears,201203,por_fusion,10
5011,illes_balears,201202,por_fusion,2
5012,illes_balears,201201,por_fusion,23
5013,illes_balears,201112,por_fusion,12
5014,illes_balears,201111,por_fusion,2
5015,illes_balears,201110,por_fusion,1
5016,illes_balears,201109,por_fusion,5
5017,illes_balears,201108,por_fusion,3
5018,illes_balears,201107,por_fusion,6
5019,illes_balears,201106,por_fusion,17
5020,illes_balears,201105,por_fusion,1
5021,illes_balears,201104,por_fusion,16
5022,illes_balears,201103,por_fusion,5
5023,illes_balears,201102,por_fusion,7
5024,illes_balears,201101,por_fusion,6
5025,illes_balears,201012,por_fusion,17
5026,illes_balears,201011,por_fusion,5
5027,illes_balears,201010,por_fusion,2
5028,illes_balears,201009,por_fusion,6
5029,illes_balears,201008,por_fusion,5
5030,illes_balears,201007,por_fusion,9
5031,illes_balears,201006,por_fusion,9
5032,illes_balears,201005,por_fusion,1
5033,illes_balears,201004,por_fusion,3
5034,illes_balears,201003,por_fusion,1
5035,illes_balears,201002,por_fusion,5
5036,illes_balears,201001,por_fusion,13
5037,illes_balears,200912,por_fusion,9
5038,illes_balears,200911,por_fusion,15
5039,illes_balears,200910,por_fusion,10
5040,illes_balears,200909,por_fusion,11
5041,illes_balears,200908,por_fusion,4
5042,illes_balears,200907,por_fusion,0
5043,illes_balears,200906,por_fusion,7
5044,illes_balears,200905,por_fusion,0
5045,illes_balears,200904,por_fusion,4
5046,illes_balears,200903,por_fusion,0
5047,illes_balears,200902,por_fusion,3
5048,illes_balears,200901,por_fusion,15
5049,illes_balears,200812,por_fusion,5
5050,illes_balears,200811,por_fusion,4
5051,illes_balears,200810,por_fusion,4
5052,illes_balears,200809,por_fusion,6
5053,illes_balears,200808,por_fusion,2
5054,illes_balears,200807,por_fusion,0
5055,illes_balears,200806,por_fusion,4
5056,illes_balears,200805,por_fusion,1
5057,illes_balears,200804,por_fusion,2
5058,illes_balears,200803,por_fusion,2
5059,illes_balears,200802,por_fusion,2
5060,illes_balears,200801,por_fusion,6
5061,canarias,202604,por_fusion,12
5062,canarias,202603,por_fusion,3
5063,canarias,202602,por_fusion,3
5064,canarias,202601,por_fusion,7
5065,canarias,202512,por_fusion,15
5066,canarias,202511,por_fusion,4
5067,canarias,202510,por_fusion,4
5068,canarias,202509,por_fusion,4
5069,canarias,202508,por_fusion,2
5070,canarias,202507,por_fusion,9
5071,canarias,202506,por_fusion,2
5072,canarias,202505,por_fusion,5
5073,canarias,202504,por_fusion,4
5074,canarias,202503,por_fusion,3
5075,canarias,202502,por_fusion,1
5076,canarias,202501,por_fusion,4
5077,canarias,202412,por_fusion,6
5078,canarias,202411,por_fusion,3
5079,canarias,202410,por_fusion,6
5080,canarias,202409,por_fusion,1
5081,canarias,202408,por_fusion,4
5082,canarias,202407,por_fusion,4
5083,canarias,202406,por_fusion,4
5084,canarias,202405,por_fusion,2
5085,canarias,202404,por_fusion,7
5086,canarias,202403,por_fusion,1
5087,canarias,202402,por_fusion,4
5088,canarias,202401,por_fusion,30
5089,canarias,202312,por_fusion,3
5090,canarias,202311,por_fusion,4
5091,canarias,202310,por_fusion,1
5092,canarias,202309,por_fusion,3
5093,canarias,202308,por_fusion,10
5094,canarias,202307,por_fusion,2
5095,canarias,202306,por_fusion,2
5096,canarias,202305,por_fusion,1
5097,canarias,202304,por_fusion,0
5098,canarias,202303,por_fusion,6
5099,canarias,202302,por_fusion,9
5100,canarias,202301,por_fusion,9
5101,canarias,202212,por_fusion,6
5102,canarias,202211,por_fusion,13
5103,canarias,202210,por_fusion,1
5104,canarias,202209,por_fusion,3
5105,canarias,202208,por_fusion,0
5106,canarias,202207,por_fusion,5
5107,canarias,202206,por_fusion,2
5108,canarias,202205,por_fusion,7
5109,canarias,202204,por_fusion,2
5110,canarias,202203,por_fusion,3
5111,canarias,202202,por_fusion,14
5112,canarias,202201,por_fusion,6
5113,canarias,202112,por_fusion,3
5114,canarias,202111,por_fusion,1
5115,canarias,202110,por_fusion,4
5116,canarias,202109,por_fusion,3
5117,canarias,202108,por_fusion,1
5118,canarias,202107,por_fusion,2
5119,canarias,202106,por_fusion,0
5120,canarias,202105,por_fusion,3
5121,canarias,202104,por_fusion,3
5122,canarias,202103,por_fusion,3
5123,canarias,202102,por_fusion,6
5124,canarias,202101,por_fusion,4
5125,canarias,202012,por_fusion,3
5126,canarias,202011,por_fusion,3
5127,canarias,202010,por_fusion,6
5128,canarias,202009,por_fusion,2
5129,canarias,202008,por_fusion,1
5130,canarias,202007,por_fusion,0
5131,canarias,202006,por_fusion,0
5132,canarias,202005,por_fusion,0
5133,canarias,202004,por_fusion,0
5134,canarias,202003,por_fusion,2
5135,canarias,202002,por_fusion,2
5136,canarias,202001,por_fusion,8
5137,canarias,201912,por_fusion,9
5138,canarias,201911,por_fusion,3
5139,canarias,201910,por_fusion,10
5140,canarias,201909,por_fusion,2
5141,canarias,201908,por_fusion,4
5142,canarias,201907,por_fusion,7
5143,canarias,201906,por_fusion,2
5144,canarias,201905,por_fusion,23
5145,canarias,201904,por_fusion,4
5146,canarias,201903,por_fusion,3
5147,canarias,201902,por_fusion,4
5148,canarias,201901,por_fusion,6
5149,canarias,201812,por_fusion,3
5150,canarias,201811,por_fusion,12
5151,canarias,201810,por_fusion,5
5152,canarias,201809,por_fusion,4
5153,canarias,201808,por_fusion,2
5154,canarias,201807,por_fusion,2
5155,canarias,201806,por_fusion,4
5156,canarias,201805,por_fusion,7
5157,canarias,201804,por_fusion,2
5158,canarias,201803,por_fusion,5
5159,canarias,201802,por_fusion,2
5160,canarias,201801,por_fusion,6
5161,canarias,201712,por_fusion,4
5162,canarias,201711,por_fusion,3
5163,canarias,201710,por_fusion,4
5164,canarias,201709,por_fusion,1
5165,canarias,201708,por_fusion,6
5166,canarias,201707,por_fusion,5
5167,canarias,201706,por_fusion,4
5168,canarias,201705,por_fusion,1
5169,canarias,201704,por_fusion,1
5170,canarias,201703,por_fusion,4
5171,canarias,201702,por_fusion,1
5172,canarias,201701,por_fusion,14
5173,canarias,201612,por_fusion,2
5174,canarias,201611,por_fusion,5
5175,canarias,201610,por_fusion,4
5176,canarias,201609,por_fusion,1
5177,canarias,201608,por_fusion,5
5178,canarias,201607,por_fusion,1
5179,canarias,201606,por_fusion,7
5180,canarias,201605,por_fusion,4
5181,canarias,201604,por_fusion,1
5182,canarias,201603,por_fusion,7
5183,canarias,201602,por_fusion,5
5184,canarias,201601,por_fusion,6
5185,canarias,201512,por_fusion,9
5186,canarias,201511,por_fusion,6
5187,canarias,201510,por_fusion,5
5188,canarias,201509,por_fusion,0
5189,canarias,201508,por_fusion,6
5190,canarias,201507,por_fusion,5
5191,canarias,201506,por_fusion,0
5192,canarias,201505,por_fusion,4
5193,canarias,201504,por_fusion,1
5194,canarias,201503,por_fusion,4
5195,canarias,201502,por_fusion,4
5196,canarias,201501,por_fusion,8
5197,canarias,201412,por_fusion,7
5198,canarias,201411,por_fusion,5
5199,canarias,201410,por_fusion,13
5200,canarias,201409,por_fusion,2
5201,canarias,201408,por_fusion,6
5202,canarias,201407,por_fusion,5
5203,canarias,201406,por_fusion,0
5204,canarias,201405,por_fusion,8
5205,canarias,201404,por_fusion,21
5206,canarias,201403,por_fusion,10
5207,canarias,201402,por_fusion,5
5208,canarias,201401,por_fusion,8
5209,canarias,201312,por_fusion,5
5210,canarias,201311,por_fusion,5
5211,canarias,201310,por_fusion,7
5212,canarias,201309,por_fusion,4
5213,canarias,201308,por_fusion,1
5214,canarias,201307,por_fusion,4
5215,canarias,201306,por_fusion,2
5216,canarias,201305,por_fusion,5
5217,canarias,201304,por_fusion,10
5218,canarias,201303,por_fusion,7
5219,canarias,201302,por_fusion,15
5220,canarias,201301,por_fusion,9
5221,canarias,201212,por_fusion,8
5222,canarias,201211,por_fusion,7
5223,canarias,201210,por_fusion,1
5224,canarias,201209,por_fusion,2
5225,canarias,201208,por_fusion,12
5226,canarias,201207,por_fusion,5
5227,canarias,201206,por_fusion,8
5228,canarias,201205,por_fusion,1
5229,canarias,201204,por_fusion,7
5230,canarias,201203,por_fusion,15
5231,canarias,201202,por_fusion,3
5232,canarias,201201,por_fusion,9
5233,canarias,201112,por_fusion,8
5234,canarias,201111,por_fusion,12
5235,canarias,201110,por_fusion,7
5236,canarias,201109,por_fusion,2
5237,canarias,201108,por_fusion,1
5238,canarias,201107,por_fusion,7
5239,canarias,201106,por_fusion,5
5240,canarias,201105,por_fusion,3
5241,canarias,201104,por_fusion,10
5242,canarias,201103,por_fusion,11
5243,canarias,201102,por_fusion,19
5244,canarias,201101,por_fusion,19
5245,canarias,201012,por_fusion,10
5246,canarias,201011,por_fusion,6
5247,canarias,201010,por_fusion,23
5248,canarias,201009,por_fusion,6
5249,canarias,201008,por_fusion,0
5250,canarias,201007,por_fusion,8
5251,canarias,201006,por_fusion,8
5252,canarias,201005,por_fusion,4
5253,canarias,201004,por_fusion,3
5254,canarias,201003,por_fusion,6
5255,canarias,201002,por_fusion,9
5256,canarias,201001,por_fusion,25
5257,canarias,200912,por_fusion,23
5258,canarias,200911,por_fusion,4
5259,canarias,200910,por_fusion,7
5260,canarias,200909,por_fusion,3
5261,canarias,200908,por_fusion,12
5262,canarias,200907,por_fusion,7
5263,canarias,200906,por_fusion,3
5264,canarias,200905,por_fusion,5
5265,canarias,200904,por_fusion,32
5266,canarias,200903,por_fusion,1
5267,canarias,200902,por_fusion,8
5268,canarias,200901,por_fusion,18
5269,canarias,200812,por_fusion,17
5270,canarias,200811,por_fusion,5
5271,canarias,200810,por_fusion,5
5272,canarias,200809,por_fusion,6
5273,canarias,200808,por_fusion,4
5274,canarias,200807,por_fusion,2
5275,canarias,200806,por_fusion,2
5276,canarias,200805,por_fusion,3
5277,canarias,200804,por_fusion,5
5278,canarias,200803,por_fusion,2
5279,canarias,200802,por_fusion,7
5280,canarias,200801,por_fusion,7
5281,cantabria,202604,por_fusion,7
5282,cantabria,202603,por_fusion,1
5283,cantabria,202602,por_fusion,2
5284,cantabria,202601,por_fusion,5
5285,cantabria,202512,por_fusion,0
5286,cantabria,202511,por_fusion,2
5287,cantabria,202510,por_fusion,2
5288,cantabria,202509,por_fusion,0
5289,cantabria,202508,por_fusion,0
5290,cantabria,202507,por_fusion,1
5291,cantabria,202506,por_fusion,2
5292,cantabria,202505,por_fusion,0
5293,cantabria,202504,por_fusion,0
5294,cantabria,202503,por_fusion,0
5295,cantabria,202502,por_fusion,5
5296,cantabria,202501,por_fusion,2
5297,cantabria,202412,por_fusion,5
5298,cantabria,202411,por_fusion,2
5299,cantabria,202410,por_fusion,1
5300,cantabria,202409,por_fusion,3
5301,cantabria,202408,por_fusion,2
5302,cantabria,202407,por_fusion,1
5303,cantabria,202406,por_fusion,0
5304,cantabria,202405,por_fusion,1
5305,cantabria,202404,por_fusion,2
5306,cantabria,202403,por_fusion,0
5307,cantabria,202402,por_fusion,4
5308,cantabria,202401,por_fusion,1
5309,cantabria,202312,por_fusion,0
5310,cantabria,202311,por_fusion,2
5311,cantabria,202310,por_fusion,2
5312,cantabria,202309,por_fusion,0
5313,cantabria,202308,por_fusion,1
5314,cantabria,202307,por_fusion,11
5315,cantabria,202306,por_fusion,0
5316,cantabria,202305,por_fusion,0
5317,cantabria,202304,por_fusion,0
5318,cantabria,202303,por_fusion,1
5319,cantabria,202302,por_fusion,5
5320,cantabria,202301,por_fusion,6
5321,cantabria,202212,por_fusion,0
5322,cantabria,202211,por_fusion,2
5323,cantabria,202210,por_fusion,1
5324,cantabria,202209,por_fusion,1
5325,cantabria,202208,por_fusion,1
5326,cantabria,202207,por_fusion,0
5327,cantabria,202206,por_fusion,1
5328,cantabria,202205,por_fusion,6
5329,cantabria,202204,por_fusion,0
5330,cantabria,202203,por_fusion,2
5331,cantabria,202202,por_fusion,1
5332,cantabria,202201,por_fusion,1
5333,cantabria,202112,por_fusion,6
5334,cantabria,202111,por_fusion,1
5335,cantabria,202110,por_fusion,1
5336,cantabria,202109,por_fusion,1
5337,cantabria,202108,por_fusion,1
5338,cantabria,202107,por_fusion,0
5339,cantabria,202106,por_fusion,0
5340,cantabria,202105,por_fusion,0
5341,cantabria,202104,por_fusion,0
5342,cantabria,202103,por_fusion,1
5343,cantabria,202102,por_fusion,0
5344,cantabria,202101,por_fusion,2
5345,cantabria,202012,por_fusion,0
5346,cantabria,202011,por_fusion,0
5347,cantabria,202010,por_fusion,3
5348,cantabria,202009,por_fusion,0
5349,cantabria,202008,por_fusion,1
5350,cantabria,202007,por_fusion,4
5351,cantabria,202006,por_fusion,0
5352,cantabria,202005,por_fusion,0
5353,cantabria,202004,por_fusion,0
5354,cantabria,202003,por_fusion,3
5355,cantabria,202002,por_fusion,0
5356,cantabria,202001,por_fusion,1
5357,cantabria,201912,por_fusion,1
5358,cantabria,201911,por_fusion,2
5359,cantabria,201910,por_fusion,4
5360,cantabria,201909,por_fusion,0
5361,cantabria,201908,por_fusion,0
5362,cantabria,201907,por_fusion,1
5363,cantabria,201906,por_fusion,0
5364,cantabria,201905,por_fusion,3
5365,cantabria,201904,por_fusion,0
5366,cantabria,201903,por_fusion,1
5367,cantabria,201902,por_fusion,1
5368,cantabria,201901,por_fusion,0
5369,cantabria,201812,por_fusion,3
5370,cantabria,201811,por_fusion,1
5371,cantabria,201810,por_fusion,1
5372,cantabria,201809,por_fusion,0
5373,cantabria,201808,por_fusion,1
5374,cantabria,201807,por_fusion,1
5375,cantabria,201806,por_fusion,0
5376,cantabria,201805,por_fusion,0
5377,cantabria,201804,por_fusion,2
5378,cantabria,201803,por_fusion,0
5379,cantabria,201802,por_fusion,1
5380,cantabria,201801,por_fusion,1
5381,cantabria,201712,por_fusion,0
5382,cantabria,201711,por_fusion,2
5383,cantabria,201710,por_fusion,2
5384,cantabria,201709,por_fusion,2
5385,cantabria,201708,por_fusion,1
5386,cantabria,201707,por_fusion,0
5387,cantabria,201706,por_fusion,0
5388,cantabria,201705,por_fusion,0
5389,cantabria,201704,por_fusion,0
5390,cantabria,201703,por_fusion,1
5391,cantabria,201702,por_fusion,0
5392,cantabria,201701,por_fusion,3
5393,cantabria,201612,por_fusion,0
5394,cantabria,201611,por_fusion,2
5395,cantabria,201610,por_fusion,0
5396,cantabria,201609,por_fusion,1
5397,cantabria,201608,por_fusion,0
5398,cantabria,201607,por_fusion,1
5399,cantabria,201606,por_fusion,0
5400,cantabria,201605,por_fusion,2
5401,cantabria,201604,por_fusion,0
5402,cantabria,201603,por_fusion,2
5403,cantabria,201602,por_fusion,1
5404,cantabria,201601,por_fusion,2
5405,cantabria,201512,por_fusion,0
5406,cantabria,201511,por_fusion,1
5407,cantabria,201510,por_fusion,1
5408,cantabria,201509,por_fusion,4
5409,cantabria,201508,por_fusion,0
5410,cantabria,201507,por_fusion,1
5411,cantabria,201506,por_fusion,0
5412,cantabria,201505,por_fusion,2
5413,cantabria,201504,por_fusion,1
5414,cantabria,201503,por_fusion,2
5415,cantabria,201502,por_fusion,1
5416,cantabria,201501,por_fusion,0
5417,cantabria,201412,por_fusion,1
5418,cantabria,201411,por_fusion,1
5419,cantabria,201410,por_fusion,1
5420,cantabria,201409,por_fusion,1
5421,cantabria,201408,por_fusion,0
5422,cantabria,201407,por_fusion,0
5423,cantabria,201406,por_fusion,0
5424,cantabria,201405,por_fusion,3
5425,cantabria,201404,por_fusion,0
5426,cantabria,201403,por_fusion,1
5427,cantabria,201402,por_fusion,2
5428,cantabria,201401,por_fusion,0
5429,cantabria,201312,por_fusion,3
5430,cantabria,201311,por_fusion,0
5431,cantabria,201310,por_fusion,3
5432,cantabria,201309,por_fusion,0
5433,cantabria,201308,por_fusion,1
5434,cantabria,201307,por_fusion,3
5435,cantabria,201306,por_fusion,0
5436,cantabria,201305,por_fusion,0
5437,cantabria,201304,por_fusion,1
5438,cantabria,201303,por_fusion,0
5439,cantabria,201302,por_fusion,1
5440,cantabria,201301,por_fusion,0
5441,cantabria,201212,por_fusion,3
5442,cantabria,201211,por_fusion,5
5443,cantabria,201210,por_fusion,0
5444,cantabria,201209,por_fusion,4
5445,cantabria,201208,por_fusion,1
5446,cantabria,201207,por_fusion,0
5447,cantabria,201206,por_fusion,0
5448,cantabria,201205,por_fusion,1
5449,cantabria,201204,por_fusion,2
5450,cantabria,201203,por_fusion,0
5451,cantabria,201202,por_fusion,1
5452,cantabria,201201,por_fusion,4
5453,cantabria,201112,por_fusion,0
5454,cantabria,201111,por_fusion,0
5455,cantabria,201110,por_fusion,0
5456,cantabria,201109,por_fusion,0
5457,cantabria,201108,por_fusion,1
5458,cantabria,201107,por_fusion,0
5459,cantabria,201106,por_fusion,0
5460,cantabria,201105,por_fusion,2
5461,cantabria,201104,por_fusion,1
5462,cantabria,201103,por_fusion,1
5463,cantabria,201102,por_fusion,1
5464,cantabria,201101,por_fusion,3
5465,cantabria,201012,por_fusion,3
5466,cantabria,201011,por_fusion,2
5467,cantabria,201010,por_fusion,0
5468,cantabria,201009,por_fusion,0
5469,cantabria,201008,por_fusion,0
5470,cantabria,201007,por_fusion,0
5471,cantabria,201006,por_fusion,2
5472,cantabria,201005,por_fusion,0
5473,cantabria,201004,por_fusion,0
5474,cantabria,201003,por_fusion,4
5475,cantabria,201002,por_fusion,0
5476,cantabria,201001,por_fusion,1
5477,cantabria,200912,por_fusion,1
5478,cantabria,200911,por_fusion,0
5479,cantabria,200910,por_fusion,2
5480,cantabria,200909,por_fusion,1
5481,cantabria,200908,por_fusion,1
5482,cantabria,200907,por_fusion,0
5483,cantabria,200906,por_fusion,0
5484,cantabria,200905,por_fusion,2
5485,cantabria,200904,por_fusion,0
5486,cantabria,200903,por_fusion,0
5487,cantabria,200902,por_fusion,0
5488,cantabria,200901,por_fusion,0
5489,cantabria,200812,por_fusion,3
5490,cantabria,200811,por_fusion,2
5491,cantabria,200810,por_fusion,0
5492,cantabria,200809,por_fusion,0
5493,cantabria,200808,por_fusion,0
5494,cantabria,200807,por_fusion,0
5495,cantabria,200806,por_fusion,0
5496,cantabria,200805,por_fusion,0
5497,cantabria,200804,por_fusion,0
5498,cantabria,200803,por_fusion,1
5499,cantabria,200802,por_fusion,0
5500,cantabria,200801,por_fusion,1
5501,castilla_y_leon,202604,por_fusion,4
5502,castilla_y_leon,202603,por_fusion,7
5503,castilla_y_leon,202602,por_fusion,6
5504,castilla_y_leon,202601,por_fusion,11
5505,castilla_y_leon,202512,por_fusion,8
5506,castilla_y_leon,202511,por_fusion,8
5507,castilla_y_leon,202510,por_fusion,12
5508,castilla_y_leon,202509,por_fusion,6
5509,castilla_y_leon,202508,por_fusion,1
5510,castilla_y_leon,202507,por_fusion,3
5511,castilla_y_leon,202506,por_fusion,9
5512,castilla_y_leon,202505,por_fusion,2
5513,castilla_y_leon,202504,por_fusion,3
5514,castilla_y_leon,202503,por_fusion,7
5515,castilla_y_leon,202502,por_fusion,6
5516,castilla_y_leon,202501,por_fusion,12
5517,castilla_y_leon,202412,por_fusion,5
5518,castilla_y_leon,202411,por_fusion,2
5519,castilla_y_leon,202410,por_fusion,6
5520,castilla_y_leon,202409,por_fusion,6
5521,castilla_y_leon,202408,por_fusion,2
5522,castilla_y_leon,202407,por_fusion,3
5523,castilla_y_leon,202406,por_fusion,2
5524,castilla_y_leon,202405,por_fusion,5
5525,castilla_y_leon,202404,por_fusion,3
5526,castilla_y_leon,202403,por_fusion,6
5527,castilla_y_leon,202402,por_fusion,8
5528,castilla_y_leon,202401,por_fusion,20
5529,castilla_y_leon,202312,por_fusion,7
5530,castilla_y_leon,202311,por_fusion,4
5531,castilla_y_leon,202310,por_fusion,4
5532,castilla_y_leon,202309,por_fusion,4
5533,castilla_y_leon,202308,por_fusion,6
5534,castilla_y_leon,202307,por_fusion,7
5535,castilla_y_leon,202306,por_fusion,2
5536,castilla_y_leon,202305,por_fusion,2
5537,castilla_y_leon,202304,por_fusion,9
5538,castilla_y_leon,202303,por_fusion,10
5539,castilla_y_leon,202302,por_fusion,6
5540,castilla_y_leon,202301,por_fusion,15
5541,castilla_y_leon,202212,por_fusion,7
5542,castilla_y_leon,202211,por_fusion,8
5543,castilla_y_leon,202210,por_fusion,2
5544,castilla_y_leon,202209,por_fusion,2
5545,castilla_y_leon,202208,por_fusion,1
5546,castilla_y_leon,202207,por_fusion,2
5547,castilla_y_leon,202206,por_fusion,5
5548,castilla_y_leon,202205,por_fusion,2
5549,castilla_y_leon,202204,por_fusion,5
5550,castilla_y_leon,202203,por_fusion,2
5551,castilla_y_leon,202202,por_fusion,3
5552,castilla_y_leon,202201,por_fusion,13
5553,castilla_y_leon,202112,por_fusion,4
5554,castilla_y_leon,202111,por_fusion,7
5555,castilla_y_leon,202110,por_fusion,6
5556,castilla_y_leon,202109,por_fusion,7
5557,castilla_y_leon,202108,por_fusion,5
5558,castilla_y_leon,202107,por_fusion,8
5559,castilla_y_leon,202106,por_fusion,5
5560,castilla_y_leon,202105,por_fusion,5
5561,castilla_y_leon,202104,por_fusion,3
5562,castilla_y_leon,202103,por_fusion,6
5563,castilla_y_leon,202102,por_fusion,6
5564,castilla_y_leon,202101,por_fusion,5
5565,castilla_y_leon,202012,por_fusion,8
5566,castilla_y_leon,202011,por_fusion,5
5567,castilla_y_leon,202010,por_fusion,9
5568,castilla_y_leon,202009,por_fusion,8
5569,castilla_y_leon,202008,por_fusion,2
5570,castilla_y_leon,202007,por_fusion,7
5571,castilla_y_leon,202006,por_fusion,4
5572,castilla_y_leon,202005,por_fusion,0
5573,castilla_y_leon,202004,por_fusion,2
5574,castilla_y_leon,202003,por_fusion,2
5575,castilla_y_leon,202002,por_fusion,11
5576,castilla_y_leon,202001,por_fusion,14
5577,castilla_y_leon,201912,por_fusion,8
5578,castilla_y_leon,201911,por_fusion,3
5579,castilla_y_leon,201910,por_fusion,1
5580,castilla_y_leon,201909,por_fusion,7
5581,castilla_y_leon,201908,por_fusion,7
5582,castilla_y_leon,201907,por_fusion,3
5583,castilla_y_leon,201906,por_fusion,2
5584,castilla_y_leon,201905,por_fusion,2
5585,castilla_y_leon,201904,por_fusion,6
5586,castilla_y_leon,201903,por_fusion,8
5587,castilla_y_leon,201902,por_fusion,12
5588,castilla_y_leon,201901,por_fusion,9
5589,castilla_y_leon,201812,por_fusion,6
5590,castilla_y_leon,201811,por_fusion,0
5591,castilla_y_leon,201810,por_fusion,10
5592,castilla_y_leon,201809,por_fusion,0
5593,castilla_y_leon,201808,por_fusion,5
5594,castilla_y_leon,201807,por_fusion,3
5595,castilla_y_leon,201806,por_fusion,2
5596,castilla_y_leon,201805,por_fusion,7
5597,castilla_y_leon,201804,por_fusion,2
5598,castilla_y_leon,201803,por_fusion,3
5599,castilla_y_leon,201802,por_fusion,6
5600,castilla_y_leon,201801,por_fusion,17
5601,castilla_y_leon,201712,por_fusion,27
5602,castilla_y_leon,201711,por_fusion,9
5603,castilla_y_leon,201710,por_fusion,1
5604,castilla_y_leon,201709,por_fusion,5
5605,castilla_y_leon,201708,por_fusion,12
5606,castilla_y_leon,201707,por_fusion,1
5607,castilla_y_leon,201706,por_fusion,2
5608,castilla_y_leon,201705,por_fusion,1
5609,castilla_y_leon,201704,por_fusion,0
5610,castilla_y_leon,201703,por_fusion,4
5611,castilla_y_leon,201702,por_fusion,10
5612,castilla_y_leon,201701,por_fusion,8
5613,castilla_y_leon,201612,por_fusion,10
5614,castilla_y_leon,201611,por_fusion,7
5615,castilla_y_leon,201610,por_fusion,4
5616,castilla_y_leon,201609,por_fusion,4
5617,castilla_y_leon,201608,por_fusion,3
5618,castilla_y_leon,201607,por_fusion,8
5619,castilla_y_leon,201606,por_fusion,2
5620,castilla_y_leon,201605,por_fusion,4
5621,castilla_y_leon,201604,por_fusion,8
5622,castilla_y_leon,201603,por_fusion,9
5623,castilla_y_leon,201602,por_fusion,5
5624,castilla_y_leon,201601,por_fusion,10
5625,castilla_y_leon,201512,por_fusion,13
5626,castilla_y_leon,201511,por_fusion,3
5627,castilla_y_leon,201510,por_fusion,7
5628,castilla_y_leon,201509,por_fusion,9
5629,castilla_y_leon,201508,por_fusion,6
5630,castilla_y_leon,201507,por_fusion,2
5631,castilla_y_leon,201506,por_fusion,3
5632,castilla_y_leon,201505,por_fusion,7
5633,castilla_y_leon,201504,por_fusion,9
5634,castilla_y_leon,201503,por_fusion,6
5635,castilla_y_leon,201502,por_fusion,19
5636,castilla_y_leon,201501,por_fusion,14
5637,castilla_y_leon,201412,por_fusion,10
5638,castilla_y_leon,201411,por_fusion,13
5639,castilla_y_leon,201410,por_fusion,6
5640,castilla_y_leon,201409,por_fusion,2
5641,castilla_y_leon,201408,por_fusion,4
5642,castilla_y_leon,201407,por_fusion,2
5643,castilla_y_leon,201406,por_fusion,4
5644,castilla_y_leon,201405,por_fusion,1
5645,castilla_y_leon,201404,por_fusion,5
5646,castilla_y_leon,201403,por_fusion,2
5647,castilla_y_leon,201402,por_fusion,6
5648,castilla_y_leon,201401,por_fusion,9
5649,castilla_y_leon,201312,por_fusion,9
5650,castilla_y_leon,201311,por_fusion,4
5651,castilla_y_leon,201310,por_fusion,13
5652,castilla_y_leon,201309,por_fusion,4
5653,castilla_y_leon,201308,por_fusion,7
5654,castilla_y_leon,201307,por_fusion,4
5655,castilla_y_leon,201306,por_fusion,4
5656,castilla_y_leon,201305,por_fusion,5
5657,castilla_y_leon,201304,por_fusion,7
5658,castilla_y_leon,201303,por_fusion,4
5659,castilla_y_leon,201302,por_fusion,8
5660,castilla_y_leon,201301,por_fusion,12
5661,castilla_y_leon,201212,por_fusion,7
5662,castilla_y_leon,201211,por_fusion,1
5663,castilla_y_leon,201210,por_fusion,6
5664,castilla_y_leon,201209,por_fusion,2
5665,castilla_y_leon,201208,por_fusion,4
5666,castilla_y_leon,201207,por_fusion,2
5667,castilla_y_leon,201206,por_fusion,3
5668,castilla_y_leon,201205,por_fusion,4
5669,castilla_y_leon,201204,por_fusion,1
5670,castilla_y_leon,201203,por_fusion,1
5671,castilla_y_leon,201202,por_fusion,14
5672,castilla_y_leon,201201,por_fusion,14
5673,castilla_y_leon,201112,por_fusion,8
5674,castilla_y_leon,201111,por_fusion,4
5675,castilla_y_leon,201110,por_fusion,7
5676,castilla_y_leon,201109,por_fusion,2
5677,castilla_y_leon,201108,por_fusion,2
5678,castilla_y_leon,201107,por_fusion,6
5679,castilla_y_leon,201106,por_fusion,3
5680,castilla_y_leon,201105,por_fusion,15
5681,castilla_y_leon,201104,por_fusion,2
5682,castilla_y_leon,201103,por_fusion,7
5683,castilla_y_leon,201102,por_fusion,6
5684,castilla_y_leon,201101,por_fusion,10
5685,castilla_y_leon,201012,por_fusion,17
5686,castilla_y_leon,201011,por_fusion,14
5687,castilla_y_leon,201010,por_fusion,10
5688,castilla_y_leon,201009,por_fusion,9
5689,castilla_y_leon,201008,por_fusion,1
5690,castilla_y_leon,201007,por_fusion,2
5691,castilla_y_leon,201006,por_fusion,1
5692,castilla_y_leon,201005,por_fusion,1
5693,castilla_y_leon,201004,por_fusion,8
5694,castilla_y_leon,201003,por_fusion,6
5695,castilla_y_leon,201002,por_fusion,7
5696,castilla_y_leon,201001,por_fusion,44
5697,castilla_y_leon,200912,por_fusion,6
5698,castilla_y_leon,200911,por_fusion,3
5699,castilla_y_leon,200910,por_fusion,27
5700,castilla_y_leon,200909,por_fusion,4
5701,castilla_y_leon,200908,por_fusion,3
5702,castilla_y_leon,200907,por_fusion,8
5703,castilla_y_leon,200906,por_fusion,26
5704,castilla_y_leon,200905,por_fusion,2
5705,castilla_y_leon,200904,por_fusion,4
5706,castilla_y_leon,200903,por_fusion,4
5707,castilla_y_leon,200902,por_fusion,4
5708,castilla_y_leon,200901,por_fusion,6
5709,castilla_y_leon,200812,por_fusion,12
5710,castilla_y_leon,200811,por_fusion,7
5711,castilla_y_leon,200810,por_fusion,6
5712,castilla_y_leon,200809,por_fusion,10
5713,castilla_y_leon,200808,por_fusion,6
5714,castilla_y_leon,200807,por_fusion,12
5715,castilla_y_leon,200806,por_fusion,1
5716,castilla_y_leon,200805,por_fusion,2
5717,castilla_y_leon,200804,por_fusion,7
5718,castilla_y_leon,200803,por_fusion,4
5719,castilla_y_leon,200802,por_fusion,8
5720,castilla_y_leon,200801,por_fusion,5
5721,castilla_la_mancha,202604,por_fusion,1
5722,castilla_la_mancha,202603,por_fusion,9
5723,castilla_la_mancha,202602,por_fusion,3
5724,castilla_la_mancha,202601,por_fusion,7
5725,castilla_la_mancha,202512,por_fusion,2
5726,castilla_la_mancha,202511,por_fusion,4
5727,castilla_la_mancha,202510,por_fusion,3
5728,castilla_la_mancha,202509,por_fusion,1
5729,castilla_la_mancha,202508,por_fusion,3
5730,castilla_la_mancha,202507,por_fusion,8
5731,castilla_la_mancha,202506,por_fusion,0
5732,castilla_la_mancha,202505,por_fusion,1
5733,castilla_la_mancha,202504,por_fusion,2
5734,castilla_la_mancha,202503,por_fusion,11
5735,castilla_la_mancha,202502,por_fusion,5
5736,castilla_la_mancha,202501,por_fusion,3
5737,castilla_la_mancha,202412,por_fusion,3
5738,castilla_la_mancha,202411,por_fusion,2
5739,castilla_la_mancha,202410,por_fusion,1
5740,castilla_la_mancha,202409,por_fusion,4
5741,castilla_la_mancha,202408,por_fusion,0
5742,castilla_la_mancha,202407,por_fusion,1
5743,castilla_la_mancha,202406,por_fusion,2
5744,castilla_la_mancha,202405,por_fusion,0
5745,castilla_la_mancha,202404,por_fusion,2
5746,castilla_la_mancha,202403,por_fusion,1
5747,castilla_la_mancha,202402,por_fusion,1
5748,castilla_la_mancha,202401,por_fusion,3
5749,castilla_la_mancha,202312,por_fusion,0
5750,castilla_la_mancha,202311,por_fusion,4
5751,castilla_la_mancha,202310,por_fusion,5
5752,castilla_la_mancha,202309,por_fusion,0
5753,castilla_la_mancha,202308,por_fusion,4
5754,castilla_la_mancha,202307,por_fusion,2
5755,castilla_la_mancha,202306,por_fusion,1
5756,castilla_la_mancha,202305,por_fusion,0
5757,castilla_la_mancha,202304,por_fusion,1
5758,castilla_la_mancha,202303,por_fusion,2
5759,castilla_la_mancha,202302,por_fusion,2
5760,castilla_la_mancha,202301,por_fusion,5
5761,castilla_la_mancha,202212,por_fusion,5
5762,castilla_la_mancha,202211,por_fusion,4
5763,castilla_la_mancha,202210,por_fusion,7
5764,castilla_la_mancha,202209,por_fusion,4
5765,castilla_la_mancha,202208,por_fusion,1
5766,castilla_la_mancha,202207,por_fusion,4
5767,castilla_la_mancha,202206,por_fusion,2
5768,castilla_la_mancha,202205,por_fusion,4
5769,castilla_la_mancha,202204,por_fusion,3
5770,castilla_la_mancha,202203,por_fusion,2
5771,castilla_la_mancha,202202,por_fusion,12
5772,castilla_la_mancha,202201,por_fusion,1
5773,castilla_la_mancha,202112,por_fusion,2
5774,castilla_la_mancha,202111,por_fusion,3
5775,castilla_la_mancha,202110,por_fusion,9
5776,castilla_la_mancha,202109,por_fusion,6
5777,castilla_la_mancha,202108,por_fusion,2
5778,castilla_la_mancha,202107,por_fusion,2
5779,castilla_la_mancha,202106,por_fusion,2
5780,castilla_la_mancha,202105,por_fusion,2
5781,castilla_la_mancha,202104,por_fusion,1
5782,castilla_la_mancha,202103,por_fusion,6
5783,castilla_la_mancha,202102,por_fusion,2
5784,castilla_la_mancha,202101,por_fusion,6
5785,castilla_la_mancha,202012,por_fusion,2
5786,castilla_la_mancha,202011,por_fusion,0
5787,castilla_la_mancha,202010,por_fusion,3
5788,castilla_la_mancha,202009,por_fusion,1
5789,castilla_la_mancha,202008,por_fusion,1
5790,castilla_la_mancha,202007,por_fusion,1
5791,castilla_la_mancha,202006,por_fusion,2
5792,castilla_la_mancha,202005,por_fusion,1
5793,castilla_la_mancha,202004,por_fusion,1
5794,castilla_la_mancha,202003,por_fusion,5
5795,castilla_la_mancha,202002,por_fusion,3
5796,castilla_la_mancha,202001,por_fusion,5
5797,castilla_la_mancha,201912,por_fusion,5
5798,castilla_la_mancha,201911,por_fusion,3
5799,castilla_la_mancha,201910,por_fusion,12
5800,castilla_la_mancha,201909,por_fusion,0
5801,castilla_la_mancha,201908,por_fusion,1
5802,castilla_la_mancha,201907,por_fusion,3
5803,castilla_la_mancha,201906,por_fusion,2
5804,castilla_la_mancha,201905,por_fusion,2
5805,castilla_la_mancha,201904,por_fusion,1
5806,castilla_la_mancha,201903,por_fusion,4
5807,castilla_la_mancha,201902,por_fusion,8
5808,castilla_la_mancha,201901,por_fusion,600
5809,castilla_la_mancha,201812,por_fusion,2
5810,castilla_la_mancha,201811,por_fusion,3
5811,castilla_la_mancha,201810,por_fusion,7
5812,castilla_la_mancha,201809,por_fusion,2
5813,castilla_la_mancha,201808,por_fusion,99
5814,castilla_la_mancha,201807,por_fusion,3
5815,castilla_la_mancha,201806,por_fusion,4
5816,castilla_la_mancha,201805,por_fusion,3
5817,castilla_la_mancha,201804,por_fusion,0
5818,castilla_la_mancha,201803,por_fusion,4
5819,castilla_la_mancha,201802,por_fusion,17
5820,castilla_la_mancha,201801,por_fusion,7
5821,castilla_la_mancha,201712,por_fusion,2
5822,castilla_la_mancha,201711,por_fusion,5
5823,castilla_la_mancha,201710,por_fusion,1
5824,castilla_la_mancha,201709,por_fusion,1
5825,castilla_la_mancha,201708,por_fusion,0
5826,castilla_la_mancha,201707,por_fusion,1
5827,castilla_la_mancha,201706,por_fusion,0
5828,castilla_la_mancha,201705,por_fusion,5
5829,castilla_la_mancha,201704,por_fusion,3
5830,castilla_la_mancha,201703,por_fusion,4
5831,castilla_la_mancha,201702,por_fusion,8
5832,castilla_la_mancha,201701,por_fusion,7
5833,castilla_la_mancha,201612,por_fusion,5
5834,castilla_la_mancha,201611,por_fusion,5
5835,castilla_la_mancha,201610,por_fusion,2
5836,castilla_la_mancha,201609,por_fusion,6
5837,castilla_la_mancha,201608,por_fusion,0
5838,castilla_la_mancha,201607,por_fusion,2
5839,castilla_la_mancha,201606,por_fusion,2
5840,castilla_la_mancha,201605,por_fusion,2
5841,castilla_la_mancha,201604,por_fusion,1
5842,castilla_la_mancha,201603,por_fusion,0
5843,castilla_la_mancha,201602,por_fusion,4
5844,castilla_la_mancha,201601,por_fusion,9
5845,castilla_la_mancha,201512,por_fusion,4
5846,castilla_la_mancha,201511,por_fusion,4
5847,castilla_la_mancha,201510,por_fusion,7
5848,castilla_la_mancha,201509,por_fusion,2
5849,castilla_la_mancha,201508,por_fusion,1
5850,castilla_la_mancha,201507,por_fusion,2
5851,castilla_la_mancha,201506,por_fusion,3
5852,castilla_la_mancha,201505,por_fusion,4
5853,castilla_la_mancha,201504,por_fusion,2
5854,castilla_la_mancha,201503,por_fusion,8
5855,castilla_la_mancha,201502,por_fusion,1
5856,castilla_la_mancha,201501,por_fusion,20
5857,castilla_la_mancha,201412,por_fusion,90
5858,castilla_la_mancha,201411,por_fusion,5
5859,castilla_la_mancha,201410,por_fusion,2
5860,castilla_la_mancha,201409,por_fusion,1
5861,castilla_la_mancha,201408,por_fusion,1
5862,castilla_la_mancha,201407,por_fusion,0
5863,castilla_la_mancha,201406,por_fusion,7
5864,castilla_la_mancha,201405,por_fusion,5
5865,castilla_la_mancha,201404,por_fusion,5
5866,castilla_la_mancha,201403,por_fusion,3
5867,castilla_la_mancha,201402,por_fusion,5
5868,castilla_la_mancha,201401,por_fusion,9
5869,castilla_la_mancha,201312,por_fusion,7
5870,castilla_la_mancha,201311,por_fusion,3
5871,castilla_la_mancha,201310,por_fusion,5
5872,castilla_la_mancha,201309,por_fusion,7
5873,castilla_la_mancha,201308,por_fusion,2
5874,castilla_la_mancha,201307,por_fusion,1
5875,castilla_la_mancha,201306,por_fusion,2
5876,castilla_la_mancha,201305,por_fusion,2
5877,castilla_la_mancha,201304,por_fusion,2
5878,castilla_la_mancha,201303,por_fusion,5
5879,castilla_la_mancha,201302,por_fusion,5
5880,castilla_la_mancha,201301,por_fusion,6
5881,castilla_la_mancha,201212,por_fusion,24
5882,castilla_la_mancha,201211,por_fusion,1
5883,castilla_la_mancha,201210,por_fusion,6
5884,castilla_la_mancha,201209,por_fusion,4
5885,castilla_la_mancha,201208,por_fusion,1
5886,castilla_la_mancha,201207,por_fusion,1
5887,castilla_la_mancha,201206,por_fusion,2
5888,castilla_la_mancha,201205,por_fusion,0
5889,castilla_la_mancha,201204,por_fusion,2
5890,castilla_la_mancha,201203,por_fusion,22
5891,castilla_la_mancha,201202,por_fusion,3
5892,castilla_la_mancha,201201,por_fusion,4
5893,castilla_la_mancha,201112,por_fusion,8
5894,castilla_la_mancha,201111,por_fusion,3
5895,castilla_la_mancha,201110,por_fusion,4
5896,castilla_la_mancha,201109,por_fusion,4
5897,castilla_la_mancha,201108,por_fusion,1
5898,castilla_la_mancha,201107,por_fusion,6
5899,castilla_la_mancha,201106,por_fusion,7
5900,castilla_la_mancha,201105,por_fusion,2
5901,castilla_la_mancha,201104,por_fusion,1
5902,castilla_la_mancha,201103,por_fusion,7
5903,castilla_la_mancha,201102,por_fusion,2
5904,castilla_la_mancha,201101,por_fusion,9
5905,castilla_la_mancha,201012,por_fusion,7
5906,castilla_la_mancha,201011,por_fusion,2
5907,castilla_la_mancha,201010,por_fusion,8
5908,castilla_la_mancha,201009,por_fusion,3
5909,castilla_la_mancha,201008,por_fusion,1
5910,castilla_la_mancha,201007,por_fusion,1
5911,castilla_la_mancha,201006,por_fusion,0
5912,castilla_la_mancha,201005,por_fusion,1
5913,castilla_la_mancha,201004,por_fusion,3
5914,castilla_la_mancha,201003,por_fusion,3
5915,castilla_la_mancha,201002,por_fusion,1
5916,castilla_la_mancha,201001,por_fusion,3
5917,castilla_la_mancha,200912,por_fusion,6
5918,castilla_la_mancha,200911,por_fusion,4
5919,castilla_la_mancha,200910,por_fusion,4
5920,castilla_la_mancha,200909,por_fusion,1
5921,castilla_la_mancha,200908,por_fusion,3
5922,castilla_la_mancha,200907,por_fusion,2
5923,castilla_la_mancha,200906,por_fusion,0
5924,castilla_la_mancha,200905,por_fusion,2
5925,castilla_la_mancha,200904,por_fusion,0
5926,castilla_la_mancha,200903,por_fusion,2
5927,castilla_la_mancha,200902,por_fusion,1
5928,castilla_la_mancha,200901,por_fusion,2
5929,castilla_la_mancha,200812,por_fusion,6
5930,castilla_la_mancha,200811,por_fusion,2
5931,castilla_la_mancha,200810,por_fusion,2
5932,castilla_la_mancha,200809,por_fusion,3
5933,castilla_la_mancha,200808,por_fusion,2
5934,castilla_la_mancha,200807,por_fusion,2
5935,castilla_la_mancha,200806,por_fusion,3
5936,castilla_la_mancha,200805,por_fusion,1
5937,castilla_la_mancha,200804,por_fusion,1
5938,castilla_la_mancha,200803,por_fusion,2
5939,castilla_la_mancha,200802,por_fusion,0
5940,castilla_la_mancha,200801,por_fusion,8
5941,cataluna,202604,por_fusion,8
5942,cataluna,202603,por_fusion,14
5943,cataluna,202602,por_fusion,12
5944,cataluna,202601,por_fusion,17
5945,cataluna,202512,por_fusion,20
5946,cataluna,202511,por_fusion,16
5947,cataluna,202510,por_fusion,23
5948,cataluna,202509,por_fusion,16
5949,cataluna,202508,por_fusion,17
5950,cataluna,202507,por_fusion,13
5951,cataluna,202506,por_fusion,26
5952,cataluna,202505,por_fusion,12
5953,cataluna,202504,por_fusion,10
5954,cataluna,202503,por_fusion,11
5955,cataluna,202502,por_fusion,24
5956,cataluna,202501,por_fusion,26
5957,cataluna,202412,por_fusion,21
5958,cataluna,202411,por_fusion,9
5959,cataluna,202410,por_fusion,12
5960,cataluna,202409,por_fusion,12
5961,cataluna,202408,por_fusion,27
5962,cataluna,202407,por_fusion,18
5963,cataluna,202406,por_fusion,15
5964,cataluna,202405,por_fusion,11
5965,cataluna,202404,por_fusion,14
5966,cataluna,202403,por_fusion,18
5967,cataluna,202402,por_fusion,32
5968,cataluna,202401,por_fusion,25
5969,cataluna,202312,por_fusion,28
5970,cataluna,202311,por_fusion,15
5971,cataluna,202310,por_fusion,18
5972,cataluna,202309,por_fusion,16
5973,cataluna,202308,por_fusion,13
5974,cataluna,202307,por_fusion,8
5975,cataluna,202306,por_fusion,12
5976,cataluna,202305,por_fusion,13
5977,cataluna,202304,por_fusion,12
5978,cataluna,202303,por_fusion,5
5979,cataluna,202302,por_fusion,14
5980,cataluna,202301,por_fusion,20
5981,cataluna,202212,por_fusion,15
5982,cataluna,202211,por_fusion,20
5983,cataluna,202210,por_fusion,15
5984,cataluna,202209,por_fusion,11
5985,cataluna,202208,por_fusion,4
5986,cataluna,202207,por_fusion,12
5987,cataluna,202206,por_fusion,15
5988,cataluna,202205,por_fusion,13
5989,cataluna,202204,por_fusion,11
5990,cataluna,202203,por_fusion,14
5991,cataluna,202202,por_fusion,9
5992,cataluna,202201,por_fusion,14
5993,cataluna,202112,por_fusion,21
5994,cataluna,202111,por_fusion,9
5995,cataluna,202110,por_fusion,17
5996,cataluna,202109,por_fusion,9
5997,cataluna,202108,por_fusion,13
5998,cataluna,202107,por_fusion,15
5999,cataluna,202106,por_fusion,6
6000,cataluna,202105,por_fusion,6
6001,cataluna,202104,por_fusion,10
6002,cataluna,202103,por_fusion,22
6003,cataluna,202102,por_fusion,21
6004,cataluna,202101,por_fusion,17
6005,cataluna,202012,por_fusion,16
6006,cataluna,202011,por_fusion,14
6007,cataluna,202010,por_fusion,16
6008,cataluna,202009,por_fusion,3
6009,cataluna,202008,por_fusion,6
6010,cataluna,202007,por_fusion,12
6011,cataluna,202006,por_fusion,10
6012,cataluna,202005,por_fusion,3
6013,cataluna,202004,por_fusion,3
6014,cataluna,202003,por_fusion,7
6015,cataluna,202002,por_fusion,32
6016,cataluna,202001,por_fusion,21
6017,cataluna,201912,por_fusion,10
6018,cataluna,201911,por_fusion,21
6019,cataluna,201910,por_fusion,21
6020,cataluna,201909,por_fusion,10
6021,cataluna,201908,por_fusion,15
6022,cataluna,201907,por_fusion,16
6023,cataluna,201906,por_fusion,11
6024,cataluna,201905,por_fusion,65
6025,cataluna,201904,por_fusion,18
6026,cataluna,201903,por_fusion,8
6027,cataluna,201902,por_fusion,8
6028,cataluna,201901,por_fusion,19
6029,cataluna,201812,por_fusion,12
6030,cataluna,201811,por_fusion,20
6031,cataluna,201810,por_fusion,11
6032,cataluna,201809,por_fusion,6
6033,cataluna,201808,por_fusion,8
6034,cataluna,201807,por_fusion,13
6035,cataluna,201806,por_fusion,4
6036,cataluna,201805,por_fusion,7
6037,cataluna,201804,por_fusion,12
6038,cataluna,201803,por_fusion,10
6039,cataluna,201802,por_fusion,17
6040,cataluna,201801,por_fusion,24
6041,cataluna,201712,por_fusion,14
6042,cataluna,201711,por_fusion,17
6043,cataluna,201710,por_fusion,20
6044,cataluna,201709,por_fusion,12
6045,cataluna,201708,por_fusion,10
6046,cataluna,201707,por_fusion,15
6047,cataluna,201706,por_fusion,11
6048,cataluna,201705,por_fusion,7
6049,cataluna,201704,por_fusion,10
6050,cataluna,201703,por_fusion,8
6051,cataluna,201702,por_fusion,20
6052,cataluna,201701,por_fusion,17
6053,cataluna,201612,por_fusion,14
6054,cataluna,201611,por_fusion,22
6055,cataluna,201610,por_fusion,11
6056,cataluna,201609,por_fusion,19
6057,cataluna,201608,por_fusion,7
6058,cataluna,201607,por_fusion,8
6059,cataluna,201606,por_fusion,13
6060,cataluna,201605,por_fusion,8
6061,cataluna,201604,por_fusion,16
6062,cataluna,201603,por_fusion,25
6063,cataluna,201602,por_fusion,19
6064,cataluna,201601,por_fusion,26
6065,cataluna,201512,por_fusion,18
6066,cataluna,201511,por_fusion,11
6067,cataluna,201510,por_fusion,23
6068,cataluna,201509,por_fusion,12
6069,cataluna,201508,por_fusion,8
6070,cataluna,201507,por_fusion,7
6071,cataluna,201506,por_fusion,11
6072,cataluna,201505,por_fusion,3
6073,cataluna,201504,por_fusion,9
6074,cataluna,201503,por_fusion,15
6075,cataluna,201502,por_fusion,8
6076,cataluna,201501,por_fusion,21
6077,cataluna,201412,por_fusion,19
6078,cataluna,201411,por_fusion,11
6079,cataluna,201410,por_fusion,9
6080,cataluna,201409,por_fusion,4
6081,cataluna,201408,por_fusion,7
6082,cataluna,201407,por_fusion,14
6083,cataluna,201406,por_fusion,6
6084,cataluna,201405,por_fusion,6
6085,cataluna,201404,por_fusion,13
6086,cataluna,201403,por_fusion,8
6087,cataluna,201402,por_fusion,12
6088,cataluna,201401,por_fusion,18
6089,cataluna,201312,por_fusion,22
6090,cataluna,201311,por_fusion,20
6091,cataluna,201310,por_fusion,23
6092,cataluna,201309,por_fusion,15
6093,cataluna,201308,por_fusion,5
6094,cataluna,201307,por_fusion,23
6095,cataluna,201306,por_fusion,4
6096,cataluna,201305,por_fusion,7
6097,cataluna,201304,por_fusion,11
6098,cataluna,201303,por_fusion,9
6099,cataluna,201302,por_fusion,15
6100,cataluna,201301,por_fusion,39
6101,cataluna,201212,por_fusion,25
6102,cataluna,201211,por_fusion,18
6103,cataluna,201210,por_fusion,19
6104,cataluna,201209,por_fusion,13
6105,cataluna,201208,por_fusion,12
6106,cataluna,201207,por_fusion,16
6107,cataluna,201206,por_fusion,18
6108,cataluna,201205,por_fusion,10
6109,cataluna,201204,por_fusion,12
6110,cataluna,201203,por_fusion,18
6111,cataluna,201202,por_fusion,26
6112,cataluna,201201,por_fusion,28
6113,cataluna,201112,por_fusion,35
6114,cataluna,201111,por_fusion,22
6115,cataluna,201110,por_fusion,7
6116,cataluna,201109,por_fusion,16
6117,cataluna,201108,por_fusion,16
6118,cataluna,201107,por_fusion,9
6119,cataluna,201106,por_fusion,7
6120,cataluna,201105,por_fusion,11
6121,cataluna,201104,por_fusion,11
6122,cataluna,201103,por_fusion,13
6123,cataluna,201102,por_fusion,12
6124,cataluna,201101,por_fusion,81
6125,cataluna,201012,por_fusion,50
6126,cataluna,201011,por_fusion,29
6127,cataluna,201010,por_fusion,21
6128,cataluna,201009,por_fusion,16
6129,cataluna,201008,por_fusion,11
6130,cataluna,201007,por_fusion,12
6131,cataluna,201006,por_fusion,6
6132,cataluna,201005,por_fusion,8
6133,cataluna,201004,por_fusion,15
6134,cataluna,201003,por_fusion,10
6135,cataluna,201002,por_fusion,15
6136,cataluna,201001,por_fusion,21
6137,cataluna,200912,por_fusion,22
6138,cataluna,200911,por_fusion,10
6139,cataluna,200910,por_fusion,79
6140,cataluna,200909,por_fusion,12
6141,cataluna,200908,por_fusion,21
6142,cataluna,200907,por_fusion,11
6143,cataluna,200906,por_fusion,13
6144,cataluna,200905,por_fusion,13
6145,cataluna,200904,por_fusion,12
6146,cataluna,200903,por_fusion,17
6147,cataluna,200902,por_fusion,16
6148,cataluna,200901,por_fusion,22
6149,cataluna,200812,por_fusion,24
6150,cataluna,200811,por_fusion,12
6151,cataluna,200810,por_fusion,30
6152,cataluna,200809,por_fusion,13
6153,cataluna,200808,por_fusion,11
6154,cataluna,200807,por_fusion,14
6155,cataluna,200806,por_fusion,7
6156,cataluna,200805,por_fusion,5
6157,cataluna,200804,por_fusion,5
6158,cataluna,200803,por_fusion,9
6159,cataluna,200802,por_fusion,12
6160,cataluna,200801,por_fusion,20
6161,comunitat_valenciana,202604,por_fusion,4
6162,comunitat_valenciana,202603,por_fusion,22
6163,comunitat_valenciana,202602,por_fusion,20
6164,comunitat_valenciana,202601,por_fusion,24
6165,comunitat_valenciana,202512,por_fusion,9
6166,comunitat_valenciana,202511,por_fusion,9
6167,comunitat_valenciana,202510,por_fusion,24
6168,comunitat_valenciana,202509,por_fusion,13
6169,comunitat_valenciana,202508,por_fusion,7
6170,comunitat_valenciana,202507,por_fusion,6
6171,comunitat_valenciana,202506,por_fusion,11
6172,comunitat_valenciana,202505,por_fusion,3
6173,comunitat_valenciana,202504,por_fusion,6
6174,comunitat_valenciana,202503,por_fusion,4
6175,comunitat_valenciana,202502,por_fusion,10
6176,comunitat_valenciana,202501,por_fusion,35
6177,comunitat_valenciana,202412,por_fusion,10
6178,comunitat_valenciana,202411,por_fusion,2
6179,comunitat_valenciana,202410,por_fusion,16
6180,comunitat_valenciana,202409,por_fusion,9
6181,comunitat_valenciana,202408,por_fusion,15
6182,comunitat_valenciana,202407,por_fusion,18
6183,comunitat_valenciana,202406,por_fusion,5
6184,comunitat_valenciana,202405,por_fusion,7
6185,comunitat_valenciana,202404,por_fusion,5
6186,comunitat_valenciana,202403,por_fusion,8
6187,comunitat_valenciana,202402,por_fusion,8
6188,comunitat_valenciana,202401,por_fusion,22
6189,comunitat_valenciana,202312,por_fusion,11
6190,comunitat_valenciana,202311,por_fusion,15
6191,comunitat_valenciana,202310,por_fusion,19
6192,comunitat_valenciana,202309,por_fusion,19
6193,comunitat_valenciana,202308,por_fusion,16
6194,comunitat_valenciana,202307,por_fusion,7
6195,comunitat_valenciana,202306,por_fusion,14
6196,comunitat_valenciana,202305,por_fusion,12
6197,comunitat_valenciana,202304,por_fusion,17
6198,comunitat_valenciana,202303,por_fusion,7
6199,comunitat_valenciana,202302,por_fusion,22
6200,comunitat_valenciana,202301,por_fusion,17
6201,comunitat_valenciana,202212,por_fusion,23
6202,comunitat_valenciana,202211,por_fusion,14
6203,comunitat_valenciana,202210,por_fusion,17
6204,comunitat_valenciana,202209,por_fusion,8
6205,comunitat_valenciana,202208,por_fusion,40
6206,comunitat_valenciana,202207,por_fusion,28
6207,comunitat_valenciana,202206,por_fusion,10
6208,comunitat_valenciana,202205,por_fusion,8
6209,comunitat_valenciana,202204,por_fusion,15
6210,comunitat_valenciana,202203,por_fusion,4
6211,comunitat_valenciana,202202,por_fusion,9
6212,comunitat_valenciana,202201,por_fusion,17
6213,comunitat_valenciana,202112,por_fusion,22
6214,comunitat_valenciana,202111,por_fusion,9
6215,comunitat_valenciana,202110,por_fusion,10
6216,comunitat_valenciana,202109,por_fusion,12
6217,comunitat_valenciana,202108,por_fusion,11
6218,comunitat_valenciana,202107,por_fusion,10
6219,comunitat_valenciana,202106,por_fusion,6
6220,comunitat_valenciana,202105,por_fusion,3
6221,comunitat_valenciana,202104,por_fusion,22
6222,comunitat_valenciana,202103,por_fusion,15
6223,comunitat_valenciana,202102,por_fusion,14
6224,comunitat_valenciana,202101,por_fusion,27
6225,comunitat_valenciana,202012,por_fusion,12
6226,comunitat_valenciana,202011,por_fusion,12
6227,comunitat_valenciana,202010,por_fusion,13
6228,comunitat_valenciana,202009,por_fusion,11
6229,comunitat_valenciana,202008,por_fusion,7
6230,comunitat_valenciana,202007,por_fusion,8
6231,comunitat_valenciana,202006,por_fusion,40
6232,comunitat_valenciana,202005,por_fusion,3
6233,comunitat_valenciana,202004,por_fusion,1
6234,comunitat_valenciana,202003,por_fusion,4
6235,comunitat_valenciana,202002,por_fusion,17
6236,comunitat_valenciana,202001,por_fusion,21
6237,comunitat_valenciana,201912,por_fusion,20
6238,comunitat_valenciana,201911,por_fusion,14
6239,comunitat_valenciana,201910,por_fusion,8
6240,comunitat_valenciana,201909,por_fusion,45
6241,comunitat_valenciana,201908,por_fusion,8
6242,comunitat_valenciana,201907,por_fusion,131
6243,comunitat_valenciana,201906,por_fusion,6
6244,comunitat_valenciana,201905,por_fusion,6
6245,comunitat_valenciana,201904,por_fusion,1
6246,comunitat_valenciana,201903,por_fusion,44
6247,comunitat_valenciana,201902,por_fusion,15
6248,comunitat_valenciana,201901,por_fusion,21
6249,comunitat_valenciana,201812,por_fusion,8
6250,comunitat_valenciana,201811,por_fusion,5
6251,comunitat_valenciana,201810,por_fusion,6
6252,comunitat_valenciana,201809,por_fusion,7
6253,comunitat_valenciana,201808,por_fusion,5
6254,comunitat_valenciana,201807,por_fusion,5
6255,comunitat_valenciana,201806,por_fusion,6
6256,comunitat_valenciana,201805,por_fusion,3
6257,comunitat_valenciana,201804,por_fusion,5
6258,comunitat_valenciana,201803,por_fusion,6
6259,comunitat_valenciana,201802,por_fusion,26
6260,comunitat_valenciana,201801,por_fusion,24
6261,comunitat_valenciana,201712,por_fusion,13
6262,comunitat_valenciana,201711,por_fusion,8
6263,comunitat_valenciana,201710,por_fusion,10
6264,comunitat_valenciana,201709,por_fusion,10
6265,comunitat_valenciana,201708,por_fusion,10
6266,comunitat_valenciana,201707,por_fusion,10
6267,comunitat_valenciana,201706,por_fusion,8
6268,comunitat_valenciana,201705,por_fusion,3
6269,comunitat_valenciana,201704,por_fusion,39
6270,comunitat_valenciana,201703,por_fusion,9
6271,comunitat_valenciana,201702,por_fusion,7
6272,comunitat_valenciana,201701,por_fusion,7
6273,comunitat_valenciana,201612,por_fusion,11
6274,comunitat_valenciana,201611,por_fusion,8
6275,comunitat_valenciana,201610,por_fusion,7
6276,comunitat_valenciana,201609,por_fusion,8
6277,comunitat_valenciana,201608,por_fusion,27
6278,comunitat_valenciana,201607,por_fusion,14
6279,comunitat_valenciana,201606,por_fusion,12
6280,comunitat_valenciana,201605,por_fusion,1
6281,comunitat_valenciana,201604,por_fusion,25
6282,comunitat_valenciana,201603,por_fusion,17
6283,comunitat_valenciana,201602,por_fusion,14
6284,comunitat_valenciana,201601,por_fusion,31
6285,comunitat_valenciana,201512,por_fusion,25
6286,comunitat_valenciana,201511,por_fusion,12
6287,comunitat_valenciana,201510,por_fusion,13
6288,comunitat_valenciana,201509,por_fusion,12
6289,comunitat_valenciana,201508,por_fusion,6
6290,comunitat_valenciana,201507,por_fusion,6
6291,comunitat_valenciana,201506,por_fusion,24
6292,comunitat_valenciana,201505,por_fusion,2
6293,comunitat_valenciana,201504,por_fusion,6
6294,comunitat_valenciana,201503,por_fusion,5
6295,comunitat_valenciana,201502,por_fusion,11
6296,comunitat_valenciana,201501,por_fusion,11
6297,comunitat_valenciana,201412,por_fusion,13
6298,comunitat_valenciana,201411,por_fusion,8
6299,comunitat_valenciana,201410,por_fusion,27
6300,comunitat_valenciana,201409,por_fusion,8
6301,comunitat_valenciana,201408,por_fusion,10
6302,comunitat_valenciana,201407,por_fusion,7
6303,comunitat_valenciana,201406,por_fusion,7
6304,comunitat_valenciana,201405,por_fusion,4
6305,comunitat_valenciana,201404,por_fusion,9
6306,comunitat_valenciana,201403,por_fusion,7
6307,comunitat_valenciana,201402,por_fusion,8
6308,comunitat_valenciana,201401,por_fusion,22
6309,comunitat_valenciana,201312,por_fusion,29
6310,comunitat_valenciana,201311,por_fusion,26
6311,comunitat_valenciana,201310,por_fusion,11
6312,comunitat_valenciana,201309,por_fusion,16
6313,comunitat_valenciana,201308,por_fusion,6
6314,comunitat_valenciana,201307,por_fusion,17
6315,comunitat_valenciana,201306,por_fusion,11
6316,comunitat_valenciana,201305,por_fusion,4
6317,comunitat_valenciana,201304,por_fusion,4
6318,comunitat_valenciana,201303,por_fusion,6
6319,comunitat_valenciana,201302,por_fusion,14
6320,comunitat_valenciana,201301,por_fusion,23
6321,comunitat_valenciana,201212,por_fusion,22
6322,comunitat_valenciana,201211,por_fusion,9
6323,comunitat_valenciana,201210,por_fusion,11
6324,comunitat_valenciana,201209,por_fusion,10
6325,comunitat_valenciana,201208,por_fusion,11
6326,comunitat_valenciana,201207,por_fusion,10
6327,comunitat_valenciana,201206,por_fusion,8
6328,comunitat_valenciana,201205,por_fusion,8
6329,comunitat_valenciana,201204,por_fusion,6
6330,comunitat_valenciana,201203,por_fusion,15
6331,comunitat_valenciana,201202,por_fusion,21
6332,comunitat_valenciana,201201,por_fusion,12
6333,comunitat_valenciana,201112,por_fusion,24
6334,comunitat_valenciana,201111,por_fusion,12
6335,comunitat_valenciana,201110,por_fusion,17
6336,comunitat_valenciana,201109,por_fusion,21
6337,comunitat_valenciana,201108,por_fusion,6
6338,comunitat_valenciana,201107,por_fusion,11
6339,comunitat_valenciana,201106,por_fusion,10
6340,comunitat_valenciana,201105,por_fusion,12
6341,comunitat_valenciana,201104,por_fusion,4
6342,comunitat_valenciana,201103,por_fusion,44
6343,comunitat_valenciana,201102,por_fusion,28
6344,comunitat_valenciana,201101,por_fusion,47
6345,comunitat_valenciana,201012,por_fusion,29
6346,comunitat_valenciana,201011,por_fusion,24
6347,comunitat_valenciana,201010,por_fusion,13
6348,comunitat_valenciana,201009,por_fusion,8
6349,comunitat_valenciana,201008,por_fusion,13
6350,comunitat_valenciana,201007,por_fusion,20
6351,comunitat_valenciana,201006,por_fusion,10
6352,comunitat_valenciana,201005,por_fusion,5
6353,comunitat_valenciana,201004,por_fusion,6
6354,comunitat_valenciana,201003,por_fusion,11
6355,comunitat_valenciana,201002,por_fusion,17
6356,comunitat_valenciana,201001,por_fusion,20
6357,comunitat_valenciana,200912,por_fusion,27
6358,comunitat_valenciana,200911,por_fusion,16
6359,comunitat_valenciana,200910,por_fusion,33
6360,comunitat_valenciana,200909,por_fusion,20
6361,comunitat_valenciana,200908,por_fusion,8
6362,comunitat_valenciana,200907,por_fusion,16
6363,comunitat_valenciana,200906,por_fusion,9
6364,comunitat_valenciana,200905,por_fusion,9
6365,comunitat_valenciana,200904,por_fusion,9
6366,comunitat_valenciana,200903,por_fusion,12
6367,comunitat_valenciana,200902,por_fusion,25
6368,comunitat_valenciana,200901,por_fusion,28
6369,comunitat_valenciana,200812,por_fusion,26
6370,comunitat_valenciana,200811,por_fusion,16
6371,comunitat_valenciana,200810,por_fusion,22
6372,comunitat_valenciana,200809,por_fusion,24
6373,comunitat_valenciana,200808,por_fusion,8
6374,comunitat_valenciana,200807,por_fusion,29
6375,comunitat_valenciana,200806,por_fusion,9
6376,comunitat_valenciana,200805,por_fusion,22
6377,comunitat_valenciana,200804,por_fusion,10
6378,comunitat_valenciana,200803,por_fusion,21
6379,comunitat_valenciana,200802,por_fusion,26
6380,comunitat_valenciana,200801,por_fusion,28
6381,extremadura,202604,por_fusion,0
6382,extremadura,202603,por_fusion,0
6383,extremadura,202602,por_fusion,0
6384,extremadura,202601,por_fusion,0
6385,extremadura,202512,por_fusion,5
6386,extremadura,202511,por_fusion,1
6387,extremadura,202510,por_fusion,1
6388,extremadura,202509,por_fusion,3
6389,extremadura,202508,por_fusion,0
6390,extremadura,202507,por_fusion,1
6391,extremadura,202506,por_fusion,2
6392,extremadura,202505,por_fusion,0
6393,extremadura,202504,por_fusion,5
6394,extremadura,202503,por_fusion,0
6395,extremadura,202502,por_fusion,3
6396,extremadura,202501,por_fusion,0
6397,extremadura,202412,por_fusion,0
6398,extremadura,202411,por_fusion,1
6399,extremadura,202410,por_fusion,4
6400,extremadura,202409,por_fusion,1
6401,extremadura,202408,por_fusion,0
6402,extremadura,202407,por_fusion,2
6403,extremadura,202406,por_fusion,2
6404,extremadura,202405,por_fusion,0
6405,extremadura,202404,por_fusion,0
6406,extremadura,202403,por_fusion,0
6407,extremadura,202402,por_fusion,1
6408,extremadura,202401,por_fusion,6
6409,extremadura,202312,por_fusion,3
6410,extremadura,202311,por_fusion,3
6411,extremadura,202310,por_fusion,2
6412,extremadura,202309,por_fusion,0
6413,extremadura,202308,por_fusion,0
6414,extremadura,202307,por_fusion,1
6415,extremadura,202306,por_fusion,1
6416,extremadura,202305,por_fusion,0
6417,extremadura,202304,por_fusion,0
6418,extremadura,202303,por_fusion,1
6419,extremadura,202302,por_fusion,1
6420,extremadura,202301,por_fusion,1
6421,extremadura,202212,por_fusion,3
6422,extremadura,202211,por_fusion,0
6423,extremadura,202210,por_fusion,1
6424,extremadura,202209,por_fusion,0
6425,extremadura,202208,por_fusion,0
6426,extremadura,202207,por_fusion,1
6427,extremadura,202206,por_fusion,0
6428,extremadura,202205,por_fusion,0
6429,extremadura,202204,por_fusion,3
6430,extremadura,202203,por_fusion,1
6431,extremadura,202202,por_fusion,1
6432,extremadura,202201,por_fusion,3
6433,extremadura,202112,por_fusion,2
6434,extremadura,202111,por_fusion,0
6435,extremadura,202110,por_fusion,0
6436,extremadura,202109,por_fusion,1
6437,extremadura,202108,por_fusion,6
6438,extremadura,202107,por_fusion,2
6439,extremadura,202106,por_fusion,0
6440,extremadura,202105,por_fusion,0
6441,extremadura,202104,por_fusion,0
6442,extremadura,202103,por_fusion,2
6443,extremadura,202102,por_fusion,5
6444,extremadura,202101,por_fusion,2
6445,extremadura,202012,por_fusion,0
6446,extremadura,202011,por_fusion,1
6447,extremadura,202010,por_fusion,0
6448,extremadura,202009,por_fusion,3
6449,extremadura,202008,por_fusion,1
6450,extremadura,202007,por_fusion,0
6451,extremadura,202006,por_fusion,3
6452,extremadura,202005,por_fusion,0
6453,extremadura,202004,por_fusion,0
6454,extremadura,202003,por_fusion,0
6455,extremadura,202002,por_fusion,0
6456,extremadura,202001,por_fusion,1
6457,extremadura,201912,por_fusion,8
6458,extremadura,201911,por_fusion,0
6459,extremadura,201910,por_fusion,2
6460,extremadura,201909,por_fusion,0
6461,extremadura,201908,por_fusion,0
6462,extremadura,201907,por_fusion,4
6463,extremadura,201906,por_fusion,2
6464,extremadura,201905,por_fusion,0
6465,extremadura,201904,por_fusion,0
6466,extremadura,201903,por_fusion,0
6467,extremadura,201902,por_fusion,0
6468,extremadura,201901,por_fusion,4
6469,extremadura,201812,por_fusion,0
6470,extremadura,201811,por_fusion,1
6471,extremadura,201810,por_fusion,2
6472,extremadura,201809,por_fusion,1
6473,extremadura,201808,por_fusion,1
6474,extremadura,201807,por_fusion,0
6475,extremadura,201806,por_fusion,0
6476,extremadura,201805,por_fusion,1
6477,extremadura,201804,por_fusion,0
6478,extremadura,201803,por_fusion,0
6479,extremadura,201802,por_fusion,1
6480,extremadura,201801,por_fusion,0
6481,extremadura,201712,por_fusion,0
6482,extremadura,201711,por_fusion,0
6483,extremadura,201710,por_fusion,1
6484,extremadura,201709,por_fusion,1
6485,extremadura,201708,por_fusion,1
6486,extremadura,201707,por_fusion,1
6487,extremadura,201706,por_fusion,2
6488,extremadura,201705,por_fusion,1
6489,extremadura,201704,por_fusion,0
6490,extremadura,201703,por_fusion,3
6491,extremadura,201702,por_fusion,3
6492,extremadura,201701,por_fusion,6
6493,extremadura,201612,por_fusion,0
6494,extremadura,201611,por_fusion,1
6495,extremadura,201610,por_fusion,1
6496,extremadura,201609,por_fusion,3
6497,extremadura,201608,por_fusion,1
6498,extremadura,201607,por_fusion,0
6499,extremadura,201606,por_fusion,4
6500,extremadura,201605,por_fusion,0
6501,extremadura,201604,por_fusion,0
6502,extremadura,201603,por_fusion,5
6503,extremadura,201602,por_fusion,1
6504,extremadura,201601,por_fusion,5
6505,extremadura,201512,por_fusion,2
6506,extremadura,201511,por_fusion,1
6507,extremadura,201510,por_fusion,3
6508,extremadura,201509,por_fusion,0
6509,extremadura,201508,por_fusion,0
6510,extremadura,201507,por_fusion,1
6511,extremadura,201506,por_fusion,0
6512,extremadura,201505,por_fusion,0
6513,extremadura,201504,por_fusion,0
6514,extremadura,201503,por_fusion,1
6515,extremadura,201502,por_fusion,2
6516,extremadura,201501,por_fusion,2
6517,extremadura,201412,por_fusion,22
6518,extremadura,201411,por_fusion,2
6519,extremadura,201410,por_fusion,1
6520,extremadura,201409,por_fusion,1
6521,extremadura,201408,por_fusion,0
6522,extremadura,201407,por_fusion,3
6523,extremadura,201406,por_fusion,1
6524,extremadura,201405,por_fusion,4
6525,extremadura,201404,por_fusion,0
6526,extremadura,201403,por_fusion,1
6527,extremadura,201402,por_fusion,1
6528,extremadura,201401,por_fusion,1
6529,extremadura,201312,por_fusion,1
6530,extremadura,201311,por_fusion,5
6531,extremadura,201310,por_fusion,3
6532,extremadura,201309,por_fusion,1
6533,extremadura,201308,por_fusion,1
6534,extremadura,201307,por_fusion,0
6535,extremadura,201306,por_fusion,3
6536,extremadura,201305,por_fusion,1
6537,extremadura,201304,por_fusion,3
6538,extremadura,201303,por_fusion,0
6539,extremadura,201302,por_fusion,1
6540,extremadura,201301,por_fusion,22
6541,extremadura,201212,por_fusion,7
6542,extremadura,201211,por_fusion,0
6543,extremadura,201210,por_fusion,2
6544,extremadura,201209,por_fusion,0
6545,extremadura,201208,por_fusion,4
6546,extremadura,201207,por_fusion,4
6547,extremadura,201206,por_fusion,1
6548,extremadura,201205,por_fusion,1
6549,extremadura,201204,por_fusion,4
6550,extremadura,201203,por_fusion,6
6551,extremadura,201202,por_fusion,1
6552,extremadura,201201,por_fusion,2
6553,extremadura,201112,por_fusion,3
6554,extremadura,201111,por_fusion,1
6555,extremadura,201110,por_fusion,2
6556,extremadura,201109,por_fusion,0
6557,extremadura,201108,por_fusion,1
6558,extremadura,201107,por_fusion,2
6559,extremadura,201106,por_fusion,0
6560,extremadura,201105,por_fusion,2
6561,extremadura,201104,por_fusion,1
6562,extremadura,201103,por_fusion,2
6563,extremadura,201102,por_fusion,0
6564,extremadura,201101,por_fusion,2
6565,extremadura,201012,por_fusion,5
6566,extremadura,201011,por_fusion,0
6567,extremadura,201010,por_fusion,2
6568,extremadura,201009,por_fusion,1
6569,extremadura,201008,por_fusion,4
6570,extremadura,201007,por_fusion,8
6571,extremadura,201006,por_fusion,0
6572,extremadura,201005,por_fusion,0
6573,extremadura,201004,por_fusion,1
6574,extremadura,201003,por_fusion,1
6575,extremadura,201002,por_fusion,2
6576,extremadura,201001,por_fusion,0
6577,extremadura,200912,por_fusion,3
6578,extremadura,200911,por_fusion,0
6579,extremadura,200910,por_fusion,0
6580,extremadura,200909,por_fusion,1
6581,extremadura,200908,por_fusion,0
6582,extremadura,200907,por_fusion,1
6583,extremadura,200906,por_fusion,0
6584,extremadura,200905,por_fusion,0
6585,extremadura,200904,por_fusion,1
6586,extremadura,200903,por_fusion,1
6587,extremadura,200902,por_fusion,0
6588,extremadura,200901,por_fusion,0
6589,extremadura,200812,por_fusion,2
6590,extremadura,200811,por_fusion,0
6591,extremadura,200810,por_fusion,0
6592,extremadura,200809,por_fusion,1
6593,extremadura,200808,por_fusion,0
6594,extremadura,200807,por_fusion,0
6595,extremadura,200806,por_fusion,0
6596,extremadura,200805,por_fusion,0
6597,extremadura,200804,por_fusion,2
6598,extremadura,200803,por_fusion,0
6599,extremadura,200802,por_fusion,1
6600,extremadura,200801,por_fusion,2
6601,galicia,202604,por_fusion,9
6602,galicia,202603,por_fusion,9
6603,galicia,202602,por_fusion,4
6604,galicia,202601,por_fusion,14
6605,galicia,202512,por_fusion,9
6606,galicia,202511,por_fusion,7
6607,galicia,202510,por_fusion,7
6608,galicia,202509,por_fusion,3
6609,galicia,202508,por_fusion,8
6610,galicia,202507,por_fusion,8
6611,galicia,202506,por_fusion,7
6612,galicia,202505,por_fusion,1
6613,galicia,202504,por_fusion,5
6614,galicia,202503,por_fusion,5
6615,galicia,202502,por_fusion,11
6616,galicia,202501,por_fusion,12
6617,galicia,202412,por_fusion,18
6618,galicia,202411,por_fusion,7
6619,galicia,202410,por_fusion,10
6620,galicia,202409,por_fusion,2
6621,galicia,202408,por_fusion,11
6622,galicia,202407,por_fusion,12
6623,galicia,202406,por_fusion,8
6624,galicia,202405,por_fusion,5
6625,galicia,202404,por_fusion,5
6626,galicia,202403,por_fusion,3
6627,galicia,202402,por_fusion,7
6628,galicia,202401,por_fusion,22
6629,galicia,202312,por_fusion,14
6630,galicia,202311,por_fusion,8
6631,galicia,202310,por_fusion,4
6632,galicia,202309,por_fusion,2
6633,galicia,202308,por_fusion,7
6634,galicia,202307,por_fusion,3
6635,galicia,202306,por_fusion,2
6636,galicia,202305,por_fusion,4
6637,galicia,202304,por_fusion,4
6638,galicia,202303,por_fusion,4
6639,galicia,202302,por_fusion,6
6640,galicia,202301,por_fusion,14
6641,galicia,202212,por_fusion,13
6642,galicia,202211,por_fusion,10
6643,galicia,202210,por_fusion,8
6644,galicia,202209,por_fusion,9
6645,galicia,202208,por_fusion,6
6646,galicia,202207,por_fusion,4
6647,galicia,202206,por_fusion,1
6648,galicia,202205,por_fusion,3
6649,galicia,202204,por_fusion,1
6650,galicia,202203,por_fusion,6
6651,galicia,202202,por_fusion,6
6652,galicia,202201,por_fusion,19
6653,galicia,202112,por_fusion,11
6654,galicia,202111,por_fusion,5
6655,galicia,202110,por_fusion,8
6656,galicia,202109,por_fusion,7
6657,galicia,202108,por_fusion,13
6658,galicia,202107,por_fusion,6
6659,galicia,202106,por_fusion,5
6660,galicia,202105,por_fusion,3
6661,galicia,202104,por_fusion,3
6662,galicia,202103,por_fusion,9
6663,galicia,202102,por_fusion,17
6664,galicia,202101,por_fusion,9
6665,galicia,202012,por_fusion,18
6666,galicia,202011,por_fusion,6
6667,galicia,202010,por_fusion,8
6668,galicia,202009,por_fusion,25
6669,galicia,202008,por_fusion,4
6670,galicia,202007,por_fusion,2
6671,galicia,202006,por_fusion,1
6672,galicia,202005,por_fusion,1
6673,galicia,202004,por_fusion,1
6674,galicia,202003,por_fusion,4
6675,galicia,202002,por_fusion,7
6676,galicia,202001,por_fusion,12
6677,galicia,201912,por_fusion,7
6678,galicia,201911,por_fusion,11
6679,galicia,201910,por_fusion,8
6680,galicia,201909,por_fusion,3
6681,galicia,201908,por_fusion,2
6682,galicia,201907,por_fusion,1
6683,galicia,201906,por_fusion,4
6684,galicia,201905,por_fusion,5
6685,galicia,201904,por_fusion,63
6686,galicia,201903,por_fusion,4
6687,galicia,201902,por_fusion,3
6688,galicia,201901,por_fusion,21
6689,galicia,201812,por_fusion,13
6690,galicia,201811,por_fusion,6
6691,galicia,201810,por_fusion,13
6692,galicia,201809,por_fusion,5
6693,galicia,201808,por_fusion,3
6694,galicia,201807,por_fusion,5
6695,galicia,201806,por_fusion,1
6696,galicia,201805,por_fusion,8
6697,galicia,201804,por_fusion,4
6698,galicia,201803,por_fusion,3
6699,galicia,201802,por_fusion,8
6700,galicia,201801,por_fusion,13
6701,galicia,201712,por_fusion,17
6702,galicia,201711,por_fusion,9
6703,galicia,201710,por_fusion,6
6704,galicia,201709,por_fusion,10
6705,galicia,201708,por_fusion,8
6706,galicia,201707,por_fusion,2
6707,galicia,201706,por_fusion,5
6708,galicia,201705,por_fusion,3
6709,galicia,201704,por_fusion,4
6710,galicia,201703,por_fusion,5
6711,galicia,201702,por_fusion,4
6712,galicia,201701,por_fusion,16
6713,galicia,201612,por_fusion,10
6714,galicia,201611,por_fusion,7
6715,galicia,201610,por_fusion,11
6716,galicia,201609,por_fusion,4
6717,galicia,201608,por_fusion,5
6718,galicia,201607,por_fusion,5
6719,galicia,201606,por_fusion,4
6720,galicia,201605,por_fusion,4
6721,galicia,201604,por_fusion,3
6722,galicia,201603,por_fusion,11
6723,galicia,201602,por_fusion,5
6724,galicia,201601,por_fusion,18
6725,galicia,201512,por_fusion,12
6726,galicia,201511,por_fusion,23
6727,galicia,201510,por_fusion,8
6728,galicia,201509,por_fusion,8
6729,galicia,201508,por_fusion,3
6730,galicia,201507,por_fusion,11
6731,galicia,201506,por_fusion,3
6732,galicia,201505,por_fusion,4
6733,galicia,201504,por_fusion,3
6734,galicia,201503,por_fusion,6
6735,galicia,201502,por_fusion,7
6736,galicia,201501,por_fusion,16
6737,galicia,201412,por_fusion,11
6738,galicia,201411,por_fusion,5
6739,galicia,201410,por_fusion,8
6740,galicia,201409,por_fusion,9
6741,galicia,201408,por_fusion,7
6742,galicia,201407,por_fusion,7
6743,galicia,201406,por_fusion,0
6744,galicia,201405,por_fusion,5
6745,galicia,201404,por_fusion,2
6746,galicia,201403,por_fusion,5
6747,galicia,201402,por_fusion,6
6748,galicia,201401,por_fusion,21
6749,galicia,201312,por_fusion,8
6750,galicia,201311,por_fusion,10
6751,galicia,201310,por_fusion,20
6752,galicia,201309,por_fusion,16
6753,galicia,201308,por_fusion,5
6754,galicia,201307,por_fusion,11
6755,galicia,201306,por_fusion,7
6756,galicia,201305,por_fusion,1
6757,galicia,201304,por_fusion,2
6758,galicia,201303,por_fusion,4
6759,galicia,201302,por_fusion,6
6760,galicia,201301,por_fusion,16
6761,galicia,201212,por_fusion,6
6762,galicia,201211,por_fusion,25
6763,galicia,201210,por_fusion,6
6764,galicia,201209,por_fusion,4
6765,galicia,201208,por_fusion,2
6766,galicia,201207,por_fusion,5
6767,galicia,201206,por_fusion,11
6768,galicia,201205,por_fusion,1
6769,galicia,201204,por_fusion,7
6770,galicia,201203,por_fusion,9
6771,galicia,201202,por_fusion,15
6772,galicia,201201,por_fusion,19
6773,galicia,201112,por_fusion,10
6774,galicia,201111,por_fusion,4
6775,galicia,201110,por_fusion,31
6776,galicia,201109,por_fusion,13
6777,galicia,201108,por_fusion,8
6778,galicia,201107,por_fusion,10
6779,galicia,201106,por_fusion,7
6780,galicia,201105,por_fusion,3
6781,galicia,201104,por_fusion,1
6782,galicia,201103,por_fusion,1
6783,galicia,201102,por_fusion,7
6784,galicia,201101,por_fusion,16
6785,galicia,201012,por_fusion,14
6786,galicia,201011,por_fusion,6
6787,galicia,201010,por_fusion,12
6788,galicia,201009,por_fusion,5
6789,galicia,201008,por_fusion,4
6790,galicia,201007,por_fusion,11
6791,galicia,201006,por_fusion,5
6792,galicia,201005,por_fusion,16
6793,galicia,201004,por_fusion,4
6794,galicia,201003,por_fusion,11
6795,galicia,201002,por_fusion,10
6796,galicia,201001,por_fusion,16
6797,galicia,200912,por_fusion,32
6798,galicia,200911,por_fusion,7
6799,galicia,200910,por_fusion,11
6800,galicia,200909,por_fusion,11
6801,galicia,200908,por_fusion,10
6802,galicia,200907,por_fusion,13
6803,galicia,200906,por_fusion,1
6804,galicia,200905,por_fusion,4
6805,galicia,200904,por_fusion,4
6806,galicia,200903,por_fusion,2
6807,galicia,200902,por_fusion,7
6808,galicia,200901,por_fusion,14
6809,galicia,200812,por_fusion,22
6810,galicia,200811,por_fusion,19
6811,galicia,200810,por_fusion,12
6812,galicia,200809,por_fusion,5
6813,galicia,200808,por_fusion,8
6814,galicia,200807,por_fusion,6
6815,galicia,200806,por_fusion,9
6816,galicia,200805,por_fusion,3
6817,galicia,200804,por_fusion,3
6818,galicia,200803,por_fusion,9
6819,galicia,200802,por_fusion,2
6820,galicia,200801,por_fusion,10
6821,comunidad_de_madrid,202604,por_fusion,204
6822,comunidad_de_madrid,202603,por_fusion,33
6823,comunidad_de_madrid,202602,por_fusion,53
6824,comunidad_de_madrid,202601,por_fusion,117
6825,comunidad_de_madrid,202512,por_fusion,174
6826,comunidad_de_madrid,202511,por_fusion,85
6827,comunidad_de_madrid,202510,por_fusion,82
6828,comunidad_de_madrid,202509,por_fusion,88
6829,comunidad_de_madrid,202508,por_fusion,72
6830,comunidad_de_madrid,202507,por_fusion,72
6831,comunidad_de_madrid,202506,por_fusion,57
6832,comunidad_de_madrid,202505,por_fusion,50
6833,comunidad_de_madrid,202504,por_fusion,23
6834,comunidad_de_madrid,202503,por_fusion,66
6835,comunidad_de_madrid,202502,por_fusion,59
6836,comunidad_de_madrid,202501,por_fusion,135
6837,comunidad_de_madrid,202412,por_fusion,94
6838,comunidad_de_madrid,202411,por_fusion,83
6839,comunidad_de_madrid,202410,por_fusion,193
6840,comunidad_de_madrid,202409,por_fusion,48
6841,comunidad_de_madrid,202408,por_fusion,56
6842,comunidad_de_madrid,202407,por_fusion,75
6843,comunidad_de_madrid,202406,por_fusion,73
6844,comunidad_de_madrid,202405,por_fusion,19
6845,comunidad_de_madrid,202404,por_fusion,42
6846,comunidad_de_madrid,202403,por_fusion,35
6847,comunidad_de_madrid,202402,por_fusion,62
6848,comunidad_de_madrid,202401,por_fusion,133
6849,comunidad_de_madrid,202312,por_fusion,74
6850,comunidad_de_madrid,202311,por_fusion,78
6851,comunidad_de_madrid,202310,por_fusion,169
6852,comunidad_de_madrid,202309,por_fusion,58
6853,comunidad_de_madrid,202308,por_fusion,84
6854,comunidad_de_madrid,202307,por_fusion,53
6855,comunidad_de_madrid,202306,por_fusion,48
6856,comunidad_de_madrid,202305,por_fusion,28
6857,comunidad_de_madrid,202304,por_fusion,46
6858,comunidad_de_madrid,202303,por_fusion,112
6859,comunidad_de_madrid,202302,por_fusion,92
6860,comunidad_de_madrid,202301,por_fusion,257
6861,comunidad_de_madrid,202212,por_fusion,107
6862,comunidad_de_madrid,202211,por_fusion,178
6863,comunidad_de_madrid,202210,por_fusion,122
6864,comunidad_de_madrid,202209,por_fusion,49
6865,comunidad_de_madrid,202208,por_fusion,107
6866,comunidad_de_madrid,202207,por_fusion,98
6867,comunidad_de_madrid,202206,por_fusion,59
6868,comunidad_de_madrid,202205,por_fusion,70
6869,comunidad_de_madrid,202204,por_fusion,160
6870,comunidad_de_madrid,202203,por_fusion,446
6871,comunidad_de_madrid,202202,por_fusion,76
6872,comunidad_de_madrid,202201,por_fusion,123
6873,comunidad_de_madrid,202112,por_fusion,127
6874,comunidad_de_madrid,202111,por_fusion,166
6875,comunidad_de_madrid,202110,por_fusion,230
6876,comunidad_de_madrid,202109,por_fusion,67
6877,comunidad_de_madrid,202108,por_fusion,38
6878,comunidad_de_madrid,202107,por_fusion,99
6879,comunidad_de_madrid,202106,por_fusion,34
6880,comunidad_de_madrid,202105,por_fusion,27
6881,comunidad_de_madrid,202104,por_fusion,216
6882,comunidad_de_madrid,202103,por_fusion,52
6883,comunidad_de_madrid,202102,por_fusion,109
6884,comunidad_de_madrid,202101,por_fusion,205
6885,comunidad_de_madrid,202012,por_fusion,217
6886,comunidad_de_madrid,202011,por_fusion,275
6887,comunidad_de_madrid,202010,por_fusion,91
6888,comunidad_de_madrid,202009,por_fusion,266
6889,comunidad_de_madrid,202008,por_fusion,57
6890,comunidad_de_madrid,202007,por_fusion,90
6891,comunidad_de_madrid,202006,por_fusion,65
6892,comunidad_de_madrid,202005,por_fusion,38
6893,comunidad_de_madrid,202004,por_fusion,19
6894,comunidad_de_madrid,202003,por_fusion,56
6895,comunidad_de_madrid,202002,por_fusion,205
6896,comunidad_de_madrid,202001,por_fusion,233
6897,comunidad_de_madrid,201912,por_fusion,132
6898,comunidad_de_madrid,201911,por_fusion,70
6899,comunidad_de_madrid,201910,por_fusion,121
6900,comunidad_de_madrid,201909,por_fusion,152
6901,comunidad_de_madrid,201908,por_fusion,35
6902,comunidad_de_madrid,201907,por_fusion,88
6903,comunidad_de_madrid,201906,por_fusion,28
6904,comunidad_de_madrid,201905,por_fusion,139
6905,comunidad_de_madrid,201904,por_fusion,36
6906,comunidad_de_madrid,201903,por_fusion,129
6907,comunidad_de_madrid,201902,por_fusion,47
6908,comunidad_de_madrid,201901,por_fusion,214
6909,comunidad_de_madrid,201812,por_fusion,70
6910,comunidad_de_madrid,201811,por_fusion,110
6911,comunidad_de_madrid,201810,por_fusion,104
6912,comunidad_de_madrid,201809,por_fusion,64
6913,comunidad_de_madrid,201808,por_fusion,103
6914,comunidad_de_madrid,201807,por_fusion,199
6915,comunidad_de_madrid,201806,por_fusion,37
6916,comunidad_de_madrid,201805,por_fusion,116
6917,comunidad_de_madrid,201804,por_fusion,36
6918,comunidad_de_madrid,201803,por_fusion,48
6919,comunidad_de_madrid,201802,por_fusion,72
6920,comunidad_de_madrid,201801,por_fusion,204
6921,comunidad_de_madrid,201712,por_fusion,133
6922,comunidad_de_madrid,201711,por_fusion,72
6923,comunidad_de_madrid,201710,por_fusion,84
6924,comunidad_de_madrid,201709,por_fusion,93
6925,comunidad_de_madrid,201708,por_fusion,37
6926,comunidad_de_madrid,201707,por_fusion,103
6927,comunidad_de_madrid,201706,por_fusion,30
6928,comunidad_de_madrid,201705,por_fusion,28
6929,comunidad_de_madrid,201704,por_fusion,19
6930,comunidad_de_madrid,201703,por_fusion,66
6931,comunidad_de_madrid,201702,por_fusion,75
6932,comunidad_de_madrid,201701,por_fusion,152
6933,comunidad_de_madrid,201612,por_fusion,145
6934,comunidad_de_madrid,201611,por_fusion,50
6935,comunidad_de_madrid,201610,por_fusion,100
6936,comunidad_de_madrid,201609,por_fusion,52
6937,comunidad_de_madrid,201608,por_fusion,110
6938,comunidad_de_madrid,201607,por_fusion,39
6939,comunidad_de_madrid,201606,por_fusion,83
6940,comunidad_de_madrid,201605,por_fusion,34
6941,comunidad_de_madrid,201604,por_fusion,46
6942,comunidad_de_madrid,201603,por_fusion,69
6943,comunidad_de_madrid,201602,por_fusion,59
6944,comunidad_de_madrid,201601,por_fusion,228
6945,comunidad_de_madrid,201512,por_fusion,128
6946,comunidad_de_madrid,201511,por_fusion,101
6947,comunidad_de_madrid,201510,por_fusion,76
6948,comunidad_de_madrid,201509,por_fusion,43
6949,comunidad_de_madrid,201508,por_fusion,35
6950,comunidad_de_madrid,201507,por_fusion,34
6951,comunidad_de_madrid,201506,por_fusion,43
6952,comunidad_de_madrid,201505,por_fusion,19
6953,comunidad_de_madrid,201504,por_fusion,43
6954,comunidad_de_madrid,201503,por_fusion,46
6955,comunidad_de_madrid,201502,por_fusion,36
6956,comunidad_de_madrid,201501,por_fusion,64
6957,comunidad_de_madrid,201412,por_fusion,49
6958,comunidad_de_madrid,201411,por_fusion,26
6959,comunidad_de_madrid,201410,por_fusion,83
6960,comunidad_de_madrid,201409,por_fusion,48
6961,comunidad_de_madrid,201408,por_fusion,52
6962,comunidad_de_madrid,201407,por_fusion,32
6963,comunidad_de_madrid,201406,por_fusion,26
6964,comunidad_de_madrid,201405,por_fusion,17
6965,comunidad_de_madrid,201404,por_fusion,21
6966,comunidad_de_madrid,201403,por_fusion,40
6967,comunidad_de_madrid,201402,por_fusion,50
6968,comunidad_de_madrid,201401,por_fusion,96
6969,comunidad_de_madrid,201312,por_fusion,70
6970,comunidad_de_madrid,201311,por_fusion,47
6971,comunidad_de_madrid,201310,por_fusion,130
6972,comunidad_de_madrid,201309,por_fusion,39
6973,comunidad_de_madrid,201308,por_fusion,21
6974,comunidad_de_madrid,201307,por_fusion,43
6975,comunidad_de_madrid,201306,por_fusion,38
6976,comunidad_de_madrid,201305,por_fusion,18
6977,comunidad_de_madrid,201304,por_fusion,28
6978,comunidad_de_madrid,201303,por_fusion,13
6979,comunidad_de_madrid,201302,por_fusion,65
6980,comunidad_de_madrid,201301,por_fusion,83
6981,comunidad_de_madrid,201212,por_fusion,59
6982,comunidad_de_madrid,201211,por_fusion,60
6983,comunidad_de_madrid,201210,por_fusion,68
6984,comunidad_de_madrid,201209,por_fusion,28
6985,comunidad_de_madrid,201208,por_fusion,21
6986,comunidad_de_madrid,201207,por_fusion,71
6987,comunidad_de_madrid,201206,por_fusion,42
6988,comunidad_de_madrid,201205,por_fusion,33
6989,comunidad_de_madrid,201204,por_fusion,19
6990,comunidad_de_madrid,201203,por_fusion,59
6991,comunidad_de_madrid,201202,por_fusion,36
6992,comunidad_de_madrid,201201,por_fusion,125
6993,comunidad_de_madrid,201112,por_fusion,99
6994,comunidad_de_madrid,201111,por_fusion,46
6995,comunidad_de_madrid,201110,por_fusion,82
6996,comunidad_de_madrid,201109,por_fusion,73
6997,comunidad_de_madrid,201108,por_fusion,31
6998,comunidad_de_madrid,201107,por_fusion,45
6999,comunidad_de_madrid,201106,por_fusion,42
7000,comunidad_de_madrid,201105,por_fusion,37
7001,comunidad_de_madrid,201104,por_fusion,19
7002,comunidad_de_madrid,201103,por_fusion,31
7003,comunidad_de_madrid,201102,por_fusion,57
7004,comunidad_de_madrid,201101,por_fusion,131
7005,comunidad_de_madrid,201012,por_fusion,100
7006,comunidad_de_madrid,201011,por_fusion,70
7007,comunidad_de_madrid,201010,por_fusion,70
7008,comunidad_de_madrid,201009,por_fusion,51
7009,comunidad_de_madrid,201008,por_fusion,45
7010,comunidad_de_madrid,201007,por_fusion,43
7011,comunidad_de_madrid,201006,por_fusion,31
7012,comunidad_de_madrid,201005,por_fusion,38
7013,comunidad_de_madrid,201004,por_fusion,33
7014,comunidad_de_madrid,201003,por_fusion,35
7015,comunidad_de_madrid,201002,por_fusion,49
7016,comunidad_de_madrid,201001,por_fusion,64
7017,comunidad_de_madrid,200912,por_fusion,109
7018,comunidad_de_madrid,200911,por_fusion,109
7019,comunidad_de_madrid,200910,por_fusion,88
7020,comunidad_de_madrid,200909,por_fusion,63
7021,comunidad_de_madrid,200908,por_fusion,59
7022,comunidad_de_madrid,200907,por_fusion,55
7023,comunidad_de_madrid,200906,por_fusion,31
7024,comunidad_de_madrid,200905,por_fusion,21
7025,comunidad_de_madrid,200904,por_fusion,9
7026,comunidad_de_madrid,200903,por_fusion,40
7027,comunidad_de_madrid,200902,por_fusion,43
7028,comunidad_de_madrid,200901,por_fusion,78
7029,comunidad_de_madrid,200812,por_fusion,71
7030,comunidad_de_madrid,200811,por_fusion,71
7031,comunidad_de_madrid,200810,por_fusion,80
7032,comunidad_de_madrid,200809,por_fusion,152
7033,comunidad_de_madrid,200808,por_fusion,39
7034,comunidad_de_madrid,200807,por_fusion,115
7035,comunidad_de_madrid,200806,por_fusion,18
7036,comunidad_de_madrid,200805,por_fusion,40
7037,comunidad_de_madrid,200804,por_fusion,30
7038,comunidad_de_madrid,200803,por_fusion,26
7039,comunidad_de_madrid,200802,por_fusion,35
7040,comunidad_de_madrid,200801,por_fusion,61
7041,region_de_murcia,202604,por_fusion,1
7042,region_de_murcia,202603,por_fusion,11
7043,region_de_murcia,202602,por_fusion,4
7044,region_de_murcia,202601,por_fusion,12
7045,region_de_murcia,202512,por_fusion,11
7046,region_de_murcia,202511,por_fusion,5
7047,region_de_murcia,202510,por_fusion,3
7048,region_de_murcia,202509,por_fusion,9
7049,region_de_murcia,202508,por_fusion,7
7050,region_de_murcia,202507,por_fusion,11
7051,region_de_murcia,202506,por_fusion,1
7052,region_de_murcia,202505,por_fusion,2
7053,region_de_murcia,202504,por_fusion,1
7054,region_de_murcia,202503,por_fusion,11
7055,region_de_murcia,202502,por_fusion,13
7056,region_de_murcia,202501,por_fusion,5
7057,region_de_murcia,202412,por_fusion,2
7058,region_de_murcia,202411,por_fusion,3
7059,region_de_murcia,202410,por_fusion,5
7060,region_de_murcia,202409,por_fusion,0
7061,region_de_murcia,202408,por_fusion,1
7062,region_de_murcia,202407,por_fusion,9
7063,region_de_murcia,202406,por_fusion,1
7064,region_de_murcia,202405,por_fusion,0
7065,region_de_murcia,202404,por_fusion,4
7066,region_de_murcia,202403,por_fusion,5
7067,region_de_murcia,202402,por_fusion,2
7068,region_de_murcia,202401,por_fusion,14
7069,region_de_murcia,202312,por_fusion,2
7070,region_de_murcia,202311,por_fusion,2
7071,region_de_murcia,202310,por_fusion,6
7072,region_de_murcia,202309,por_fusion,5
7073,region_de_murcia,202308,por_fusion,1
7074,region_de_murcia,202307,por_fusion,4
7075,region_de_murcia,202306,por_fusion,3
7076,region_de_murcia,202305,por_fusion,2
7077,region_de_murcia,202304,por_fusion,2
7078,region_de_murcia,202303,por_fusion,5
7079,region_de_murcia,202302,por_fusion,6
7080,region_de_murcia,202301,por_fusion,1
7081,region_de_murcia,202212,por_fusion,2
7082,region_de_murcia,202211,por_fusion,5
7083,region_de_murcia,202210,por_fusion,7
7084,region_de_murcia,202209,por_fusion,5
7085,region_de_murcia,202208,por_fusion,2
7086,region_de_murcia,202207,por_fusion,5
7087,region_de_murcia,202206,por_fusion,2
7088,region_de_murcia,202205,por_fusion,1
7089,region_de_murcia,202204,por_fusion,5
7090,region_de_murcia,202203,por_fusion,8
7091,region_de_murcia,202202,por_fusion,1
7092,region_de_murcia,202201,por_fusion,2
7093,region_de_murcia,202112,por_fusion,2
7094,region_de_murcia,202111,por_fusion,5
7095,region_de_murcia,202110,por_fusion,5
7096,region_de_murcia,202109,por_fusion,0
7097,region_de_murcia,202108,por_fusion,0
7098,region_de_murcia,202107,por_fusion,1
7099,region_de_murcia,202106,por_fusion,1
7100,region_de_murcia,202105,por_fusion,0
7101,region_de_murcia,202104,por_fusion,0
7102,region_de_murcia,202103,por_fusion,4
7103,region_de_murcia,202102,por_fusion,6
7104,region_de_murcia,202101,por_fusion,8
7105,region_de_murcia,202012,por_fusion,8
7106,region_de_murcia,202011,por_fusion,4
7107,region_de_murcia,202010,por_fusion,0
7108,region_de_murcia,202009,por_fusion,5
7109,region_de_murcia,202008,por_fusion,5
7110,region_de_murcia,202007,por_fusion,2
7111,region_de_murcia,202006,por_fusion,3
7112,region_de_murcia,202005,por_fusion,2
7113,region_de_murcia,202004,por_fusion,2
7114,region_de_murcia,202003,por_fusion,0
7115,region_de_murcia,202002,por_fusion,3
7116,region_de_murcia,202001,por_fusion,12
7117,region_de_murcia,201912,por_fusion,3
7118,region_de_murcia,201911,por_fusion,0
7119,region_de_murcia,201910,por_fusion,5
7120,region_de_murcia,201909,por_fusion,2
7121,region_de_murcia,201908,por_fusion,3
7122,region_de_murcia,201907,por_fusion,1
7123,region_de_murcia,201906,por_fusion,2
7124,region_de_murcia,201905,por_fusion,2
7125,region_de_murcia,201904,por_fusion,0
7126,region_de_murcia,201903,por_fusion,0
7127,region_de_murcia,201902,por_fusion,3
7128,region_de_murcia,201901,por_fusion,9
7129,region_de_murcia,201812,por_fusion,1
7130,region_de_murcia,201811,por_fusion,4
7131,region_de_murcia,201810,por_fusion,6
7132,region_de_murcia,201809,por_fusion,4
7133,region_de_murcia,201808,por_fusion,10
7134,region_de_murcia,201807,por_fusion,1
7135,region_de_murcia,201806,por_fusion,3
7136,region_de_murcia,201805,por_fusion,4
7137,region_de_murcia,201804,por_fusion,0
7138,region_de_murcia,201803,por_fusion,3
7139,region_de_murcia,201802,por_fusion,5
7140,region_de_murcia,201801,por_fusion,10
7141,region_de_murcia,201712,por_fusion,3
7142,region_de_murcia,201711,por_fusion,4
7143,region_de_murcia,201710,por_fusion,2
7144,region_de_murcia,201709,por_fusion,1
7145,region_de_murcia,201708,por_fusion,3
7146,region_de_murcia,201707,por_fusion,4
7147,region_de_murcia,201706,por_fusion,6
7148,region_de_murcia,201705,por_fusion,0
7149,region_de_murcia,201704,por_fusion,4
7150,region_de_murcia,201703,por_fusion,0
7151,region_de_murcia,201702,por_fusion,3
7152,region_de_murcia,201701,por_fusion,5
7153,region_de_murcia,201612,por_fusion,4
7154,region_de_murcia,201611,por_fusion,2
7155,region_de_murcia,201610,por_fusion,2
7156,region_de_murcia,201609,por_fusion,2
7157,region_de_murcia,201608,por_fusion,3
7158,region_de_murcia,201607,por_fusion,4
7159,region_de_murcia,201606,por_fusion,1
7160,region_de_murcia,201605,por_fusion,6
7161,region_de_murcia,201604,por_fusion,0
7162,region_de_murcia,201603,por_fusion,1
7163,region_de_murcia,201602,por_fusion,1
7164,region_de_murcia,201601,por_fusion,8
7165,region_de_murcia,201512,por_fusion,9
7166,region_de_murcia,201511,por_fusion,4
7167,region_de_murcia,201510,por_fusion,1
7168,region_de_murcia,201509,por_fusion,2
7169,region_de_murcia,201508,por_fusion,1
7170,region_de_murcia,201507,por_fusion,3
7171,region_de_murcia,201506,por_fusion,1
7172,region_de_murcia,201505,por_fusion,0
7173,region_de_murcia,201504,por_fusion,2
7174,region_de_murcia,201503,por_fusion,2
7175,region_de_murcia,201502,por_fusion,20
7176,region_de_murcia,201501,por_fusion,4
7177,region_de_murcia,201412,por_fusion,3
7178,region_de_murcia,201411,por_fusion,5
7179,region_de_murcia,201410,por_fusion,2
7180,region_de_murcia,201409,por_fusion,4
7181,region_de_murcia,201408,por_fusion,1
7182,region_de_murcia,201407,por_fusion,0
7183,region_de_murcia,201406,por_fusion,6
7184,region_de_murcia,201405,por_fusion,3
7185,region_de_murcia,201404,por_fusion,0
7186,region_de_murcia,201403,por_fusion,2
7187,region_de_murcia,201402,por_fusion,1
7188,region_de_murcia,201401,por_fusion,3
7189,region_de_murcia,201312,por_fusion,4
7190,region_de_murcia,201311,por_fusion,3
7191,region_de_murcia,201310,por_fusion,8
7192,region_de_murcia,201309,por_fusion,0
7193,region_de_murcia,201308,por_fusion,1
7194,region_de_murcia,201307,por_fusion,1
7195,region_de_murcia,201306,por_fusion,1
7196,region_de_murcia,201305,por_fusion,0
7197,region_de_murcia,201304,por_fusion,4
7198,region_de_murcia,201303,por_fusion,1
7199,region_de_murcia,201302,por_fusion,4
7200,region_de_murcia,201301,por_fusion,3
7201,region_de_murcia,201212,por_fusion,1
7202,region_de_murcia,201211,por_fusion,5
7203,region_de_murcia,201210,por_fusion,2
7204,region_de_murcia,201209,por_fusion,0
7205,region_de_murcia,201208,por_fusion,0
7206,region_de_murcia,201207,por_fusion,2
7207,region_de_murcia,201206,por_fusion,2
7208,region_de_murcia,201205,por_fusion,2
7209,region_de_murcia,201204,por_fusion,0
7210,region_de_murcia,201203,por_fusion,1
7211,region_de_murcia,201202,por_fusion,1
7212,region_de_murcia,201201,por_fusion,3
7213,region_de_murcia,201112,por_fusion,7
7214,region_de_murcia,201111,por_fusion,0
7215,region_de_murcia,201110,por_fusion,0
7216,region_de_murcia,201109,por_fusion,1
7217,region_de_murcia,201108,por_fusion,1
7218,region_de_murcia,201107,por_fusion,6
7219,region_de_murcia,201106,por_fusion,1
7220,region_de_murcia,201105,por_fusion,3
7221,region_de_murcia,201104,por_fusion,2
7222,region_de_murcia,201103,por_fusion,4
7223,region_de_murcia,201102,por_fusion,2
7224,region_de_murcia,201101,por_fusion,2
7225,region_de_murcia,201012,por_fusion,4
7226,region_de_murcia,201011,por_fusion,5
7227,region_de_murcia,201010,por_fusion,4
7228,region_de_murcia,201009,por_fusion,4
7229,region_de_murcia,201008,por_fusion,1
7230,region_de_murcia,201007,por_fusion,1
7231,region_de_murcia,201006,por_fusion,1
7232,region_de_murcia,201005,por_fusion,3
7233,region_de_murcia,201004,por_fusion,11
7234,region_de_murcia,201003,por_fusion,0
7235,region_de_murcia,201002,por_fusion,2
7236,region_de_murcia,201001,por_fusion,7
7237,region_de_murcia,200912,por_fusion,3
7238,region_de_murcia,200911,por_fusion,11
7239,region_de_murcia,200910,por_fusion,16
7240,region_de_murcia,200909,por_fusion,3
7241,region_de_murcia,200908,por_fusion,1
7242,region_de_murcia,200907,por_fusion,1
7243,region_de_murcia,200906,por_fusion,2
7244,region_de_murcia,200905,por_fusion,2
7245,region_de_murcia,200904,por_fusion,2
7246,region_de_murcia,200903,por_fusion,3
7247,region_de_murcia,200902,por_fusion,7
7248,region_de_murcia,200901,por_fusion,4
7249,region_de_murcia,200812,por_fusion,3
7250,region_de_murcia,200811,por_fusion,1
7251,region_de_murcia,200810,por_fusion,0
7252,region_de_murcia,200809,por_fusion,1
7253,region_de_murcia,200808,por_fusion,2
7254,region_de_murcia,200807,por_fusion,0
7255,region_de_murcia,200806,por_fusion,2
7256,region_de_murcia,200805,por_fusion,1
7257,region_de_murcia,200804,por_fusion,7
7258,region_de_murcia,200803,por_fusion,6
7259,region_de_murcia,200802,por_fusion,0
7260,region_de_murcia,200801,por_fusion,7
7261,comunidad_foral_de_navarra,202604,por_fusion,5
7262,comunidad_foral_de_navarra,202603,por_fusion,1
7263,comunidad_foral_de_navarra,202602,por_fusion,3
7264,comunidad_foral_de_navarra,202601,por_fusion,0
7265,comunidad_foral_de_navarra,202512,por_fusion,3
7266,comunidad_foral_de_navarra,202511,por_fusion,4
7267,comunidad_foral_de_navarra,202510,por_fusion,5
7268,comunidad_foral_de_navarra,202509,por_fusion,4
7269,comunidad_foral_de_navarra,202508,por_fusion,1
7270,comunidad_foral_de_navarra,202507,por_fusion,1
7271,comunidad_foral_de_navarra,202506,por_fusion,3
7272,comunidad_foral_de_navarra,202505,por_fusion,1
7273,comunidad_foral_de_navarra,202504,por_fusion,1
7274,comunidad_foral_de_navarra,202503,por_fusion,4
7275,comunidad_foral_de_navarra,202502,por_fusion,15
7276,comunidad_foral_de_navarra,202501,por_fusion,6
7277,comunidad_foral_de_navarra,202412,por_fusion,2
7278,comunidad_foral_de_navarra,202411,por_fusion,3
7279,comunidad_foral_de_navarra,202410,por_fusion,3
7280,comunidad_foral_de_navarra,202409,por_fusion,5
7281,comunidad_foral_de_navarra,202408,por_fusion,0
7282,comunidad_foral_de_navarra,202407,por_fusion,0
7283,comunidad_foral_de_navarra,202406,por_fusion,0
7284,comunidad_foral_de_navarra,202405,por_fusion,1
7285,comunidad_foral_de_navarra,202404,por_fusion,0
7286,comunidad_foral_de_navarra,202403,por_fusion,3
7287,comunidad_foral_de_navarra,202402,por_fusion,6
7288,comunidad_foral_de_navarra,202401,por_fusion,5
7289,comunidad_foral_de_navarra,202312,por_fusion,3
7290,comunidad_foral_de_navarra,202311,por_fusion,3
7291,comunidad_foral_de_navarra,202310,por_fusion,1
7292,comunidad_foral_de_navarra,202309,por_fusion,4
7293,comunidad_foral_de_navarra,202308,por_fusion,2
7294,comunidad_foral_de_navarra,202307,por_fusion,2
7295,comunidad_foral_de_navarra,202306,por_fusion,1
7296,comunidad_foral_de_navarra,202305,por_fusion,3
7297,comunidad_foral_de_navarra,202304,por_fusion,2
7298,comunidad_foral_de_navarra,202303,por_fusion,1
7299,comunidad_foral_de_navarra,202302,por_fusion,181
7300,comunidad_foral_de_navarra,202301,por_fusion,29
7301,comunidad_foral_de_navarra,202212,por_fusion,5
7302,comunidad_foral_de_navarra,202211,por_fusion,2
7303,comunidad_foral_de_navarra,202210,por_fusion,6
7304,comunidad_foral_de_navarra,202209,por_fusion,4
7305,comunidad_foral_de_navarra,202208,por_fusion,2
7306,comunidad_foral_de_navarra,202207,por_fusion,4
7307,comunidad_foral_de_navarra,202206,por_fusion,1
7308,comunidad_foral_de_navarra,202205,por_fusion,0
7309,comunidad_foral_de_navarra,202204,por_fusion,1
7310,comunidad_foral_de_navarra,202203,por_fusion,5
7311,comunidad_foral_de_navarra,202202,por_fusion,20
7312,comunidad_foral_de_navarra,202201,por_fusion,12
7313,comunidad_foral_de_navarra,202112,por_fusion,1
7314,comunidad_foral_de_navarra,202111,por_fusion,2
7315,comunidad_foral_de_navarra,202110,por_fusion,2
7316,comunidad_foral_de_navarra,202109,por_fusion,2
7317,comunidad_foral_de_navarra,202108,por_fusion,0
7318,comunidad_foral_de_navarra,202107,por_fusion,1
7319,comunidad_foral_de_navarra,202106,por_fusion,1
7320,comunidad_foral_de_navarra,202105,por_fusion,1
7321,comunidad_foral_de_navarra,202104,por_fusion,3
7322,comunidad_foral_de_navarra,202103,por_fusion,4
7323,comunidad_foral_de_navarra,202102,por_fusion,1
7324,comunidad_foral_de_navarra,202101,por_fusion,4
7325,comunidad_foral_de_navarra,202012,por_fusion,6
7326,comunidad_foral_de_navarra,202011,por_fusion,5
7327,comunidad_foral_de_navarra,202010,por_fusion,24
7328,comunidad_foral_de_navarra,202009,por_fusion,2
7329,comunidad_foral_de_navarra,202008,por_fusion,0
7330,comunidad_foral_de_navarra,202007,por_fusion,2
7331,comunidad_foral_de_navarra,202006,por_fusion,1
7332,comunidad_foral_de_navarra,202005,por_fusion,0
7333,comunidad_foral_de_navarra,202004,por_fusion,2
7334,comunidad_foral_de_navarra,202003,por_fusion,0
7335,comunidad_foral_de_navarra,202002,por_fusion,2
7336,comunidad_foral_de_navarra,202001,por_fusion,2
7337,comunidad_foral_de_navarra,201912,por_fusion,5
7338,comunidad_foral_de_navarra,201911,por_fusion,2
7339,comunidad_foral_de_navarra,201910,por_fusion,0
7340,comunidad_foral_de_navarra,201909,por_fusion,0
7341,comunidad_foral_de_navarra,201908,por_fusion,4
7342,comunidad_foral_de_navarra,201907,por_fusion,1
7343,comunidad_foral_de_navarra,201906,por_fusion,3
7344,comunidad_foral_de_navarra,201905,por_fusion,1
7345,comunidad_foral_de_navarra,201904,por_fusion,1
7346,comunidad_foral_de_navarra,201903,por_fusion,3
7347,comunidad_foral_de_navarra,201902,por_fusion,5
7348,comunidad_foral_de_navarra,201901,por_fusion,7
7349,comunidad_foral_de_navarra,201812,por_fusion,8
7350,comunidad_foral_de_navarra,201811,por_fusion,3
7351,comunidad_foral_de_navarra,201810,por_fusion,3
7352,comunidad_foral_de_navarra,201809,por_fusion,4
7353,comunidad_foral_de_navarra,201808,por_fusion,3
7354,comunidad_foral_de_navarra,201807,por_fusion,2
7355,comunidad_foral_de_navarra,201806,por_fusion,4
7356,comunidad_foral_de_navarra,201805,por_fusion,2
7357,comunidad_foral_de_navarra,201804,por_fusion,1
7358,comunidad_foral_de_navarra,201803,por_fusion,6
7359,comunidad_foral_de_navarra,201802,por_fusion,14
7360,comunidad_foral_de_navarra,201801,por_fusion,6
7361,comunidad_foral_de_navarra,201712,por_fusion,2
7362,comunidad_foral_de_navarra,201711,por_fusion,3
7363,comunidad_foral_de_navarra,201710,por_fusion,9
7364,comunidad_foral_de_navarra,201709,por_fusion,0
7365,comunidad_foral_de_navarra,201708,por_fusion,0
7366,comunidad_foral_de_navarra,201707,por_fusion,3
7367,comunidad_foral_de_navarra,201706,por_fusion,1
7368,comunidad_foral_de_navarra,201705,por_fusion,5
7369,comunidad_foral_de_navarra,201704,por_fusion,3
7370,comunidad_foral_de_navarra,201703,por_fusion,2
7371,comunidad_foral_de_navarra,201702,por_fusion,3
7372,comunidad_foral_de_navarra,201701,por_fusion,8
7373,comunidad_foral_de_navarra,201612,por_fusion,7
7374,comunidad_foral_de_navarra,201611,por_fusion,6
7375,comunidad_foral_de_navarra,201610,por_fusion,6
7376,comunidad_foral_de_navarra,201609,por_fusion,0
7377,comunidad_foral_de_navarra,201608,por_fusion,4
7378,comunidad_foral_de_navarra,201607,por_fusion,0
7379,comunidad_foral_de_navarra,201606,por_fusion,4
7380,comunidad_foral_de_navarra,201605,por_fusion,1
7381,comunidad_foral_de_navarra,201604,por_fusion,8
7382,comunidad_foral_de_navarra,201603,por_fusion,6
7383,comunidad_foral_de_navarra,201602,por_fusion,21
7384,comunidad_foral_de_navarra,201601,por_fusion,3
7385,comunidad_foral_de_navarra,201512,por_fusion,5
7386,comunidad_foral_de_navarra,201511,por_fusion,1
7387,comunidad_foral_de_navarra,201510,por_fusion,3
7388,comunidad_foral_de_navarra,201509,por_fusion,6
7389,comunidad_foral_de_navarra,201508,por_fusion,0
7390,comunidad_foral_de_navarra,201507,por_fusion,4
7391,comunidad_foral_de_navarra,201506,por_fusion,5
7392,comunidad_foral_de_navarra,201505,por_fusion,1
7393,comunidad_foral_de_navarra,201504,por_fusion,3
7394,comunidad_foral_de_navarra,201503,por_fusion,3
7395,comunidad_foral_de_navarra,201502,por_fusion,2
7396,comunidad_foral_de_navarra,201501,por_fusion,1
7397,comunidad_foral_de_navarra,201412,por_fusion,4
7398,comunidad_foral_de_navarra,201411,por_fusion,3
7399,comunidad_foral_de_navarra,201410,por_fusion,3
7400,comunidad_foral_de_navarra,201409,por_fusion,1
7401,comunidad_foral_de_navarra,201408,por_fusion,1
7402,comunidad_foral_de_navarra,201407,por_fusion,3
7403,comunidad_foral_de_navarra,201406,por_fusion,1
7404,comunidad_foral_de_navarra,201405,por_fusion,0
7405,comunidad_foral_de_navarra,201404,por_fusion,2
7406,comunidad_foral_de_navarra,201403,por_fusion,3
7407,comunidad_foral_de_navarra,201402,por_fusion,2
7408,comunidad_foral_de_navarra,201401,por_fusion,17
7409,comunidad_foral_de_navarra,201312,por_fusion,4
7410,comunidad_foral_de_navarra,201311,por_fusion,3
7411,comunidad_foral_de_navarra,201310,por_fusion,0
7412,comunidad_foral_de_navarra,201309,por_fusion,1
7413,comunidad_foral_de_navarra,201308,por_fusion,1
7414,comunidad_foral_de_navarra,201307,por_fusion,0
7415,comunidad_foral_de_navarra,201306,por_fusion,1
7416,comunidad_foral_de_navarra,201305,por_fusion,1
7417,comunidad_foral_de_navarra,201304,por_fusion,2
7418,comunidad_foral_de_navarra,201303,por_fusion,1
7419,comunidad_foral_de_navarra,201302,por_fusion,2
7420,comunidad_foral_de_navarra,201301,por_fusion,16
7421,comunidad_foral_de_navarra,201212,por_fusion,3
7422,comunidad_foral_de_navarra,201211,por_fusion,4
7423,comunidad_foral_de_navarra,201210,por_fusion,3
7424,comunidad_foral_de_navarra,201209,por_fusion,4
7425,comunidad_foral_de_navarra,201208,por_fusion,8
7426,comunidad_foral_de_navarra,201207,por_fusion,0
7427,comunidad_foral_de_navarra,201206,por_fusion,5
7428,comunidad_foral_de_navarra,201205,por_fusion,2
7429,comunidad_foral_de_navarra,201204,por_fusion,2
7430,comunidad_foral_de_navarra,201203,por_fusion,2
7431,comunidad_foral_de_navarra,201202,por_fusion,11
7432,comunidad_foral_de_navarra,201201,por_fusion,8
7433,comunidad_foral_de_navarra,201112,por_fusion,3
7434,comunidad_foral_de_navarra,201111,por_fusion,15
7435,comunidad_foral_de_navarra,201110,por_fusion,15
7436,comunidad_foral_de_navarra,201109,por_fusion,6
7437,comunidad_foral_de_navarra,201108,por_fusion,3
7438,comunidad_foral_de_navarra,201107,por_fusion,0
7439,comunidad_foral_de_navarra,201106,por_fusion,6
7440,comunidad_foral_de_navarra,201105,por_fusion,2
7441,comunidad_foral_de_navarra,201104,por_fusion,1
7442,comunidad_foral_de_navarra,201103,por_fusion,6
7443,comunidad_foral_de_navarra,201102,por_fusion,7
7444,comunidad_foral_de_navarra,201101,por_fusion,3
7445,comunidad_foral_de_navarra,201012,por_fusion,2
7446,comunidad_foral_de_navarra,201011,por_fusion,1
7447,comunidad_foral_de_navarra,201010,por_fusion,4
7448,comunidad_foral_de_navarra,201009,por_fusion,1
7449,comunidad_foral_de_navarra,201008,por_fusion,2
7450,comunidad_foral_de_navarra,201007,por_fusion,2
7451,comunidad_foral_de_navarra,201006,por_fusion,1
7452,comunidad_foral_de_navarra,201005,por_fusion,2
7453,comunidad_foral_de_navarra,201004,por_fusion,4
7454,comunidad_foral_de_navarra,201003,por_fusion,2
7455,comunidad_foral_de_navarra,201002,por_fusion,3
7456,comunidad_foral_de_navarra,201001,por_fusion,5
7457,comunidad_foral_de_navarra,200912,por_fusion,3
7458,comunidad_foral_de_navarra,200911,por_fusion,1
7459,comunidad_foral_de_navarra,200910,por_fusion,6
7460,comunidad_foral_de_navarra,200909,por_fusion,5
7461,comunidad_foral_de_navarra,200908,por_fusion,2
7462,comunidad_foral_de_navarra,200907,por_fusion,0
7463,comunidad_foral_de_navarra,200906,por_fusion,1
7464,comunidad_foral_de_navarra,200905,por_fusion,0
7465,comunidad_foral_de_navarra,200904,por_fusion,4
7466,comunidad_foral_de_navarra,200903,por_fusion,1
7467,comunidad_foral_de_navarra,200902,por_fusion,5
7468,comunidad_foral_de_navarra,200901,por_fusion,3
7469,comunidad_foral_de_navarra,200812,por_fusion,7
7470,comunidad_foral_de_navarra,200811,por_fusion,10
7471,comunidad_foral_de_navarra,200810,por_fusion,1
7472,comunidad_foral_de_navarra,200809,por_fusion,1
7473,comunidad_foral_de_navarra,200808,por_fusion,0
7474,comunidad_foral_de_navarra,200807,por_fusion,1
7475,comunidad_foral_de_navarra,200806,por_fusion,3
7476,comunidad_foral_de_navarra,200805,por_fusion,0
7477,comunidad_foral_de_navarra,200804,por_fusion,1
7478,comunidad_foral_de_navarra,200803,por_fusion,2
7479,comunidad_foral_de_navarra,200802,por_fusion,4
7480,comunidad_foral_de_navarra,200801,por_fusion,5
7481,pais_vasco,202604,por_fusion,2
7482,pais_vasco,202603,por_fusion,10
7483,pais_vasco,202602,por_fusion,11
7484,pais_vasco,202601,por_fusion,7
7485,pais_vasco,202512,por_fusion,16
7486,pais_vasco,202511,por_fusion,6
7487,pais_vasco,202510,por_fusion,13
7488,pais_vasco,202509,por_fusion,12
7489,pais_vasco,202508,por_fusion,7
7490,pais_vasco,202507,por_fusion,8
7491,pais_vasco,202506,por_fusion,7
7492,pais_vasco,202505,por_fusion,5
7493,pais_vasco,202504,por_fusion,4
7494,pais_vasco,202503,por_fusion,2
7495,pais_vasco,202502,por_fusion,11
7496,pais_vasco,202501,por_fusion,10
7497,pais_vasco,202412,por_fusion,19
7498,pais_vasco,202411,por_fusion,19
7499,pais_vasco,202410,por_fusion,5
7500,pais_vasco,202409,por_fusion,4
7501,pais_vasco,202408,por_fusion,9
7502,pais_vasco,202407,por_fusion,9
7503,pais_vasco,202406,por_fusion,2
7504,pais_vasco,202405,por_fusion,2
7505,pais_vasco,202404,por_fusion,8
7506,pais_vasco,202403,por_fusion,20
7507,pais_vasco,202402,por_fusion,11
7508,pais_vasco,202401,por_fusion,18
7509,pais_vasco,202312,por_fusion,7
7510,pais_vasco,202311,por_fusion,14
7511,pais_vasco,202310,por_fusion,14
7512,pais_vasco,202309,por_fusion,7
7513,pais_vasco,202308,por_fusion,6
7514,pais_vasco,202307,por_fusion,15
7515,pais_vasco,202306,por_fusion,8
7516,pais_vasco,202305,por_fusion,8
7517,pais_vasco,202304,por_fusion,4
7518,pais_vasco,202303,por_fusion,7
7519,pais_vasco,202302,por_fusion,10
7520,pais_vasco,202301,por_fusion,20
7521,pais_vasco,202212,por_fusion,14
7522,pais_vasco,202211,por_fusion,10
7523,pais_vasco,202210,por_fusion,14
7524,pais_vasco,202209,por_fusion,10
7525,pais_vasco,202208,por_fusion,7
7526,pais_vasco,202207,por_fusion,5
7527,pais_vasco,202206,por_fusion,66
7528,pais_vasco,202205,por_fusion,5
7529,pais_vasco,202204,por_fusion,14
7530,pais_vasco,202203,por_fusion,6
7531,pais_vasco,202202,por_fusion,7
7532,pais_vasco,202201,por_fusion,36
7533,pais_vasco,202112,por_fusion,54
7534,pais_vasco,202111,por_fusion,14
7535,pais_vasco,202110,por_fusion,16
7536,pais_vasco,202109,por_fusion,15
7537,pais_vasco,202108,por_fusion,7
7538,pais_vasco,202107,por_fusion,15
7539,pais_vasco,202106,por_fusion,7
7540,pais_vasco,202105,por_fusion,6
7541,pais_vasco,202104,por_fusion,6
7542,pais_vasco,202103,por_fusion,9
7543,pais_vasco,202102,por_fusion,28
7544,pais_vasco,202101,por_fusion,20
7545,pais_vasco,202012,por_fusion,48
7546,pais_vasco,202011,por_fusion,6
7547,pais_vasco,202010,por_fusion,11
7548,pais_vasco,202009,por_fusion,9
7549,pais_vasco,202008,por_fusion,14
7550,pais_vasco,202007,por_fusion,4
7551,pais_vasco,202006,por_fusion,7
7552,pais_vasco,202005,por_fusion,3
7553,pais_vasco,202004,por_fusion,1
7554,pais_vasco,202003,por_fusion,44
7555,pais_vasco,202002,por_fusion,8
7556,pais_vasco,202001,por_fusion,28
7557,pais_vasco,201912,por_fusion,20
7558,pais_vasco,201911,por_fusion,4
7559,pais_vasco,201910,por_fusion,8
7560,pais_vasco,201909,por_fusion,13
7561,pais_vasco,201908,por_fusion,8
7562,pais_vasco,201907,por_fusion,6
7563,pais_vasco,201906,por_fusion,6
7564,pais_vasco,201905,por_fusion,4
7565,pais_vasco,201904,por_fusion,2
7566,pais_vasco,201903,por_fusion,3
7567,pais_vasco,201902,por_fusion,15
7568,pais_vasco,201901,por_fusion,23
7569,pais_vasco,201812,por_fusion,17
7570,pais_vasco,201811,por_fusion,7
7571,pais_vasco,201810,por_fusion,26
7572,pais_vasco,201809,por_fusion,12
7573,pais_vasco,201808,por_fusion,4
7574,pais_vasco,201807,por_fusion,9
7575,pais_vasco,201806,por_fusion,12
7576,pais_vasco,201805,por_fusion,7
7577,pais_vasco,201804,por_fusion,3
7578,pais_vasco,201803,por_fusion,8
7579,pais_vasco,201802,por_fusion,16
7580,pais_vasco,201801,por_fusion,27
7581,pais_vasco,201712,por_fusion,23
7582,pais_vasco,201711,por_fusion,11
7583,pais_vasco,201710,por_fusion,26
7584,pais_vasco,201709,por_fusion,7
7585,pais_vasco,201708,por_fusion,7
7586,pais_vasco,201707,por_fusion,8
7587,pais_vasco,201706,por_fusion,6
7588,pais_vasco,201705,por_fusion,6
7589,pais_vasco,201704,por_fusion,7
7590,pais_vasco,201703,por_fusion,14
7591,pais_vasco,201702,por_fusion,10
7592,pais_vasco,201701,por_fusion,16
7593,pais_vasco,201612,por_fusion,20
7594,pais_vasco,201611,por_fusion,13
7595,pais_vasco,201610,por_fusion,12
7596,pais_vasco,201609,por_fusion,22
7597,pais_vasco,201608,por_fusion,6
7598,pais_vasco,201607,por_fusion,20
7599,pais_vasco,201606,por_fusion,8
7600,pais_vasco,201605,por_fusion,12
7601,pais_vasco,201604,por_fusion,7
7602,pais_vasco,201603,por_fusion,8
7603,pais_vasco,201602,por_fusion,13
7604,pais_vasco,201601,por_fusion,21
7605,pais_vasco,201512,por_fusion,38
7606,pais_vasco,201511,por_fusion,19
7607,pais_vasco,201510,por_fusion,10
7608,pais_vasco,201509,por_fusion,13
7609,pais_vasco,201508,por_fusion,8
7610,pais_vasco,201507,por_fusion,19
7611,pais_vasco,201506,por_fusion,5
7612,pais_vasco,201505,por_fusion,5
7613,pais_vasco,201504,por_fusion,16
7614,pais_vasco,201503,por_fusion,13
7615,pais_vasco,201502,por_fusion,18
7616,pais_vasco,201501,por_fusion,32
7617,pais_vasco,201412,por_fusion,21
7618,pais_vasco,201411,por_fusion,14
7619,pais_vasco,201410,por_fusion,24
7620,pais_vasco,201409,por_fusion,10
7621,pais_vasco,201408,por_fusion,4
7622,pais_vasco,201407,por_fusion,23
7623,pais_vasco,201406,por_fusion,13
7624,pais_vasco,201405,por_fusion,6
7625,pais_vasco,201404,por_fusion,11
7626,pais_vasco,201403,por_fusion,9
7627,pais_vasco,201402,por_fusion,23
7628,pais_vasco,201401,por_fusion,25
7629,pais_vasco,201312,por_fusion,7
7630,pais_vasco,201311,por_fusion,13
7631,pais_vasco,201310,por_fusion,9
7632,pais_vasco,201309,por_fusion,17
7633,pais_vasco,201308,por_fusion,8
7634,pais_vasco,201307,por_fusion,7
7635,pais_vasco,201306,por_fusion,9
7636,pais_vasco,201305,por_fusion,2
7637,pais_vasco,201304,por_fusion,8
7638,pais_vasco,201303,por_fusion,13
7639,pais_vasco,201302,por_fusion,27
7640,pais_vasco,201301,por_fusion,16
7641,pais_vasco,201212,por_fusion,80
7642,pais_vasco,201211,por_fusion,11
7643,pais_vasco,201210,por_fusion,17
7644,pais_vasco,201209,por_fusion,3
7645,pais_vasco,201208,por_fusion,9
7646,pais_vasco,201207,por_fusion,12
7647,pais_vasco,201206,por_fusion,6
7648,pais_vasco,201205,por_fusion,6
7649,pais_vasco,201204,por_fusion,0
7650,pais_vasco,201203,por_fusion,15
7651,pais_vasco,201202,por_fusion,8
7652,pais_vasco,201201,por_fusion,22
7653,pais_vasco,201112,por_fusion,15
7654,pais_vasco,201111,por_fusion,6
7655,pais_vasco,201110,por_fusion,17
7656,pais_vasco,201109,por_fusion,7
7657,pais_vasco,201108,por_fusion,7
7658,pais_vasco,201107,por_fusion,7
7659,pais_vasco,201106,por_fusion,6
7660,pais_vasco,201105,por_fusion,8
7661,pais_vasco,201104,por_fusion,8
7662,pais_vasco,201103,por_fusion,141
7663,pais_vasco,201102,por_fusion,16
7664,pais_vasco,201101,por_fusion,19
7665,pais_vasco,201012,por_fusion,28
7666,pais_vasco,201011,por_fusion,17
7667,pais_vasco,201010,por_fusion,24
7668,pais_vasco,201009,por_fusion,5
7669,pais_vasco,201008,por_fusion,11
7670,pais_vasco,201007,por_fusion,4
7671,pais_vasco,201006,por_fusion,9
7672,pais_vasco,201005,por_fusion,12
7673,pais_vasco,201004,por_fusion,3
7674,pais_vasco,201003,por_fusion,10
7675,pais_vasco,201002,por_fusion,27
7676,pais_vasco,201001,por_fusion,8
7677,pais_vasco,200912,por_fusion,15
7678,pais_vasco,200911,por_fusion,4
7679,pais_vasco,200910,por_fusion,9
7680,pais_vasco,200909,por_fusion,16
7681,pais_vasco,200908,por_fusion,13
7682,pais_vasco,200907,por_fusion,7
7683,pais_vasco,200906,por_fusion,4
7684,pais_vasco,200905,por_fusion,2
7685,pais_vasco,200904,por_fusion,3
7686,pais_vasco,200903,por_fusion,6
7687,pais_vasco,200902,por_fusion,11
7688,pais_vasco,200901,por_fusion,8
7689,pais_vasco,200812,por_fusion,32
7690,pais_vasco,200811,por_fusion,4
7691,pais_vasco,200810,por_fusion,24
7692,pais_vasco,200809,por_fusion,32
7693,pais_vasco,200808,por_fusion,2
7694,pais_vasco,200807,por_fusion,13
7695,pais_vasco,200806,por_fusion,16
7696,pais_vasco,200805,por_fusion,4
7697,pais_vasco,200804,por_fusion,18
7698,pais_vasco,200803,por_fusion,5
7699,pais_vasco,200802,por_fusion,18
7700,pais_vasco,200801,por_fusion,15
7701,la_rioja,202604,por_fusion,2
7702,la_rioja,202603,por_fusion,0
7703,la_rioja,202602,por_fusion,0
7704,la_rioja,202601,por_fusion,0
7705,la_rioja,202512,por_fusion,3
7706,la_rioja,202511,por_fusion,1
7707,la_rioja,202510,por_fusion,0
7708,la_rioja,202509,por_fusion,0
7709,la_rioja,202508,por_fusion,1
7710,la_rioja,202507,por_fusion,0
7711,la_rioja,202506,por_fusion,0
7712,la_rioja,202505,por_fusion,0
7713,la_rioja,202504,por_fusion,0
7714,la_rioja,202503,por_fusion,1
7715,la_rioja,202502,por_fusion,0
7716,la_rioja,202501,por_fusion,0
7717,la_rioja,202412,por_fusion,0
7718,la_rioja,202411,por_fusion,0
7719,la_rioja,202410,por_fusion,2
7720,la_rioja,202409,por_fusion,0
7721,la_rioja,202408,por_fusion,0
7722,la_rioja,202407,por_fusion,0
7723,la_rioja,202406,por_fusion,0
7724,la_rioja,202405,por_fusion,2
7725,la_rioja,202404,por_fusion,1
7726,la_rioja,202403,por_fusion,0
7727,la_rioja,202402,por_fusion,0
7728,la_rioja,202401,por_fusion,3
7729,la_rioja,202312,por_fusion,0
7730,la_rioja,202311,por_fusion,1
7731,la_rioja,202310,por_fusion,4
7732,la_rioja,202309,por_fusion,0
7733,la_rioja,202308,por_fusion,1
7734,la_rioja,202307,por_fusion,1
7735,la_rioja,202306,por_fusion,0
7736,la_rioja,202305,por_fusion,1
7737,la_rioja,202304,por_fusion,0
7738,la_rioja,202303,por_fusion,2
7739,la_rioja,202302,por_fusion,1
7740,la_rioja,202301,por_fusion,3
7741,la_rioja,202212,por_fusion,1
7742,la_rioja,202211,por_fusion,1
7743,la_rioja,202210,por_fusion,1
7744,la_rioja,202209,por_fusion,1
7745,la_rioja,202208,por_fusion,0
7746,la_rioja,202207,por_fusion,0
7747,la_rioja,202206,por_fusion,3
7748,la_rioja,202205,por_fusion,0
7749,la_rioja,202204,por_fusion,1
7750,la_rioja,202203,por_fusion,1
7751,la_rioja,202202,por_fusion,0
7752,la_rioja,202201,por_fusion,12
7753,la_rioja,202112,por_fusion,0
7754,la_rioja,202111,por_fusion,1
7755,la_rioja,202110,por_fusion,1
7756,la_rioja,202109,por_fusion,2
7757,la_rioja,202108,por_fusion,0
7758,la_rioja,202107,por_fusion,0
7759,la_rioja,202106,por_fusion,2
7760,la_rioja,202105,por_fusion,0
7761,la_rioja,202104,por_fusion,0
7762,la_rioja,202103,por_fusion,0
7763,la_rioja,202102,por_fusion,8
7764,la_rioja,202101,por_fusion,0
7765,la_rioja,202012,por_fusion,0
7766,la_rioja,202011,por_fusion,1
7767,la_rioja,202010,por_fusion,1
7768,la_rioja,202009,por_fusion,0
7769,la_rioja,202008,por_fusion,0
7770,la_rioja,202007,por_fusion,2
7771,la_rioja,202006,por_fusion,0
7772,la_rioja,202005,por_fusion,0
7773,la_rioja,202004,por_fusion,0
7774,la_rioja,202003,por_fusion,0
7775,la_rioja,202002,por_fusion,2
7776,la_rioja,202001,por_fusion,1
7777,la_rioja,201912,por_fusion,2
7778,la_rioja,201911,por_fusion,0
7779,la_rioja,201910,por_fusion,3
7780,la_rioja,201909,por_fusion,0
7781,la_rioja,201908,por_fusion,1
7782,la_rioja,201907,por_fusion,0
7783,la_rioja,201906,por_fusion,1
7784,la_rioja,201905,por_fusion,1
7785,la_rioja,201904,por_fusion,2
7786,la_rioja,201903,por_fusion,1
7787,la_rioja,201902,por_fusion,0
7788,la_rioja,201901,por_fusion,4
7789,la_rioja,201812,por_fusion,0
7790,la_rioja,201811,por_fusion,0
7791,la_rioja,201810,por_fusion,6
7792,la_rioja,201809,por_fusion,1
7793,la_rioja,201808,por_fusion,2
7794,la_rioja,201807,por_fusion,0
7795,la_rioja,201806,por_fusion,0
7796,la_rioja,201805,por_fusion,0
7797,la_rioja,201804,por_fusion,0
7798,la_rioja,201803,por_fusion,0
7799,la_rioja,201802,por_fusion,0
7800,la_rioja,201801,por_fusion,2
7801,la_rioja,201712,por_fusion,0
7802,la_rioja,201711,por_fusion,0
7803,la_rioja,201710,por_fusion,1
7804,la_rioja,201709,por_fusion,0
7805,la_rioja,201708,por_fusion,0
7806,la_rioja,201707,por_fusion,1
7807,la_rioja,201706,por_fusion,0
7808,la_rioja,201705,por_fusion,0
7809,la_rioja,201704,por_fusion,0
7810,la_rioja,201703,por_fusion,0
7811,la_rioja,201702,por_fusion,0
7812,la_rioja,201701,por_fusion,0
7813,la_rioja,201612,por_fusion,0
7814,la_rioja,201611,por_fusion,1
7815,la_rioja,201610,por_fusion,2
7816,la_rioja,201609,por_fusion,1
7817,la_rioja,201608,por_fusion,0
7818,la_rioja,201607,por_fusion,2
7819,la_rioja,201606,por_fusion,0
7820,la_rioja,201605,por_fusion,0
7821,la_rioja,201604,por_fusion,0
7822,la_rioja,201603,por_fusion,0
7823,la_rioja,201602,por_fusion,5
7824,la_rioja,201601,por_fusion,0
7825,la_rioja,201512,por_fusion,0
7826,la_rioja,201511,por_fusion,0
7827,la_rioja,201510,por_fusion,1
7828,la_rioja,201509,por_fusion,0
7829,la_rioja,201508,por_fusion,0
7830,la_rioja,201507,por_fusion,0
7831,la_rioja,201506,por_fusion,0
7832,la_rioja,201505,por_fusion,1
7833,la_rioja,201504,por_fusion,0
7834,la_rioja,201503,por_fusion,1
7835,la_rioja,201502,por_fusion,0
7836,la_rioja,201501,por_fusion,0
7837,la_rioja,201412,por_fusion,0
7838,la_rioja,201411,por_fusion,0
7839,la_rioja,201410,por_fusion,1
7840,la_rioja,201409,por_fusion,0
7841,la_rioja,201408,por_fusion,0
7842,la_rioja,201407,por_fusion,1
7843,la_rioja,201406,por_fusion,2
7844,la_rioja,201405,por_fusion,0
7845,la_rioja,201404,por_fusion,0
7846,la_rioja,201403,por_fusion,0
7847,la_rioja,201402,por_fusion,0
7848,la_rioja,201401,por_fusion,1
7849,la_rioja,201312,por_fusion,4
7850,la_rioja,201311,por_fusion,0
7851,la_rioja,201310,por_fusion,7
7852,la_rioja,201309,por_fusion,0
7853,la_rioja,201308,por_fusion,0
7854,la_rioja,201307,por_fusion,1
7855,la_rioja,201306,por_fusion,2
7856,la_rioja,201305,por_fusion,0
7857,la_rioja,201304,por_fusion,0
7858,la_rioja,201303,por_fusion,1
7859,la_rioja,201302,por_fusion,2
7860,la_rioja,201301,por_fusion,0
7861,la_rioja,201212,por_fusion,2
7862,la_rioja,201211,por_fusion,7
7863,la_rioja,201210,por_fusion,7
7864,la_rioja,201209,por_fusion,2
7865,la_rioja,201208,por_fusion,1
7866,la_rioja,201207,por_fusion,5
7867,la_rioja,201206,por_fusion,1
7868,la_rioja,201205,por_fusion,0
7869,la_rioja,201204,por_fusion,0
7870,la_rioja,201203,por_fusion,0
7871,la_rioja,201202,por_fusion,2
7872,la_rioja,201201,por_fusion,4
7873,la_rioja,201112,por_fusion,1
7874,la_rioja,201111,por_fusion,7
7875,la_rioja,201110,por_fusion,1
7876,la_rioja,201109,por_fusion,3
7877,la_rioja,201108,por_fusion,1
7878,la_rioja,201107,por_fusion,1
7879,la_rioja,201106,por_fusion,1
7880,la_rioja,201105,por_fusion,0
7881,la_rioja,201104,por_fusion,0
7882,la_rioja,201103,por_fusion,1
7883,la_rioja,201102,por_fusion,0
7884,la_rioja,201101,por_fusion,2
7885,la_rioja,201012,por_fusion,0
7886,la_rioja,201011,por_fusion,1
7887,la_rioja,201010,por_fusion,3
7888,la_rioja,201009,por_fusion,0
7889,la_rioja,201008,por_fusion,0
7890,la_rioja,201007,por_fusion,2
7891,la_rioja,201006,por_fusion,0
7892,la_rioja,201005,por_fusion,0
7893,la_rioja,201004,por_fusion,0
7894,la_rioja,201003,por_fusion,0
7895,la_rioja,201002,por_fusion,0
7896,la_rioja,201001,por_fusion,1
7897,la_rioja,200912,por_fusion,0
7898,la_rioja,200911,por_fusion,1
7899,la_rioja,200910,por_fusion,1
7900,la_rioja,200909,por_fusion,2
7901,la_rioja,200908,por_fusion,0
7902,la_rioja,200907,por_fusion,0
7903,la_rioja,200906,por_fusion,1
7904,la_rioja,200905,por_fusion,3
7905,la_rioja,200904,por_fusion,0
7906,la_rioja,200903,por_fusion,0
7907,la_rioja,200902,por_fusion,1
7908,la_rioja,200901,por_fusion,0
7909,la_rioja,200812,por_fusion,1
7910,la_rioja,200811,por_fusion,1
7911,la_rioja,200810,por_fusion,4
7912,la_rioja,200809,por_fusion,1
7913,la_rioja,200808,por_fusion,0
7914,la_rioja,200807,por_fusion,0
7915,la_rioja,200806,por_fusion,5
7916,la_rioja,200805,por_fusion,3
7917,la_rioja,200804,por_fusion,0
7918,la_rioja,200803,por_fusion,0
7919,la_rioja,200802,por_fusion,0
7920,la_rioja,200801,por_fusion,1
7921,ceuta,202604,por_fusion,0
7922,ceuta,202603,por_fusion,0
7923,ceuta,202602,por_fusion,0
7924,ceuta,202601,por_fusion,0
7925,ceuta,202512,por_fusion,1
7926,ceuta,202511,por_fusion,0
7927,ceuta,202510,por_fusion,0
7928,ceuta,202509,por_fusion,0
7929,ceuta,202508,por_fusion,0
7930,ceuta,202507,por_fusion,0
7931,ceuta,202506,por_fusion,0
7932,ceuta,202505,por_fusion,0
7933,ceuta,202504,por_fusion,0
7934,ceuta,202503,por_fusion,0
7935,ceuta,202502,por_fusion,0
7936,ceuta,202501,por_fusion,0
7937,ceuta,202412,por_fusion,0
7938,ceuta,202411,por_fusion,1
7939,ceuta,202410,por_fusion,0
7940,ceuta,202409,por_fusion,0
7941,ceuta,202408,por_fusion,0
7942,ceuta,202407,por_fusion,0
7943,ceuta,202406,por_fusion,0
7944,ceuta,202405,por_fusion,5
7945,ceuta,202404,por_fusion,0
7946,ceuta,202403,por_fusion,0
7947,ceuta,202402,por_fusion,0
7948,ceuta,202401,por_fusion,0
7949,ceuta,202312,por_fusion,0
7950,ceuta,202311,por_fusion,0
7951,ceuta,202310,por_fusion,0
7952,ceuta,202309,por_fusion,0
7953,ceuta,202308,por_fusion,0
7954,ceuta,202307,por_fusion,0
7955,ceuta,202306,por_fusion,0
7956,ceuta,202305,por_fusion,0
7957,ceuta,202304,por_fusion,0
7958,ceuta,202303,por_fusion,0
7959,ceuta,202302,por_fusion,0
7960,ceuta,202301,por_fusion,0
7961,ceuta,202212,por_fusion,0
7962,ceuta,202211,por_fusion,0
7963,ceuta,202210,por_fusion,0
7964,ceuta,202209,por_fusion,0
7965,ceuta,202208,por_fusion,1
7966,ceuta,202207,por_fusion,0
7967,ceuta,202206,por_fusion,0
7968,ceuta,202205,por_fusion,0
7969,ceuta,202204,por_fusion,0
7970,ceuta,202203,por_fusion,0
7971,ceuta,202202,por_fusion,0
7972,ceuta,202201,por_fusion,4
7973,ceuta,202112,por_fusion,0
7974,ceuta,202111,por_fusion,0
7975,ceuta,202110,por_fusion,0
7976,ceuta,202109,por_fusion,0
7977,ceuta,202108,por_fusion,0
7978,ceuta,202107,por_fusion,0
7979,ceuta,202106,por_fusion,0
7980,ceuta,202105,por_fusion,0
7981,ceuta,202104,por_fusion,0
7982,ceuta,202103,por_fusion,0
7983,ceuta,202102,por_fusion,0
7984,ceuta,202101,por_fusion,0
7985,ceuta,202012,por_fusion,0
7986,ceuta,202011,por_fusion,0
7987,ceuta,202010,por_fusion,0
7988,ceuta,202009,por_fusion,0
7989,ceuta,202008,por_fusion,0
7990,ceuta,202007,por_fusion,0
7991,ceuta,202006,por_fusion,0
7992,ceuta,202005,por_fusion,0
7993,ceuta,202004,por_fusion,0
7994,ceuta,202003,por_fusion,0
7995,ceuta,202002,por_fusion,0
7996,ceuta,202001,por_fusion,0
7997,ceuta,201912,por_fusion,0
7998,ceuta,201911,por_fusion,0
7999,ceuta,201910,por_fusion,0
8000,ceuta,201909,por_fusion,0
8001,ceuta,201908,por_fusion,0
8002,ceuta,201907,por_fusion,0
8003,ceuta,201906,por_fusion,0
8004,ceuta,201905,por_fusion,0
8005,ceuta,201904,por_fusion,0
8006,ceuta,201903,por_fusion,0
8007,ceuta,201902,por_fusion,0
8008,ceuta,201901,por_fusion,0
8009,ceuta,201812,por_fusion,0
8010,ceuta,201811,por_fusion,0
8011,ceuta,201810,por_fusion,0
8012,ceuta,201809,por_fusion,0
8013,ceuta,201808,por_fusion,4
8014,ceuta,201807,por_fusion,0
8015,ceuta,201806,por_fusion,0
8016,ceuta,201805,por_fusion,0
8017,ceuta,201804,por_fusion,0
8018,ceuta,201803,por_fusion,0
8019,ceuta,201802,por_fusion,0
8020,ceuta,201801,por_fusion,0
8021,ceuta,201712,por_fusion,0
8022,ceuta,201711,por_fusion,0
8023,ceuta,201710,por_fusion,0
8024,ceuta,201709,por_fusion,0
8025,ceuta,201708,por_fusion,1
8026,ceuta,201707,por_fusion,0
8027,ceuta,201706,por_fusion,0
8028,ceuta,201705,por_fusion,0
8029,ceuta,201704,por_fusion,0
8030,ceuta,201703,por_fusion,0
8031,ceuta,201702,por_fusion,0
8032,ceuta,201701,por_fusion,0
8033,ceuta,201612,por_fusion,0
8034,ceuta,201611,por_fusion,0
8035,ceuta,201610,por_fusion,0
8036,ceuta,201609,por_fusion,0
8037,ceuta,201608,por_fusion,0
8038,ceuta,201607,por_fusion,0
8039,ceuta,201606,por_fusion,0
8040,ceuta,201605,por_fusion,0
8041,ceuta,201604,por_fusion,1
8042,ceuta,201603,por_fusion,0
8043,ceuta,201602,por_fusion,0
8044,ceuta,201601,por_fusion,0
8045,ceuta,201512,por_fusion,0
8046,ceuta,201511,por_fusion,0
8047,ceuta,201510,por_fusion,0
8048,ceuta,201509,por_fusion,0
8049,ceuta,201508,por_fusion,0
8050,ceuta,201507,por_fusion,0
8051,ceuta,201506,por_fusion,0
8052,ceuta,201505,por_fusion,0
8053,ceuta,201504,por_fusion,1
8054,ceuta,201503,por_fusion,0
8055,ceuta,201502,por_fusion,0
8056,ceuta,201501,por_fusion,0
8057,ceuta,201412,por_fusion,0
8058,ceuta,201411,por_fusion,0
8059,ceuta,201410,por_fusion,1
8060,ceuta,201409,por_fusion,0
8061,ceuta,201408,por_fusion,0
8062,ceuta,201407,por_fusion,0
8063,ceuta,201406,por_fusion,0
8064,ceuta,201405,por_fusion,0
8065,ceuta,201404,por_fusion,0
8066,ceuta,201403,por_fusion,0
8067,ceuta,201402,por_fusion,0
8068,ceuta,201401,por_fusion,0
8069,ceuta,201312,por_fusion,0
8070,ceuta,201311,por_fusion,1
8071,ceuta,201310,por_fusion,0
8072,ceuta,201309,por_fusion,0
8073,ceuta,201308,por_fusion,0
8074,ceuta,201307,por_fusion,0
8075,ceuta,201306,por_fusion,0
8076,ceuta,201305,por_fusion,0
8077,ceuta,201304,por_fusion,0
8078,ceuta,201303,por_fusion,0
8079,ceuta,201302,por_fusion,0
8080,ceuta,201301,por_fusion,0
8081,ceuta,201212,por_fusion,0
8082,ceuta,201211,por_fusion,0
8083,ceuta,201210,por_fusion,0
8084,ceuta,201209,por_fusion,0
8085,ceuta,201208,por_fusion,0
8086,ceuta,201207,por_fusion,0
8087,ceuta,201206,por_fusion,0
8088,ceuta,201205,por_fusion,0
8089,ceuta,201204,por_fusion,0
8090,ceuta,201203,por_fusion,0
8091,ceuta,201202,por_fusion,0
8092,ceuta,201201,por_fusion,0
8093,ceuta,201112,por_fusion,0
8094,ceuta,201111,por_fusion,0
8095,ceuta,201110,por_fusion,0
8096,ceuta,201109,por_fusion,1
8097,ceuta,201108,por_fusion,0
8098,ceuta,201107,por_fusion,0
8099,ceuta,201106,por_fusion,0
8100,ceuta,201105,por_fusion,0
8101,ceuta,201104,por_fusion,1
8102,ceuta,201103,por_fusion,0
8103,ceuta,201102,por_fusion,0
8104,ceuta,201101,por_fusion,0
8105,ceuta,201012,por_fusion,0
8106,ceuta,201011,por_fusion,0
8107,ceuta,201010,por_fusion,0
8108,ceuta,201009,por_fusion,0
8109,ceuta,201008,por_fusion,0
8110,ceuta,201007,por_fusion,0
8111,ceuta,201006,por_fusion,0
8112,ceuta,201005,por_fusion,0
8113,ceuta,201004,por_fusion,0
8114,ceuta,201003,por_fusion,0
8115,ceuta,201002,por_fusion,0
8116,ceuta,201001,por_fusion,0
8117,ceuta,200912,por_fusion,0
8118,ceuta,200911,por_fusion,0
8119,ceuta,200910,por_fusion,0
8120,ceuta,200909,por_fusion,0
8121,ceuta,200908,por_fusion,0
8122,ceuta,200907,por_fusion,0
8123,ceuta,200906,por_fusion,0
8124,ceuta,200905,por_fusion,0
8125,ceuta,200904,por_fusion,0
8126,ceuta,200903,por_fusion,0
8127,ceuta,200902,por_fusion,0
8128,ceuta,200901,por_fusion,0
8129,ceuta,200812,por_fusion,0
8130,ceuta,200811,por_fusion,0
8131,ceuta,200810,por_fusion,0
8132,ceuta,200809,por_fusion,0
8133,ceuta,200808,por_fusion,0
8134,ceuta,200807,por_fusion,0
8135,ceuta,200806,por_fusion,1
8136,ceuta,200805,por_fusion,0
8137,ceuta,200804,por_fusion,0
8138,ceuta,200803,por_fusion,0
8139,ceuta,200802,por_fusion,1
8140,ceuta,200801,por_fusion,0
8141,melilla,202604,por_fusion,0
8142,melilla,202603,por_fusion,0
8143,melilla,202602,por_fusion,0
8144,melilla,202601,por_fusion,0
8145,melilla,202512,por_fusion,0
8146,melilla,202511,por_fusion,0
8147,melilla,202510,por_fusion,0
8148,melilla,202509,por_fusion,0
8149,melilla,202508,por_fusion,0
8150,melilla,202507,por_fusion,0
8151,melilla,202506,por_fusion,0
8152,melilla,202505,por_fusion,1
8153,melilla,202504,por_fusion,0
8154,melilla,202503,por_fusion,0
8155,melilla,202502,por_fusion,0
8156,melilla,202501,por_fusion,0
8157,melilla,202412,por_fusion,0
8158,melilla,202411,por_fusion,0
8159,melilla,202410,por_fusion,0
8160,melilla,202409,por_fusion,0
8161,melilla,202408,por_fusion,0
8162,melilla,202407,por_fusion,0
8163,melilla,202406,por_fusion,0
8164,melilla,202405,por_fusion,0
8165,melilla,202404,por_fusion,0
8166,melilla,202403,por_fusion,0
8167,melilla,202402,por_fusion,0
8168,melilla,202401,por_fusion,0
8169,melilla,202312,por_fusion,0
8170,melilla,202311,por_fusion,0
8171,melilla,202310,por_fusion,0
8172,melilla,202309,por_fusion,0
8173,melilla,202308,por_fusion,0
8174,melilla,202307,por_fusion,0
8175,melilla,202306,por_fusion,0
8176,melilla,202305,por_fusion,0
8177,melilla,202304,por_fusion,0
8178,melilla,202303,por_fusion,0
8179,melilla,202302,por_fusion,0
8180,melilla,202301,por_fusion,0
8181,melilla,202212,por_fusion,0
8182,melilla,202211,por_fusion,0
8183,melilla,202210,por_fusion,0
8184,melilla,202209,por_fusion,0
8185,melilla,202208,por_fusion,0
8186,melilla,202207,por_fusion,0
8187,melilla,202206,por_fusion,0
8188,melilla,202205,por_fusion,0
8189,melilla,202204,por_fusion,0
8190,melilla,202203,por_fusion,0
8191,melilla,202202,por_fusion,0
8192,melilla,202201,por_fusion,0
8193,melilla,202112,por_fusion,0
8194,melilla,202111,por_fusion,0
8195,melilla,202110,por_fusion,0
8196,melilla,202109,por_fusion,0
8197,melilla,202108,por_fusion,0
8198,melilla,202107,por_fusion,0
8199,melilla,202106,por_fusion,0
8200,melilla,202105,por_fusion,0
8201,melilla,202104,por_fusion,0
8202,melilla,202103,por_fusion,0
8203,melilla,202102,por_fusion,0
8204,melilla,202101,por_fusion,1
8205,melilla,202012,por_fusion,0
8206,melilla,202011,por_fusion,0
8207,melilla,202010,por_fusion,0
8208,melilla,202009,por_fusion,0
8209,melilla,202008,por_fusion,0
8210,melilla,202007,por_fusion,0
8211,melilla,202006,por_fusion,0
8212,melilla,202005,por_fusion,0
8213,melilla,202004,por_fusion,1
8214,melilla,202003,por_fusion,0
8215,melilla,202002,por_fusion,0
8216,melilla,202001,por_fusion,0
8217,melilla,201912,por_fusion,0
8218,melilla,201911,por_fusion,0
8219,melilla,201910,por_fusion,0
8220,melilla,201909,por_fusion,0
8221,melilla,201908,por_fusion,0
8222,melilla,201907,por_fusion,0
8223,melilla,201906,por_fusion,0
8224,melilla,201905,por_fusion,0
8225,melilla,201904,por_fusion,0
8226,melilla,201903,por_fusion,0
8227,melilla,201902,por_fusion,0
8228,melilla,201901,por_fusion,0
8229,melilla,201812,por_fusion,0
8230,melilla,201811,por_fusion,0
8231,melilla,201810,por_fusion,0
8232,melilla,201809,por_fusion,0
8233,melilla,201808,por_fusion,0
8234,melilla,201807,por_fusion,0
8235,melilla,201806,por_fusion,0
8236,melilla,201805,por_fusion,0
8237,melilla,201804,por_fusion,0
8238,melilla,201803,por_fusion,0
8239,melilla,201802,por_fusion,0
8240,melilla,201801,por_fusion,0
8241,melilla,201712,por_fusion,0
8242,melilla,201711,por_fusion,0
8243,melilla,201710,por_fusion,0
8244,melilla,201709,por_fusion,0
8245,melilla,201708,por_fusion,1
8246,melilla,201707,por_fusion,0
8247,melilla,201706,por_fusion,0
8248,melilla,201705,por_fusion,0
8249,melilla,201704,por_fusion,0
8250,melilla,201703,por_fusion,0
8251,melilla,201702,por_fusion,0
8252,melilla,201701,por_fusion,0
8253,melilla,201612,por_fusion,0
8254,melilla,201611,por_fusion,0
8255,melilla,201610,por_fusion,0
8256,melilla,201609,por_fusion,0
8257,melilla,201608,por_fusion,0
8258,melilla,201607,por_fusion,0
8259,melilla,201606,por_fusion,0
8260,melilla,201605,por_fusion,0
8261,melilla,201604,por_fusion,0
8262,melilla,201603,por_fusion,0
8263,melilla,201602,por_fusion,0
8264,melilla,201601,por_fusion,0
8265,melilla,201512,por_fusion,0
8266,melilla,201511,por_fusion,0
8267,melilla,201510,por_fusion,0
8268,melilla,201509,por_fusion,0
8269,melilla,201508,por_fusion,0
8270,melilla,201507,por_fusion,0
8271,melilla,201506,por_fusion,0
8272,melilla,201505,por_fusion,0
8273,melilla,201504,por_fusion,0
8274,melilla,201503,por_fusion,1
8275,melilla,201502,por_fusion,0
8276,melilla,201501,por_fusion,0
8277,melilla,201412,por_fusion,0
8278,melilla,201411,por_fusion,0
8279,melilla,201410,por_fusion,0
8280,melilla,201409,por_fusion,0
8281,melilla,201408,por_fusion,0
8282,melilla,201407,por_fusion,0
8283,melilla,201406,por_fusion,0
8284,melilla,201405,por_fusion,0
8285,melilla,201404,por_fusion,0
8286,melilla,201403,por_fusion,0
8287,melilla,201402,por_fusion,0
8288,melilla,201401,por_fusion,0
8289,melilla,201312,por_fusion,0
8290,melilla,201311,por_fusion,0
8291,melilla,201310,por_fusion,0
8292,melilla,201309,por_fusion,0
8293,melilla,201308,por_fusion,0
8294,melilla,201307,por_fusion,0
8295,melilla,201306,por_fusion,0
8296,melilla,201305,por_fusion,0
8297,melilla,201304,por_fusion,0
8298,melilla,201303,por_fusion,0
8299,melilla,201302,por_fusion,0
8300,melilla,201301,por_fusion,0
8301,melilla,201212,por_fusion,0
8302,melilla,201211,por_fusion,0
8303,melilla,201210,por_fusion,0
8304,melilla,201209,por_fusion,0
8305,melilla,201208,por_fusion,0
8306,melilla,201207,por_fusion,0
8307,melilla,201206,por_fusion,0
8308,melilla,201205,por_fusion,0
8309,melilla,201204,por_fusion,0
8310,melilla,201203,por_fusion,0
8311,melilla,201202,por_fusion,0
8312,melilla,201201,por_fusion,0
8313,melilla,201112,por_fusion,0
8314,melilla,201111,por_fusion,1
8315,melilla,201110,por_fusion,0
8316,melilla,201109,por_fusion,0
8317,melilla,201108,por_fusion,0
8318,melilla,201107,por_fusion,0
8319,melilla,201106,por_fusion,0
8320,melilla,201105,por_fusion,0
8321,melilla,201104,por_fusion,0
8322,melilla,201103,por_fusion,0
8323,melilla,201102,por_fusion,0
8324,melilla,201101,por_fusion,0
8325,melilla,201012,por_fusion,0
8326,melilla,201011,por_fusion,0
8327,melilla,201010,por_fusion,0
8328,melilla,201009,por_fusion,0
8329,melilla,201008,por_fusion,0
8330,melilla,201007,por_fusion,0
8331,melilla,201006,por_fusion,0
8332,melilla,201005,por_fusion,0
8333,melilla,201004,por_fusion,0
8334,melilla,201003,por_fusion,0
8335,melilla,201002,por_fusion,0
8336,melilla,201001,por_fusion,0
8337,melilla,200912,por_fusion,0
8338,melilla,200911,por_fusion,0
8339,melilla,200910,por_fusion,0
8340,melilla,200909,por_fusion,0
8341,melilla,200908,por_fusion,0
8342,melilla,200907,por_fusion,0
8343,melilla,200906,por_fusion,0
8344,melilla,200905,por_fusion,0
8345,melilla,200904,por_fusion,0
8346,melilla,200903,por_fusion,0
8347,melilla,200902,por_fusion,0
8348,melilla,200901,por_fusion,0
8349,melilla,200812,por_fusion,0
8350,melilla,200811,por_fusion,0
8351,melilla,200810,por_fusion,1
8352,melilla,200809,por_fusion,1
8353,melilla,200808,por_fusion,0
8354,melilla,200807,por_fusion,0
8355,melilla,200806,por_fusion,0
8356,melilla,200805,por_fusion,0
8357,melilla,200804,por_fusion,0
8358,melilla,200803,por_fusion,0
8359,melilla,200802,por_fusion,0
8360,melilla,200801,por_fusion,2
8361,andalucia,202604,otras,31
8362,andalucia,202603,otras,34
8363,andalucia,202602,otras,34
8364,andalucia,202601,otras,25
8365,andalucia,202512,otras,29
8366,andalucia,202511,otras,39
8367,andalucia,202510,otras,26
8368,andalucia,202509,otras,26
8369,andalucia,202508,otras,13
8370,andalucia,202507,otras,24
8371,andalucia,202506,otras,33
8372,andalucia,202505,otras,27
8373,andalucia,202504,otras,29
8374,andalucia,202503,otras,33
8375,andalucia,202502,otras,32
8376,andalucia,202501,otras,30
8377,andalucia,202412,otras,56
8378,andalucia,202411,otras,42
8379,andalucia,202410,otras,35
8380,andalucia,202409,otras,19
8381,andalucia,202408,otras,21
8382,andalucia,202407,otras,23
8383,andalucia,202406,otras,28
8384,andalucia,202405,otras,20
8385,andalucia,202404,otras,26
8386,andalucia,202403,otras,32
8387,andalucia,202402,otras,32
8388,andalucia,202401,otras,30
8389,andalucia,202312,otras,30
8390,andalucia,202311,otras,30
8391,andalucia,202310,otras,29
8392,andalucia,202309,otras,17
8393,andalucia,202308,otras,19
8394,andalucia,202307,otras,22
8395,andalucia,202306,otras,27
8396,andalucia,202305,otras,38
8397,andalucia,202304,otras,37
8398,andalucia,202303,otras,35
8399,andalucia,202302,otras,23
8400,andalucia,202301,otras,30
8401,andalucia,202212,otras,29
8402,andalucia,202211,otras,31
8403,andalucia,202210,otras,31
8404,andalucia,202209,otras,26
8405,andalucia,202208,otras,24
8406,andalucia,202207,otras,20
8407,andalucia,202206,otras,35
8408,andalucia,202205,otras,36
8409,andalucia,202204,otras,30
8410,andalucia,202203,otras,31
8411,andalucia,202202,otras,25
8412,andalucia,202201,otras,38
8413,andalucia,202112,otras,51
8414,andalucia,202111,otras,28
8415,andalucia,202110,otras,25
8416,andalucia,202109,otras,15
8417,andalucia,202108,otras,24
8418,andalucia,202107,otras,21
8419,andalucia,202106,otras,41
8420,andalucia,202105,otras,34
8421,andalucia,202104,otras,39
8422,andalucia,202103,otras,46
8423,andalucia,202102,otras,37
8424,andalucia,202101,otras,37
8425,andalucia,202012,otras,47
8426,andalucia,202011,otras,22
8427,andalucia,202010,otras,28
8428,andalucia,202009,otras,28
8429,andalucia,202008,otras,19
8430,andalucia,202007,otras,24
8431,andalucia,202006,otras,9
8432,andalucia,202005,otras,12
8433,andalucia,202004,otras,6
8434,andalucia,202003,otras,17
8435,andalucia,202002,otras,31
8436,andalucia,202001,otras,49
8437,andalucia,201912,otras,24
8438,andalucia,201911,otras,27
8439,andalucia,201910,otras,33
8440,andalucia,201909,otras,10
8441,andalucia,201908,otras,14
8442,andalucia,201907,otras,28
8443,andalucia,201906,otras,23
8444,andalucia,201905,otras,27
8445,andalucia,201904,otras,34
8446,andalucia,201903,otras,43
8447,andalucia,201902,otras,39
8448,andalucia,201901,otras,49
8449,andalucia,201812,otras,38
8450,andalucia,201811,otras,42
8451,andalucia,201810,otras,29
8452,andalucia,201809,otras,24
8453,andalucia,201808,otras,22
8454,andalucia,201807,otras,22
8455,andalucia,201806,otras,47
8456,andalucia,201805,otras,34
8457,andalucia,201804,otras,44
8458,andalucia,201803,otras,29
8459,andalucia,201802,otras,52
8460,andalucia,201801,otras,52
8461,andalucia,201712,otras,29
8462,andalucia,201711,otras,40
8463,andalucia,201710,otras,38
8464,andalucia,201709,otras,18
8465,andalucia,201708,otras,19
8466,andalucia,201707,otras,25
8467,andalucia,201706,otras,41
8468,andalucia,201705,otras,36
8469,andalucia,201704,otras,31
8470,andalucia,201703,otras,38
8471,andalucia,201702,otras,30
8472,andalucia,201701,otras,31
8473,andalucia,201612,otras,36
8474,andalucia,201611,otras,30
8475,andalucia,201610,otras,39
8476,andalucia,201609,otras,34
8477,andalucia,201608,otras,21
8478,andalucia,201607,otras,32
8479,andalucia,201606,otras,41
8480,andalucia,201605,otras,56
8481,andalucia,201604,otras,48
8482,andalucia,201603,otras,65
8483,andalucia,201602,otras,36
8484,andalucia,201601,otras,39
8485,andalucia,201512,otras,41
8486,andalucia,201511,otras,47
8487,andalucia,201510,otras,38
8488,andalucia,201509,otras,34
8489,andalucia,201508,otras,23
8490,andalucia,201507,otras,28
8491,andalucia,201506,otras,40
8492,andalucia,201505,otras,44
8493,andalucia,201504,otras,58
8494,andalucia,201503,otras,47
8495,andalucia,201502,otras,37
8496,andalucia,201501,otras,64
8497,andalucia,201412,otras,38
8498,andalucia,201411,otras,49
8499,andalucia,201410,otras,49
8500,andalucia,201409,otras,43
8501,andalucia,201408,otras,30
8502,andalucia,201407,otras,72
8503,andalucia,201406,otras,74
8504,andalucia,201405,otras,54
8505,andalucia,201404,otras,69
8506,andalucia,201403,otras,75
8507,andalucia,201402,otras,48
8508,andalucia,201401,otras,83
8509,andalucia,201312,otras,45
8510,andalucia,201311,otras,56
8511,andalucia,201310,otras,55
8512,andalucia,201309,otras,39
8513,andalucia,201308,otras,43
8514,andalucia,201307,otras,49
8515,andalucia,201306,otras,57
8516,andalucia,201305,otras,58
8517,andalucia,201304,otras,73
8518,andalucia,201303,otras,49
8519,andalucia,201302,otras,42
8520,andalucia,201301,otras,52
8521,andalucia,201212,otras,43
8522,andalucia,201211,otras,42
8523,andalucia,201210,otras,41
8524,andalucia,201209,otras,15
8525,andalucia,201208,otras,23
8526,andalucia,201207,otras,34
8527,andalucia,201206,otras,43
8528,andalucia,201205,otras,45
8529,andalucia,201204,otras,36
8530,andalucia,201203,otras,39
8531,andalucia,201202,otras,34
8532,andalucia,201201,otras,28
8533,andalucia,201112,otras,22
8534,andalucia,201111,otras,16
8535,andalucia,201110,otras,23
8536,andalucia,201109,otras,28
8537,andalucia,201108,otras,16
8538,andalucia,201107,otras,24
8539,andalucia,201106,otras,23
8540,andalucia,201105,otras,23
8541,andalucia,201104,otras,22
8542,andalucia,201103,otras,24
8543,andalucia,201102,otras,25
8544,andalucia,201101,otras,33
8545,andalucia,201012,otras,14
8546,andalucia,201011,otras,15
8547,andalucia,201010,otras,15
8548,andalucia,201009,otras,10
8549,andalucia,201008,otras,9
8550,andalucia,201007,otras,12
8551,andalucia,201006,otras,12
8552,andalucia,201005,otras,19
8553,andalucia,201004,otras,14
8554,andalucia,201003,otras,15
8555,andalucia,201002,otras,13
8556,andalucia,201001,otras,19
8557,andalucia,200912,otras,15
8558,andalucia,200911,otras,8
8559,andalucia,200910,otras,15
8560,andalucia,200909,otras,6
8561,andalucia,200908,otras,3
8562,andalucia,200907,otras,7
8563,andalucia,200906,otras,9
8564,andalucia,200905,otras,14
8565,andalucia,200904,otras,12
8566,andalucia,200903,otras,12
8567,andalucia,200902,otras,19
8568,andalucia,200901,otras,12
8569,andalucia,200812,otras,12
8570,andalucia,200811,otras,11
8571,andalucia,200810,otras,23
8572,andalucia,200809,otras,12
8573,andalucia,200808,otras,9
8574,andalucia,200807,otras,16
8575,andalucia,200806,otras,11
8576,andalucia,200805,otras,61
8577,andalucia,200804,otras,11
8578,andalucia,200803,otras,10
8579,andalucia,200802,otras,15
8580,andalucia,200801,otras,12
8581,aragon,202604,otras,0
8582,aragon,202603,otras,4
8583,aragon,202602,otras,7
8584,aragon,202601,otras,2
8585,aragon,202512,otras,5
8586,aragon,202511,otras,5
8587,aragon,202510,otras,4
8588,aragon,202509,otras,2
8589,aragon,202508,otras,2
8590,aragon,202507,otras,1
8591,aragon,202506,otras,5
8592,aragon,202505,otras,6
8593,aragon,202504,otras,4
8594,aragon,202503,otras,7
8595,aragon,202502,otras,4
8596,aragon,202501,otras,3
8597,aragon,202412,otras,6
8598,aragon,202411,otras,1
8599,aragon,202410,otras,5
8600,aragon,202409,otras,2
8601,aragon,202408,otras,2
8602,aragon,202407,otras,4
8603,aragon,202406,otras,10
8604,aragon,202405,otras,4
8605,aragon,202404,otras,5
8606,aragon,202403,otras,4
8607,aragon,202402,otras,7
8608,aragon,202401,otras,2
8609,aragon,202312,otras,7
8610,aragon,202311,otras,4
8611,aragon,202310,otras,4
8612,aragon,202309,otras,3
8613,aragon,202308,otras,1
8614,aragon,202307,otras,5
8615,aragon,202306,otras,4
8616,aragon,202305,otras,7
8617,aragon,202304,otras,1
8618,aragon,202303,otras,6
8619,aragon,202302,otras,4
8620,aragon,202301,otras,1
8621,aragon,202212,otras,5
8622,aragon,202211,otras,9
8623,aragon,202210,otras,8
8624,aragon,202209,otras,3
8625,aragon,202208,otras,2
8626,aragon,202207,otras,3
8627,aragon,202206,otras,5
8628,aragon,202205,otras,2
8629,aragon,202204,otras,1
8630,aragon,202203,otras,6
8631,aragon,202202,otras,7
8632,aragon,202201,otras,2
8633,aragon,202112,otras,5
8634,aragon,202111,otras,5
8635,aragon,202110,otras,8
8636,aragon,202109,otras,4
8637,aragon,202108,otras,4
8638,aragon,202107,otras,2
8639,aragon,202106,otras,9
8640,aragon,202105,otras,6
8641,aragon,202104,otras,5
8642,aragon,202103,otras,16
8643,aragon,202102,otras,6
8644,aragon,202101,otras,11
8645,aragon,202012,otras,12
8646,aragon,202011,otras,4
8647,aragon,202010,otras,9
8648,aragon,202009,otras,9
8649,aragon,202008,otras,5
8650,aragon,202007,otras,6
8651,aragon,202006,otras,7
8652,aragon,202005,otras,2
8653,aragon,202004,otras,1
8654,aragon,202003,otras,3
8655,aragon,202002,otras,5
8656,aragon,202001,otras,2
8657,aragon,201912,otras,4
8658,aragon,201911,otras,5
8659,aragon,201910,otras,10
8660,aragon,201909,otras,4
8661,aragon,201908,otras,4
8662,aragon,201907,otras,4
8663,aragon,201906,otras,4
8664,aragon,201905,otras,12
8665,aragon,201904,otras,4
8666,aragon,201903,otras,2
8667,aragon,201902,otras,5
8668,aragon,201901,otras,6
8669,aragon,201812,otras,11
8670,aragon,201811,otras,5
8671,aragon,201810,otras,5
8672,aragon,201809,otras,2
8673,aragon,201808,otras,1
8674,aragon,201807,otras,3
8675,aragon,201806,otras,3
8676,aragon,201805,otras,4
8677,aragon,201804,otras,10
8678,aragon,201803,otras,5
8679,aragon,201802,otras,9
8680,aragon,201801,otras,6
8681,aragon,201712,otras,7
8682,aragon,201711,otras,8
8683,aragon,201710,otras,3
8684,aragon,201709,otras,3
8685,aragon,201708,otras,1
8686,aragon,201707,otras,11
8687,aragon,201706,otras,9
8688,aragon,201705,otras,6
8689,aragon,201704,otras,8
8690,aragon,201703,otras,6
8691,aragon,201702,otras,9
8692,aragon,201701,otras,5
8693,aragon,201612,otras,6
8694,aragon,201611,otras,6
8695,aragon,201610,otras,12
8696,aragon,201609,otras,11
8697,aragon,201608,otras,4
8698,aragon,201607,otras,8
8699,aragon,201606,otras,7
8700,aragon,201605,otras,12
8701,aragon,201604,otras,6
8702,aragon,201603,otras,13
8703,aragon,201602,otras,23
8704,aragon,201601,otras,8
8705,aragon,201512,otras,9
8706,aragon,201511,otras,7
8707,aragon,201510,otras,21
8708,aragon,201509,otras,6
8709,aragon,201508,otras,20
8710,aragon,201507,otras,13
8711,aragon,201506,otras,15
8712,aragon,201505,otras,12
8713,aragon,201504,otras,16
8714,aragon,201503,otras,27
8715,aragon,201502,otras,10
8716,aragon,201501,otras,16
8717,aragon,201412,otras,13
8718,aragon,201411,otras,24
8719,aragon,201410,otras,20
8720,aragon,201409,otras,12
8721,aragon,201408,otras,10
8722,aragon,201407,otras,18
8723,aragon,201406,otras,21
8724,aragon,201405,otras,14
8725,aragon,201404,otras,20
8726,aragon,201403,otras,25
8727,aragon,201402,otras,21
8728,aragon,201401,otras,15
8729,aragon,201312,otras,15
8730,aragon,201311,otras,11
8731,aragon,201310,otras,18
8732,aragon,201309,otras,18
8733,aragon,201308,otras,11
8734,aragon,201307,otras,17
8735,aragon,201306,otras,18
8736,aragon,201305,otras,29
8737,aragon,201304,otras,20
8738,aragon,201303,otras,21
8739,aragon,201302,otras,20
8740,aragon,201301,otras,16
8741,aragon,201212,otras,19
8742,aragon,201211,otras,12
8743,aragon,201210,otras,18
8744,aragon,201209,otras,11
8745,aragon,201208,otras,11
8746,aragon,201207,otras,12
8747,aragon,201206,otras,14
8748,aragon,201205,otras,32
8749,aragon,201204,otras,8
8750,aragon,201203,otras,19
8751,aragon,201202,otras,12
8752,aragon,201201,otras,9
8753,aragon,201112,otras,5
8754,aragon,201111,otras,6
8755,aragon,201110,otras,8
8756,aragon,201109,otras,8
8757,aragon,201108,otras,4
8758,aragon,201107,otras,8
8759,aragon,201106,otras,8
8760,aragon,201105,otras,9
8761,aragon,201104,otras,13
8762,aragon,201103,otras,13
8763,aragon,201102,otras,7
8764,aragon,201101,otras,6
8765,aragon,201012,otras,12
8766,aragon,201011,otras,9
8767,aragon,201010,otras,5
8768,aragon,201009,otras,4
8769,aragon,201008,otras,2
8770,aragon,201007,otras,6
8771,aragon,201006,otras,5
8772,aragon,201005,otras,6
8773,aragon,201004,otras,8
8774,aragon,201003,otras,12
8775,aragon,201002,otras,11
8776,aragon,201001,otras,6
8777,aragon,200912,otras,4
8778,aragon,200911,otras,7
8779,aragon,200910,otras,11
8780,aragon,200909,otras,7
8781,aragon,200908,otras,1
8782,aragon,200907,otras,5
8783,aragon,200906,otras,6
8784,aragon,200905,otras,12
8785,aragon,200904,otras,1
8786,aragon,200903,otras,4
8787,aragon,200902,otras,3
8788,aragon,200901,otras,2
8789,aragon,200812,otras,2
8790,aragon,200811,otras,3
8791,aragon,200810,otras,5
8792,aragon,200809,otras,0
8793,aragon,200808,otras,3
8794,aragon,200807,otras,2
8795,aragon,200806,otras,2
8796,aragon,200805,otras,0
8797,aragon,200804,otras,0
8798,aragon,200803,otras,1
8799,aragon,200802,otras,4
8800,aragon,200801,otras,2
8801,principado_de_asturias,202604,otras,2
8802,principado_de_asturias,202603,otras,7
8803,principado_de_asturias,202602,otras,9
8804,principado_de_asturias,202601,otras,6
8805,principado_de_asturias,202512,otras,3
8806,principado_de_asturias,202511,otras,6
8807,principado_de_asturias,202510,otras,1
8808,principado_de_asturias,202509,otras,3
8809,principado_de_asturias,202508,otras,1
8810,principado_de_asturias,202507,otras,2
8811,principado_de_asturias,202506,otras,6
8812,principado_de_asturias,202505,otras,5
8813,principado_de_asturias,202504,otras,3
8814,principado_de_asturias,202503,otras,3
8815,principado_de_asturias,202502,otras,5
8816,principado_de_asturias,202501,otras,6
8817,principado_de_asturias,202412,otras,2
8818,principado_de_asturias,202411,otras,6
8819,principado_de_asturias,202410,otras,5
8820,principado_de_asturias,202409,otras,2
8821,principado_de_asturias,202408,otras,6
8822,principado_de_asturias,202407,otras,1
8823,principado_de_asturias,202406,otras,5
8824,principado_de_asturias,202405,otras,5
8825,principado_de_asturias,202404,otras,5
8826,principado_de_asturias,202403,otras,4
8827,principado_de_asturias,202402,otras,5
8828,principado_de_asturias,202401,otras,9
8829,principado_de_asturias,202312,otras,4
8830,principado_de_asturias,202311,otras,7
8831,principado_de_asturias,202310,otras,6
8832,principado_de_asturias,202309,otras,1
8833,principado_de_asturias,202308,otras,3
8834,principado_de_asturias,202307,otras,4
8835,principado_de_asturias,202306,otras,2
8836,principado_de_asturias,202305,otras,1
8837,principado_de_asturias,202304,otras,5
8838,principado_de_asturias,202303,otras,3
8839,principado_de_asturias,202302,otras,6
8840,principado_de_asturias,202301,otras,8
8841,principado_de_asturias,202212,otras,6
8842,principado_de_asturias,202211,otras,7
8843,principado_de_asturias,202210,otras,7
8844,principado_de_asturias,202209,otras,3
8845,principado_de_asturias,202208,otras,2
8846,principado_de_asturias,202207,otras,3
8847,principado_de_asturias,202206,otras,5
8848,principado_de_asturias,202205,otras,5
8849,principado_de_asturias,202204,otras,2
8850,principado_de_asturias,202203,otras,6
8851,principado_de_asturias,202202,otras,5
8852,principado_de_asturias,202201,otras,9
8853,principado_de_asturias,202112,otras,6
8854,principado_de_asturias,202111,otras,2
8855,principado_de_asturias,202110,otras,9
8856,principado_de_asturias,202109,otras,6
8857,principado_de_asturias,202108,otras,3
8858,principado_de_asturias,202107,otras,2
8859,principado_de_asturias,202106,otras,3
8860,principado_de_asturias,202105,otras,6
8861,principado_de_asturias,202104,otras,4
8862,principado_de_asturias,202103,otras,6
8863,principado_de_asturias,202102,otras,2
8864,principado_de_asturias,202101,otras,5
8865,principado_de_asturias,202012,otras,5
8866,principado_de_asturias,202011,otras,4
8867,principado_de_asturias,202010,otras,1
8868,principado_de_asturias,202009,otras,3
8869,principado_de_asturias,202008,otras,1
8870,principado_de_asturias,202007,otras,1
8871,principado_de_asturias,202006,otras,2
8872,principado_de_asturias,202005,otras,0
8873,principado_de_asturias,202004,otras,0
8874,principado_de_asturias,202003,otras,3
8875,principado_de_asturias,202002,otras,1
8876,principado_de_asturias,202001,otras,5
8877,principado_de_asturias,201912,otras,5
8878,principado_de_asturias,201911,otras,7
8879,principado_de_asturias,201910,otras,4
8880,principado_de_asturias,201909,otras,1
8881,principado_de_asturias,201908,otras,3
8882,principado_de_asturias,201907,otras,3
8883,principado_de_asturias,201906,otras,1
8884,principado_de_asturias,201905,otras,3
8885,principado_de_asturias,201904,otras,6
8886,principado_de_asturias,201903,otras,5
8887,principado_de_asturias,201902,otras,5
8888,principado_de_asturias,201901,otras,5
8889,principado_de_asturias,201812,otras,2
8890,principado_de_asturias,201811,otras,14
8891,principado_de_asturias,201810,otras,10
8892,principado_de_asturias,201809,otras,2
8893,principado_de_asturias,201808,otras,3
8894,principado_de_asturias,201807,otras,6
8895,principado_de_asturias,201806,otras,6
8896,principado_de_asturias,201805,otras,10
8897,principado_de_asturias,201804,otras,9
8898,principado_de_asturias,201803,otras,7
8899,principado_de_asturias,201802,otras,5
8900,principado_de_asturias,201801,otras,5
8901,principado_de_asturias,201712,otras,2
8902,principado_de_asturias,201711,otras,2
8903,principado_de_asturias,201710,otras,4
8904,principado_de_asturias,201709,otras,1
8905,principado_de_asturias,201708,otras,0
8906,principado_de_asturias,201707,otras,8
8907,principado_de_asturias,201706,otras,5
8908,principado_de_asturias,201705,otras,7
8909,principado_de_asturias,201704,otras,5
8910,principado_de_asturias,201703,otras,12
8911,principado_de_asturias,201702,otras,4
8912,principado_de_asturias,201701,otras,6
8913,principado_de_asturias,201612,otras,5
8914,principado_de_asturias,201611,otras,9
8915,principado_de_asturias,201610,otras,6
8916,principado_de_asturias,201609,otras,2
8917,principado_de_asturias,201608,otras,1
8918,principado_de_asturias,201607,otras,5
8919,principado_de_asturias,201606,otras,9
8920,principado_de_asturias,201605,otras,8
8921,principado_de_asturias,201604,otras,13
8922,principado_de_asturias,201603,otras,9
8923,principado_de_asturias,201602,otras,7
8924,principado_de_asturias,201601,otras,6
8925,principado_de_asturias,201512,otras,9
8926,principado_de_asturias,201511,otras,11
8927,principado_de_asturias,201510,otras,3
8928,principado_de_asturias,201509,otras,3
8929,principado_de_asturias,201508,otras,5
8930,principado_de_asturias,201507,otras,7
8931,principado_de_asturias,201506,otras,11
8932,principado_de_asturias,201505,otras,11
8933,principado_de_asturias,201504,otras,12
8934,principado_de_asturias,201503,otras,12
8935,principado_de_asturias,201502,otras,13
8936,principado_de_asturias,201501,otras,4
8937,principado_de_asturias,201412,otras,7
8938,principado_de_asturias,201411,otras,5
8939,principado_de_asturias,201410,otras,17
8940,principado_de_asturias,201409,otras,1
8941,principado_de_asturias,201408,otras,7
8942,principado_de_asturias,201407,otras,6
8943,principado_de_asturias,201406,otras,12
8944,principado_de_asturias,201405,otras,11
8945,principado_de_asturias,201404,otras,25
8946,principado_de_asturias,201403,otras,11
8947,principado_de_asturias,201402,otras,11
8948,principado_de_asturias,201401,otras,15
8949,principado_de_asturias,201312,otras,11
8950,principado_de_asturias,201311,otras,13
8951,principado_de_asturias,201310,otras,29
8952,principado_de_asturias,201309,otras,4
8953,principado_de_asturias,201308,otras,4
8954,principado_de_asturias,201307,otras,6
8955,principado_de_asturias,201306,otras,9
8956,principado_de_asturias,201305,otras,14
8957,principado_de_asturias,201304,otras,7
8958,principado_de_asturias,201303,otras,9
8959,principado_de_asturias,201302,otras,12
8960,principado_de_asturias,201301,otras,8
8961,principado_de_asturias,201212,otras,13
8962,principado_de_asturias,201211,otras,5
8963,principado_de_asturias,201210,otras,7
8964,principado_de_asturias,201209,otras,9
8965,principado_de_asturias,201208,otras,5
8966,principado_de_asturias,201207,otras,10
8967,principado_de_asturias,201206,otras,9
8968,principado_de_asturias,201205,otras,6
8969,principado_de_asturias,201204,otras,6
8970,principado_de_asturias,201203,otras,6
8971,principado_de_asturias,201202,otras,5
8972,principado_de_asturias,201201,otras,8
8973,principado_de_asturias,201112,otras,3
8974,principado_de_asturias,201111,otras,5
8975,principado_de_asturias,201110,otras,5
8976,principado_de_asturias,201109,otras,2
8977,principado_de_asturias,201108,otras,8
8978,principado_de_asturias,201107,otras,5
8979,principado_de_asturias,201106,otras,4
8980,principado_de_asturias,201105,otras,9
8981,principado_de_asturias,201104,otras,1
8982,principado_de_asturias,201103,otras,8
8983,principado_de_asturias,201102,otras,4
8984,principado_de_asturias,201101,otras,4
8985,principado_de_asturias,201012,otras,0
8986,principado_de_asturias,201011,otras,5
8987,principado_de_asturias,201010,otras,3
8988,principado_de_asturias,201009,otras,5
8989,principado_de_asturias,201008,otras,3
8990,principado_de_asturias,201007,otras,2
8991,principado_de_asturias,201006,otras,5
8992,principado_de_asturias,201005,otras,8
8993,principado_de_asturias,201004,otras,7
8994,principado_de_asturias,201003,otras,7
8995,principado_de_asturias,201002,otras,6
8996,principado_de_asturias,201001,otras,4
8997,principado_de_asturias,200912,otras,3
8998,principado_de_asturias,200911,otras,2
8999,principado_de_asturias,200910,otras,2
9000,principado_de_asturias,200909,otras,1
9001,principado_de_asturias,200908,otras,2
9002,principado_de_asturias,200907,otras,4
9003,principado_de_asturias,200906,otras,2
9004,principado_de_asturias,200905,otras,0
9005,principado_de_asturias,200904,otras,1
9006,principado_de_asturias,200903,otras,4
9007,principado_de_asturias,200902,otras,3
9008,principado_de_asturias,200901,otras,2
9009,principado_de_asturias,200812,otras,3
9010,principado_de_asturias,200811,otras,7
9011,principado_de_asturias,200810,otras,4
9012,principado_de_asturias,200809,otras,2
9013,principado_de_asturias,200808,otras,2
9014,principado_de_asturias,200807,otras,0
9015,principado_de_asturias,200806,otras,1
9016,principado_de_asturias,200805,otras,5
9017,principado_de_asturias,200804,otras,3
9018,principado_de_asturias,200803,otras,2
9019,principado_de_asturias,200802,otras,1
9020,principado_de_asturias,200801,otras,3
9021,illes_balears,202604,otras,1
9022,illes_balears,202603,otras,5
9023,illes_balears,202602,otras,2
9024,illes_balears,202601,otras,2
9025,illes_balears,202512,otras,1
9026,illes_balears,202511,otras,3
9027,illes_balears,202510,otras,4
9028,illes_balears,202509,otras,2
9029,illes_balears,202508,otras,2
9030,illes_balears,202507,otras,1
9031,illes_balears,202506,otras,2
9032,illes_balears,202505,otras,5
9033,illes_balears,202504,otras,1
9034,illes_balears,202503,otras,5
9035,illes_balears,202502,otras,1
9036,illes_balears,202501,otras,1
9037,illes_balears,202412,otras,2
9038,illes_balears,202411,otras,3
9039,illes_balears,202410,otras,2
9040,illes_balears,202409,otras,0
9041,illes_balears,202408,otras,4
9042,illes_balears,202407,otras,5
9043,illes_balears,202406,otras,1
9044,illes_balears,202405,otras,5
9045,illes_balears,202404,otras,7
9046,illes_balears,202403,otras,2
9047,illes_balears,202402,otras,3
9048,illes_balears,202401,otras,6
9049,illes_balears,202312,otras,5
9050,illes_balears,202311,otras,2
9051,illes_balears,202310,otras,3
9052,illes_balears,202309,otras,1
9053,illes_balears,202308,otras,1
9054,illes_balears,202307,otras,4
9055,illes_balears,202306,otras,1
9056,illes_balears,202305,otras,3
9057,illes_balears,202304,otras,1
9058,illes_balears,202303,otras,3
9059,illes_balears,202302,otras,4
9060,illes_balears,202301,otras,2
9061,illes_balears,202212,otras,3
9062,illes_balears,202211,otras,4
9063,illes_balears,202210,otras,5
9064,illes_balears,202209,otras,2
9065,illes_balears,202208,otras,5
9066,illes_balears,202207,otras,3
9067,illes_balears,202206,otras,7
9068,illes_balears,202205,otras,7
9069,illes_balears,202204,otras,3
9070,illes_balears,202203,otras,7
9071,illes_balears,202202,otras,9
9072,illes_balears,202201,otras,6
9073,illes_balears,202112,otras,1
9074,illes_balears,202111,otras,1
9075,illes_balears,202110,otras,7
9076,illes_balears,202109,otras,5
9077,illes_balears,202108,otras,2
9078,illes_balears,202107,otras,1
9079,illes_balears,202106,otras,9
9080,illes_balears,202105,otras,5
9081,illes_balears,202104,otras,5
9082,illes_balears,202103,otras,12
9083,illes_balears,202102,otras,9
9084,illes_balears,202101,otras,2
9085,illes_balears,202012,otras,4
9086,illes_balears,202011,otras,3
9087,illes_balears,202010,otras,2
9088,illes_balears,202009,otras,1
9089,illes_balears,202008,otras,2
9090,illes_balears,202007,otras,1
9091,illes_balears,202006,otras,3
9092,illes_balears,202005,otras,2
9093,illes_balears,202004,otras,1
9094,illes_balears,202003,otras,5
9095,illes_balears,202002,otras,4
9096,illes_balears,202001,otras,2
9097,illes_balears,201912,otras,3
9098,illes_balears,201911,otras,3
9099,illes_balears,201910,otras,13
9100,illes_balears,201909,otras,3
9101,illes_balears,201908,otras,5
9102,illes_balears,201907,otras,7
9103,illes_balears,201906,otras,5
9104,illes_balears,201905,otras,3
9105,illes_balears,201904,otras,8
9106,illes_balears,201903,otras,1
9107,illes_balears,201902,otras,2
9108,illes_balears,201901,otras,4
9109,illes_balears,201812,otras,7
9110,illes_balears,201811,otras,4
9111,illes_balears,201810,otras,3
9112,illes_balears,201809,otras,2
9113,illes_balears,201808,otras,7
9114,illes_balears,201807,otras,3
9115,illes_balears,201806,otras,7
9116,illes_balears,201805,otras,5
9117,illes_balears,201804,otras,5
9118,illes_balears,201803,otras,4
9119,illes_balears,201802,otras,10
9120,illes_balears,201801,otras,4
9121,illes_balears,201712,otras,11
9122,illes_balears,201711,otras,6
9123,illes_balears,201710,otras,0
9124,illes_balears,201709,otras,3
9125,illes_balears,201708,otras,1
9126,illes_balears,201707,otras,2
9127,illes_balears,201706,otras,5
9128,illes_balears,201705,otras,3
9129,illes_balears,201704,otras,3
9130,illes_balears,201703,otras,6
9131,illes_balears,201702,otras,5
9132,illes_balears,201701,otras,0
9133,illes_balears,201612,otras,2
9134,illes_balears,201611,otras,8
9135,illes_balears,201610,otras,8
9136,illes_balears,201609,otras,1
9137,illes_balears,201608,otras,4
9138,illes_balears,201607,otras,20
9139,illes_balears,201606,otras,4
9140,illes_balears,201605,otras,5
9141,illes_balears,201604,otras,8
9142,illes_balears,201603,otras,15
9143,illes_balears,201602,otras,6
9144,illes_balears,201601,otras,4
9145,illes_balears,201512,otras,10
9146,illes_balears,201511,otras,9
9147,illes_balears,201510,otras,13
9148,illes_balears,201509,otras,13
9149,illes_balears,201508,otras,2
9150,illes_balears,201507,otras,6
9151,illes_balears,201506,otras,3
9152,illes_balears,201505,otras,10
9153,illes_balears,201504,otras,8
9154,illes_balears,201503,otras,4
9155,illes_balears,201502,otras,4
9156,illes_balears,201501,otras,5
9157,illes_balears,201412,otras,17
9158,illes_balears,201411,otras,6
9159,illes_balears,201410,otras,9
9160,illes_balears,201409,otras,20
9161,illes_balears,201408,otras,8
9162,illes_balears,201407,otras,8
9163,illes_balears,201406,otras,22
9164,illes_balears,201405,otras,3
9165,illes_balears,201404,otras,8
9166,illes_balears,201403,otras,16
9167,illes_balears,201402,otras,3
9168,illes_balears,201401,otras,5
9169,illes_balears,201312,otras,7
9170,illes_balears,201311,otras,10
9171,illes_balears,201310,otras,14
9172,illes_balears,201309,otras,4
9173,illes_balears,201308,otras,8
9174,illes_balears,201307,otras,11
9175,illes_balears,201306,otras,5
9176,illes_balears,201305,otras,8
9177,illes_balears,201304,otras,14
9178,illes_balears,201303,otras,7
9179,illes_balears,201302,otras,12
9180,illes_balears,201301,otras,7
9181,illes_balears,201212,otras,14
9182,illes_balears,201211,otras,3
9183,illes_balears,201210,otras,9
9184,illes_balears,201209,otras,5
9185,illes_balears,201208,otras,7
9186,illes_balears,201207,otras,9
9187,illes_balears,201206,otras,15
9188,illes_balears,201205,otras,14
9189,illes_balears,201204,otras,5
9190,illes_balears,201203,otras,12
9191,illes_balears,201202,otras,9
9192,illes_balears,201201,otras,7
9193,illes_balears,201112,otras,3
9194,illes_balears,201111,otras,7
9195,illes_balears,201110,otras,10
9196,illes_balears,201109,otras,4
9197,illes_balears,201108,otras,6
9198,illes_balears,201107,otras,7
9199,illes_balears,201106,otras,3
9200,illes_balears,201105,otras,4
9201,illes_balears,201104,otras,9
9202,illes_balears,201103,otras,12
9203,illes_balears,201102,otras,7
9204,illes_balears,201101,otras,4
9205,illes_balears,201012,otras,8
9206,illes_balears,201011,otras,6
9207,illes_balears,201010,otras,9
9208,illes_balears,201009,otras,5
9209,illes_balears,201008,otras,8
9210,illes_balears,201007,otras,4
9211,illes_balears,201006,otras,4
9212,illes_balears,201005,otras,1
9213,illes_balears,201004,otras,3
9214,illes_balears,201003,otras,3
9215,illes_balears,201002,otras,9
9216,illes_balears,201001,otras,2
9217,illes_balears,200912,otras,2
9218,illes_balears,200911,otras,3
9219,illes_balears,200910,otras,2
9220,illes_balears,200909,otras,1
9221,illes_balears,200908,otras,4
9222,illes_balears,200907,otras,2
9223,illes_balears,200906,otras,1
9224,illes_balears,200905,otras,2
9225,illes_balears,200904,otras,0
9226,illes_balears,200903,otras,2
9227,illes_balears,200902,otras,0
9228,illes_balears,200901,otras,2
9229,illes_balears,200812,otras,0
9230,illes_balears,200811,otras,1
9231,illes_balears,200810,otras,1
9232,illes_balears,200809,otras,2
9233,illes_balears,200808,otras,3
9234,illes_balears,200807,otras,0
9235,illes_balears,200806,otras,0
9236,illes_balears,200805,otras,1
9237,illes_balears,200804,otras,3
9238,illes_balears,200803,otras,1
9239,illes_balears,200802,otras,3
9240,illes_balears,200801,otras,5
9241,canarias,202604,otras,7
9242,canarias,202603,otras,5
9243,canarias,202602,otras,4
9244,canarias,202601,otras,5
9245,canarias,202512,otras,8
9246,canarias,202511,otras,3
9247,canarias,202510,otras,9
9248,canarias,202509,otras,3
9249,canarias,202508,otras,0
9250,canarias,202507,otras,6
9251,canarias,202506,otras,10
9252,canarias,202505,otras,6
9253,canarias,202504,otras,11
9254,canarias,202503,otras,5
9255,canarias,202502,otras,6
9256,canarias,202501,otras,4
9257,canarias,202412,otras,8
9258,canarias,202411,otras,9
9259,canarias,202410,otras,13
9260,canarias,202409,otras,1
9261,canarias,202408,otras,5
9262,canarias,202407,otras,8
9263,canarias,202406,otras,6
9264,canarias,202405,otras,1
9265,canarias,202404,otras,11
9266,canarias,202403,otras,5
9267,canarias,202402,otras,7
9268,canarias,202401,otras,6
9269,canarias,202312,otras,7
9270,canarias,202311,otras,4
9271,canarias,202310,otras,10
9272,canarias,202309,otras,5
9273,canarias,202308,otras,3
9274,canarias,202307,otras,12
9275,canarias,202306,otras,3
9276,canarias,202305,otras,7
9277,canarias,202304,otras,2
9278,canarias,202303,otras,2
9279,canarias,202302,otras,1
9280,canarias,202301,otras,3
9281,canarias,202212,otras,6
9282,canarias,202211,otras,8
9283,canarias,202210,otras,6
9284,canarias,202209,otras,4
9285,canarias,202208,otras,5
9286,canarias,202207,otras,7
9287,canarias,202206,otras,14
9288,canarias,202205,otras,7
9289,canarias,202204,otras,8
9290,canarias,202203,otras,9
9291,canarias,202202,otras,7
9292,canarias,202201,otras,7
9293,canarias,202112,otras,18
9294,canarias,202111,otras,5
9295,canarias,202110,otras,11
9296,canarias,202109,otras,9
9297,canarias,202108,otras,8
9298,canarias,202107,otras,5
9299,canarias,202106,otras,4
9300,canarias,202105,otras,10
9301,canarias,202104,otras,9
9302,canarias,202103,otras,10
9303,canarias,202102,otras,7
9304,canarias,202101,otras,2
9305,canarias,202012,otras,11
9306,canarias,202011,otras,9
9307,canarias,202010,otras,6
9308,canarias,202009,otras,4
9309,canarias,202008,otras,8
9310,canarias,202007,otras,6
9311,canarias,202006,otras,1
9312,canarias,202005,otras,0
9313,canarias,202004,otras,0
9314,canarias,202003,otras,4
9315,canarias,202002,otras,8
9316,canarias,202001,otras,2
9317,canarias,201912,otras,6
9318,canarias,201911,otras,5
9319,canarias,201910,otras,6
9320,canarias,201909,otras,6
9321,canarias,201908,otras,9
9322,canarias,201907,otras,13
9323,canarias,201906,otras,3
9324,canarias,201905,otras,4
9325,canarias,201904,otras,7
9326,canarias,201903,otras,4
9327,canarias,201902,otras,7
9328,canarias,201901,otras,4
9329,canarias,201812,otras,1
9330,canarias,201811,otras,4
9331,canarias,201810,otras,9
9332,canarias,201809,otras,2
9333,canarias,201808,otras,6
9334,canarias,201807,otras,5
9335,canarias,201806,otras,4
9336,canarias,201805,otras,5
9337,canarias,201804,otras,8
9338,canarias,201803,otras,8
9339,canarias,201802,otras,5
9340,canarias,201801,otras,7
9341,canarias,201712,otras,2
9342,canarias,201711,otras,7
9343,canarias,201710,otras,2
9344,canarias,201709,otras,3
9345,canarias,201708,otras,5
9346,canarias,201707,otras,9
9347,canarias,201706,otras,5
9348,canarias,201705,otras,6
9349,canarias,201704,otras,3
9350,canarias,201703,otras,4
9351,canarias,201702,otras,6
9352,canarias,201701,otras,8
9353,canarias,201612,otras,5
9354,canarias,201611,otras,8
9355,canarias,201610,otras,6
9356,canarias,201609,otras,8
9357,canarias,201608,otras,1
9358,canarias,201607,otras,7
9359,canarias,201606,otras,8
9360,canarias,201605,otras,4
9361,canarias,201604,otras,9
9362,canarias,201603,otras,7
9363,canarias,201602,otras,13
9364,canarias,201601,otras,8
9365,canarias,201512,otras,9
9366,canarias,201511,otras,9
9367,canarias,201510,otras,12
9368,canarias,201509,otras,11
9369,canarias,201508,otras,8
9370,canarias,201507,otras,17
9371,canarias,201506,otras,6
9372,canarias,201505,otras,10
9373,canarias,201504,otras,8
9374,canarias,201503,otras,11
9375,canarias,201502,otras,8
9376,canarias,201501,otras,3
9377,canarias,201412,otras,6
9378,canarias,201411,otras,9
9379,canarias,201410,otras,6
9380,canarias,201409,otras,5
9381,canarias,201408,otras,4
9382,canarias,201407,otras,11
9383,canarias,201406,otras,15
9384,canarias,201405,otras,6
9385,canarias,201404,otras,7
9386,canarias,201403,otras,3
9387,canarias,201402,otras,6
9388,canarias,201401,otras,6
9389,canarias,201312,otras,7
9390,canarias,201311,otras,8
9391,canarias,201310,otras,7
9392,canarias,201309,otras,2
9393,canarias,201308,otras,9
9394,canarias,201307,otras,4
9395,canarias,201306,otras,6
9396,canarias,201305,otras,6
9397,canarias,201304,otras,7
9398,canarias,201303,otras,6
9399,canarias,201302,otras,2
9400,canarias,201301,otras,3
9401,canarias,201212,otras,4
9402,canarias,201211,otras,10
9403,canarias,201210,otras,3
9404,canarias,201209,otras,1
9405,canarias,201208,otras,1
9406,canarias,201207,otras,4
9407,canarias,201206,otras,0
9408,canarias,201205,otras,2
9409,canarias,201204,otras,2
9410,canarias,201203,otras,0
9411,canarias,201202,otras,0
9412,canarias,201201,otras,5
9413,canarias,201112,otras,0
9414,canarias,201111,otras,0
9415,canarias,201110,otras,1
9416,canarias,201109,otras,0
9417,canarias,201108,otras,2
9418,canarias,201107,otras,0
9419,canarias,201106,otras,0
9420,canarias,201105,otras,2
9421,canarias,201104,otras,2
9422,canarias,201103,otras,2
9423,canarias,201102,otras,0
9424,canarias,201101,otras,2
9425,canarias,201012,otras,1
9426,canarias,201011,otras,2
9427,canarias,201010,otras,2
9428,canarias,201009,otras,1
9429,canarias,201008,otras,2
9430,canarias,201007,otras,3
9431,canarias,201006,otras,1
9432,canarias,201005,otras,5
9433,canarias,201004,otras,1
9434,canarias,201003,otras,1
9435,canarias,201002,otras,0
9436,canarias,201001,otras,3
9437,canarias,200912,otras,1
9438,canarias,200911,otras,2
9439,canarias,200910,otras,0
9440,canarias,200909,otras,0
9441,canarias,200908,otras,0
9442,canarias,200907,otras,2
9443,canarias,200906,otras,1
9444,canarias,200905,otras,0
9445,canarias,200904,otras,0
9446,canarias,200903,otras,1
9447,canarias,200902,otras,0
9448,canarias,200901,otras,1
9449,canarias,200812,otras,1
9450,canarias,200811,otras,0
9451,canarias,200810,otras,0
9452,canarias,200809,otras,1
9453,canarias,200808,otras,0
9454,canarias,200807,otras,2
9455,canarias,200806,otras,0
9456,canarias,200805,otras,1
9457,canarias,200804,otras,0
9458,canarias,200803,otras,0
9459,canarias,200802,otras,0
9460,canarias,200801,otras,0
9461,cantabria,202604,otras,2
9462,cantabria,202603,otras,1
9463,cantabria,202602,otras,3
9464,cantabria,202601,otras,6
9465,cantabria,202512,otras,5
9466,cantabria,202511,otras,2
9467,cantabria,202510,otras,6
9468,cantabria,202509,otras,1
9469,cantabria,202508,otras,0
9470,cantabria,202507,otras,3
9471,cantabria,202506,otras,2
9472,cantabria,202505,otras,4
9473,cantabria,202504,otras,2
9474,cantabria,202503,otras,3
9475,cantabria,202502,otras,1
9476,cantabria,202501,otras,1
9477,cantabria,202412,otras,0
9478,cantabria,202411,otras,2
9479,cantabria,202410,otras,4
9480,cantabria,202409,otras,1
9481,cantabria,202408,otras,1
9482,cantabria,202407,otras,1
9483,cantabria,202406,otras,3
9484,cantabria,202405,otras,0
9485,cantabria,202404,otras,3
9486,cantabria,202403,otras,0
9487,cantabria,202402,otras,3
9488,cantabria,202401,otras,4
9489,cantabria,202312,otras,2
9490,cantabria,202311,otras,7
9491,cantabria,202310,otras,1
9492,cantabria,202309,otras,1
9493,cantabria,202308,otras,0
9494,cantabria,202307,otras,1
9495,cantabria,202306,otras,5
9496,cantabria,202305,otras,0
9497,cantabria,202304,otras,0
9498,cantabria,202303,otras,2
9499,cantabria,202302,otras,0
9500,cantabria,202301,otras,1
9501,cantabria,202212,otras,2
9502,cantabria,202211,otras,1
9503,cantabria,202210,otras,3
9504,cantabria,202209,otras,0
9505,cantabria,202208,otras,4
9506,cantabria,202207,otras,1
9507,cantabria,202206,otras,5
9508,cantabria,202205,otras,1
9509,cantabria,202204,otras,2
9510,cantabria,202203,otras,2
9511,cantabria,202202,otras,1
9512,cantabria,202201,otras,0
9513,cantabria,202112,otras,2
9514,cantabria,202111,otras,4
9515,cantabria,202110,otras,1
9516,cantabria,202109,otras,2
9517,cantabria,202108,otras,1
9518,cantabria,202107,otras,5
9519,cantabria,202106,otras,3
9520,cantabria,202105,otras,3
9521,cantabria,202104,otras,1
9522,cantabria,202103,otras,1
9523,cantabria,202102,otras,2
9524,cantabria,202101,otras,2
9525,cantabria,202012,otras,2
9526,cantabria,202011,otras,1
9527,cantabria,202010,otras,1
9528,cantabria,202009,otras,1
9529,cantabria,202008,otras,5
9530,cantabria,202007,otras,3
9531,cantabria,202006,otras,4
9532,cantabria,202005,otras,0
9533,cantabria,202004,otras,0
9534,cantabria,202003,otras,4
9535,cantabria,202002,otras,1
9536,cantabria,202001,otras,2
9537,cantabria,201912,otras,2
9538,cantabria,201911,otras,4
9539,cantabria,201910,otras,4
9540,cantabria,201909,otras,1
9541,cantabria,201908,otras,2
9542,cantabria,201907,otras,2
9543,cantabria,201906,otras,8
9544,cantabria,201905,otras,1
9545,cantabria,201904,otras,5
9546,cantabria,201903,otras,0
9547,cantabria,201902,otras,2
9548,cantabria,201901,otras,3
9549,cantabria,201812,otras,1
9550,cantabria,201811,otras,2
9551,cantabria,201810,otras,3
9552,cantabria,201809,otras,0
9553,cantabria,201808,otras,0
9554,cantabria,201807,otras,1
9555,cantabria,201806,otras,2
9556,cantabria,201805,otras,4
9557,cantabria,201804,otras,2
9558,cantabria,201803,otras,6
9559,cantabria,201802,otras,2
9560,cantabria,201801,otras,4
9561,cantabria,201712,otras,5
9562,cantabria,201711,otras,2
9563,cantabria,201710,otras,1
9564,cantabria,201709,otras,3
9565,cantabria,201708,otras,1
9566,cantabria,201707,otras,5
9567,cantabria,201706,otras,5
9568,cantabria,201705,otras,12
9569,cantabria,201704,otras,4
9570,cantabria,201703,otras,9
9571,cantabria,201702,otras,4
9572,cantabria,201701,otras,10
9573,cantabria,201612,otras,5
9574,cantabria,201611,otras,4
9575,cantabria,201610,otras,2
9576,cantabria,201609,otras,1
9577,cantabria,201608,otras,3
9578,cantabria,201607,otras,2
9579,cantabria,201606,otras,3
9580,cantabria,201605,otras,2
9581,cantabria,201604,otras,4
9582,cantabria,201603,otras,4
9583,cantabria,201602,otras,0
9584,cantabria,201601,otras,4
9585,cantabria,201512,otras,7
9586,cantabria,201511,otras,5
9587,cantabria,201510,otras,3
9588,cantabria,201509,otras,2
9589,cantabria,201508,otras,0
9590,cantabria,201507,otras,4
9591,cantabria,201506,otras,2
9592,cantabria,201505,otras,5
9593,cantabria,201504,otras,2
9594,cantabria,201503,otras,2
9595,cantabria,201502,otras,5
9596,cantabria,201501,otras,1
9597,cantabria,201412,otras,4
9598,cantabria,201411,otras,4
9599,cantabria,201410,otras,3
9600,cantabria,201409,otras,4
9601,cantabria,201408,otras,2
9602,cantabria,201407,otras,4
9603,cantabria,201406,otras,8
9604,cantabria,201405,otras,4
9605,cantabria,201404,otras,7
9606,cantabria,201403,otras,7
9607,cantabria,201402,otras,5
9608,cantabria,201401,otras,5
9609,cantabria,201312,otras,4
9610,cantabria,201311,otras,6
9611,cantabria,201310,otras,14
9612,cantabria,201309,otras,8
9613,cantabria,201308,otras,5
9614,cantabria,201307,otras,7
9615,cantabria,201306,otras,6
9616,cantabria,201305,otras,5
9617,cantabria,201304,otras,5
9618,cantabria,201303,otras,15
9619,cantabria,201302,otras,3
9620,cantabria,201301,otras,9
9621,cantabria,201212,otras,2
9622,cantabria,201211,otras,3
9623,cantabria,201210,otras,4
9624,cantabria,201209,otras,2
9625,cantabria,201208,otras,2
9626,cantabria,201207,otras,5
9627,cantabria,201206,otras,7
9628,cantabria,201205,otras,16
9629,cantabria,201204,otras,4
9630,cantabria,201203,otras,1
9631,cantabria,201202,otras,2
9632,cantabria,201201,otras,0
9633,cantabria,201112,otras,4
9634,cantabria,201111,otras,2
9635,cantabria,201110,otras,4
9636,cantabria,201109,otras,0
9637,cantabria,201108,otras,1
9638,cantabria,201107,otras,1
9639,cantabria,201106,otras,0
9640,cantabria,201105,otras,0
9641,cantabria,201104,otras,4
9642,cantabria,201103,otras,2
9643,cantabria,201102,otras,2
9644,cantabria,201101,otras,1
9645,cantabria,201012,otras,5
9646,cantabria,201011,otras,0
9647,cantabria,201010,otras,6
9648,cantabria,201009,otras,2
9649,cantabria,201008,otras,0
9650,cantabria,201007,otras,4
9651,cantabria,201006,otras,6
9652,cantabria,201005,otras,3
9653,cantabria,201004,otras,1
9654,cantabria,201003,otras,0
9655,cantabria,201002,otras,0
9656,cantabria,201001,otras,0
9657,cantabria,200912,otras,0
9658,cantabria,200911,otras,0
9659,cantabria,200910,otras,0
9660,cantabria,200909,otras,0
9661,cantabria,200908,otras,1
9662,cantabria,200907,otras,0
9663,cantabria,200906,otras,0
9664,cantabria,200905,otras,0
9665,cantabria,200904,otras,0
9666,cantabria,200903,otras,1
9667,cantabria,200902,otras,1
9668,cantabria,200901,otras,0
9669,cantabria,200812,otras,0
9670,cantabria,200811,otras,0
9671,cantabria,200810,otras,0
9672,cantabria,200809,otras,0
9673,cantabria,200808,otras,1
9674,cantabria,200807,otras,1
9675,cantabria,200806,otras,0
9676,cantabria,200805,otras,0
9677,cantabria,200804,otras,0
9678,cantabria,200803,otras,0
9679,cantabria,200802,otras,0
9680,cantabria,200801,otras,0
9681,castilla_y_leon,202604,otras,12
9682,castilla_y_leon,202603,otras,11
9683,castilla_y_leon,202602,otras,13
9684,castilla_y_leon,202601,otras,11
9685,castilla_y_leon,202512,otras,9
9686,castilla_y_leon,202511,otras,9
9687,castilla_y_leon,202510,otras,5
9688,castilla_y_leon,202509,otras,7
9689,castilla_y_leon,202508,otras,2
9690,castilla_y_leon,202507,otras,6
9691,castilla_y_leon,202506,otras,5
9692,castilla_y_leon,202505,otras,5
9693,castilla_y_leon,202504,otras,9
9694,castilla_y_leon,202503,otras,6
9695,castilla_y_leon,202502,otras,10
9696,castilla_y_leon,202501,otras,17
9697,castilla_y_leon,202412,otras,7
9698,castilla_y_leon,202411,otras,9
9699,castilla_y_leon,202410,otras,13
9700,castilla_y_leon,202409,otras,6
9701,castilla_y_leon,202408,otras,8
9702,castilla_y_leon,202407,otras,7
9703,castilla_y_leon,202406,otras,7
9704,castilla_y_leon,202405,otras,4
9705,castilla_y_leon,202404,otras,11
9706,castilla_y_leon,202403,otras,9
9707,castilla_y_leon,202402,otras,11
9708,castilla_y_leon,202401,otras,3
9709,castilla_y_leon,202312,otras,6
9710,castilla_y_leon,202311,otras,4
9711,castilla_y_leon,202310,otras,12
9712,castilla_y_leon,202309,otras,10
9713,castilla_y_leon,202308,otras,9
9714,castilla_y_leon,202307,otras,10
9715,castilla_y_leon,202306,otras,6
9716,castilla_y_leon,202305,otras,9
9717,castilla_y_leon,202304,otras,8
9718,castilla_y_leon,202303,otras,12
9719,castilla_y_leon,202302,otras,15
9720,castilla_y_leon,202301,otras,6
9721,castilla_y_leon,202212,otras,5
9722,castilla_y_leon,202211,otras,20
9723,castilla_y_leon,202210,otras,7
9724,castilla_y_leon,202209,otras,6
9725,castilla_y_leon,202208,otras,3
9726,castilla_y_leon,202207,otras,6
9727,castilla_y_leon,202206,otras,14
9728,castilla_y_leon,202205,otras,10
9729,castilla_y_leon,202204,otras,2
9730,castilla_y_leon,202203,otras,6
9731,castilla_y_leon,202202,otras,9
9732,castilla_y_leon,202201,otras,11
9733,castilla_y_leon,202112,otras,4
9734,castilla_y_leon,202111,otras,8
9735,castilla_y_leon,202110,otras,6
9736,castilla_y_leon,202109,otras,6
9737,castilla_y_leon,202108,otras,3
9738,castilla_y_leon,202107,otras,4
9739,castilla_y_leon,202106,otras,10
9740,castilla_y_leon,202105,otras,13
9741,castilla_y_leon,202104,otras,17
9742,castilla_y_leon,202103,otras,12
9743,castilla_y_leon,202102,otras,8
9744,castilla_y_leon,202101,otras,6
9745,castilla_y_leon,202012,otras,10
9746,castilla_y_leon,202011,otras,11
9747,castilla_y_leon,202010,otras,10
9748,castilla_y_leon,202009,otras,6
9749,castilla_y_leon,202008,otras,4
9750,castilla_y_leon,202007,otras,4
9751,castilla_y_leon,202006,otras,7
9752,castilla_y_leon,202005,otras,0
9753,castilla_y_leon,202004,otras,2
9754,castilla_y_leon,202003,otras,10
9755,castilla_y_leon,202002,otras,5
9756,castilla_y_leon,202001,otras,8
9757,castilla_y_leon,201912,otras,10
9758,castilla_y_leon,201911,otras,4
9759,castilla_y_leon,201910,otras,7
9760,castilla_y_leon,201909,otras,6
9761,castilla_y_leon,201908,otras,5
9762,castilla_y_leon,201907,otras,6
9763,castilla_y_leon,201906,otras,8
9764,castilla_y_leon,201905,otras,9
9765,castilla_y_leon,201904,otras,9
9766,castilla_y_leon,201903,otras,14
9767,castilla_y_leon,201902,otras,12
9768,castilla_y_leon,201901,otras,7
9769,castilla_y_leon,201812,otras,7
9770,castilla_y_leon,201811,otras,14
9771,castilla_y_leon,201810,otras,9
9772,castilla_y_leon,201809,otras,7
9773,castilla_y_leon,201808,otras,3
9774,castilla_y_leon,201807,otras,7
9775,castilla_y_leon,201806,otras,7
9776,castilla_y_leon,201805,otras,15
9777,castilla_y_leon,201804,otras,13
9778,castilla_y_leon,201803,otras,9
9779,castilla_y_leon,201802,otras,18
9780,castilla_y_leon,201801,otras,6
9781,castilla_y_leon,201712,otras,8
9782,castilla_y_leon,201711,otras,12
9783,castilla_y_leon,201710,otras,10
9784,castilla_y_leon,201709,otras,6
9785,castilla_y_leon,201708,otras,10
9786,castilla_y_leon,201707,otras,7
9787,castilla_y_leon,201706,otras,7
9788,castilla_y_leon,201705,otras,10
9789,castilla_y_leon,201704,otras,11
9790,castilla_y_leon,201703,otras,14
9791,castilla_y_leon,201702,otras,14
9792,castilla_y_leon,201701,otras,3
9793,castilla_y_leon,201612,otras,5
9794,castilla_y_leon,201611,otras,16
9795,castilla_y_leon,201610,otras,7
9796,castilla_y_leon,201609,otras,1
9797,castilla_y_leon,201608,otras,5
9798,castilla_y_leon,201607,otras,17
9799,castilla_y_leon,201606,otras,11
9800,castilla_y_leon,201605,otras,9
9801,castilla_y_leon,201604,otras,10
9802,castilla_y_leon,201603,otras,12
9803,castilla_y_leon,201602,otras,8
9804,castilla_y_leon,201601,otras,5
9805,castilla_y_leon,201512,otras,14
9806,castilla_y_leon,201511,otras,9
9807,castilla_y_leon,201510,otras,15
9808,castilla_y_leon,201509,otras,5
9809,castilla_y_leon,201508,otras,8
9810,castilla_y_leon,201507,otras,11
9811,castilla_y_leon,201506,otras,16
9812,castilla_y_leon,201505,otras,9
9813,castilla_y_leon,201504,otras,10
9814,castilla_y_leon,201503,otras,16
9815,castilla_y_leon,201502,otras,17
9816,castilla_y_leon,201501,otras,12
9817,castilla_y_leon,201412,otras,7
9818,castilla_y_leon,201411,otras,15
9819,castilla_y_leon,201410,otras,27
9820,castilla_y_leon,201409,otras,12
9821,castilla_y_leon,201408,otras,8
9822,castilla_y_leon,201407,otras,12
9823,castilla_y_leon,201406,otras,14
9824,castilla_y_leon,201405,otras,18
9825,castilla_y_leon,201404,otras,21
9826,castilla_y_leon,201403,otras,25
9827,castilla_y_leon,201402,otras,13
9828,castilla_y_leon,201401,otras,15
9829,castilla_y_leon,201312,otras,20
9830,castilla_y_leon,201311,otras,22
9831,castilla_y_leon,201310,otras,19
9832,castilla_y_leon,201309,otras,20
9833,castilla_y_leon,201308,otras,7
9834,castilla_y_leon,201307,otras,26
9835,castilla_y_leon,201306,otras,16
9836,castilla_y_leon,201305,otras,17
9837,castilla_y_leon,201304,otras,8
9838,castilla_y_leon,201303,otras,14
9839,castilla_y_leon,201302,otras,16
9840,castilla_y_leon,201301,otras,14
9841,castilla_y_leon,201212,otras,16
9842,castilla_y_leon,201211,otras,14
9843,castilla_y_leon,201210,otras,18
9844,castilla_y_leon,201209,otras,6
9845,castilla_y_leon,201208,otras,8
9846,castilla_y_leon,201207,otras,16
9847,castilla_y_leon,201206,otras,19
9848,castilla_y_leon,201205,otras,17
9849,castilla_y_leon,201204,otras,16
9850,castilla_y_leon,201203,otras,14
9851,castilla_y_leon,201202,otras,9
9852,castilla_y_leon,201201,otras,8
9853,castilla_y_leon,201112,otras,10
9854,castilla_y_leon,201111,otras,24
9855,castilla_y_leon,201110,otras,13
9856,castilla_y_leon,201109,otras,4
9857,castilla_y_leon,201108,otras,3
9858,castilla_y_leon,201107,otras,14
9859,castilla_y_leon,201106,otras,10
9860,castilla_y_leon,201105,otras,16
9861,castilla_y_leon,201104,otras,11
9862,castilla_y_leon,201103,otras,8
9863,castilla_y_leon,201102,otras,5
9864,castilla_y_leon,201101,otras,7
9865,castilla_y_leon,201012,otras,10
9866,castilla_y_leon,201011,otras,16
9867,castilla_y_leon,201010,otras,8
9868,castilla_y_leon,201009,otras,6
9869,castilla_y_leon,201008,otras,2
9870,castilla_y_leon,201007,otras,14
9871,castilla_y_leon,201006,otras,10
9872,castilla_y_leon,201005,otras,5
9873,castilla_y_leon,201004,otras,6
9874,castilla_y_leon,201003,otras,6
9875,castilla_y_leon,201002,otras,8
9876,castilla_y_leon,201001,otras,5
9877,castilla_y_leon,200912,otras,7
9878,castilla_y_leon,200911,otras,6
9879,castilla_y_leon,200910,otras,5
9880,castilla_y_leon,200909,otras,2
9881,castilla_y_leon,200908,otras,1
9882,castilla_y_leon,200907,otras,3
9883,castilla_y_leon,200906,otras,0
9884,castilla_y_leon,200905,otras,0
9885,castilla_y_leon,200904,otras,1
9886,castilla_y_leon,200903,otras,2
9887,castilla_y_leon,200902,otras,5
9888,castilla_y_leon,200901,otras,1
9889,castilla_y_leon,200812,otras,0
9890,castilla_y_leon,200811,otras,1
9891,castilla_y_leon,200810,otras,1
9892,castilla_y_leon,200809,otras,1
9893,castilla_y_leon,200808,otras,0
9894,castilla_y_leon,200807,otras,1
9895,castilla_y_leon,200806,otras,2
9896,castilla_y_leon,200805,otras,1
9897,castilla_y_leon,200804,otras,2
9898,castilla_y_leon,200803,otras,1
9899,castilla_y_leon,200802,otras,1
9900,castilla_y_leon,200801,otras,2
9901,castilla_la_mancha,202604,otras,4
9902,castilla_la_mancha,202603,otras,2
9903,castilla_la_mancha,202602,otras,4
9904,castilla_la_mancha,202601,otras,4
9905,castilla_la_mancha,202512,otras,3
9906,castilla_la_mancha,202511,otras,3
9907,castilla_la_mancha,202510,otras,11
9908,castilla_la_mancha,202509,otras,0
9909,castilla_la_mancha,202508,otras,3
9910,castilla_la_mancha,202507,otras,5
9911,castilla_la_mancha,202506,otras,9
9912,castilla_la_mancha,202505,otras,13
9913,castilla_la_mancha,202504,otras,6
9914,castilla_la_mancha,202503,otras,15
9915,castilla_la_mancha,202502,otras,7
9916,castilla_la_mancha,202501,otras,5
9917,castilla_la_mancha,202412,otras,3
9918,castilla_la_mancha,202411,otras,7
9919,castilla_la_mancha,202410,otras,7
9920,castilla_la_mancha,202409,otras,1
9921,castilla_la_mancha,202408,otras,1
9922,castilla_la_mancha,202407,otras,5
9923,castilla_la_mancha,202406,otras,10
9924,castilla_la_mancha,202405,otras,0
9925,castilla_la_mancha,202404,otras,8
9926,castilla_la_mancha,202403,otras,8
9927,castilla_la_mancha,202402,otras,5
9928,castilla_la_mancha,202401,otras,6
9929,castilla_la_mancha,202312,otras,12
9930,castilla_la_mancha,202311,otras,5
9931,castilla_la_mancha,202310,otras,2
9932,castilla_la_mancha,202309,otras,5
9933,castilla_la_mancha,202308,otras,1
9934,castilla_la_mancha,202307,otras,2
9935,castilla_la_mancha,202306,otras,2
9936,castilla_la_mancha,202305,otras,7
9937,castilla_la_mancha,202304,otras,3
9938,castilla_la_mancha,202303,otras,3
9939,castilla_la_mancha,202302,otras,1
9940,castilla_la_mancha,202301,otras,7
9941,castilla_la_mancha,202212,otras,3
9942,castilla_la_mancha,202211,otras,4
9943,castilla_la_mancha,202210,otras,11
9944,castilla_la_mancha,202209,otras,2
9945,castilla_la_mancha,202208,otras,3
9946,castilla_la_mancha,202207,otras,7
9947,castilla_la_mancha,202206,otras,3
9948,castilla_la_mancha,202205,otras,6
9949,castilla_la_mancha,202204,otras,8
9950,castilla_la_mancha,202203,otras,9
9951,castilla_la_mancha,202202,otras,3
9952,castilla_la_mancha,202201,otras,6
9953,castilla_la_mancha,202112,otras,6
9954,castilla_la_mancha,202111,otras,6
9955,castilla_la_mancha,202110,otras,8
9956,castilla_la_mancha,202109,otras,2
9957,castilla_la_mancha,202108,otras,1
9958,castilla_la_mancha,202107,otras,4
9959,castilla_la_mancha,202106,otras,9
9960,castilla_la_mancha,202105,otras,4
9961,castilla_la_mancha,202104,otras,6
9962,castilla_la_mancha,202103,otras,4
9963,castilla_la_mancha,202102,otras,9
9964,castilla_la_mancha,202101,otras,3
9965,castilla_la_mancha,202012,otras,1
9966,castilla_la_mancha,202011,otras,2
9967,castilla_la_mancha,202010,otras,8
9968,castilla_la_mancha,202009,otras,4
9969,castilla_la_mancha,202008,otras,0
9970,castilla_la_mancha,202007,otras,6
9971,castilla_la_mancha,202006,otras,3
9972,castilla_la_mancha,202005,otras,0
9973,castilla_la_mancha,202004,otras,0
9974,castilla_la_mancha,202003,otras,6
9975,castilla_la_mancha,202002,otras,11
9976,castilla_la_mancha,202001,otras,6
9977,castilla_la_mancha,201912,otras,5
9978,castilla_la_mancha,201911,otras,9
9979,castilla_la_mancha,201910,otras,5
9980,castilla_la_mancha,201909,otras,5
9981,castilla_la_mancha,201908,otras,4
9982,castilla_la_mancha,201907,otras,7
9983,castilla_la_mancha,201906,otras,7
9984,castilla_la_mancha,201905,otras,2
9985,castilla_la_mancha,201904,otras,8
9986,castilla_la_mancha,201903,otras,15
9987,castilla_la_mancha,201902,otras,5
9988,castilla_la_mancha,201901,otras,9
9989,castilla_la_mancha,201812,otras,6
9990,castilla_la_mancha,201811,otras,10
9991,castilla_la_mancha,201810,otras,5
9992,castilla_la_mancha,201809,otras,9
9993,castilla_la_mancha,201808,otras,5
9994,castilla_la_mancha,201807,otras,12
9995,castilla_la_mancha,201806,otras,10
9996,castilla_la_mancha,201805,otras,8
9997,castilla_la_mancha,201804,otras,16
9998,castilla_la_mancha,201803,otras,10
9999,castilla_la_mancha,201802,otras,11
10000,castilla_la_mancha,201801,otras,18
10001,castilla_la_mancha,201712,otras,12
10002,castilla_la_mancha,201711,otras,9
10003,castilla_la_mancha,201710,otras,5
10004,castilla_la_mancha,201709,otras,3
10005,castilla_la_mancha,201708,otras,2
10006,castilla_la_mancha,201707,otras,10
10007,castilla_la_mancha,201706,otras,5
10008,castilla_la_mancha,201705,otras,9
10009,castilla_la_mancha,201704,otras,13
10010,castilla_la_mancha,201703,otras,9
10011,castilla_la_mancha,201702,otras,6
10012,castilla_la_mancha,201701,otras,5
10013,castilla_la_mancha,201612,otras,8
10014,castilla_la_mancha,201611,otras,10
10015,castilla_la_mancha,201610,otras,8
10016,castilla_la_mancha,201609,otras,4
10017,castilla_la_mancha,201608,otras,4
10018,castilla_la_mancha,201607,otras,7
10019,castilla_la_mancha,201606,otras,4
10020,castilla_la_mancha,201605,otras,5
10021,castilla_la_mancha,201604,otras,12
10022,castilla_la_mancha,201603,otras,10
10023,castilla_la_mancha,201602,otras,10
10024,castilla_la_mancha,201601,otras,5
10025,castilla_la_mancha,201512,otras,8
10026,castilla_la_mancha,201511,otras,14
10027,castilla_la_mancha,201510,otras,14
10028,castilla_la_mancha,201509,otras,2
10029,castilla_la_mancha,201508,otras,8
10030,castilla_la_mancha,201507,otras,12
10031,castilla_la_mancha,201506,otras,16
10032,castilla_la_mancha,201505,otras,8
10033,castilla_la_mancha,201504,otras,10
10034,castilla_la_mancha,201503,otras,15
10035,castilla_la_mancha,201502,otras,15
10036,castilla_la_mancha,201501,otras,9
10037,castilla_la_mancha,201412,otras,16
10038,castilla_la_mancha,201411,otras,14
10039,castilla_la_mancha,201410,otras,16
10040,castilla_la_mancha,201409,otras,3
10041,castilla_la_mancha,201408,otras,10
10042,castilla_la_mancha,201407,otras,19
10043,castilla_la_mancha,201406,otras,16
10044,castilla_la_mancha,201405,otras,10
10045,castilla_la_mancha,201404,otras,9
10046,castilla_la_mancha,201403,otras,16
10047,castilla_la_mancha,201402,otras,16
10048,castilla_la_mancha,201401,otras,9
10049,castilla_la_mancha,201312,otras,12
10050,castilla_la_mancha,201311,otras,14
10051,castilla_la_mancha,201310,otras,20
10052,castilla_la_mancha,201309,otras,15
10053,castilla_la_mancha,201308,otras,5
10054,castilla_la_mancha,201307,otras,26
10055,castilla_la_mancha,201306,otras,19
10056,castilla_la_mancha,201305,otras,11
10057,castilla_la_mancha,201304,otras,17
10058,castilla_la_mancha,201303,otras,13
10059,castilla_la_mancha,201302,otras,7
10060,castilla_la_mancha,201301,otras,6
10061,castilla_la_mancha,201212,otras,17
10062,castilla_la_mancha,201211,otras,11
10063,castilla_la_mancha,201210,otras,12
10064,castilla_la_mancha,201209,otras,12
10065,castilla_la_mancha,201208,otras,10
10066,castilla_la_mancha,201207,otras,27
10067,castilla_la_mancha,201206,otras,13
10068,castilla_la_mancha,201205,otras,16
10069,castilla_la_mancha,201204,otras,10
10070,castilla_la_mancha,201203,otras,17
10071,castilla_la_mancha,201202,otras,18
10072,castilla_la_mancha,201201,otras,10
10073,castilla_la_mancha,201112,otras,4
10074,castilla_la_mancha,201111,otras,11
10075,castilla_la_mancha,201110,otras,5
10076,castilla_la_mancha,201109,otras,4
10077,castilla_la_mancha,201108,otras,0
10078,castilla_la_mancha,201107,otras,9
10079,castilla_la_mancha,201106,otras,4
10080,castilla_la_mancha,201105,otras,1
10081,castilla_la_mancha,201104,otras,9
10082,castilla_la_mancha,201103,otras,9
10083,castilla_la_mancha,201102,otras,6
10084,castilla_la_mancha,201101,otras,7
10085,castilla_la_mancha,201012,otras,4
10086,castilla_la_mancha,201011,otras,6
10087,castilla_la_mancha,201010,otras,8
10088,castilla_la_mancha,201009,otras,6
10089,castilla_la_mancha,201008,otras,7
10090,castilla_la_mancha,201007,otras,3
10091,castilla_la_mancha,201006,otras,8
10092,castilla_la_mancha,201005,otras,3
10093,castilla_la_mancha,201004,otras,7
10094,castilla_la_mancha,201003,otras,3
10095,castilla_la_mancha,201002,otras,4
10096,castilla_la_mancha,201001,otras,3
10097,castilla_la_mancha,200912,otras,4
10098,castilla_la_mancha,200911,otras,8
10099,castilla_la_mancha,200910,otras,2
10100,castilla_la_mancha,200909,otras,0
10101,castilla_la_mancha,200908,otras,2
10102,castilla_la_mancha,200907,otras,2
10103,castilla_la_mancha,200906,otras,2
10104,castilla_la_mancha,200905,otras,3
10105,castilla_la_mancha,200904,otras,3
10106,castilla_la_mancha,200903,otras,0
10107,castilla_la_mancha,200902,otras,4
10108,castilla_la_mancha,200901,otras,1
10109,castilla_la_mancha,200812,otras,0
10110,castilla_la_mancha,200811,otras,0
10111,castilla_la_mancha,200810,otras,1
10112,castilla_la_mancha,200809,otras,2
10113,castilla_la_mancha,200808,otras,0
10114,castilla_la_mancha,200807,otras,0
10115,castilla_la_mancha,200806,otras,0
10116,castilla_la_mancha,200805,otras,2
10117,castilla_la_mancha,200804,otras,0
10118,castilla_la_mancha,200803,otras,0
10119,castilla_la_mancha,200802,otras,0
10120,castilla_la_mancha,200801,otras,0
10121,cataluna,202604,otras,34
10122,cataluna,202603,otras,35
10123,cataluna,202602,otras,24
10124,cataluna,202601,otras,34
10125,cataluna,202512,otras,18
10126,cataluna,202511,otras,22
10127,cataluna,202510,otras,24
10128,cataluna,202509,otras,5
10129,cataluna,202508,otras,12
10130,cataluna,202507,otras,37
10131,cataluna,202506,otras,20
10132,cataluna,202505,otras,44
10133,cataluna,202504,otras,30
10134,cataluna,202503,otras,34
10135,cataluna,202502,otras,43
10136,cataluna,202501,otras,13
10137,cataluna,202412,otras,28
10138,cataluna,202411,otras,22
10139,cataluna,202410,otras,28
10140,cataluna,202409,otras,12
10141,cataluna,202408,otras,24
10142,cataluna,202407,otras,28
10143,cataluna,202406,otras,24
10144,cataluna,202405,otras,29
10145,cataluna,202404,otras,30
10146,cataluna,202403,otras,38
10147,cataluna,202402,otras,29
10148,cataluna,202401,otras,23
10149,cataluna,202312,otras,32
10150,cataluna,202311,otras,26
10151,cataluna,202310,otras,28
10152,cataluna,202309,otras,17
10153,cataluna,202308,otras,21
10154,cataluna,202307,otras,32
10155,cataluna,202306,otras,31
10156,cataluna,202305,otras,39
10157,cataluna,202304,otras,28
10158,cataluna,202303,otras,17
10159,cataluna,202302,otras,26
10160,cataluna,202301,otras,24
10161,cataluna,202212,otras,25
10162,cataluna,202211,otras,27
10163,cataluna,202210,otras,39
10164,cataluna,202209,otras,10
10165,cataluna,202208,otras,22
10166,cataluna,202207,otras,30
10167,cataluna,202206,otras,34
10168,cataluna,202205,otras,37
10169,cataluna,202204,otras,30
10170,cataluna,202203,otras,41
10171,cataluna,202202,otras,41
10172,cataluna,202201,otras,31
10173,cataluna,202112,otras,32
10174,cataluna,202111,otras,33
10175,cataluna,202110,otras,26
10176,cataluna,202109,otras,12
10177,cataluna,202108,otras,15
10178,cataluna,202107,otras,48
10179,cataluna,202106,otras,52
10180,cataluna,202105,otras,34
10181,cataluna,202104,otras,32
10182,cataluna,202103,otras,46
10183,cataluna,202102,otras,37
10184,cataluna,202101,otras,20
10185,cataluna,202012,otras,54
10186,cataluna,202011,otras,40
10187,cataluna,202010,otras,23
10188,cataluna,202009,otras,19
10189,cataluna,202008,otras,19
10190,cataluna,202007,otras,34
10191,cataluna,202006,otras,23
10192,cataluna,202005,otras,12
10193,cataluna,202004,otras,0
10194,cataluna,202003,otras,22
10195,cataluna,202002,otras,40
10196,cataluna,202001,otras,43
10197,cataluna,201912,otras,19
10198,cataluna,201911,otras,31
10199,cataluna,201910,otras,45
10200,cataluna,201909,otras,10
10201,cataluna,201908,otras,29
10202,cataluna,201907,otras,26
10203,cataluna,201906,otras,26
10204,cataluna,201905,otras,42
10205,cataluna,201904,otras,42
10206,cataluna,201903,otras,31
10207,cataluna,201902,otras,29
10208,cataluna,201901,otras,32
10209,cataluna,201812,otras,29
10210,cataluna,201811,otras,25
10211,cataluna,201810,otras,38
10212,cataluna,201809,otras,14
10213,cataluna,201808,otras,32
10214,cataluna,201807,otras,25
10215,cataluna,201806,otras,44
10216,cataluna,201805,otras,42
10217,cataluna,201804,otras,41
10218,cataluna,201803,otras,36
10219,cataluna,201802,otras,45
10220,cataluna,201801,otras,30
10221,cataluna,201712,otras,22
10222,cataluna,201711,otras,37
10223,cataluna,201710,otras,30
10224,cataluna,201709,otras,8
10225,cataluna,201708,otras,11
10226,cataluna,201707,otras,37
10227,cataluna,201706,otras,38
10228,cataluna,201705,otras,33
10229,cataluna,201704,otras,35
10230,cataluna,201703,otras,33
10231,cataluna,201702,otras,46
10232,cataluna,201701,otras,40
10233,cataluna,201612,otras,43
10234,cataluna,201611,otras,71
10235,cataluna,201610,otras,55
10236,cataluna,201609,otras,40
10237,cataluna,201608,otras,52
10238,cataluna,201607,otras,72
10239,cataluna,201606,otras,57
10240,cataluna,201605,otras,62
10241,cataluna,201604,otras,49
10242,cataluna,201603,otras,62
10243,cataluna,201602,otras,53
10244,cataluna,201601,otras,46
10245,cataluna,201512,otras,59
10246,cataluna,201511,otras,63
10247,cataluna,201510,otras,72
10248,cataluna,201509,otras,31
10249,cataluna,201508,otras,71
10250,cataluna,201507,otras,90
10251,cataluna,201506,otras,77
10252,cataluna,201505,otras,80
10253,cataluna,201504,otras,57
10254,cataluna,201503,otras,89
10255,cataluna,201502,otras,94
10256,cataluna,201501,otras,94
10257,cataluna,201412,otras,90
10258,cataluna,201411,otras,73
10259,cataluna,201410,otras,103
10260,cataluna,201409,otras,62
10261,cataluna,201408,otras,38
10262,cataluna,201407,otras,106
10263,cataluna,201406,otras,62
10264,cataluna,201405,otras,85
10265,cataluna,201404,otras,94
10266,cataluna,201403,otras,89
10267,cataluna,201402,otras,103
10268,cataluna,201401,otras,75
10269,cataluna,201312,otras,94
10270,cataluna,201311,otras,111
10271,cataluna,201310,otras,98
10272,cataluna,201309,otras,49
10273,cataluna,201308,otras,86
10274,cataluna,201307,otras,127
10275,cataluna,201306,otras,97
10276,cataluna,201305,otras,138
10277,cataluna,201304,otras,133
10278,cataluna,201303,otras,101
10279,cataluna,201302,otras,104
10280,cataluna,201301,otras,129
10281,cataluna,201212,otras,106
10282,cataluna,201211,otras,131
10283,cataluna,201210,otras,110
10284,cataluna,201209,otras,44
10285,cataluna,201208,otras,76
10286,cataluna,201207,otras,109
10287,cataluna,201206,otras,127
10288,cataluna,201205,otras,113
10289,cataluna,201204,otras,101
10290,cataluna,201203,otras,119
10291,cataluna,201202,otras,73
10292,cataluna,201201,otras,60
10293,cataluna,201112,otras,53
10294,cataluna,201111,otras,86
10295,cataluna,201110,otras,84
10296,cataluna,201109,otras,40
10297,cataluna,201108,otras,65
10298,cataluna,201107,otras,90
10299,cataluna,201106,otras,86
10300,cataluna,201105,otras,78
10301,cataluna,201104,otras,83
10302,cataluna,201103,otras,75
10303,cataluna,201102,otras,55
10304,cataluna,201101,otras,50
10305,cataluna,201012,otras,50
10306,cataluna,201011,otras,74
10307,cataluna,201010,otras,64
10308,cataluna,201009,otras,32
10309,cataluna,201008,otras,46
10310,cataluna,201007,otras,71
10311,cataluna,201006,otras,60
10312,cataluna,201005,otras,77
10313,cataluna,201004,otras,75
10314,cataluna,201003,otras,74
10315,cataluna,201002,otras,69
10316,cataluna,201001,otras,38
10317,cataluna,200912,otras,54
10318,cataluna,200911,otras,68
10319,cataluna,200910,otras,44
10320,cataluna,200909,otras,20
10321,cataluna,200908,otras,20
10322,cataluna,200907,otras,40
10323,cataluna,200906,otras,28
10324,cataluna,200905,otras,32
10325,cataluna,200904,otras,36
10326,cataluna,200903,otras,32
10327,cataluna,200902,otras,14
10328,cataluna,200901,otras,14
10329,cataluna,200812,otras,20
10330,cataluna,200811,otras,24
10331,cataluna,200810,otras,18
10332,cataluna,200809,otras,9
10333,cataluna,200808,otras,13
10334,cataluna,200807,otras,19
10335,cataluna,200806,otras,13
10336,cataluna,200805,otras,37
10337,cataluna,200804,otras,29
10338,cataluna,200803,otras,24
10339,cataluna,200802,otras,29
10340,cataluna,200801,otras,13
10341,comunitat_valenciana,202604,otras,18
10342,comunitat_valenciana,202603,otras,18
10343,comunitat_valenciana,202602,otras,28
10344,comunitat_valenciana,202601,otras,24
10345,comunitat_valenciana,202512,otras,24
10346,comunitat_valenciana,202511,otras,21
10347,comunitat_valenciana,202510,otras,11
10348,comunitat_valenciana,202509,otras,31
10349,comunitat_valenciana,202508,otras,16
10350,comunitat_valenciana,202507,otras,36
10351,comunitat_valenciana,202506,otras,18
10352,comunitat_valenciana,202505,otras,18
10353,comunitat_valenciana,202504,otras,22
10354,comunitat_valenciana,202503,otras,33
10355,comunitat_valenciana,202502,otras,28
10356,comunitat_valenciana,202501,otras,14
10357,comunitat_valenciana,202412,otras,22
10358,comunitat_valenciana,202411,otras,45
10359,comunitat_valenciana,202410,otras,25
10360,comunitat_valenciana,202409,otras,13
10361,comunitat_valenciana,202408,otras,20
10362,comunitat_valenciana,202407,otras,35
10363,comunitat_valenciana,202406,otras,22
10364,comunitat_valenciana,202405,otras,24
10365,comunitat_valenciana,202404,otras,19
10366,comunitat_valenciana,202403,otras,30
10367,comunitat_valenciana,202402,otras,32
10368,comunitat_valenciana,202401,otras,28
10369,comunitat_valenciana,202312,otras,18
10370,comunitat_valenciana,202311,otras,25
10371,comunitat_valenciana,202310,otras,20
10372,comunitat_valenciana,202309,otras,26
10373,comunitat_valenciana,202308,otras,9
10374,comunitat_valenciana,202307,otras,22
10375,comunitat_valenciana,202306,otras,20
10376,comunitat_valenciana,202305,otras,17
10377,comunitat_valenciana,202304,otras,21
10378,comunitat_valenciana,202303,otras,32
10379,comunitat_valenciana,202302,otras,32
10380,comunitat_valenciana,202301,otras,34
10381,comunitat_valenciana,202212,otras,33
10382,comunitat_valenciana,202211,otras,50
10383,comunitat_valenciana,202210,otras,64
10384,comunitat_valenciana,202209,otras,43
10385,comunitat_valenciana,202208,otras,23
10386,comunitat_valenciana,202207,otras,47
10387,comunitat_valenciana,202206,otras,36
10388,comunitat_valenciana,202205,otras,71
10389,comunitat_valenciana,202204,otras,36
10390,comunitat_valenciana,202203,otras,45
10391,comunitat_valenciana,202202,otras,42
10392,comunitat_valenciana,202201,otras,55
10393,comunitat_valenciana,202112,otras,48
10394,comunitat_valenciana,202111,otras,39
10395,comunitat_valenciana,202110,otras,27
10396,comunitat_valenciana,202109,otras,30
10397,comunitat_valenciana,202108,otras,19
10398,comunitat_valenciana,202107,otras,37
10399,comunitat_valenciana,202106,otras,32
10400,comunitat_valenciana,202105,otras,47
10401,comunitat_valenciana,202104,otras,35
10402,comunitat_valenciana,202103,otras,47
10403,comunitat_valenciana,202102,otras,39
10404,comunitat_valenciana,202101,otras,45
10405,comunitat_valenciana,202012,otras,39
10406,comunitat_valenciana,202011,otras,32
10407,comunitat_valenciana,202010,otras,43
10408,comunitat_valenciana,202009,otras,30
10409,comunitat_valenciana,202008,otras,20
10410,comunitat_valenciana,202007,otras,30
10411,comunitat_valenciana,202006,otras,18
10412,comunitat_valenciana,202005,otras,12
10413,comunitat_valenciana,202004,otras,10
10414,comunitat_valenciana,202003,otras,24
10415,comunitat_valenciana,202002,otras,43
10416,comunitat_valenciana,202001,otras,40
10417,comunitat_valenciana,201912,otras,27
10418,comunitat_valenciana,201911,otras,39
10419,comunitat_valenciana,201910,otras,30
10420,comunitat_valenciana,201909,otras,19
10421,comunitat_valenciana,201908,otras,23
10422,comunitat_valenciana,201907,otras,44
10423,comunitat_valenciana,201906,otras,22
10424,comunitat_valenciana,201905,otras,34
10425,comunitat_valenciana,201904,otras,34
10426,comunitat_valenciana,201903,otras,40
10427,comunitat_valenciana,201902,otras,39
10428,comunitat_valenciana,201901,otras,43
10429,comunitat_valenciana,201812,otras,28
10430,comunitat_valenciana,201811,otras,32
10431,comunitat_valenciana,201810,otras,36
10432,comunitat_valenciana,201809,otras,18
10433,comunitat_valenciana,201808,otras,14
10434,comunitat_valenciana,201807,otras,50
10435,comunitat_valenciana,201806,otras,33
10436,comunitat_valenciana,201805,otras,40
10437,comunitat_valenciana,201804,otras,32
10438,comunitat_valenciana,201803,otras,34
10439,comunitat_valenciana,201802,otras,75
10440,comunitat_valenciana,201801,otras,51
10441,comunitat_valenciana,201712,otras,25
10442,comunitat_valenciana,201711,otras,36
10443,comunitat_valenciana,201710,otras,22
10444,comunitat_valenciana,201709,otras,10
10445,comunitat_valenciana,201708,otras,28
10446,comunitat_valenciana,201707,otras,33
10447,comunitat_valenciana,201706,otras,45
10448,comunitat_valenciana,201705,otras,55
10449,comunitat_valenciana,201704,otras,37
10450,comunitat_valenciana,201703,otras,64
10451,comunitat_valenciana,201702,otras,37
10452,comunitat_valenciana,201701,otras,51
10453,comunitat_valenciana,201612,otras,45
10454,comunitat_valenciana,201611,otras,43
10455,comunitat_valenciana,201610,otras,63
10456,comunitat_valenciana,201609,otras,31
10457,comunitat_valenciana,201608,otras,24
10458,comunitat_valenciana,201607,otras,32
10459,comunitat_valenciana,201606,otras,49
10460,comunitat_valenciana,201605,otras,48
10461,comunitat_valenciana,201604,otras,48
10462,comunitat_valenciana,201603,otras,45
10463,comunitat_valenciana,201602,otras,65
10464,comunitat_valenciana,201601,otras,53
10465,comunitat_valenciana,201512,otras,38
10466,comunitat_valenciana,201511,otras,68
10467,comunitat_valenciana,201510,otras,54
10468,comunitat_valenciana,201509,otras,38
10469,comunitat_valenciana,201508,otras,26
10470,comunitat_valenciana,201507,otras,56
10471,comunitat_valenciana,201506,otras,60
10472,comunitat_valenciana,201505,otras,45
10473,comunitat_valenciana,201504,otras,32
10474,comunitat_valenciana,201503,otras,48
10475,comunitat_valenciana,201502,otras,70
10476,comunitat_valenciana,201501,otras,50
10477,comunitat_valenciana,201412,otras,52
10478,comunitat_valenciana,201411,otras,44
10479,comunitat_valenciana,201410,otras,72
10480,comunitat_valenciana,201409,otras,51
10481,comunitat_valenciana,201408,otras,38
10482,comunitat_valenciana,201407,otras,71
10483,comunitat_valenciana,201406,otras,60
10484,comunitat_valenciana,201405,otras,70
10485,comunitat_valenciana,201404,otras,48
10486,comunitat_valenciana,201403,otras,68
10487,comunitat_valenciana,201402,otras,81
10488,comunitat_valenciana,201401,otras,64
10489,comunitat_valenciana,201312,otras,47
10490,comunitat_valenciana,201311,otras,82
10491,comunitat_valenciana,201310,otras,65
10492,comunitat_valenciana,201309,otras,56
10493,comunitat_valenciana,201308,otras,37
10494,comunitat_valenciana,201307,otras,83
10495,comunitat_valenciana,201306,otras,67
10496,comunitat_valenciana,201305,otras,77
10497,comunitat_valenciana,201304,otras,77
10498,comunitat_valenciana,201303,otras,86
10499,comunitat_valenciana,201302,otras,59
10500,comunitat_valenciana,201301,otras,51
10501,comunitat_valenciana,201212,otras,48
10502,comunitat_valenciana,201211,otras,69
10503,comunitat_valenciana,201210,otras,53
10504,comunitat_valenciana,201209,otras,37
10505,comunitat_valenciana,201208,otras,40
10506,comunitat_valenciana,201207,otras,61
10507,comunitat_valenciana,201206,otras,52
10508,comunitat_valenciana,201205,otras,74
10509,comunitat_valenciana,201204,otras,47
10510,comunitat_valenciana,201203,otras,71
10511,comunitat_valenciana,201202,otras,49
10512,comunitat_valenciana,201201,otras,50
10513,comunitat_valenciana,201112,otras,33
10514,comunitat_valenciana,201111,otras,45
10515,comunitat_valenciana,201110,otras,38
10516,comunitat_valenciana,201109,otras,37
10517,comunitat_valenciana,201108,otras,20
10518,comunitat_valenciana,201107,otras,44
10519,comunitat_valenciana,201106,otras,52
10520,comunitat_valenciana,201105,otras,43
10521,comunitat_valenciana,201104,otras,43
10522,comunitat_valenciana,201103,otras,76
10523,comunitat_valenciana,201102,otras,48
10524,comunitat_valenciana,201101,otras,36
10525,comunitat_valenciana,201012,otras,50
10526,comunitat_valenciana,201011,otras,38
10527,comunitat_valenciana,201010,otras,30
10528,comunitat_valenciana,201009,otras,34
10529,comunitat_valenciana,201008,otras,20
10530,comunitat_valenciana,201007,otras,39
10531,comunitat_valenciana,201006,otras,49
10532,comunitat_valenciana,201005,otras,47
10533,comunitat_valenciana,201004,otras,26
10534,comunitat_valenciana,201003,otras,54
10535,comunitat_valenciana,201002,otras,41
10536,comunitat_valenciana,201001,otras,33
10537,comunitat_valenciana,200912,otras,31
10538,comunitat_valenciana,200911,otras,34
10539,comunitat_valenciana,200910,otras,29
10540,comunitat_valenciana,200909,otras,11
10541,comunitat_valenciana,200908,otras,16
10542,comunitat_valenciana,200907,otras,25
10543,comunitat_valenciana,200906,otras,29
10544,comunitat_valenciana,200905,otras,9
10545,comunitat_valenciana,200904,otras,18
10546,comunitat_valenciana,200903,otras,14
10547,comunitat_valenciana,200902,otras,19
10548,comunitat_valenciana,200901,otras,17
10549,comunitat_valenciana,200812,otras,12
10550,comunitat_valenciana,200811,otras,17
10551,comunitat_valenciana,200810,otras,13
10552,comunitat_valenciana,200809,otras,8
10553,comunitat_valenciana,200808,otras,9
10554,comunitat_valenciana,200807,otras,8
10555,comunitat_valenciana,200806,otras,10
10556,comunitat_valenciana,200805,otras,13
10557,comunitat_valenciana,200804,otras,12
10558,comunitat_valenciana,200803,otras,12
10559,comunitat_valenciana,200802,otras,13
10560,comunitat_valenciana,200801,otras,22
10561,extremadura,202604,otras,4
10562,extremadura,202603,otras,0
10563,extremadura,202602,otras,3
10564,extremadura,202601,otras,4
10565,extremadura,202512,otras,5
10566,extremadura,202511,otras,0
10567,extremadura,202510,otras,3
10568,extremadura,202509,otras,1
10569,extremadura,202508,otras,2
10570,extremadura,202507,otras,4
10571,extremadura,202506,otras,3
10572,extremadura,202505,otras,2
10573,extremadura,202504,otras,2
10574,extremadura,202503,otras,7
10575,extremadura,202502,otras,9
10576,extremadura,202501,otras,2
10577,extremadura,202412,otras,4
10578,extremadura,202411,otras,2
10579,extremadura,202410,otras,6
10580,extremadura,202409,otras,1
10581,extremadura,202408,otras,0
10582,extremadura,202407,otras,5
10583,extremadura,202406,otras,1
10584,extremadura,202405,otras,4
10585,extremadura,202404,otras,7
10586,extremadura,202403,otras,1
10587,extremadura,202402,otras,4
10588,extremadura,202401,otras,3
10589,extremadura,202312,otras,2
10590,extremadura,202311,otras,0
10591,extremadura,202310,otras,1
10592,extremadura,202309,otras,0
10593,extremadura,202308,otras,3
10594,extremadura,202307,otras,1
10595,extremadura,202306,otras,3
10596,extremadura,202305,otras,1
10597,extremadura,202304,otras,2
10598,extremadura,202303,otras,2
10599,extremadura,202302,otras,1
10600,extremadura,202301,otras,1
10601,extremadura,202212,otras,2
10602,extremadura,202211,otras,1
10603,extremadura,202210,otras,2
10604,extremadura,202209,otras,0
10605,extremadura,202208,otras,0
10606,extremadura,202207,otras,3
10607,extremadura,202206,otras,0
10608,extremadura,202205,otras,3
10609,extremadura,202204,otras,1
10610,extremadura,202203,otras,1
10611,extremadura,202202,otras,3
10612,extremadura,202201,otras,5
10613,extremadura,202112,otras,2
10614,extremadura,202111,otras,0
10615,extremadura,202110,otras,2
10616,extremadura,202109,otras,3
10617,extremadura,202108,otras,0
10618,extremadura,202107,otras,5
10619,extremadura,202106,otras,7
10620,extremadura,202105,otras,1
10621,extremadura,202104,otras,3
10622,extremadura,202103,otras,3
10623,extremadura,202102,otras,1
10624,extremadura,202101,otras,2
10625,extremadura,202012,otras,2
10626,extremadura,202011,otras,2
10627,extremadura,202010,otras,1
10628,extremadura,202009,otras,1
10629,extremadura,202008,otras,1
10630,extremadura,202007,otras,1
10631,extremadura,202006,otras,1
10632,extremadura,202005,otras,0
10633,extremadura,202004,otras,0
10634,extremadura,202003,otras,3
10635,extremadura,202002,otras,1
10636,extremadura,202001,otras,1
10637,extremadura,201912,otras,0
10638,extremadura,201911,otras,2
10639,extremadura,201910,otras,1
10640,extremadura,201909,otras,2
10641,extremadura,201908,otras,1
10642,extremadura,201907,otras,2
10643,extremadura,201906,otras,5
10644,extremadura,201905,otras,0
10645,extremadura,201904,otras,0
10646,extremadura,201903,otras,0
10647,extremadura,201902,otras,0
10648,extremadura,201901,otras,3
10649,extremadura,201812,otras,2
10650,extremadura,201811,otras,5
10651,extremadura,201810,otras,4
10652,extremadura,201809,otras,5
10653,extremadura,201808,otras,0
10654,extremadura,201807,otras,3
10655,extremadura,201806,otras,2
10656,extremadura,201805,otras,0
10657,extremadura,201804,otras,4
10658,extremadura,201803,otras,3
10659,extremadura,201802,otras,4
10660,extremadura,201801,otras,2
10661,extremadura,201712,otras,0
10662,extremadura,201711,otras,3
10663,extremadura,201710,otras,1
10664,extremadura,201709,otras,1
10665,extremadura,201708,otras,4
10666,extremadura,201707,otras,7
10667,extremadura,201706,otras,6
10668,extremadura,201705,otras,2
10669,extremadura,201704,otras,7
10670,extremadura,201703,otras,5
10671,extremadura,201702,otras,3
10672,extremadura,201701,otras,2
10673,extremadura,201612,otras,5
10674,extremadura,201611,otras,6
10675,extremadura,201610,otras,1
10676,extremadura,201609,otras,1
10677,extremadura,201608,otras,2
10678,extremadura,201607,otras,1
10679,extremadura,201606,otras,3
10680,extremadura,201605,otras,5
10681,extremadura,201604,otras,7
10682,extremadura,201603,otras,2
10683,extremadura,201602,otras,0
10684,extremadura,201601,otras,4
10685,extremadura,201512,otras,9
10686,extremadura,201511,otras,4
10687,extremadura,201510,otras,2
10688,extremadura,201509,otras,4
10689,extremadura,201508,otras,6
10690,extremadura,201507,otras,3
10691,extremadura,201506,otras,1
10692,extremadura,201505,otras,8
10693,extremadura,201504,otras,12
10694,extremadura,201503,otras,6
10695,extremadura,201502,otras,4
10696,extremadura,201501,otras,4
10697,extremadura,201412,otras,4
10698,extremadura,201411,otras,7
10699,extremadura,201410,otras,15
10700,extremadura,201409,otras,5
10701,extremadura,201408,otras,1
10702,extremadura,201407,otras,10
10703,extremadura,201406,otras,6
10704,extremadura,201405,otras,12
10705,extremadura,201404,otras,9
10706,extremadura,201403,otras,4
10707,extremadura,201402,otras,10
10708,extremadura,201401,otras,5
10709,extremadura,201312,otras,5
10710,extremadura,201311,otras,11
10711,extremadura,201310,otras,9
10712,extremadura,201309,otras,4
10713,extremadura,201308,otras,6
10714,extremadura,201307,otras,7
10715,extremadura,201306,otras,4
10716,extremadura,201305,otras,13
10717,extremadura,201304,otras,8
10718,extremadura,201303,otras,5
10719,extremadura,201302,otras,5
10720,extremadura,201301,otras,3
10721,extremadura,201212,otras,8
10722,extremadura,201211,otras,14
10723,extremadura,201210,otras,14
10724,extremadura,201209,otras,4
10725,extremadura,201208,otras,5
10726,extremadura,201207,otras,2
10727,extremadura,201206,otras,3
10728,extremadura,201205,otras,5
10729,extremadura,201204,otras,3
10730,extremadura,201203,otras,3
10731,extremadura,201202,otras,3
10732,extremadura,201201,otras,7
10733,extremadura,201112,otras,1
10734,extremadura,201111,otras,3
10735,extremadura,201110,otras,6
10736,extremadura,201109,otras,3
10737,extremadura,201108,otras,1
10738,extremadura,201107,otras,6
10739,extremadura,201106,otras,3
10740,extremadura,201105,otras,0
10741,extremadura,201104,otras,6
10742,extremadura,201103,otras,6
10743,extremadura,201102,otras,4
10744,extremadura,201101,otras,3
10745,extremadura,201012,otras,4
10746,extremadura,201011,otras,4
10747,extremadura,201010,otras,4
10748,extremadura,201009,otras,1
10749,extremadura,201008,otras,3
10750,extremadura,201007,otras,3
10751,extremadura,201006,otras,4
10752,extremadura,201005,otras,1
10753,extremadura,201004,otras,3
10754,extremadura,201003,otras,2
10755,extremadura,201002,otras,5
10756,extremadura,201001,otras,3
10757,extremadura,200912,otras,1
10758,extremadura,200911,otras,0
10759,extremadura,200910,otras,3
10760,extremadura,200909,otras,0
10761,extremadura,200908,otras,0
10762,extremadura,200907,otras,0
10763,extremadura,200906,otras,2
10764,extremadura,200905,otras,0
10765,extremadura,200904,otras,0
10766,extremadura,200903,otras,1
10767,extremadura,200902,otras,1
10768,extremadura,200901,otras,1
10769,extremadura,200812,otras,1
10770,extremadura,200811,otras,1
10771,extremadura,200810,otras,0
10772,extremadura,200809,otras,0
10773,extremadura,200808,otras,0
10774,extremadura,200807,otras,1
10775,extremadura,200806,otras,1
10776,extremadura,200805,otras,0
10777,extremadura,200804,otras,0
10778,extremadura,200803,otras,0
10779,extremadura,200802,otras,0
10780,extremadura,200801,otras,1
10781,galicia,202604,otras,8
10782,galicia,202603,otras,14
10783,galicia,202602,otras,10
10784,galicia,202601,otras,3
10785,galicia,202512,otras,13
10786,galicia,202511,otras,6
10787,galicia,202510,otras,11
10788,galicia,202509,otras,6
10789,galicia,202508,otras,1
10790,galicia,202507,otras,13
10791,galicia,202506,otras,6
10792,galicia,202505,otras,11
10793,galicia,202504,otras,9
10794,galicia,202503,otras,10
10795,galicia,202502,otras,17
10796,galicia,202501,otras,8
10797,galicia,202412,otras,11
10798,galicia,202411,otras,10
10799,galicia,202410,otras,10
10800,galicia,202409,otras,9
10801,galicia,202408,otras,10
10802,galicia,202407,otras,11
10803,galicia,202406,otras,10
10804,galicia,202405,otras,7
10805,galicia,202404,otras,13
10806,galicia,202403,otras,8
10807,galicia,202402,otras,5
10808,galicia,202401,otras,13
10809,galicia,202312,otras,10
10810,galicia,202311,otras,16
10811,galicia,202310,otras,14
10812,galicia,202309,otras,4
10813,galicia,202308,otras,5
10814,galicia,202307,otras,12
10815,galicia,202306,otras,14
10816,galicia,202305,otras,6
10817,galicia,202304,otras,9
10818,galicia,202303,otras,4
10819,galicia,202302,otras,9
10820,galicia,202301,otras,6
10821,galicia,202212,otras,17
10822,galicia,202211,otras,15
10823,galicia,202210,otras,9
10824,galicia,202209,otras,10
10825,galicia,202208,otras,5
10826,galicia,202207,otras,15
10827,galicia,202206,otras,20
10828,galicia,202205,otras,16
10829,galicia,202204,otras,10
10830,galicia,202203,otras,16
10831,galicia,202202,otras,15
10832,galicia,202201,otras,12
10833,galicia,202112,otras,8
10834,galicia,202111,otras,12
10835,galicia,202110,otras,27
10836,galicia,202109,otras,8
10837,galicia,202108,otras,7
10838,galicia,202107,otras,15
10839,galicia,202106,otras,19
10840,galicia,202105,otras,30
10841,galicia,202104,otras,15
10842,galicia,202103,otras,32
10843,galicia,202102,otras,11
10844,galicia,202101,otras,16
10845,galicia,202012,otras,18
10846,galicia,202011,otras,21
10847,galicia,202010,otras,20
10848,galicia,202009,otras,6
10849,galicia,202008,otras,13
10850,galicia,202007,otras,11
10851,galicia,202006,otras,8
10852,galicia,202005,otras,2
10853,galicia,202004,otras,6
10854,galicia,202003,otras,19
10855,galicia,202002,otras,13
10856,galicia,202001,otras,13
10857,galicia,201912,otras,7
10858,galicia,201911,otras,23
10859,galicia,201910,otras,14
10860,galicia,201909,otras,13
10861,galicia,201908,otras,7
10862,galicia,201907,otras,21
10863,galicia,201906,otras,17
10864,galicia,201905,otras,11
10865,galicia,201904,otras,16
10866,galicia,201903,otras,16
10867,galicia,201902,otras,17
10868,galicia,201901,otras,14
10869,galicia,201812,otras,21
10870,galicia,201811,otras,14
10871,galicia,201810,otras,17
10872,galicia,201809,otras,14
10873,galicia,201808,otras,14
10874,galicia,201807,otras,17
10875,galicia,201806,otras,9
10876,galicia,201805,otras,12
10877,galicia,201804,otras,14
10878,galicia,201803,otras,12
10879,galicia,201802,otras,19
10880,galicia,201801,otras,15
10881,galicia,201712,otras,8
10882,galicia,201711,otras,10
10883,galicia,201710,otras,18
10884,galicia,201709,otras,6
10885,galicia,201708,otras,10
10886,galicia,201707,otras,11
10887,galicia,201706,otras,21
10888,galicia,201705,otras,19
10889,galicia,201704,otras,23
10890,galicia,201703,otras,20
10891,galicia,201702,otras,14
10892,galicia,201701,otras,19
10893,galicia,201612,otras,16
10894,galicia,201611,otras,26
10895,galicia,201610,otras,14
10896,galicia,201609,otras,13
10897,galicia,201608,otras,11
10898,galicia,201607,otras,17
10899,galicia,201606,otras,11
10900,galicia,201605,otras,27
10901,galicia,201604,otras,20
10902,galicia,201603,otras,10
10903,galicia,201602,otras,24
10904,galicia,201601,otras,13
10905,galicia,201512,otras,18
10906,galicia,201511,otras,15
10907,galicia,201510,otras,21
10908,galicia,201509,otras,24
10909,galicia,201508,otras,17
10910,galicia,201507,otras,23
10911,galicia,201506,otras,24
10912,galicia,201505,otras,22
10913,galicia,201504,otras,22
10914,galicia,201503,otras,17
10915,galicia,201502,otras,17
10916,galicia,201501,otras,22
10917,galicia,201412,otras,20
10918,galicia,201411,otras,21
10919,galicia,201410,otras,31
10920,galicia,201409,otras,11
10921,galicia,201408,otras,20
10922,galicia,201407,otras,22
10923,galicia,201406,otras,33
10924,galicia,201405,otras,26
10925,galicia,201404,otras,23
10926,galicia,201403,otras,42
10927,galicia,201402,otras,27
10928,galicia,201401,otras,35
10929,galicia,201312,otras,25
10930,galicia,201311,otras,34
10931,galicia,201310,otras,45
10932,galicia,201309,otras,18
10933,galicia,201308,otras,15
10934,galicia,201307,otras,25
10935,galicia,201306,otras,22
10936,galicia,201305,otras,23
10937,galicia,201304,otras,30
10938,galicia,201303,otras,21
10939,galicia,201302,otras,31
10940,galicia,201301,otras,36
10941,galicia,201212,otras,32
10942,galicia,201211,otras,24
10943,galicia,201210,otras,41
10944,galicia,201209,otras,13
10945,galicia,201208,otras,12
10946,galicia,201207,otras,30
10947,galicia,201206,otras,32
10948,galicia,201205,otras,36
10949,galicia,201204,otras,33
10950,galicia,201203,otras,34
10951,galicia,201202,otras,23
10952,galicia,201201,otras,17
10953,galicia,201112,otras,19
10954,galicia,201111,otras,19
10955,galicia,201110,otras,25
10956,galicia,201109,otras,10
10957,galicia,201108,otras,14
10958,galicia,201107,otras,9
10959,galicia,201106,otras,13
10960,galicia,201105,otras,9
10961,galicia,201104,otras,12
10962,galicia,201103,otras,20
10963,galicia,201102,otras,17
10964,galicia,201101,otras,19
10965,galicia,201012,otras,22
10966,galicia,201011,otras,14
10967,galicia,201010,otras,21
10968,galicia,201009,otras,11
10969,galicia,201008,otras,6
10970,galicia,201007,otras,12
10971,galicia,201006,otras,12
10972,galicia,201005,otras,13
10973,galicia,201004,otras,9
10974,galicia,201003,otras,17
10975,galicia,201002,otras,10
10976,galicia,201001,otras,7
10977,galicia,200912,otras,16
10978,galicia,200911,otras,13
10979,galicia,200910,otras,15
10980,galicia,200909,otras,5
10981,galicia,200908,otras,3
10982,galicia,200907,otras,9
10983,galicia,200906,otras,6
10984,galicia,200905,otras,3
10985,galicia,200904,otras,8
10986,galicia,200903,otras,3
10987,galicia,200902,otras,4
10988,galicia,200901,otras,2
10989,galicia,200812,otras,5
10990,galicia,200811,otras,14
10991,galicia,200810,otras,14
10992,galicia,200809,otras,4
10993,galicia,200808,otras,4
10994,galicia,200807,otras,4
10995,galicia,200806,otras,2
10996,galicia,200805,otras,4
10997,galicia,200804,otras,2
10998,galicia,200803,otras,1
10999,galicia,200802,otras,5
11000,galicia,200801,otras,5
11001,comunidad_de_madrid,202604,otras,19
11002,comunidad_de_madrid,202603,otras,41
11003,comunidad_de_madrid,202602,otras,24
11004,comunidad_de_madrid,202601,otras,11
11005,comunidad_de_madrid,202512,otras,20
11006,comunidad_de_madrid,202511,otras,22
11007,comunidad_de_madrid,202510,otras,25
11008,comunidad_de_madrid,202509,otras,19
11009,comunidad_de_madrid,202508,otras,11
11010,comunidad_de_madrid,202507,otras,25
11011,comunidad_de_madrid,202506,otras,24
11012,comunidad_de_madrid,202505,otras,14
11013,comunidad_de_madrid,202504,otras,20
11014,comunidad_de_madrid,202503,otras,29
11015,comunidad_de_madrid,202502,otras,36
11016,comunidad_de_madrid,202501,otras,15
11017,comunidad_de_madrid,202412,otras,35
11018,comunidad_de_madrid,202411,otras,36
11019,comunidad_de_madrid,202410,otras,24
11020,comunidad_de_madrid,202409,otras,18
11021,comunidad_de_madrid,202408,otras,14
11022,comunidad_de_madrid,202407,otras,23
11023,comunidad_de_madrid,202406,otras,27
11024,comunidad_de_madrid,202405,otras,13
11025,comunidad_de_madrid,202404,otras,34
11026,comunidad_de_madrid,202403,otras,35
11027,comunidad_de_madrid,202402,otras,32
11028,comunidad_de_madrid,202401,otras,29
11029,comunidad_de_madrid,202312,otras,25
11030,comunidad_de_madrid,202311,otras,37
11031,comunidad_de_madrid,202310,otras,29
11032,comunidad_de_madrid,202309,otras,17
11033,comunidad_de_madrid,202308,otras,6
11034,comunidad_de_madrid,202307,otras,26
11035,comunidad_de_madrid,202306,otras,32
11036,comunidad_de_madrid,202305,otras,21
11037,comunidad_de_madrid,202304,otras,26
11038,comunidad_de_madrid,202303,otras,22
11039,comunidad_de_madrid,202302,otras,30
11040,comunidad_de_madrid,202301,otras,19
11041,comunidad_de_madrid,202212,otras,28
11042,comunidad_de_madrid,202211,otras,18
11043,comunidad_de_madrid,202210,otras,24
11044,comunidad_de_madrid,202209,otras,29
11045,comunidad_de_madrid,202208,otras,17
11046,comunidad_de_madrid,202207,otras,34
11047,comunidad_de_madrid,202206,otras,31
11048,comunidad_de_madrid,202205,otras,36
11049,comunidad_de_madrid,202204,otras,20
11050,comunidad_de_madrid,202203,otras,37
11051,comunidad_de_madrid,202202,otras,47
11052,comunidad_de_madrid,202201,otras,23
11053,comunidad_de_madrid,202112,otras,27
11054,comunidad_de_madrid,202111,otras,25
11055,comunidad_de_madrid,202110,otras,28
11056,comunidad_de_madrid,202109,otras,22
11057,comunidad_de_madrid,202108,otras,21
11058,comunidad_de_madrid,202107,otras,28
11059,comunidad_de_madrid,202106,otras,29
11060,comunidad_de_madrid,202105,otras,37
11061,comunidad_de_madrid,202104,otras,38
11062,comunidad_de_madrid,202103,otras,47
11063,comunidad_de_madrid,202102,otras,41
11064,comunidad_de_madrid,202101,otras,27
11065,comunidad_de_madrid,202012,otras,33
11066,comunidad_de_madrid,202011,otras,41
11067,comunidad_de_madrid,202010,otras,46
11068,comunidad_de_madrid,202009,otras,28
11069,comunidad_de_madrid,202008,otras,16
11070,comunidad_de_madrid,202007,otras,26
11071,comunidad_de_madrid,202006,otras,31
11072,comunidad_de_madrid,202005,otras,5
11073,comunidad_de_madrid,202004,otras,9
11074,comunidad_de_madrid,202003,otras,41
11075,comunidad_de_madrid,202002,otras,41
11076,comunidad_de_madrid,202001,otras,29
11077,comunidad_de_madrid,201912,otras,25
11078,comunidad_de_madrid,201911,otras,30
11079,comunidad_de_madrid,201910,otras,39
11080,comunidad_de_madrid,201909,otras,24
11081,comunidad_de_madrid,201908,otras,19
11082,comunidad_de_madrid,201907,otras,30
11083,comunidad_de_madrid,201906,otras,33
11084,comunidad_de_madrid,201905,otras,30
11085,comunidad_de_madrid,201904,otras,33
11086,comunidad_de_madrid,201903,otras,31
11087,comunidad_de_madrid,201902,otras,52
11088,comunidad_de_madrid,201901,otras,26
11089,comunidad_de_madrid,201812,otras,32
11090,comunidad_de_madrid,201811,otras,38
11091,comunidad_de_madrid,201810,otras,54
11092,comunidad_de_madrid,201809,otras,21
11093,comunidad_de_madrid,201808,otras,30
11094,comunidad_de_madrid,201807,otras,29
11095,comunidad_de_madrid,201806,otras,45
11096,comunidad_de_madrid,201805,otras,47
11097,comunidad_de_madrid,201804,otras,34
11098,comunidad_de_madrid,201803,otras,37
11099,comunidad_de_madrid,201802,otras,45
11100,comunidad_de_madrid,201801,otras,46
11101,comunidad_de_madrid,201712,otras,29
11102,comunidad_de_madrid,201711,otras,50
11103,comunidad_de_madrid,201710,otras,44
11104,comunidad_de_madrid,201709,otras,28
11105,comunidad_de_madrid,201708,otras,36
11106,comunidad_de_madrid,201707,otras,41
11107,comunidad_de_madrid,201706,otras,49
11108,comunidad_de_madrid,201705,otras,31
11109,comunidad_de_madrid,201704,otras,31
11110,comunidad_de_madrid,201703,otras,31
11111,comunidad_de_madrid,201702,otras,42
11112,comunidad_de_madrid,201701,otras,34
11113,comunidad_de_madrid,201612,otras,42
11114,comunidad_de_madrid,201611,otras,28
11115,comunidad_de_madrid,201610,otras,49
11116,comunidad_de_madrid,201609,otras,19
11117,comunidad_de_madrid,201608,otras,25
11118,comunidad_de_madrid,201607,otras,26
11119,comunidad_de_madrid,201606,otras,37
11120,comunidad_de_madrid,201605,otras,26
11121,comunidad_de_madrid,201604,otras,41
11122,comunidad_de_madrid,201603,otras,38
11123,comunidad_de_madrid,201602,otras,38
11124,comunidad_de_madrid,201601,otras,37
11125,comunidad_de_madrid,201512,otras,47
11126,comunidad_de_madrid,201511,otras,41
11127,comunidad_de_madrid,201510,otras,57
11128,comunidad_de_madrid,201509,otras,30
11129,comunidad_de_madrid,201508,otras,31
11130,comunidad_de_madrid,201507,otras,61
11131,comunidad_de_madrid,201506,otras,51
11132,comunidad_de_madrid,201505,otras,57
11133,comunidad_de_madrid,201504,otras,76
11134,comunidad_de_madrid,201503,otras,65
11135,comunidad_de_madrid,201502,otras,52
11136,comunidad_de_madrid,201501,otras,68
11137,comunidad_de_madrid,201412,otras,41
11138,comunidad_de_madrid,201411,otras,58
11139,comunidad_de_madrid,201410,otras,68
11140,comunidad_de_madrid,201409,otras,51
11141,comunidad_de_madrid,201408,otras,17
11142,comunidad_de_madrid,201407,otras,67
11143,comunidad_de_madrid,201406,otras,68
11144,comunidad_de_madrid,201405,otras,44
11145,comunidad_de_madrid,201404,otras,55
11146,comunidad_de_madrid,201403,otras,92
11147,comunidad_de_madrid,201402,otras,69
11148,comunidad_de_madrid,201401,otras,65
11149,comunidad_de_madrid,201312,otras,53
11150,comunidad_de_madrid,201311,otras,49
11151,comunidad_de_madrid,201310,otras,66
11152,comunidad_de_madrid,201309,otras,48
11153,comunidad_de_madrid,201308,otras,23
11154,comunidad_de_madrid,201307,otras,67
11155,comunidad_de_madrid,201306,otras,90
11156,comunidad_de_madrid,201305,otras,67
11157,comunidad_de_madrid,201304,otras,79
11158,comunidad_de_madrid,201303,otras,75
11159,comunidad_de_madrid,201302,otras,58
11160,comunidad_de_madrid,201301,otras,62
11161,comunidad_de_madrid,201212,otras,49
11162,comunidad_de_madrid,201211,otras,51
11163,comunidad_de_madrid,201210,otras,87
11164,comunidad_de_madrid,201209,otras,35
11165,comunidad_de_madrid,201208,otras,25
11166,comunidad_de_madrid,201207,otras,56
11167,comunidad_de_madrid,201206,otras,76
11168,comunidad_de_madrid,201205,otras,55
11169,comunidad_de_madrid,201204,otras,32
11170,comunidad_de_madrid,201203,otras,52
11171,comunidad_de_madrid,201202,otras,57
11172,comunidad_de_madrid,201201,otras,31
11173,comunidad_de_madrid,201112,otras,43
11174,comunidad_de_madrid,201111,otras,31
11175,comunidad_de_madrid,201110,otras,41
11176,comunidad_de_madrid,201109,otras,16
11177,comunidad_de_madrid,201108,otras,34
11178,comunidad_de_madrid,201107,otras,39
11179,comunidad_de_madrid,201106,otras,34
11180,comunidad_de_madrid,201105,otras,37
11181,comunidad_de_madrid,201104,otras,26
11182,comunidad_de_madrid,201103,otras,50
11183,comunidad_de_madrid,201102,otras,38
11184,comunidad_de_madrid,201101,otras,29
11185,comunidad_de_madrid,201012,otras,35
11186,comunidad_de_madrid,201011,otras,26
11187,comunidad_de_madrid,201010,otras,33
11188,comunidad_de_madrid,201009,otras,13
11189,comunidad_de_madrid,201008,otras,5
11190,comunidad_de_madrid,201007,otras,20
11191,comunidad_de_madrid,201006,otras,28
11192,comunidad_de_madrid,201005,otras,18
11193,comunidad_de_madrid,201004,otras,22
11194,comunidad_de_madrid,201003,otras,25
11195,comunidad_de_madrid,201002,otras,12
11196,comunidad_de_madrid,201001,otras,2
11197,comunidad_de_madrid,200912,otras,10
11198,comunidad_de_madrid,200911,otras,19
11199,comunidad_de_madrid,200910,otras,12
11200,comunidad_de_madrid,200909,otras,3
11201,comunidad_de_madrid,200908,otras,9
11202,comunidad_de_madrid,200907,otras,10
11203,comunidad_de_madrid,200906,otras,11
11204,comunidad_de_madrid,200905,otras,6
11205,comunidad_de_madrid,200904,otras,7
11206,comunidad_de_madrid,200903,otras,7
11207,comunidad_de_madrid,200902,otras,3
11208,comunidad_de_madrid,200901,otras,10
11209,comunidad_de_madrid,200812,otras,0
11210,comunidad_de_madrid,200811,otras,12
11211,comunidad_de_madrid,200810,otras,5
11212,comunidad_de_madrid,200809,otras,8
11213,comunidad_de_madrid,200808,otras,3
11214,comunidad_de_madrid,200807,otras,5
11215,comunidad_de_madrid,200806,otras,6
11216,comunidad_de_madrid,200805,otras,7
11217,comunidad_de_madrid,200804,otras,5
11218,comunidad_de_madrid,200803,otras,1
11219,comunidad_de_madrid,200802,otras,7
11220,comunidad_de_madrid,200801,otras,6
11221,region_de_murcia,202604,otras,4
11222,region_de_murcia,202603,otras,6
11223,region_de_murcia,202602,otras,9
11224,region_de_murcia,202601,otras,9
11225,region_de_murcia,202512,otras,6
11226,region_de_murcia,202511,otras,6
11227,region_de_murcia,202510,otras,8
11228,region_de_murcia,202509,otras,6
11229,region_de_murcia,202508,otras,5
11230,region_de_murcia,202507,otras,6
11231,region_de_murcia,202506,otras,5
11232,region_de_murcia,202505,otras,4
11233,region_de_murcia,202504,otras,7
11234,region_de_murcia,202503,otras,4
11235,region_de_murcia,202502,otras,8
11236,region_de_murcia,202501,otras,7
11237,region_de_murcia,202412,otras,10
11238,region_de_murcia,202411,otras,4
11239,region_de_murcia,202410,otras,10
11240,region_de_murcia,202409,otras,4
11241,region_de_murcia,202408,otras,3
11242,region_de_murcia,202407,otras,6
11243,region_de_murcia,202406,otras,6
11244,region_de_murcia,202405,otras,8
11245,region_de_murcia,202404,otras,9
11246,region_de_murcia,202403,otras,6
11247,region_de_murcia,202402,otras,10
11248,region_de_murcia,202401,otras,6
11249,region_de_murcia,202312,otras,4
11250,region_de_murcia,202311,otras,9
11251,region_de_murcia,202310,otras,2
11252,region_de_murcia,202309,otras,3
11253,region_de_murcia,202308,otras,3
11254,region_de_murcia,202307,otras,7
11255,region_de_murcia,202306,otras,4
11256,region_de_murcia,202305,otras,7
11257,region_de_murcia,202304,otras,8
11258,region_de_murcia,202303,otras,0
11259,region_de_murcia,202302,otras,3
11260,region_de_murcia,202301,otras,3
11261,region_de_murcia,202212,otras,6
11262,region_de_murcia,202211,otras,12
11263,region_de_murcia,202210,otras,6
11264,region_de_murcia,202209,otras,7
11265,region_de_murcia,202208,otras,9
11266,region_de_murcia,202207,otras,9
11267,region_de_murcia,202206,otras,7
11268,region_de_murcia,202205,otras,6
11269,region_de_murcia,202204,otras,3
11270,region_de_murcia,202203,otras,11
11271,region_de_murcia,202202,otras,4
11272,region_de_murcia,202201,otras,0
11273,region_de_murcia,202112,otras,8
11274,region_de_murcia,202111,otras,3
11275,region_de_murcia,202110,otras,9
11276,region_de_murcia,202109,otras,6
11277,region_de_murcia,202108,otras,3
11278,region_de_murcia,202107,otras,3
11279,region_de_murcia,202106,otras,15
11280,region_de_murcia,202105,otras,9
11281,region_de_murcia,202104,otras,8
11282,region_de_murcia,202103,otras,15
11283,region_de_murcia,202102,otras,13
11284,region_de_murcia,202101,otras,6
11285,region_de_murcia,202012,otras,15
11286,region_de_murcia,202011,otras,6
11287,region_de_murcia,202010,otras,10
11288,region_de_murcia,202009,otras,4
11289,region_de_murcia,202008,otras,8
11290,region_de_murcia,202007,otras,10
11291,region_de_murcia,202006,otras,7
11292,region_de_murcia,202005,otras,2
11293,region_de_murcia,202004,otras,1
11294,region_de_murcia,202003,otras,8
11295,region_de_murcia,202002,otras,4
11296,region_de_murcia,202001,otras,5
11297,region_de_murcia,201912,otras,12
11298,region_de_murcia,201911,otras,9
11299,region_de_murcia,201910,otras,5
11300,region_de_murcia,201909,otras,6
11301,region_de_murcia,201908,otras,4
11302,region_de_murcia,201907,otras,5
11303,region_de_murcia,201906,otras,12
11304,region_de_murcia,201905,otras,10
11305,region_de_murcia,201904,otras,10
11306,region_de_murcia,201903,otras,8
11307,region_de_murcia,201902,otras,13
11308,region_de_murcia,201901,otras,11
11309,region_de_murcia,201812,otras,13
11310,region_de_murcia,201811,otras,17
11311,region_de_murcia,201810,otras,8
11312,region_de_murcia,201809,otras,7
11313,region_de_murcia,201808,otras,8
11314,region_de_murcia,201807,otras,5
11315,region_de_murcia,201806,otras,14
11316,region_de_murcia,201805,otras,11
11317,region_de_murcia,201804,otras,8
11318,region_de_murcia,201803,otras,7
11319,region_de_murcia,201802,otras,9
11320,region_de_murcia,201801,otras,4
11321,region_de_murcia,201712,otras,12
11322,region_de_murcia,201711,otras,6
11323,region_de_murcia,201710,otras,10
11324,region_de_murcia,201709,otras,6
11325,region_de_murcia,201708,otras,3
11326,region_de_murcia,201707,otras,6
11327,region_de_murcia,201706,otras,4
11328,region_de_murcia,201705,otras,6
11329,region_de_murcia,201704,otras,6
11330,region_de_murcia,201703,otras,9
11331,region_de_murcia,201702,otras,21
11332,region_de_murcia,201701,otras,13
11333,region_de_murcia,201612,otras,5
11334,region_de_murcia,201611,otras,10
11335,region_de_murcia,201610,otras,7
11336,region_de_murcia,201609,otras,4
11337,region_de_murcia,201608,otras,2
11338,region_de_murcia,201607,otras,15
11339,region_de_murcia,201606,otras,9
11340,region_de_murcia,201605,otras,4
11341,region_de_murcia,201604,otras,6
11342,region_de_murcia,201603,otras,6
11343,region_de_murcia,201602,otras,9
11344,region_de_murcia,201601,otras,4
11345,region_de_murcia,201512,otras,9
11346,region_de_murcia,201511,otras,11
11347,region_de_murcia,201510,otras,16
11348,region_de_murcia,201509,otras,14
11349,region_de_murcia,201508,otras,1
11350,region_de_murcia,201507,otras,14
11351,region_de_murcia,201506,otras,20
11352,region_de_murcia,201505,otras,6
11353,region_de_murcia,201504,otras,8
11354,region_de_murcia,201503,otras,17
11355,region_de_murcia,201502,otras,16
11356,region_de_murcia,201501,otras,13
11357,region_de_murcia,201412,otras,12
11358,region_de_murcia,201411,otras,14
11359,region_de_murcia,201410,otras,19
11360,region_de_murcia,201409,otras,4
11361,region_de_murcia,201408,otras,17
11362,region_de_murcia,201407,otras,29
11363,region_de_murcia,201406,otras,15
11364,region_de_murcia,201405,otras,21
11365,region_de_murcia,201404,otras,17
11366,region_de_murcia,201403,otras,17
11367,region_de_murcia,201402,otras,10
11368,region_de_murcia,201401,otras,14
11369,region_de_murcia,201312,otras,11
11370,region_de_murcia,201311,otras,19
11371,region_de_murcia,201310,otras,11
11372,region_de_murcia,201309,otras,9
11373,region_de_murcia,201308,otras,10
11374,region_de_murcia,201307,otras,20
11375,region_de_murcia,201306,otras,13
11376,region_de_murcia,201305,otras,18
11377,region_de_murcia,201304,otras,10
11378,region_de_murcia,201303,otras,11
11379,region_de_murcia,201302,otras,21
11380,region_de_murcia,201301,otras,11
11381,region_de_murcia,201212,otras,10
11382,region_de_murcia,201211,otras,6
11383,region_de_murcia,201210,otras,11
11384,region_de_murcia,201209,otras,6
11385,region_de_murcia,201208,otras,1
11386,region_de_murcia,201207,otras,9
11387,region_de_murcia,201206,otras,21
11388,region_de_murcia,201205,otras,21
11389,region_de_murcia,201204,otras,7
11390,region_de_murcia,201203,otras,11
11391,region_de_murcia,201202,otras,13
11392,region_de_murcia,201201,otras,9
11393,region_de_murcia,201112,otras,11
11394,region_de_murcia,201111,otras,14
11395,region_de_murcia,201110,otras,6
11396,region_de_murcia,201109,otras,7
11397,region_de_murcia,201108,otras,4
11398,region_de_murcia,201107,otras,3
11399,region_de_murcia,201106,otras,7
11400,region_de_murcia,201105,otras,9
11401,region_de_murcia,201104,otras,4
11402,region_de_murcia,201103,otras,5
11403,region_de_murcia,201102,otras,1
11404,region_de_murcia,201101,otras,7
11405,region_de_murcia,201012,otras,3
11406,region_de_murcia,201011,otras,2
11407,region_de_murcia,201010,otras,5
11408,region_de_murcia,201009,otras,2
11409,region_de_murcia,201008,otras,0
11410,region_de_murcia,201007,otras,5
11411,region_de_murcia,201006,otras,8
11412,region_de_murcia,201005,otras,1
11413,region_de_murcia,201004,otras,2
11414,region_de_murcia,201003,otras,1
11415,region_de_murcia,201002,otras,0
11416,region_de_murcia,201001,otras,1
11417,region_de_murcia,200912,otras,0
11418,region_de_murcia,200911,otras,6
11419,region_de_murcia,200910,otras,1
11420,region_de_murcia,200909,otras,1
11421,region_de_murcia,200908,otras,1
11422,region_de_murcia,200907,otras,2
11423,region_de_murcia,200906,otras,1
11424,region_de_murcia,200905,otras,1
11425,region_de_murcia,200904,otras,2
11426,region_de_murcia,200903,otras,0
11427,region_de_murcia,200902,otras,0
11428,region_de_murcia,200901,otras,6
11429,region_de_murcia,200812,otras,2
11430,region_de_murcia,200811,otras,0
11431,region_de_murcia,200810,otras,2
11432,region_de_murcia,200809,otras,1
11433,region_de_murcia,200808,otras,0
11434,region_de_murcia,200807,otras,0
11435,region_de_murcia,200806,otras,2
11436,region_de_murcia,200805,otras,3
11437,region_de_murcia,200804,otras,0
11438,region_de_murcia,200803,otras,1
11439,region_de_murcia,200802,otras,1
11440,region_de_murcia,200801,otras,2
11441,comunidad_foral_de_navarra,202604,otras,3
11442,comunidad_foral_de_navarra,202603,otras,1
11443,comunidad_foral_de_navarra,202602,otras,3
11444,comunidad_foral_de_navarra,202601,otras,1
11445,comunidad_foral_de_navarra,202512,otras,2
11446,comunidad_foral_de_navarra,202511,otras,5
11447,comunidad_foral_de_navarra,202510,otras,4
11448,comunidad_foral_de_navarra,202509,otras,0
11449,comunidad_foral_de_navarra,202508,otras,0
11450,comunidad_foral_de_navarra,202507,otras,2
11451,comunidad_foral_de_navarra,202506,otras,4
11452,comunidad_foral_de_navarra,202505,otras,2
11453,comunidad_foral_de_navarra,202504,otras,3
11454,comunidad_foral_de_navarra,202503,otras,4
11455,comunidad_foral_de_navarra,202502,otras,6
11456,comunidad_foral_de_navarra,202501,otras,5
11457,comunidad_foral_de_navarra,202412,otras,1
11458,comunidad_foral_de_navarra,202411,otras,4
11459,comunidad_foral_de_navarra,202410,otras,4
11460,comunidad_foral_de_navarra,202409,otras,3
11461,comunidad_foral_de_navarra,202408,otras,3
11462,comunidad_foral_de_navarra,202407,otras,1
11463,comunidad_foral_de_navarra,202406,otras,2
11464,comunidad_foral_de_navarra,202405,otras,1
11465,comunidad_foral_de_navarra,202404,otras,5
11466,comunidad_foral_de_navarra,202403,otras,4
11467,comunidad_foral_de_navarra,202402,otras,4
11468,comunidad_foral_de_navarra,202401,otras,5
11469,comunidad_foral_de_navarra,202312,otras,2
11470,comunidad_foral_de_navarra,202311,otras,4
11471,comunidad_foral_de_navarra,202310,otras,1
11472,comunidad_foral_de_navarra,202309,otras,3
11473,comunidad_foral_de_navarra,202308,otras,3
11474,comunidad_foral_de_navarra,202307,otras,1
11475,comunidad_foral_de_navarra,202306,otras,2
11476,comunidad_foral_de_navarra,202305,otras,4
11477,comunidad_foral_de_navarra,202304,otras,1
11478,comunidad_foral_de_navarra,202303,otras,1
11479,comunidad_foral_de_navarra,202302,otras,2
11480,comunidad_foral_de_navarra,202301,otras,1
11481,comunidad_foral_de_navarra,202212,otras,1
11482,comunidad_foral_de_navarra,202211,otras,2
11483,comunidad_foral_de_navarra,202210,otras,3
11484,comunidad_foral_de_navarra,202209,otras,1
11485,comunidad_foral_de_navarra,202208,otras,0
11486,comunidad_foral_de_navarra,202207,otras,1
11487,comunidad_foral_de_navarra,202206,otras,2
11488,comunidad_foral_de_navarra,202205,otras,0
11489,comunidad_foral_de_navarra,202204,otras,4
11490,comunidad_foral_de_navarra,202203,otras,1
11491,comunidad_foral_de_navarra,202202,otras,3
11492,comunidad_foral_de_navarra,202201,otras,3
11493,comunidad_foral_de_navarra,202112,otras,4
11494,comunidad_foral_de_navarra,202111,otras,2
11495,comunidad_foral_de_navarra,202110,otras,3
11496,comunidad_foral_de_navarra,202109,otras,2
11497,comunidad_foral_de_navarra,202108,otras,2
11498,comunidad_foral_de_navarra,202107,otras,3
11499,comunidad_foral_de_navarra,202106,otras,1
11500,comunidad_foral_de_navarra,202105,otras,4
11501,comunidad_foral_de_navarra,202104,otras,0
11502,comunidad_foral_de_navarra,202103,otras,4
11503,comunidad_foral_de_navarra,202102,otras,3
11504,comunidad_foral_de_navarra,202101,otras,2
11505,comunidad_foral_de_navarra,202012,otras,0
11506,comunidad_foral_de_navarra,202011,otras,2
11507,comunidad_foral_de_navarra,202010,otras,1
11508,comunidad_foral_de_navarra,202009,otras,4
11509,comunidad_foral_de_navarra,202008,otras,0
11510,comunidad_foral_de_navarra,202007,otras,2
11511,comunidad_foral_de_navarra,202006,otras,2
11512,comunidad_foral_de_navarra,202005,otras,1
11513,comunidad_foral_de_navarra,202004,otras,0
11514,comunidad_foral_de_navarra,202003,otras,1
11515,comunidad_foral_de_navarra,202002,otras,4
11516,comunidad_foral_de_navarra,202001,otras,5
11517,comunidad_foral_de_navarra,201912,otras,4
11518,comunidad_foral_de_navarra,201911,otras,8
11519,comunidad_foral_de_navarra,201910,otras,6
11520,comunidad_foral_de_navarra,201909,otras,2
11521,comunidad_foral_de_navarra,201908,otras,1
11522,comunidad_foral_de_navarra,201907,otras,2
11523,comunidad_foral_de_navarra,201906,otras,2
11524,comunidad_foral_de_navarra,201905,otras,4
11525,comunidad_foral_de_navarra,201904,otras,6
11526,comunidad_foral_de_navarra,201903,otras,3
11527,comunidad_foral_de_navarra,201902,otras,5
11528,comunidad_foral_de_navarra,201901,otras,3
11529,comunidad_foral_de_navarra,201812,otras,2
11530,comunidad_foral_de_navarra,201811,otras,3
11531,comunidad_foral_de_navarra,201810,otras,5
11532,comunidad_foral_de_navarra,201809,otras,2
11533,comunidad_foral_de_navarra,201808,otras,4
11534,comunidad_foral_de_navarra,201807,otras,1
11535,comunidad_foral_de_navarra,201806,otras,5
11536,comunidad_foral_de_navarra,201805,otras,2
11537,comunidad_foral_de_navarra,201804,otras,2
11538,comunidad_foral_de_navarra,201803,otras,1
11539,comunidad_foral_de_navarra,201802,otras,3
11540,comunidad_foral_de_navarra,201801,otras,3
11541,comunidad_foral_de_navarra,201712,otras,5
11542,comunidad_foral_de_navarra,201711,otras,1
11543,comunidad_foral_de_navarra,201710,otras,8
11544,comunidad_foral_de_navarra,201709,otras,1
11545,comunidad_foral_de_navarra,201708,otras,0
11546,comunidad_foral_de_navarra,201707,otras,1
11547,comunidad_foral_de_navarra,201706,otras,4
11548,comunidad_foral_de_navarra,201705,otras,5
11549,comunidad_foral_de_navarra,201704,otras,4
11550,comunidad_foral_de_navarra,201703,otras,7
11551,comunidad_foral_de_navarra,201702,otras,1
11552,comunidad_foral_de_navarra,201701,otras,6
11553,comunidad_foral_de_navarra,201612,otras,7
11554,comunidad_foral_de_navarra,201611,otras,6
11555,comunidad_foral_de_navarra,201610,otras,5
11556,comunidad_foral_de_navarra,201609,otras,3
11557,comunidad_foral_de_navarra,201608,otras,6
11558,comunidad_foral_de_navarra,201607,otras,5
11559,comunidad_foral_de_navarra,201606,otras,2
11560,comunidad_foral_de_navarra,201605,otras,2
11561,comunidad_foral_de_navarra,201604,otras,10
11562,comunidad_foral_de_navarra,201603,otras,5
11563,comunidad_foral_de_navarra,201602,otras,3
11564,comunidad_foral_de_navarra,201601,otras,4
11565,comunidad_foral_de_navarra,201512,otras,3
11566,comunidad_foral_de_navarra,201511,otras,3
11567,comunidad_foral_de_navarra,201510,otras,8
11568,comunidad_foral_de_navarra,201509,otras,3
11569,comunidad_foral_de_navarra,201508,otras,2
11570,comunidad_foral_de_navarra,201507,otras,6
11571,comunidad_foral_de_navarra,201506,otras,8
11572,comunidad_foral_de_navarra,201505,otras,10
11573,comunidad_foral_de_navarra,201504,otras,5
11574,comunidad_foral_de_navarra,201503,otras,14
11575,comunidad_foral_de_navarra,201502,otras,8
11576,comunidad_foral_de_navarra,201501,otras,4
11577,comunidad_foral_de_navarra,201412,otras,3
11578,comunidad_foral_de_navarra,201411,otras,10
11579,comunidad_foral_de_navarra,201410,otras,7
11580,comunidad_foral_de_navarra,201409,otras,6
11581,comunidad_foral_de_navarra,201408,otras,2
11582,comunidad_foral_de_navarra,201407,otras,7
11583,comunidad_foral_de_navarra,201406,otras,10
11584,comunidad_foral_de_navarra,201405,otras,9
11585,comunidad_foral_de_navarra,201404,otras,10
11586,comunidad_foral_de_navarra,201403,otras,14
11587,comunidad_foral_de_navarra,201402,otras,19
11588,comunidad_foral_de_navarra,201401,otras,10
11589,comunidad_foral_de_navarra,201312,otras,12
11590,comunidad_foral_de_navarra,201311,otras,12
11591,comunidad_foral_de_navarra,201310,otras,14
11592,comunidad_foral_de_navarra,201309,otras,9
11593,comunidad_foral_de_navarra,201308,otras,2
11594,comunidad_foral_de_navarra,201307,otras,13
11595,comunidad_foral_de_navarra,201306,otras,9
11596,comunidad_foral_de_navarra,201305,otras,16
11597,comunidad_foral_de_navarra,201304,otras,16
11598,comunidad_foral_de_navarra,201303,otras,6
11599,comunidad_foral_de_navarra,201302,otras,15
11600,comunidad_foral_de_navarra,201301,otras,10
11601,comunidad_foral_de_navarra,201212,otras,5
11602,comunidad_foral_de_navarra,201211,otras,14
11603,comunidad_foral_de_navarra,201210,otras,11
11604,comunidad_foral_de_navarra,201209,otras,13
11605,comunidad_foral_de_navarra,201208,otras,4
11606,comunidad_foral_de_navarra,201207,otras,6
11607,comunidad_foral_de_navarra,201206,otras,12
11608,comunidad_foral_de_navarra,201205,otras,11
11609,comunidad_foral_de_navarra,201204,otras,10
11610,comunidad_foral_de_navarra,201203,otras,11
11611,comunidad_foral_de_navarra,201202,otras,5
11612,comunidad_foral_de_navarra,201201,otras,1
11613,comunidad_foral_de_navarra,201112,otras,2
11614,comunidad_foral_de_navarra,201111,otras,6
11615,comunidad_foral_de_navarra,201110,otras,0
11616,comunidad_foral_de_navarra,201109,otras,3
11617,comunidad_foral_de_navarra,201108,otras,4
11618,comunidad_foral_de_navarra,201107,otras,3
11619,comunidad_foral_de_navarra,201106,otras,6
11620,comunidad_foral_de_navarra,201105,otras,5
11621,comunidad_foral_de_navarra,201104,otras,3
11622,comunidad_foral_de_navarra,201103,otras,9
11623,comunidad_foral_de_navarra,201102,otras,3
11624,comunidad_foral_de_navarra,201101,otras,2
11625,comunidad_foral_de_navarra,201012,otras,0
11626,comunidad_foral_de_navarra,201011,otras,0
11627,comunidad_foral_de_navarra,201010,otras,0
11628,comunidad_foral_de_navarra,201009,otras,0
11629,comunidad_foral_de_navarra,201008,otras,0
11630,comunidad_foral_de_navarra,201007,otras,0
11631,comunidad_foral_de_navarra,201006,otras,0
11632,comunidad_foral_de_navarra,201005,otras,0
11633,comunidad_foral_de_navarra,201004,otras,0
11634,comunidad_foral_de_navarra,201003,otras,0
11635,comunidad_foral_de_navarra,201002,otras,0
11636,comunidad_foral_de_navarra,201001,otras,0
11637,comunidad_foral_de_navarra,200912,otras,0
11638,comunidad_foral_de_navarra,200911,otras,0
11639,comunidad_foral_de_navarra,200910,otras,0
11640,comunidad_foral_de_navarra,200909,otras,0
11641,comunidad_foral_de_navarra,200908,otras,0
11642,comunidad_foral_de_navarra,200907,otras,0
11643,comunidad_foral_de_navarra,200906,otras,0
11644,comunidad_foral_de_navarra,200905,otras,0
11645,comunidad_foral_de_navarra,200904,otras,0
11646,comunidad_foral_de_navarra,200903,otras,0
11647,comunidad_foral_de_navarra,200902,otras,0
11648,comunidad_foral_de_navarra,200901,otras,0
11649,comunidad_foral_de_navarra,200812,otras,0
11650,comunidad_foral_de_navarra,200811,otras,0
11651,comunidad_foral_de_navarra,200810,otras,0
11652,comunidad_foral_de_navarra,200809,otras,0
11653,comunidad_foral_de_navarra,200808,otras,0
11654,comunidad_foral_de_navarra,200807,otras,0
11655,comunidad_foral_de_navarra,200806,otras,0
11656,comunidad_foral_de_navarra,200805,otras,0
11657,comunidad_foral_de_navarra,200804,otras,0
11658,comunidad_foral_de_navarra,200803,otras,0
11659,comunidad_foral_de_navarra,200802,otras,0
11660,comunidad_foral_de_navarra,200801,otras,0
11661,pais_vasco,202604,otras,14
11662,pais_vasco,202603,otras,16
11663,pais_vasco,202602,otras,10
11664,pais_vasco,202601,otras,15
11665,pais_vasco,202512,otras,10
11666,pais_vasco,202511,otras,17
11667,pais_vasco,202510,otras,18
11668,pais_vasco,202509,otras,13
11669,pais_vasco,202508,otras,9
11670,pais_vasco,202507,otras,24
11671,pais_vasco,202506,otras,12
11672,pais_vasco,202505,otras,16
11673,pais_vasco,202504,otras,25
11674,pais_vasco,202503,otras,13
11675,pais_vasco,202502,otras,23
11676,pais_vasco,202501,otras,15
11677,pais_vasco,202412,otras,19
11678,pais_vasco,202411,otras,13
11679,pais_vasco,202410,otras,16
11680,pais_vasco,202409,otras,9
11681,pais_vasco,202408,otras,7
11682,pais_vasco,202407,otras,20
11683,pais_vasco,202406,otras,16
11684,pais_vasco,202405,otras,9
11685,pais_vasco,202404,otras,15
11686,pais_vasco,202403,otras,11
11687,pais_vasco,202402,otras,17
11688,pais_vasco,202401,otras,18
11689,pais_vasco,202312,otras,11
11690,pais_vasco,202311,otras,13
11691,pais_vasco,202310,otras,11
11692,pais_vasco,202309,otras,9
11693,pais_vasco,202308,otras,6
11694,pais_vasco,202307,otras,24
11695,pais_vasco,202306,otras,13
11696,pais_vasco,202305,otras,19
11697,pais_vasco,202304,otras,6
11698,pais_vasco,202303,otras,9
11699,pais_vasco,202302,otras,17
11700,pais_vasco,202301,otras,12
11701,pais_vasco,202212,otras,10
11702,pais_vasco,202211,otras,15
11703,pais_vasco,202210,otras,12
11704,pais_vasco,202209,otras,15
11705,pais_vasco,202208,otras,6
11706,pais_vasco,202207,otras,7
11707,pais_vasco,202206,otras,11
11708,pais_vasco,202205,otras,16
11709,pais_vasco,202204,otras,16
11710,pais_vasco,202203,otras,13
11711,pais_vasco,202202,otras,12
11712,pais_vasco,202201,otras,16
11713,pais_vasco,202112,otras,11
11714,pais_vasco,202111,otras,3
11715,pais_vasco,202110,otras,9
11716,pais_vasco,202109,otras,6
11717,pais_vasco,202108,otras,4
11718,pais_vasco,202107,otras,14
11719,pais_vasco,202106,otras,14
11720,pais_vasco,202105,otras,11
11721,pais_vasco,202104,otras,13
11722,pais_vasco,202103,otras,28
11723,pais_vasco,202102,otras,11
11724,pais_vasco,202101,otras,11
11725,pais_vasco,202012,otras,12
11726,pais_vasco,202011,otras,12
11727,pais_vasco,202010,otras,13
11728,pais_vasco,202009,otras,9
11729,pais_vasco,202008,otras,12
11730,pais_vasco,202007,otras,11
11731,pais_vasco,202006,otras,9
11732,pais_vasco,202005,otras,3
11733,pais_vasco,202004,otras,1
11734,pais_vasco,202003,otras,11
11735,pais_vasco,202002,otras,15
11736,pais_vasco,202001,otras,16
11737,pais_vasco,201912,otras,21
11738,pais_vasco,201911,otras,11
11739,pais_vasco,201910,otras,8
11740,pais_vasco,201909,otras,11
11741,pais_vasco,201908,otras,4
11742,pais_vasco,201907,otras,11
11743,pais_vasco,201906,otras,9
11744,pais_vasco,201905,otras,11
11745,pais_vasco,201904,otras,15
11746,pais_vasco,201903,otras,10
11747,pais_vasco,201902,otras,13
11748,pais_vasco,201901,otras,15
11749,pais_vasco,201812,otras,16
11750,pais_vasco,201811,otras,21
11751,pais_vasco,201810,otras,11
11752,pais_vasco,201809,otras,10
11753,pais_vasco,201808,otras,6
11754,pais_vasco,201807,otras,19
11755,pais_vasco,201806,otras,12
11756,pais_vasco,201805,otras,14
11757,pais_vasco,201804,otras,9
11758,pais_vasco,201803,otras,7
11759,pais_vasco,201802,otras,24
11760,pais_vasco,201801,otras,13
11761,pais_vasco,201712,otras,17
11762,pais_vasco,201711,otras,11
11763,pais_vasco,201710,otras,21
11764,pais_vasco,201709,otras,15
11765,pais_vasco,201708,otras,5
11766,pais_vasco,201707,otras,9
11767,pais_vasco,201706,otras,14
11768,pais_vasco,201705,otras,17
11769,pais_vasco,201704,otras,13
11770,pais_vasco,201703,otras,19
11771,pais_vasco,201702,otras,15
11772,pais_vasco,201701,otras,18
11773,pais_vasco,201612,otras,23
11774,pais_vasco,201611,otras,20
11775,pais_vasco,201610,otras,14
11776,pais_vasco,201609,otras,24
11777,pais_vasco,201608,otras,9
11778,pais_vasco,201607,otras,13
11779,pais_vasco,201606,otras,17
11780,pais_vasco,201605,otras,20
11781,pais_vasco,201604,otras,17
11782,pais_vasco,201603,otras,29
11783,pais_vasco,201602,otras,21
11784,pais_vasco,201601,otras,18
11785,pais_vasco,201512,otras,31
11786,pais_vasco,201511,otras,27
11787,pais_vasco,201510,otras,21
11788,pais_vasco,201509,otras,18
11789,pais_vasco,201508,otras,16
11790,pais_vasco,201507,otras,20
11791,pais_vasco,201506,otras,18
11792,pais_vasco,201505,otras,33
11793,pais_vasco,201504,otras,18
11794,pais_vasco,201503,otras,21
11795,pais_vasco,201502,otras,34
11796,pais_vasco,201501,otras,18
11797,pais_vasco,201412,otras,24
11798,pais_vasco,201411,otras,31
11799,pais_vasco,201410,otras,41
11800,pais_vasco,201409,otras,16
11801,pais_vasco,201408,otras,18
11802,pais_vasco,201407,otras,21
11803,pais_vasco,201406,otras,24
11804,pais_vasco,201405,otras,37
11805,pais_vasco,201404,otras,20
11806,pais_vasco,201403,otras,48
11807,pais_vasco,201402,otras,38
11808,pais_vasco,201401,otras,31
11809,pais_vasco,201312,otras,32
11810,pais_vasco,201311,otras,33
11811,pais_vasco,201310,otras,41
11812,pais_vasco,201309,otras,24
11813,pais_vasco,201308,otras,8
11814,pais_vasco,201307,otras,39
11815,pais_vasco,201306,otras,29
11816,pais_vasco,201305,otras,42
11817,pais_vasco,201304,otras,35
11818,pais_vasco,201303,otras,43
11819,pais_vasco,201302,otras,60
11820,pais_vasco,201301,otras,25
11821,pais_vasco,201212,otras,34
11822,pais_vasco,201211,otras,37
11823,pais_vasco,201210,otras,40
11824,pais_vasco,201209,otras,27
11825,pais_vasco,201208,otras,14
11826,pais_vasco,201207,otras,45
11827,pais_vasco,201206,otras,50
11828,pais_vasco,201205,otras,44
11829,pais_vasco,201204,otras,34
11830,pais_vasco,201203,otras,52
11831,pais_vasco,201202,otras,30
11832,pais_vasco,201201,otras,21
11833,pais_vasco,201112,otras,15
11834,pais_vasco,201111,otras,16
11835,pais_vasco,201110,otras,9
11836,pais_vasco,201109,otras,20
11837,pais_vasco,201108,otras,15
11838,pais_vasco,201107,otras,21
11839,pais_vasco,201106,otras,22
11840,pais_vasco,201105,otras,28
11841,pais_vasco,201104,otras,9
11842,pais_vasco,201103,otras,24
11843,pais_vasco,201102,otras,25
11844,pais_vasco,201101,otras,32
11845,pais_vasco,201012,otras,21
11846,pais_vasco,201011,otras,15
11847,pais_vasco,201010,otras,23
11848,pais_vasco,201009,otras,10
11849,pais_vasco,201008,otras,6
11850,pais_vasco,201007,otras,13
11851,pais_vasco,201006,otras,16
11852,pais_vasco,201005,otras,29
11853,pais_vasco,201004,otras,25
11854,pais_vasco,201003,otras,11
11855,pais_vasco,201002,otras,19
11856,pais_vasco,201001,otras,21
11857,pais_vasco,200912,otras,22
11858,pais_vasco,200911,otras,12
11859,pais_vasco,200910,otras,24
11860,pais_vasco,200909,otras,12
11861,pais_vasco,200908,otras,10
11862,pais_vasco,200907,otras,14
11863,pais_vasco,200906,otras,6
11864,pais_vasco,200905,otras,8
11865,pais_vasco,200904,otras,12
11866,pais_vasco,200903,otras,13
11867,pais_vasco,200902,otras,11
11868,pais_vasco,200901,otras,3
11869,pais_vasco,200812,otras,5
11870,pais_vasco,200811,otras,9
11871,pais_vasco,200810,otras,7
11872,pais_vasco,200809,otras,9
11873,pais_vasco,200808,otras,1
11874,pais_vasco,200807,otras,4
11875,pais_vasco,200806,otras,9
11876,pais_vasco,200805,otras,5
11877,pais_vasco,200804,otras,10
11878,pais_vasco,200803,otras,19
11879,pais_vasco,200802,otras,9
11880,pais_vasco,200801,otras,7
11881,la_rioja,202604,otras,6
11882,la_rioja,202603,otras,1
11883,la_rioja,202602,otras,0
11884,la_rioja,202601,otras,1
11885,la_rioja,202512,otras,0
11886,la_rioja,202511,otras,1
11887,la_rioja,202510,otras,4
11888,la_rioja,202509,otras,2
11889,la_rioja,202508,otras,0
11890,la_rioja,202507,otras,3
11891,la_rioja,202506,otras,0
11892,la_rioja,202505,otras,0
11893,la_rioja,202504,otras,3
11894,la_rioja,202503,otras,1
11895,la_rioja,202502,otras,2
11896,la_rioja,202501,otras,2
11897,la_rioja,202412,otras,1
11898,la_rioja,202411,otras,0
11899,la_rioja,202410,otras,6
11900,la_rioja,202409,otras,1
11901,la_rioja,202408,otras,1
11902,la_rioja,202407,otras,1
11903,la_rioja,202406,otras,0
11904,la_rioja,202405,otras,0
11905,la_rioja,202404,otras,1
11906,la_rioja,202403,otras,0
11907,la_rioja,202402,otras,1
11908,la_rioja,202401,otras,1
11909,la_rioja,202312,otras,2
11910,la_rioja,202311,otras,2
11911,la_rioja,202310,otras,2
11912,la_rioja,202309,otras,1
11913,la_rioja,202308,otras,0
11914,la_rioja,202307,otras,6
11915,la_rioja,202306,otras,5
11916,la_rioja,202305,otras,3
11917,la_rioja,202304,otras,0
11918,la_rioja,202303,otras,0
11919,la_rioja,202302,otras,1
11920,la_rioja,202301,otras,3
11921,la_rioja,202212,otras,1
11922,la_rioja,202211,otras,1
11923,la_rioja,202210,otras,0
11924,la_rioja,202209,otras,0
11925,la_rioja,202208,otras,0
11926,la_rioja,202207,otras,0
11927,la_rioja,202206,otras,3
11928,la_rioja,202205,otras,4
11929,la_rioja,202204,otras,1
11930,la_rioja,202203,otras,0
11931,la_rioja,202202,otras,0
11932,la_rioja,202201,otras,0
11933,la_rioja,202112,otras,0
11934,la_rioja,202111,otras,0
11935,la_rioja,202110,otras,0
11936,la_rioja,202109,otras,0
11937,la_rioja,202108,otras,0
11938,la_rioja,202107,otras,0
11939,la_rioja,202106,otras,0
11940,la_rioja,202105,otras,0
11941,la_rioja,202104,otras,0
11942,la_rioja,202103,otras,0
11943,la_rioja,202102,otras,2
11944,la_rioja,202101,otras,2
11945,la_rioja,202012,otras,2
11946,la_rioja,202011,otras,4
11947,la_rioja,202010,otras,1
11948,la_rioja,202009,otras,0
11949,la_rioja,202008,otras,1
11950,la_rioja,202007,otras,0
11951,la_rioja,202006,otras,0
11952,la_rioja,202005,otras,0
11953,la_rioja,202004,otras,0
11954,la_rioja,202003,otras,2
11955,la_rioja,202002,otras,2
11956,la_rioja,202001,otras,0
11957,la_rioja,201912,otras,0
11958,la_rioja,201911,otras,2
11959,la_rioja,201910,otras,2
11960,la_rioja,201909,otras,0
11961,la_rioja,201908,otras,0
11962,la_rioja,201907,otras,0
11963,la_rioja,201906,otras,0
11964,la_rioja,201905,otras,1
11965,la_rioja,201904,otras,1
11966,la_rioja,201903,otras,0
11967,la_rioja,201902,otras,0
11968,la_rioja,201901,otras,0
11969,la_rioja,201812,otras,1
11970,la_rioja,201811,otras,0
11971,la_rioja,201810,otras,1
11972,la_rioja,201809,otras,1
11973,la_rioja,201808,otras,0
11974,la_rioja,201807,otras,1
11975,la_rioja,201806,otras,2
11976,la_rioja,201805,otras,2
11977,la_rioja,201804,otras,0
11978,la_rioja,201803,otras,0
11979,la_rioja,201802,otras,1
11980,la_rioja,201801,otras,0
11981,la_rioja,201712,otras,0
11982,la_rioja,201711,otras,1
11983,la_rioja,201710,otras,2
11984,la_rioja,201709,otras,0
11985,la_rioja,201708,otras,0
11986,la_rioja,201707,otras,1
11987,la_rioja,201706,otras,2
11988,la_rioja,201705,otras,2
11989,la_rioja,201704,otras,0
11990,la_rioja,201703,otras,0
11991,la_rioja,201702,otras,2
11992,la_rioja,201701,otras,0
11993,la_rioja,201612,otras,0
11994,la_rioja,201611,otras,0
11995,la_rioja,201610,otras,2
11996,la_rioja,201609,otras,0
11997,la_rioja,201608,otras,1
11998,la_rioja,201607,otras,0
11999,la_rioja,201606,otras,0
12000,la_rioja,201605,otras,1
12001,la_rioja,201604,otras,2
12002,la_rioja,201603,otras,1
12003,la_rioja,201602,otras,2
12004,la_rioja,201601,otras,1
12005,la_rioja,201512,otras,2
12006,la_rioja,201511,otras,1
12007,la_rioja,201510,otras,5
12008,la_rioja,201509,otras,1
12009,la_rioja,201508,otras,4
12010,la_rioja,201507,otras,4
12011,la_rioja,201506,otras,5
12012,la_rioja,201505,otras,3
12013,la_rioja,201504,otras,0
12014,la_rioja,201503,otras,12
12015,la_rioja,201502,otras,3
12016,la_rioja,201501,otras,4
12017,la_rioja,201412,otras,3
12018,la_rioja,201411,otras,3
12019,la_rioja,201410,otras,2
12020,la_rioja,201409,otras,2
12021,la_rioja,201408,otras,1
12022,la_rioja,201407,otras,3
12023,la_rioja,201406,otras,3
12024,la_rioja,201405,otras,11
12025,la_rioja,201404,otras,7
12026,la_rioja,201403,otras,10
12027,la_rioja,201402,otras,5
12028,la_rioja,201401,otras,7
12029,la_rioja,201312,otras,4
12030,la_rioja,201311,otras,4
12031,la_rioja,201310,otras,1
12032,la_rioja,201309,otras,2
12033,la_rioja,201308,otras,5
12034,la_rioja,201307,otras,10
12035,la_rioja,201306,otras,4
12036,la_rioja,201305,otras,14
12037,la_rioja,201304,otras,3
12038,la_rioja,201303,otras,13
12039,la_rioja,201302,otras,2
12040,la_rioja,201301,otras,1
12041,la_rioja,201212,otras,0
12042,la_rioja,201211,otras,2
12043,la_rioja,201210,otras,1
12044,la_rioja,201209,otras,0
12045,la_rioja,201208,otras,0
12046,la_rioja,201207,otras,2
12047,la_rioja,201206,otras,1
12048,la_rioja,201205,otras,0
12049,la_rioja,201204,otras,0
12050,la_rioja,201203,otras,0
12051,la_rioja,201202,otras,0
12052,la_rioja,201201,otras,1
12053,la_rioja,201112,otras,1
12054,la_rioja,201111,otras,1
12055,la_rioja,201110,otras,1
12056,la_rioja,201109,otras,0
12057,la_rioja,201108,otras,0
12058,la_rioja,201107,otras,3
12059,la_rioja,201106,otras,1
12060,la_rioja,201105,otras,3
12061,la_rioja,201104,otras,1
12062,la_rioja,201103,otras,1
12063,la_rioja,201102,otras,0
12064,la_rioja,201101,otras,0
12065,la_rioja,201012,otras,0
12066,la_rioja,201011,otras,0
12067,la_rioja,201010,otras,0
12068,la_rioja,201009,otras,0
12069,la_rioja,201008,otras,0
12070,la_rioja,201007,otras,0
12071,la_rioja,201006,otras,0
12072,la_rioja,201005,otras,0
12073,la_rioja,201004,otras,0
12074,la_rioja,201003,otras,0
12075,la_rioja,201002,otras,0
12076,la_rioja,201001,otras,0
12077,la_rioja,200912,otras,0
12078,la_rioja,200911,otras,0
12079,la_rioja,200910,otras,0
12080,la_rioja,200909,otras,0
12081,la_rioja,200908,otras,0
12082,la_rioja,200907,otras,2
12083,la_rioja,200906,otras,0
12084,la_rioja,200905,otras,0
12085,la_rioja,200904,otras,0
12086,la_rioja,200903,otras,0
12087,la_rioja,200902,otras,0
12088,la_rioja,200901,otras,0
12089,la_rioja,200812,otras,0
12090,la_rioja,200811,otras,1
12091,la_rioja,200810,otras,0
12092,la_rioja,200809,otras,1
12093,la_rioja,200808,otras,0
12094,la_rioja,200807,otras,1
12095,la_rioja,200806,otras,1
12096,la_rioja,200805,otras,0
12097,la_rioja,200804,otras,0
12098,la_rioja,200803,otras,0
12099,la_rioja,200802,otras,0
12100,la_rioja,200801,otras,0
12101,ceuta,202604,otras,0
12102,ceuta,202603,otras,0
12103,ceuta,202602,otras,0
12104,ceuta,202601,otras,0
12105,ceuta,202512,otras,0
12106,ceuta,202511,otras,0
12107,ceuta,202510,otras,1
12108,ceuta,202509,otras,0
12109,ceuta,202508,otras,0
12110,ceuta,202507,otras,0
12111,ceuta,202506,otras,0
12112,ceuta,202505,otras,0
12113,ceuta,202504,otras,0
12114,ceuta,202503,otras,0
12115,ceuta,202502,otras,0
12116,ceuta,202501,otras,0
12117,ceuta,202412,otras,0
12118,ceuta,202411,otras,0
12119,ceuta,202410,otras,0
12120,ceuta,202409,otras,0
12121,ceuta,202408,otras,0
12122,ceuta,202407,otras,0
12123,ceuta,202406,otras,0
12124,ceuta,202405,otras,0
12125,ceuta,202404,otras,0
12126,ceuta,202403,otras,0
12127,ceuta,202402,otras,0
12128,ceuta,202401,otras,1
12129,ceuta,202312,otras,0
12130,ceuta,202311,otras,0
12131,ceuta,202310,otras,0
12132,ceuta,202309,otras,0
12133,ceuta,202308,otras,0
12134,ceuta,202307,otras,0
12135,ceuta,202306,otras,0
12136,ceuta,202305,otras,0
12137,ceuta,202304,otras,0
12138,ceuta,202303,otras,0
12139,ceuta,202302,otras,1
12140,ceuta,202301,otras,0
12141,ceuta,202212,otras,0
12142,ceuta,202211,otras,0
12143,ceuta,202210,otras,0
12144,ceuta,202209,otras,0
12145,ceuta,202208,otras,0
12146,ceuta,202207,otras,0
12147,ceuta,202206,otras,0
12148,ceuta,202205,otras,1
12149,ceuta,202204,otras,0
12150,ceuta,202203,otras,0
12151,ceuta,202202,otras,0
12152,ceuta,202201,otras,0
12153,ceuta,202112,otras,0
12154,ceuta,202111,otras,0
12155,ceuta,202110,otras,0
12156,ceuta,202109,otras,0
12157,ceuta,202108,otras,0
12158,ceuta,202107,otras,0
12159,ceuta,202106,otras,0
12160,ceuta,202105,otras,0
12161,ceuta,202104,otras,0
12162,ceuta,202103,otras,2
12163,ceuta,202102,otras,0
12164,ceuta,202101,otras,0
12165,ceuta,202012,otras,0
12166,ceuta,202011,otras,1
12167,ceuta,202010,otras,0
12168,ceuta,202009,otras,0
12169,ceuta,202008,otras,0
12170,ceuta,202007,otras,0
12171,ceuta,202006,otras,0
12172,ceuta,202005,otras,0
12173,ceuta,202004,otras,0
12174,ceuta,202003,otras,0
12175,ceuta,202002,otras,0
12176,ceuta,202001,otras,0
12177,ceuta,201912,otras,0
12178,ceuta,201911,otras,0
12179,ceuta,201910,otras,0
12180,ceuta,201909,otras,0
12181,ceuta,201908,otras,0
12182,ceuta,201907,otras,0
12183,ceuta,201906,otras,1
12184,ceuta,201905,otras,0
12185,ceuta,201904,otras,0
12186,ceuta,201903,otras,0
12187,ceuta,201902,otras,0
12188,ceuta,201901,otras,0
12189,ceuta,201812,otras,3
12190,ceuta,201811,otras,0
12191,ceuta,201810,otras,0
12192,ceuta,201809,otras,0
12193,ceuta,201808,otras,0
12194,ceuta,201807,otras,1
12195,ceuta,201806,otras,1
12196,ceuta,201805,otras,0
12197,ceuta,201804,otras,0
12198,ceuta,201803,otras,0
12199,ceuta,201802,otras,0
12200,ceuta,201801,otras,0
12201,ceuta,201712,otras,0
12202,ceuta,201711,otras,0
12203,ceuta,201710,otras,0
12204,ceuta,201709,otras,0
12205,ceuta,201708,otras,0
12206,ceuta,201707,otras,0
12207,ceuta,201706,otras,0
12208,ceuta,201705,otras,0
12209,ceuta,201704,otras,0
12210,ceuta,201703,otras,0
12211,ceuta,201702,otras,0
12212,ceuta,201701,otras,0
12213,ceuta,201612,otras,0
12214,ceuta,201611,otras,0
12215,ceuta,201610,otras,0
12216,ceuta,201609,otras,0
12217,ceuta,201608,otras,0
12218,ceuta,201607,otras,0
12219,ceuta,201606,otras,0
12220,ceuta,201605,otras,0
12221,ceuta,201604,otras,0
12222,ceuta,201603,otras,0
12223,ceuta,201602,otras,0
12224,ceuta,201601,otras,0
12225,ceuta,201512,otras,0
12226,ceuta,201511,otras,0
12227,ceuta,201510,otras,0
12228,ceuta,201509,otras,0
12229,ceuta,201508,otras,0
12230,ceuta,201507,otras,0
12231,ceuta,201506,otras,0
12232,ceuta,201505,otras,0
12233,ceuta,201504,otras,0
12234,ceuta,201503,otras,0
12235,ceuta,201502,otras,0
12236,ceuta,201501,otras,0
12237,ceuta,201412,otras,0
12238,ceuta,201411,otras,0
12239,ceuta,201410,otras,0
12240,ceuta,201409,otras,0
12241,ceuta,201408,otras,3
12242,ceuta,201407,otras,0
12243,ceuta,201406,otras,0
12244,ceuta,201405,otras,0
12245,ceuta,201404,otras,0
12246,ceuta,201403,otras,0
12247,ceuta,201402,otras,0
12248,ceuta,201401,otras,0
12249,ceuta,201312,otras,0
12250,ceuta,201311,otras,0
12251,ceuta,201310,otras,0
12252,ceuta,201309,otras,0
12253,ceuta,201308,otras,0
12254,ceuta,201307,otras,0
12255,ceuta,201306,otras,0
12256,ceuta,201305,otras,0
12257,ceuta,201304,otras,0
12258,ceuta,201303,otras,0
12259,ceuta,201302,otras,0
12260,ceuta,201301,otras,0
12261,ceuta,201212,otras,0
12262,ceuta,201211,otras,0
12263,ceuta,201210,otras,0
12264,ceuta,201209,otras,0
12265,ceuta,201208,otras,0
12266,ceuta,201207,otras,0
12267,ceuta,201206,otras,0
12268,ceuta,201205,otras,0
12269,ceuta,201204,otras,0
12270,ceuta,201203,otras,1
12271,ceuta,201202,otras,0
12272,ceuta,201201,otras,0
12273,ceuta,201112,otras,0
12274,ceuta,201111,otras,0
12275,ceuta,201110,otras,0
12276,ceuta,201109,otras,0
12277,ceuta,201108,otras,0
12278,ceuta,201107,otras,0
12279,ceuta,201106,otras,0
12280,ceuta,201105,otras,0
12281,ceuta,201104,otras,0
12282,ceuta,201103,otras,0
12283,ceuta,201102,otras,0
12284,ceuta,201101,otras,0
12285,ceuta,201012,otras,0
12286,ceuta,201011,otras,0
12287,ceuta,201010,otras,0
12288,ceuta,201009,otras,0
12289,ceuta,201008,otras,0
12290,ceuta,201007,otras,0
12291,ceuta,201006,otras,0
12292,ceuta,201005,otras,0
12293,ceuta,201004,otras,0
12294,ceuta,201003,otras,0
12295,ceuta,201002,otras,0
12296,ceuta,201001,otras,0
12297,ceuta,200912,otras,0
12298,ceuta,200911,otras,0
12299,ceuta,200910,otras,0
12300,ceuta,200909,otras,0
12301,ceuta,200908,otras,0
12302,ceuta,200907,otras,0
12303,ceuta,200906,otras,0
12304,ceuta,200905,otras,0
12305,ceuta,200904,otras,0
12306,ceuta,200903,otras,0
12307,ceuta,200902,otras,0
12308,ceuta,200901,otras,0
12309,ceuta,200812,otras,0
12310,ceuta,200811,otras,0
12311,ceuta,200810,otras,0
12312,ceuta,200809,otras,0
12313,ceuta,200808,otras,0
12314,ceuta,200807,otras,0
12315,ceuta,200806,otras,0
12316,ceuta,200805,otras,0
12317,ceuta,200804,otras,0
12318,ceuta,200803,otras,0
12319,ceuta,200802,otras,0
12320,ceuta,200801,otras,0
12321,melilla,202604,otras,0
12322,melilla,202603,otras,0
12323,melilla,202602,otras,0
12324,melilla,202601,otras,0
12325,melilla,202512,otras,0
12326,melilla,202511,otras,0
12327,melilla,202510,otras,0
12328,melilla,202509,otras,0
12329,melilla,202508,otras,0
12330,melilla,202507,otras,0
12331,melilla,202506,otras,0
12332,melilla,202505,otras,0
12333,melilla,202504,otras,0
12334,melilla,202503,otras,0
12335,melilla,202502,otras,0
12336,melilla,202501,otras,0
12337,melilla,202412,otras,0
12338,melilla,202411,otras,0
12339,melilla,202410,otras,0
12340,melilla,202409,otras,0
12341,melilla,202408,otras,0
12342,melilla,202407,otras,0
12343,melilla,202406,otras,0
12344,melilla,202405,otras,0
12345,melilla,202404,otras,0
12346,melilla,202403,otras,0
12347,melilla,202402,otras,0
12348,melilla,202401,otras,0
12349,melilla,202312,otras,0
12350,melilla,202311,otras,0
12351,melilla,202310,otras,0
12352,melilla,202309,otras,0
12353,melilla,202308,otras,1
12354,melilla,202307,otras,0
12355,melilla,202306,otras,0
12356,melilla,202305,otras,0
12357,melilla,202304,otras,0
12358,melilla,202303,otras,0
12359,melilla,202302,otras,0
12360,melilla,202301,otras,0
12361,melilla,202212,otras,0
12362,melilla,202211,otras,0
12363,melilla,202210,otras,0
12364,melilla,202209,otras,0
12365,melilla,202208,otras,0
12366,melilla,202207,otras,0
12367,melilla,202206,otras,0
12368,melilla,202205,otras,0
12369,melilla,202204,otras,0
12370,melilla,202203,otras,0
12371,melilla,202202,otras,0
12372,melilla,202201,otras,0
12373,melilla,202112,otras,0
12374,melilla,202111,otras,0
12375,melilla,202110,otras,0
12376,melilla,202109,otras,0
12377,melilla,202108,otras,0
12378,melilla,202107,otras,0
12379,melilla,202106,otras,0
12380,melilla,202105,otras,0
12381,melilla,202104,otras,0
12382,melilla,202103,otras,0
12383,melilla,202102,otras,0
12384,melilla,202101,otras,0
12385,melilla,202012,otras,0
12386,melilla,202011,otras,0
12387,melilla,202010,otras,0
12388,melilla,202009,otras,0
12389,melilla,202008,otras,0
12390,melilla,202007,otras,0
12391,melilla,202006,otras,0
12392,melilla,202005,otras,0
12393,melilla,202004,otras,1
12394,melilla,202003,otras,0
12395,melilla,202002,otras,0
12396,melilla,202001,otras,0
12397,melilla,201912,otras,0
12398,melilla,201911,otras,0
12399,melilla,201910,otras,2
12400,melilla,201909,otras,0
12401,melilla,201908,otras,0
12402,melilla,201907,otras,1
12403,melilla,201906,otras,0
12404,melilla,201905,otras,0
12405,melilla,201904,otras,0
12406,melilla,201903,otras,0
12407,melilla,201902,otras,0
12408,melilla,201901,otras,0
12409,melilla,201812,otras,0
12410,melilla,201811,otras,0
12411,melilla,201810,otras,0
12412,melilla,201809,otras,0
12413,melilla,201808,otras,0
12414,melilla,201807,otras,0
12415,melilla,201806,otras,2
12416,melilla,201805,otras,0
12417,melilla,201804,otras,0
12418,melilla,201803,otras,0
12419,melilla,201802,otras,0
12420,melilla,201801,otras,0
12421,melilla,201712,otras,1
12422,melilla,201711,otras,0
12423,melilla,201710,otras,0
12424,melilla,201709,otras,0
12425,melilla,201708,otras,0
12426,melilla,201707,otras,1
12427,melilla,201706,otras,0
12428,melilla,201705,otras,0
12429,melilla,201704,otras,0
12430,melilla,201703,otras,0
12431,melilla,201702,otras,0
12432,melilla,201701,otras,0
12433,melilla,201612,otras,1
12434,melilla,201611,otras,0
12435,melilla,201610,otras,0
12436,melilla,201609,otras,0
12437,melilla,201608,otras,0
12438,melilla,201607,otras,0
12439,melilla,201606,otras,1
12440,melilla,201605,otras,0
12441,melilla,201604,otras,0
12442,melilla,201603,otras,0
12443,melilla,201602,otras,1
12444,melilla,201601,otras,0
12445,melilla,201512,otras,0
12446,melilla,201511,otras,0
12447,melilla,201510,otras,0
12448,melilla,201509,otras,0
12449,melilla,201508,otras,0
12450,melilla,201507,otras,0
12451,melilla,201506,otras,0
12452,melilla,201505,otras,0
12453,melilla,201504,otras,0
12454,melilla,201503,otras,0
12455,melilla,201502,otras,0
12456,melilla,201501,otras,0
12457,melilla,201412,otras,0
12458,melilla,201411,otras,0
12459,melilla,201410,otras,0
12460,melilla,201409,otras,0
12461,melilla,201408,otras,0
12462,melilla,201407,otras,0
12463,melilla,201406,otras,1
12464,melilla,201405,otras,0
12465,melilla,201404,otras,0
12466,melilla,201403,otras,0
12467,melilla,201402,otras,0
12468,melilla,201401,otras,0
12469,melilla,201312,otras,0
12470,melilla,201311,otras,0
12471,melilla,201310,otras,0
12472,melilla,201309,otras,0
12473,melilla,201308,otras,0
12474,melilla,201307,otras,0
12475,melilla,201306,otras,0
12476,melilla,201305,otras,0
12477,melilla,201304,otras,0
12478,melilla,201303,otras,0
12479,melilla,201302,otras,0
12480,melilla,201301,otras,0
12481,melilla,201212,otras,0
12482,melilla,201211,otras,1
12483,melilla,201210,otras,0
12484,melilla,201209,otras,0
12485,melilla,201208,otras,0
12486,melilla,201207,otras,0
12487,melilla,201206,otras,0
12488,melilla,201205,otras,0
12489,melilla,201204,otras,0
12490,melilla,201203,otras,0
12491,melilla,201202,otras,0
12492,melilla,201201,otras,0
12493,melilla,201112,otras,0
12494,melilla,201111,otras,0
12495,melilla,201110,otras,0
12496,melilla,201109,otras,0
12497,melilla,201108,otras,0
12498,melilla,201107,otras,0
12499,melilla,201106,otras,0
12500,melilla,201105,otras,0
12501,melilla,201104,otras,0
12502,melilla,201103,otras,0
12503,melilla,201102,otras,0
12504,melilla,201101,otras,0
12505,melilla,201012,otras,0
12506,melilla,201011,otras,0
12507,melilla,201010,otras,0
12508,melilla,201009,otras,0
12509,melilla,201008,otras,0
12510,melilla,201007,otras,0
12511,melilla,201006,otras,0
12512,melilla,201005,otras,0
12513,melilla,201004,otras,0
12514,melilla,201003,otras,0
12515,melilla,201002,otras,0
12516,melilla,201001,otras,0
12517,melilla,200912,otras,0
12518,melilla,200911,otras,0
12519,melilla,200910,otras,0
12520,melilla,200909,otras,0
12521,melilla,200908,otras,0
12522,melilla,200907,otras,0
12523,melilla,200906,otras,0
12524,melilla,200905,otras,0
12525,melilla,200904,otras,0
12526,melilla,200903,otras,0
12527,melilla,200902,otras,0
12528,melilla,200901,otras,0
12529,melilla,200812,otras,0
12530,melilla,200811,otras,0
12531,melilla,200810,otras,0
12532,melilla,200809,otras,0
12533,melilla,200808,otras,0
12534,melilla,200807,otras,0
12535,melilla,200806,otras,0
12536,melilla,200805,otras,0
12537,melilla,200804,otras,0
12538,melilla,200803,otras,0
12539,melilla,200802,otras,0
12540,melilla,200801,otras,0
