id_const,id_tiempo,tipo,numero_sociedades,capital,id_territorio
4181,202604,S.A.,2,300000,2
4182,202603,S.A.,2,950000,2
4183,202602,S.A.,1,60000,2
4184,202601,S.A.,2,120000,2
4185,202512,S.A.,2,120000,2
4186,202511,S.A.,5,1040000,2
4187,202510,S.A.,4,459000,2
4188,202509,S.A.,1,10000000,2
4189,202508,S.A.,2,130000,2
4190,202507,S.A.,4,5785000,2
4191,202506,S.A.,1,500000,2
4192,202505,S.A.,1,60000,2
4193,202504,S.A.,3,200000,2
4194,202503,S.A.,3,1320000,2
4195,202502,S.A.,1,64000,2
4196,202501,S.A.,2,12728000,2
4197,202412,S.A.,3,1350000,2
4198,202411,S.A.,3,1620000,2
4199,202410,S.A.,3,1120000,2
4200,202409,S.A.,3,180000,2
4201,202408,S.A.,4,320000,2
4202,202407,S.A.,2,1840000,2
4203,202406,S.A.,3,220000,2
4204,202405,S.A.,1,60000,2
4205,202404,S.A.,4,244000,2
4206,202403,S.A.,3,2120000,2
4207,202402,S.A.,2,301000,2
4208,202401,S.A.,2,810000,2
4209,202312,S.A.,4,1180000,2
4210,202311,S.A.,1,100000,2
4211,202310,S.A.,3,1060000,2
4212,202309,S.A.,3,6000000,2
4213,202308,S.A.,0,0,2
4214,202307,S.A.,1,200000,2
4215,202306,S.A.,2,120000,2
4216,202305,S.A.,4,3700000,2
4217,202304,S.A.,0,0,2
4218,202303,S.A.,4,8702000,2
4219,202302,S.A.,1,100000,2
4220,202301,S.A.,3,721000,2
4221,202212,S.A.,2,210000,2
4222,202211,S.A.,3,180000,2
4223,202210,S.A.,1,60000,2
4224,202209,S.A.,2,1260000,2
4225,202208,S.A.,0,0,2
4226,202207,S.A.,1,60000,2
4227,202206,S.A.,4,1141000,2
4228,202205,S.A.,1,66000,2
4229,202204,S.A.,2,1560000,2
4230,202203,S.A.,1,60000,2
4231,202202,S.A.,1,60000,2
4232,202201,S.A.,3,220000,2
4233,202112,S.A.,1,60000,2
4234,202111,S.A.,4,410000,2
4235,202110,S.A.,4,386000,2
4236,202109,S.A.,0,0,2
4237,202108,S.A.,3,180000,2
4238,202107,S.A.,4,9851000,2
4239,202106,S.A.,8,1060000,2
4240,202105,S.A.,0,0,2
4241,202104,S.A.,2,160000,2
4242,202103,S.A.,4,1250000,2
4243,202102,S.A.,7,468000,2
4244,202101,S.A.,1,60000,2
4245,202012,S.A.,0,0,2
4246,202011,S.A.,0,0,2
4247,202010,S.A.,1,15000000,2
4248,202009,S.A.,3,670000,2
4249,202008,S.A.,7,8894000,2
4250,202007,S.A.,1,60000,2
4251,202006,S.A.,3,180000,2
4252,202005,S.A.,0,0,2
4253,202004,S.A.,0,0,2
4254,202003,S.A.,3,220000,2
4255,202002,S.A.,2,915000,2
4256,202001,S.A.,1,60000,2
4257,201912,S.A.,1,60000,2
4258,201911,S.A.,2,120000,2
4259,201910,S.A.,4,600000,2
4260,201909,S.A.,4,193000,2
4261,201908,S.A.,2,560000,2
4262,201907,S.A.,3,240000,2
4263,201906,S.A.,2,1150000,2
4264,201905,S.A.,4,388000,2
4265,201904,S.A.,4,1120000,2
4266,201903,S.A.,3,180000,2
4267,201902,S.A.,4,240000,2
4268,201901,S.A.,4,462000,2
4269,201812,S.A.,0,0,2
4270,201811,S.A.,2,1060000,2
4271,201810,S.A.,1,60000,2
4272,201809,S.A.,0,0,2
4273,201808,S.A.,2,2560000,2
4274,201807,S.A.,3,1320000,2
4275,201806,S.A.,2,120000,2
4276,201805,S.A.,2,1060000,2
4277,201804,S.A.,6,360000,2
4278,201803,S.A.,1,60000,2
4279,201802,S.A.,2,120000,2
4280,201801,S.A.,8,1920000,2
4281,201712,S.A.,4,180000,2
4282,201711,S.A.,4,9395000,2
4283,201710,S.A.,1,200000,2
4284,201709,S.A.,1,60000,2
4285,201708,S.A.,4,2730000,2
4286,201707,S.A.,2,3269000,2
4287,201706,S.A.,3,2160000,2
4288,201705,S.A.,2,120000,2
4289,201704,S.A.,2,120000,2
4290,201703,S.A.,5,300000,2
4291,201702,S.A.,1,60000,2
4292,201701,S.A.,5,1295000,2
4293,201612,S.A.,3,2300000,2
4294,201611,S.A.,2,360000,2
4295,201610,S.A.,3,220000,2
4296,201609,S.A.,0,0,2
4297,201608,S.A.,2,340000,2
4298,201607,S.A.,2,2230000,2
4299,201606,S.A.,3,610000,2
4300,201605,S.A.,4,2260000,2
4301,201604,S.A.,1,60000,2
4302,201603,S.A.,5,305000,2
4303,201602,S.A.,2,262000,2
4304,201601,S.A.,9,2400000,2
4305,201512,S.A.,1,60000,2
4306,201511,S.A.,4,380000,2
4307,201510,S.A.,5,352000,2
4308,201509,S.A.,4,420000,2
4309,201508,S.A.,2,120000,2
4310,201507,S.A.,4,420000,2
4311,201506,S.A.,2,3400000,2
4312,201505,S.A.,4,220000,2
4313,201504,S.A.,5,300000,2
4314,201503,S.A.,2,5967000,2
4315,201502,S.A.,8,490000,2
4316,201501,S.A.,4,360000,2
4317,201412,S.A.,1,60000,2
4318,201411,S.A.,7,5879000,2
4319,201410,S.A.,3,4460000,2
4320,201409,S.A.,3,270000,2
4321,201408,S.A.,3,420000,2
4322,201407,S.A.,5,2464000,2
4323,201406,S.A.,5,300000,2
4324,201405,S.A.,7,1400000,2
4325,201404,S.A.,0,0,2
4326,201403,S.A.,5,2245000,2
4327,201402,S.A.,2,177000,2
4328,201401,S.A.,5,1790000,2
4329,201312,S.A.,1,60000,2
4330,201311,S.A.,1,250000,2
4331,201310,S.A.,4,818000,2
4332,201309,S.A.,1,60000,2
4333,201308,S.A.,0,0,2
4334,201307,S.A.,5,9767000,2
4335,201306,S.A.,6,15253000,2
4336,201305,S.A.,3,266000,2
4337,201304,S.A.,2,120000,2
4338,201303,S.A.,4,6679000,2
4339,201302,S.A.,7,65278000,2
4340,201301,S.A.,7,160962000,2
4341,201212,S.A.,5,58157000,2
4342,201211,S.A.,6,5510000,2
4343,201210,S.A.,5,360000,2
4344,201209,S.A.,3,180000,2
4345,201208,S.A.,2,8200000,2
4346,201207,S.A.,3,2834000,2
4347,201206,S.A.,5,911000,2
4348,201205,S.A.,9,1485000,2
4349,201204,S.A.,5,300000,2
4350,201203,S.A.,5,14780000,2
4351,201202,S.A.,3,620000,2
4352,201201,S.A.,13,6339000,2
4353,201112,S.A.,4,800630000,2
4354,201111,S.A.,3,181000,2
4355,201110,S.A.,4,269000,2
4356,201109,S.A.,5,1741000,2
4357,201108,S.A.,4,661000,2
4358,201107,S.A.,5,25012000,2
4359,201106,S.A.,4,287000,2
4360,201105,S.A.,1,60000,2
4361,201104,S.A.,3,270000,2
4362,201103,S.A.,4,286000,2
4363,201102,S.A.,10,601000,2
4364,201101,S.A.,4,295000,2
4365,201012,S.A.,5,11340000,2
4366,201011,S.A.,4,240000,2
4367,201010,S.A.,3,126000,2
4368,201009,S.A.,9,1106000,2
4369,201008,S.A.,4,1125000,2
4370,201007,S.A.,4,285000,2
4371,201006,S.A.,10,5562000,2
4372,201005,S.A.,3,182000,2
4373,201004,S.A.,11,22386000,2
4374,201003,S.A.,10,2736000,2
4375,201002,S.A.,6,2395000,2
4376,201001,S.A.,10,3036000,2
4377,200912,S.A.,12,19043000,2
4378,200911,S.A.,6,428000,2
4379,200910,S.A.,9,2663000,2
4380,200909,S.A.,5,188000,2
4381,200908,S.A.,6,368000,2
4382,200907,S.A.,7,451000,2
4383,200906,S.A.,6,608000,2
4384,200905,S.A.,10,12969000,2
4385,200904,S.A.,10,896000,2
4386,200903,S.A.,7,485000,2
4387,200902,S.A.,17,6693000,2
4388,200901,S.A.,11,10186000,2
4389,200812,S.A.,11,6089000,2
4390,200811,S.A.,5,5601000,2
4391,200810,S.A.,12,10321000,2
4392,200809,S.A.,10,9983000,2
4393,200808,S.A.,5,299000,2
4394,200807,S.A.,8,1592000,2
4395,200806,S.A.,8,18432000,2
4396,200805,S.A.,7,1402000,2
4397,200804,S.A.,35,5138000,2
4398,200803,S.A.,10,8289000,2
4399,200802,S.A.,18,9576000,2
4400,200801,S.A.,13,2578000,2
4401,202604,S.A.,0,0,3
4402,202603,S.A.,0,0,3
4403,202602,S.A.,1,60000,3
4404,202601,S.A.,0,0,3
4405,202512,S.A.,2,160000,3
4406,202511,S.A.,0,0,3
4407,202510,S.A.,2,120000,3
4408,202509,S.A.,0,0,3
4409,202508,S.A.,0,0,3
4410,202507,S.A.,1,240000,3
4411,202506,S.A.,0,0,3
4412,202505,S.A.,0,0,3
4413,202504,S.A.,0,0,3
4414,202503,S.A.,1,60000,3
4415,202502,S.A.,0,0,3
4416,202501,S.A.,2,3100000,3
4417,202412,S.A.,0,0,3
4418,202411,S.A.,0,0,3
4419,202410,S.A.,2,1625000,3
4420,202409,S.A.,1,300000,3
4421,202408,S.A.,0,0,3
4422,202407,S.A.,2,2100000,3
4423,202406,S.A.,0,0,3
4424,202405,S.A.,0,0,3
4425,202404,S.A.,2,16238000,3
4426,202403,S.A.,6,42129000,3
4427,202402,S.A.,3,25365000,3
4428,202401,S.A.,0,0,3
4429,202312,S.A.,0,0,3
4430,202311,S.A.,2,160000,3
4431,202310,S.A.,0,0,3
4432,202309,S.A.,0,0,3
4433,202308,S.A.,0,0,3
4434,202307,S.A.,0,0,3
4435,202306,S.A.,0,0,3
4436,202305,S.A.,2,560000,3
4437,202304,S.A.,1,60000,3
4438,202303,S.A.,0,0,3
4439,202302,S.A.,0,0,3
4440,202301,S.A.,0,0,3
4441,202212,S.A.,1,100000,3
4442,202211,S.A.,0,0,3
4443,202210,S.A.,0,0,3
4444,202209,S.A.,1,1000000,3
4445,202208,S.A.,0,0,3
4446,202207,S.A.,0,0,3
4447,202206,S.A.,0,0,3
4448,202205,S.A.,1,100000,3
4449,202204,S.A.,0,0,3
4450,202203,S.A.,0,0,3
4451,202202,S.A.,0,0,3
4452,202201,S.A.,0,0,3
4453,202112,S.A.,0,0,3
4454,202111,S.A.,0,0,3
4455,202110,S.A.,1,100000,3
4456,202109,S.A.,0,0,3
4457,202108,S.A.,0,0,3
4458,202107,S.A.,1,100000,3
4459,202106,S.A.,0,0,3
4460,202105,S.A.,0,0,3
4461,202104,S.A.,1,2400000,3
4462,202103,S.A.,1,200000,3
4463,202102,S.A.,0,0,3
4464,202101,S.A.,0,0,3
4465,202012,S.A.,0,0,3
4466,202011,S.A.,0,0,3
4467,202010,S.A.,0,0,3
4468,202009,S.A.,0,0,3
4469,202008,S.A.,0,0,3
4470,202007,S.A.,0,0,3
4471,202006,S.A.,0,0,3
4472,202005,S.A.,0,0,3
4473,202004,S.A.,0,0,3
4474,202003,S.A.,0,0,3
4475,202002,S.A.,0,0,3
4476,202001,S.A.,0,0,3
4477,201912,S.A.,0,0,3
4478,201911,S.A.,0,0,3
4479,201910,S.A.,0,0,3
4480,201909,S.A.,0,0,3
4481,201908,S.A.,0,0,3
4482,201907,S.A.,0,0,3
4483,201906,S.A.,0,0,3
4484,201905,S.A.,0,0,3
4485,201904,S.A.,0,0,3
4486,201903,S.A.,0,0,3
4487,201902,S.A.,1,8000000,3
4488,201901,S.A.,1,200000,3
4489,201812,S.A.,0,0,3
4490,201811,S.A.,1,60000,3
4491,201810,S.A.,1,60000,3
4492,201809,S.A.,2,600000,3
4493,201808,S.A.,0,0,3
4494,201807,S.A.,0,0,3
4495,201806,S.A.,1,60000,3
4496,201805,S.A.,1,450000,3
4497,201804,S.A.,0,0,3
4498,201803,S.A.,3,180000,3
4499,201802,S.A.,2,120000,3
4500,201801,S.A.,2,210000,3
4501,201712,S.A.,1,100000,3
4502,201711,S.A.,1,60000,3
4503,201710,S.A.,0,0,3
4504,201709,S.A.,1,60000,3
4505,201708,S.A.,1,335000,3
4506,201707,S.A.,0,0,3
4507,201706,S.A.,2,120000,3
4508,201705,S.A.,0,0,3
4509,201704,S.A.,0,0,3
4510,201703,S.A.,1,500000,3
4511,201702,S.A.,0,0,3
4512,201701,S.A.,0,0,3
4513,201612,S.A.,0,0,3
4514,201611,S.A.,0,0,3
4515,201610,S.A.,0,0,3
4516,201609,S.A.,0,0,3
4517,201608,S.A.,0,0,3
4518,201607,S.A.,2,60000,3
4519,201606,S.A.,0,0,3
4520,201605,S.A.,1,30000,3
4521,201604,S.A.,0,0,3
4522,201603,S.A.,0,0,3
4523,201602,S.A.,1,60000,3
4524,201601,S.A.,0,0,3
4525,201512,S.A.,1,2400000,3
4526,201511,S.A.,1,60000,3
4527,201510,S.A.,1,3000000,3
4528,201509,S.A.,0,0,3
4529,201508,S.A.,0,0,3
4530,201507,S.A.,0,0,3
4531,201506,S.A.,1,399000,3
4532,201505,S.A.,2,1560000,3
4533,201504,S.A.,0,0,3
4534,201503,S.A.,4,21120000,3
4535,201502,S.A.,0,0,3
4536,201501,S.A.,1,4777000,3
4537,201412,S.A.,0,0,3
4538,201411,S.A.,1,200000,3
4539,201410,S.A.,1,60000,3
4540,201409,S.A.,0,0,3
4541,201408,S.A.,0,0,3
4542,201407,S.A.,2,1100000,3
4543,201406,S.A.,0,0,3
4544,201405,S.A.,0,0,3
4545,201404,S.A.,2,120000,3
4546,201403,S.A.,3,180000,3
4547,201402,S.A.,1,1000000,3
4548,201401,S.A.,2,1415000,3
4549,201312,S.A.,0,0,3
4550,201311,S.A.,0,0,3
4551,201310,S.A.,0,0,3
4552,201309,S.A.,1,320000,3
4553,201308,S.A.,1,2500000,3
4554,201307,S.A.,1,325000,3
4555,201306,S.A.,1,6641000,3
4556,201305,S.A.,1,60000,3
4557,201304,S.A.,0,0,3
4558,201303,S.A.,0,0,3
4559,201302,S.A.,0,0,3
4560,201301,S.A.,0,0,3
4561,201212,S.A.,1,60000,3
4562,201211,S.A.,2,121000,3
4563,201210,S.A.,2,1120000,3
4564,201209,S.A.,1,60000,3
4565,201208,S.A.,1,60000,3
4566,201207,S.A.,0,0,3
4567,201206,S.A.,0,0,3
4568,201205,S.A.,0,0,3
4569,201204,S.A.,0,0,3
4570,201203,S.A.,0,0,3
4571,201202,S.A.,2,120000,3
4572,201201,S.A.,0,0,3
4573,201112,S.A.,6,5760000,3
4574,201111,S.A.,0,0,3
4575,201110,S.A.,0,0,3
4576,201109,S.A.,5,2134740000,3
4577,201108,S.A.,1,850000,3
4578,201107,S.A.,1,5000000,3
4579,201106,S.A.,2,520000,3
4580,201105,S.A.,1,1200000,3
4581,201104,S.A.,3,44501000,3
4582,201103,S.A.,8,76534000,3
4583,201102,S.A.,1,60000,3
4584,201101,S.A.,3,181000,3
4585,201012,S.A.,2,18090000,3
4586,201011,S.A.,1,60000,3
4587,201010,S.A.,0,0,3
4588,201009,S.A.,0,0,3
4589,201008,S.A.,0,0,3
4590,201007,S.A.,2,7090000,3
4591,201006,S.A.,2,2470000,3
4592,201005,S.A.,4,4120000,3
4593,201004,S.A.,0,0,3
4594,201003,S.A.,0,0,3
4595,201002,S.A.,3,4423000,3
4596,201001,S.A.,3,1120000,3
4597,200912,S.A.,2,1060000,3
4598,200911,S.A.,3,17577000,3
4599,200910,S.A.,0,0,3
4600,200909,S.A.,3,2946000,3
4601,200908,S.A.,1,62000,3
4602,200907,S.A.,5,14507000,3
4603,200906,S.A.,2,121000,3
4604,200905,S.A.,1,2692000,3
4605,200904,S.A.,5,457000,3
4606,200903,S.A.,0,0,3
4607,200902,S.A.,3,2802000,3
4608,200901,S.A.,1,60000,3
4609,200812,S.A.,1,61000,3
4610,200811,S.A.,2,660000,3
4611,200810,S.A.,7,12376000,3
4612,200809,S.A.,3,1091000,3
4613,200808,S.A.,2,2544000,3
4614,200807,S.A.,1,60000,3
4615,200806,S.A.,4,2280000,3
4616,200805,S.A.,2,120000,3
4617,200804,S.A.,2,3494000,3
4618,200803,S.A.,2,661000,3
4619,200802,S.A.,6,6616000,3
4620,200801,S.A.,2,572000,3
4621,202604,S.A.,1,60000,4
4622,202603,S.A.,2,120000,4
4623,202602,S.A.,3,180000,4
4624,202601,S.A.,0,0,4
4625,202512,S.A.,0,0,4
4626,202511,S.A.,1,60000,4
4627,202510,S.A.,0,0,4
4628,202509,S.A.,0,0,4
4629,202508,S.A.,0,0,4
4630,202507,S.A.,0,0,4
4631,202506,S.A.,1,60000,4
4632,202505,S.A.,1,60000,4
4633,202504,S.A.,0,0,4
4634,202503,S.A.,0,0,4
4635,202502,S.A.,0,0,4
4636,202501,S.A.,0,0,4
4637,202412,S.A.,0,0,4
4638,202411,S.A.,0,0,4
4639,202410,S.A.,0,0,4
4640,202409,S.A.,0,0,4
4641,202408,S.A.,0,0,4
4642,202407,S.A.,1,60000,4
4643,202406,S.A.,0,0,4
4644,202405,S.A.,0,0,4
4645,202404,S.A.,0,0,4
4646,202403,S.A.,1,511000,4
4647,202402,S.A.,2,120000,4
4648,202401,S.A.,0,0,4
4649,202312,S.A.,0,0,4
4650,202311,S.A.,1,600000,4
4651,202310,S.A.,0,0,4
4652,202309,S.A.,1,60000,4
4653,202308,S.A.,0,0,4
4654,202307,S.A.,0,0,4
4655,202306,S.A.,0,0,4
4656,202305,S.A.,0,0,4
4657,202304,S.A.,0,0,4
4658,202303,S.A.,1,63000,4
4659,202302,S.A.,1,90000,4
4660,202301,S.A.,0,0,4
4661,202212,S.A.,0,0,4
4662,202211,S.A.,0,0,4
4663,202210,S.A.,0,0,4
4664,202209,S.A.,0,0,4
4665,202208,S.A.,0,0,4
4666,202207,S.A.,0,0,4
4667,202206,S.A.,0,0,4
4668,202205,S.A.,0,0,4
4669,202204,S.A.,3,3000000,4
4670,202203,S.A.,1,60000,4
4671,202202,S.A.,0,0,4
4672,202201,S.A.,0,0,4
4673,202112,S.A.,0,0,4
4674,202111,S.A.,0,0,4
4675,202110,S.A.,0,0,4
4676,202109,S.A.,0,0,4
4677,202108,S.A.,0,0,4
4678,202107,S.A.,0,0,4
4679,202106,S.A.,0,0,4
4680,202105,S.A.,0,0,4
4681,202104,S.A.,0,0,4
4682,202103,S.A.,0,0,4
4683,202102,S.A.,1,60000,4
4684,202101,S.A.,0,0,4
4685,202012,S.A.,0,0,4
4686,202011,S.A.,0,0,4
4687,202010,S.A.,1,60000,4
4688,202009,S.A.,1,60000,4
4689,202008,S.A.,0,0,4
4690,202007,S.A.,0,0,4
4691,202006,S.A.,0,0,4
4692,202005,S.A.,0,0,4
4693,202004,S.A.,1,1000000,4
4694,202003,S.A.,0,0,4
4695,202002,S.A.,0,0,4
4696,202001,S.A.,0,0,4
4697,201912,S.A.,0,0,4
4698,201911,S.A.,3,3890000,4
4699,201910,S.A.,1,1000000,4
4700,201909,S.A.,2,120000,4
4701,201908,S.A.,1,60000,4
4702,201907,S.A.,0,0,4
4703,201906,S.A.,1,60000,4
4704,201905,S.A.,1,1000000,4
4705,201904,S.A.,1,6050000,4
4706,201903,S.A.,0,0,4
4707,201902,S.A.,0,0,4
4708,201901,S.A.,0,0,4
4709,201812,S.A.,0,0,4
4710,201811,S.A.,0,0,4
4711,201810,S.A.,0,0,4
4712,201809,S.A.,1,500000,4
4713,201808,S.A.,0,0,4
4714,201807,S.A.,2,660000,4
4715,201806,S.A.,0,0,4
4716,201805,S.A.,2,1600000,4
4717,201804,S.A.,0,0,4
4718,201803,S.A.,2,160000,4
4719,201802,S.A.,0,0,4
4720,201801,S.A.,0,0,4
4721,201712,S.A.,1,60000,4
4722,201711,S.A.,0,0,4
4723,201710,S.A.,0,0,4
4724,201709,S.A.,1,100000,4
4725,201708,S.A.,0,0,4
4726,201707,S.A.,1,60000,4
4727,201706,S.A.,0,0,4
4728,201705,S.A.,0,0,4
4729,201704,S.A.,1,60000,4
4730,201703,S.A.,0,0,4
4731,201702,S.A.,0,0,4
4732,201701,S.A.,0,0,4
4733,201612,S.A.,0,0,4
4734,201611,S.A.,2,10060000,4
4735,201610,S.A.,0,0,4
4736,201609,S.A.,0,0,4
4737,201608,S.A.,0,0,4
4738,201607,S.A.,0,0,4
4739,201606,S.A.,0,0,4
4740,201605,S.A.,1,300000,4
4741,201604,S.A.,0,0,4
4742,201603,S.A.,0,0,4
4743,201602,S.A.,1,60000,4
4744,201601,S.A.,1,125000,4
4745,201512,S.A.,0,0,4
4746,201511,S.A.,2,1120000,4
4747,201510,S.A.,1,1000000,4
4748,201509,S.A.,0,0,4
4749,201508,S.A.,0,0,4
4750,201507,S.A.,0,0,4
4751,201506,S.A.,1,60000,4
4752,201505,S.A.,1,60000,4
4753,201504,S.A.,1,60000,4
4754,201503,S.A.,1,100000,4
4755,201502,S.A.,0,0,4
4756,201501,S.A.,0,0,4
4757,201412,S.A.,0,0,4
4758,201411,S.A.,3,180000,4
4759,201410,S.A.,0,0,4
4760,201409,S.A.,1,160000,4
4761,201408,S.A.,0,0,4
4762,201407,S.A.,0,0,4
4763,201406,S.A.,0,0,4
4764,201405,S.A.,1,210000,4
4765,201404,S.A.,0,0,4
4766,201403,S.A.,1,60000,4
4767,201402,S.A.,0,0,4
4768,201401,S.A.,0,0,4
4769,201312,S.A.,0,0,4
4770,201311,S.A.,0,0,4
4771,201310,S.A.,0,0,4
4772,201309,S.A.,0,0,4
4773,201308,S.A.,1,60000,4
4774,201307,S.A.,0,0,4
4775,201306,S.A.,0,0,4
4776,201305,S.A.,1,400000,4
4777,201304,S.A.,1,102000,4
4778,201303,S.A.,0,0,4
4779,201302,S.A.,2,360000,4
4780,201301,S.A.,4,1320000,4
4781,201212,S.A.,0,0,4
4782,201211,S.A.,0,0,4
4783,201210,S.A.,0,0,4
4784,201209,S.A.,0,0,4
4785,201208,S.A.,0,0,4
4786,201207,S.A.,2,5310000,4
4787,201206,S.A.,2,120000,4
4788,201205,S.A.,1,100000,4
4789,201204,S.A.,1,500000,4
4790,201203,S.A.,0,0,4
4791,201202,S.A.,1,500000,4
4792,201201,S.A.,1,90000,4
4793,201112,S.A.,0,0,4
4794,201111,S.A.,1,10500000,4
4795,201110,S.A.,0,0,4
4796,201109,S.A.,0,0,4
4797,201108,S.A.,1,60000,4
4798,201107,S.A.,1,60000,4
4799,201106,S.A.,2,222000,4
4800,201105,S.A.,0,0,4
4801,201104,S.A.,1,60000,4
4802,201103,S.A.,0,0,4
4803,201102,S.A.,1,1000000,4
4804,201101,S.A.,0,0,4
4805,201012,S.A.,2,122000,4
4806,201011,S.A.,0,0,4
4807,201010,S.A.,1,400000,4
4808,201009,S.A.,1,1380000,4
4809,201008,S.A.,0,0,4
4810,201007,S.A.,1,80000,4
4811,201006,S.A.,3,260000,4
4812,201005,S.A.,0,0,4
4813,201004,S.A.,4,181000,4
4814,201003,S.A.,0,0,4
4815,201002,S.A.,2,152000,4
4816,201001,S.A.,0,0,4
4817,200912,S.A.,2,61000,4
4818,200911,S.A.,0,0,4
4819,200910,S.A.,0,0,4
4820,200909,S.A.,1,60000,4
4821,200908,S.A.,1,61000,4
4822,200907,S.A.,2,162000,4
4823,200906,S.A.,2,1300000,4
4824,200905,S.A.,1,60000,4
4825,200904,S.A.,0,0,4
4826,200903,S.A.,0,0,4
4827,200902,S.A.,2,150000,4
4828,200901,S.A.,3,620000,4
4829,200812,S.A.,1,1587000,4
4830,200811,S.A.,3,341000,4
4831,200810,S.A.,5,361000,4
4832,200809,S.A.,2,908000,4
4833,200808,S.A.,1,64000,4
4834,200807,S.A.,4,920000,4
4835,200806,S.A.,1,100000,4
4836,200805,S.A.,7,2604000,4
4837,200804,S.A.,2,71000,4
4838,200803,S.A.,2,120000,4
4839,200802,S.A.,3,20621000,4
4840,200801,S.A.,2,560000,4
4841,202604,S.A.,0,0,5
4842,202603,S.A.,2,16000,5
4843,202602,S.A.,0,0,5
4844,202601,S.A.,0,0,5
4845,202512,S.A.,0,0,5
4846,202511,S.A.,1,3000,5
4847,202510,S.A.,0,0,5
4848,202509,S.A.,0,0,5
4849,202508,S.A.,0,0,5
4850,202507,S.A.,1,60000,5
4851,202506,S.A.,1,1200000,5
4852,202505,S.A.,1,60000,5
4853,202504,S.A.,0,0,5
4854,202503,S.A.,0,0,5
4855,202502,S.A.,0,0,5
4856,202501,S.A.,0,0,5
4857,202412,S.A.,0,0,5
4858,202411,S.A.,0,0,5
4859,202410,S.A.,0,0,5
4860,202409,S.A.,0,0,5
4861,202408,S.A.,0,0,5
4862,202407,S.A.,0,0,5
4863,202406,S.A.,0,0,5
4864,202405,S.A.,0,0,5
4865,202404,S.A.,0,0,5
4866,202403,S.A.,0,0,5
4867,202402,S.A.,1,196000,5
4868,202401,S.A.,1,60000,5
4869,202312,S.A.,0,0,5
4870,202311,S.A.,0,0,5
4871,202310,S.A.,0,0,5
4872,202309,S.A.,1,60000,5
4873,202308,S.A.,2,160000,5
4874,202307,S.A.,0,0,5
4875,202306,S.A.,3,121000,5
4876,202305,S.A.,0,0,5
4877,202304,S.A.,0,0,5
4878,202303,S.A.,0,0,5
4879,202302,S.A.,0,0,5
4880,202301,S.A.,0,0,5
4881,202212,S.A.,1,60000,5
4882,202211,S.A.,2,63000,5
4883,202210,S.A.,0,0,5
4884,202209,S.A.,1,60000,5
4885,202208,S.A.,1,60000,5
4886,202207,S.A.,0,0,5
4887,202206,S.A.,0,0,5
4888,202205,S.A.,1,60000,5
4889,202204,S.A.,0,0,5
4890,202203,S.A.,2,191000,5
4891,202202,S.A.,0,0,5
4892,202201,S.A.,1,3000,5
4893,202112,S.A.,0,0,5
4894,202111,S.A.,0,0,5
4895,202110,S.A.,0,0,5
4896,202109,S.A.,0,0,5
4897,202108,S.A.,0,0,5
4898,202107,S.A.,2,760000,5
4899,202106,S.A.,1,60000,5
4900,202105,S.A.,2,120000,5
4901,202104,S.A.,0,0,5
4902,202103,S.A.,0,0,5
4903,202102,S.A.,0,0,5
4904,202101,S.A.,1,60000,5
4905,202012,S.A.,0,0,5
4906,202011,S.A.,0,0,5
4907,202010,S.A.,0,0,5
4908,202009,S.A.,0,0,5
4909,202008,S.A.,0,0,5
4910,202007,S.A.,0,0,5
4911,202006,S.A.,1,1200000,5
4912,202005,S.A.,2,185000,5
4913,202004,S.A.,1,100000,5
4914,202003,S.A.,0,0,5
4915,202002,S.A.,1,350000,5
4916,202001,S.A.,0,0,5
4917,201912,S.A.,0,0,5
4918,201911,S.A.,0,0,5
4919,201910,S.A.,1,6227000,5
4920,201909,S.A.,0,0,5
4921,201908,S.A.,0,0,5
4922,201907,S.A.,0,0,5
4923,201906,S.A.,0,0,5
4924,201905,S.A.,0,0,5
4925,201904,S.A.,3,1575000,5
4926,201903,S.A.,1,60000,5
4927,201902,S.A.,1,60000,5
4928,201901,S.A.,0,0,5
4929,201812,S.A.,0,0,5
4930,201811,S.A.,0,0,5
4931,201810,S.A.,1,3000,5
4932,201809,S.A.,2,540000,5
4933,201808,S.A.,1,250000,5
4934,201807,S.A.,1,60000,5
4935,201806,S.A.,0,0,5
4936,201805,S.A.,0,0,5
4937,201804,S.A.,0,0,5
4938,201803,S.A.,2,28077000,5
4939,201802,S.A.,1,60000,5
4940,201801,S.A.,0,0,5
4941,201712,S.A.,2,153000,5
4942,201711,S.A.,0,0,5
4943,201710,S.A.,1,60000,5
4944,201709,S.A.,0,0,5
4945,201708,S.A.,0,0,5
4946,201707,S.A.,0,0,5
4947,201706,S.A.,2,160000,5
4948,201705,S.A.,0,0,5
4949,201704,S.A.,0,0,5
4950,201703,S.A.,0,0,5
4951,201702,S.A.,3,5343000,5
4952,201701,S.A.,1,60000,5
4953,201612,S.A.,3,620000,5
4954,201611,S.A.,0,0,5
4955,201610,S.A.,1,500000,5
4956,201609,S.A.,1,60000,5
4957,201608,S.A.,0,0,5
4958,201607,S.A.,0,0,5
4959,201606,S.A.,0,0,5
4960,201605,S.A.,2,360000,5
4961,201604,S.A.,2,120000,5
4962,201603,S.A.,2,300000,5
4963,201602,S.A.,0,0,5
4964,201601,S.A.,0,0,5
4965,201512,S.A.,0,0,5
4966,201511,S.A.,0,0,5
4967,201510,S.A.,1,60000,5
4968,201509,S.A.,0,0,5
4969,201508,S.A.,0,0,5
4970,201507,S.A.,3,26058000,5
4971,201506,S.A.,1,60000,5
4972,201505,S.A.,2,260000,5
4973,201504,S.A.,1,4000,5
4974,201503,S.A.,1,60000,5
4975,201502,S.A.,0,0,5
4976,201501,S.A.,2,120000,5
4977,201412,S.A.,1,60000,5
4978,201411,S.A.,0,0,5
4979,201410,S.A.,0,0,5
4980,201409,S.A.,1,74000,5
4981,201408,S.A.,0,0,5
4982,201407,S.A.,4,240000,5
4983,201406,S.A.,2,101000,5
4984,201405,S.A.,0,0,5
4985,201404,S.A.,1,61000,5
4986,201403,S.A.,1,60000,5
4987,201402,S.A.,0,0,5
4988,201401,S.A.,0,0,5
4989,201312,S.A.,1,10000000,5
4990,201311,S.A.,0,0,5
4991,201310,S.A.,0,0,5
4992,201309,S.A.,0,0,5
4993,201308,S.A.,1,60000,5
4994,201307,S.A.,0,0,5
4995,201306,S.A.,2,4911000,5
4996,201305,S.A.,0,0,5
4997,201304,S.A.,3,180000,5
4998,201303,S.A.,0,0,5
4999,201302,S.A.,1,60000,5
5000,201301,S.A.,1,400000,5
5001,201212,S.A.,2,120000,5
5002,201211,S.A.,0,0,5
5003,201210,S.A.,0,0,5
5004,201209,S.A.,1,62000,5
5005,201208,S.A.,0,0,5
5006,201207,S.A.,0,0,5
5007,201206,S.A.,0,0,5
5008,201205,S.A.,1,60000,5
5009,201204,S.A.,2,120000,5
5010,201203,S.A.,0,0,5
5011,201202,S.A.,1,60000,5
5012,201201,S.A.,1,60000,5
5013,201112,S.A.,0,0,5
5014,201111,S.A.,1,60000,5
5015,201110,S.A.,0,0,5
5016,201109,S.A.,0,0,5
5017,201108,S.A.,0,0,5
5018,201107,S.A.,1,29000,5
5019,201106,S.A.,0,0,5
5020,201105,S.A.,0,0,5
5021,201104,S.A.,0,0,5
5022,201103,S.A.,0,0,5
5023,201102,S.A.,4,386000,5
5024,201101,S.A.,1,100000,5
5025,201012,S.A.,1,233000,5
5026,201011,S.A.,1,60000,5
5027,201010,S.A.,0,0,5
5028,201009,S.A.,1,1000000,5
5029,201008,S.A.,3,3622000,5
5030,201007,S.A.,3,66000,5
5031,201006,S.A.,0,0,5
5032,201005,S.A.,0,0,5
5033,201004,S.A.,0,0,5
5034,201003,S.A.,0,0,5
5035,201002,S.A.,2,27849000,5
5036,201001,S.A.,0,0,5
5037,200912,S.A.,3,127000,5
5038,200911,S.A.,0,0,5
5039,200910,S.A.,1,60000,5
5040,200909,S.A.,1,5000000,5
5041,200908,S.A.,2,70000,5
5042,200907,S.A.,1,300000,5
5043,200906,S.A.,2,110000,5
5044,200905,S.A.,0,0,5
5045,200904,S.A.,2,1950000,5
5046,200903,S.A.,1,60000,5
5047,200902,S.A.,0,0,5
5048,200901,S.A.,3,163000,5
5049,200812,S.A.,1,61000,5
5050,200811,S.A.,1,60000,5
5051,200810,S.A.,0,0,5
5052,200809,S.A.,1,1870000,5
5053,200808,S.A.,1,60000,5
5054,200807,S.A.,1,60000,5
5055,200806,S.A.,1,61000,5
5056,200805,S.A.,3,185000,5
5057,200804,S.A.,2,240000,5
5058,200803,S.A.,1,60000,5
5059,200802,S.A.,2,34063000,5
5060,200801,S.A.,4,3716000,5
5061,202604,S.A.,1,60000,6
5062,202603,S.A.,2,145000,6
5063,202602,S.A.,2,120000,6
5064,202601,S.A.,0,0,6
5065,202512,S.A.,3,190000,6
5066,202511,S.A.,0,0,6
5067,202510,S.A.,2,120000,6
5068,202509,S.A.,3,220000,6
5069,202508,S.A.,0,0,6
5070,202507,S.A.,0,0,6
5071,202506,S.A.,1,150000,6
5072,202505,S.A.,0,0,6
5073,202504,S.A.,2,160000,6
5074,202503,S.A.,0,0,6
5075,202502,S.A.,1,250000,6
5076,202501,S.A.,2,300000,6
5077,202412,S.A.,0,0,6
5078,202411,S.A.,0,0,6
5079,202410,S.A.,0,0,6
5080,202409,S.A.,1,60000,6
5081,202408,S.A.,0,0,6
5082,202407,S.A.,0,0,6
5083,202406,S.A.,3,185000,6
5084,202405,S.A.,2,160000,6
5085,202404,S.A.,2,260000,6
5086,202403,S.A.,2,75000,6
5087,202402,S.A.,2,210000,6
5088,202401,S.A.,1,61000,6
5089,202312,S.A.,1,204000,6
5090,202311,S.A.,3,180000,6
5091,202310,S.A.,0,0,6
5092,202309,S.A.,0,0,6
5093,202308,S.A.,0,0,6
5094,202307,S.A.,2,120000,6
5095,202306,S.A.,1,100000,6
5096,202305,S.A.,1,100000,6
5097,202304,S.A.,2,150000,6
5098,202303,S.A.,0,0,6
5099,202302,S.A.,0,0,6
5100,202301,S.A.,2,377000,6
5101,202212,S.A.,0,0,6
5102,202211,S.A.,1,60000,6
5103,202210,S.A.,1,60000,6
5104,202209,S.A.,2,120000,6
5105,202208,S.A.,1,60000,6
5106,202207,S.A.,2,120000,6
5107,202206,S.A.,1,60000,6
5108,202205,S.A.,1,60000,6
5109,202204,S.A.,1,60000,6
5110,202203,S.A.,2,2100000,6
5111,202202,S.A.,0,0,6
5112,202201,S.A.,1,60000,6
5113,202112,S.A.,0,0,6
5114,202111,S.A.,1,60000,6
5115,202110,S.A.,2,160000,6
5116,202109,S.A.,1,60000,6
5117,202108,S.A.,0,0,6
5118,202107,S.A.,0,0,6
5119,202106,S.A.,1,100000,6
5120,202105,S.A.,2,120000,6
5121,202104,S.A.,1,67000,6
5122,202103,S.A.,0,0,6
5123,202102,S.A.,1,90000,6
5124,202101,S.A.,1,75000,6
5125,202012,S.A.,3,182000,6
5126,202011,S.A.,2,120000,6
5127,202010,S.A.,0,0,6
5128,202009,S.A.,1,600000,6
5129,202008,S.A.,1,100000,6
5130,202007,S.A.,2,160000,6
5131,202006,S.A.,0,0,6
5132,202005,S.A.,0,0,6
5133,202004,S.A.,0,0,6
5134,202003,S.A.,2,120000,6
5135,202002,S.A.,0,0,6
5136,202001,S.A.,2,2060000,6
5137,201912,S.A.,3,180000,6
5138,201911,S.A.,1,60000,6
5139,201910,S.A.,0,0,6
5140,201909,S.A.,0,0,6
5141,201908,S.A.,3,210000,6
5142,201907,S.A.,1,60000,6
5143,201906,S.A.,0,0,6
5144,201905,S.A.,1,60000,6
5145,201904,S.A.,3,1360000,6
5146,201903,S.A.,2,121000,6
5147,201902,S.A.,1,60000,6
5148,201901,S.A.,1,1600000,6
5149,201812,S.A.,2,265000,6
5150,201811,S.A.,2,160000,6
5151,201810,S.A.,3,183000,6
5152,201809,S.A.,2,185000,6
5153,201808,S.A.,0,0,6
5154,201807,S.A.,1,90000,6
5155,201806,S.A.,1,2000000,6
5156,201805,S.A.,3,1131000,6
5157,201804,S.A.,2,160000,6
5158,201803,S.A.,1,60000,6
5159,201802,S.A.,3,180000,6
5160,201801,S.A.,3,180000,6
5161,201712,S.A.,0,0,6
5162,201711,S.A.,0,0,6
5163,201710,S.A.,0,0,6
5164,201709,S.A.,0,0,6
5165,201708,S.A.,0,0,6
5166,201707,S.A.,1,60000,6
5167,201706,S.A.,0,0,6
5168,201705,S.A.,0,0,6
5169,201704,S.A.,1,60000,6
5170,201703,S.A.,1,120000,6
5171,201702,S.A.,4,240000,6
5172,201701,S.A.,2,120000,6
5173,201612,S.A.,0,0,6
5174,201611,S.A.,1,60000,6
5175,201610,S.A.,2,261000,6
5176,201609,S.A.,1,60000,6
5177,201608,S.A.,1,68000,6
5178,201607,S.A.,0,0,6
5179,201606,S.A.,1,60000,6
5180,201605,S.A.,1,60000,6
5181,201604,S.A.,4,240000,6
5182,201603,S.A.,0,0,6
5183,201602,S.A.,1,60000,6
5184,201601,S.A.,2,1650000,6
5185,201512,S.A.,0,0,6
5186,201511,S.A.,1,60000,6
5187,201510,S.A.,0,0,6
5188,201509,S.A.,3,5120000,6
5189,201508,S.A.,1,60000,6
5190,201507,S.A.,1,60000,6
5191,201506,S.A.,0,0,6
5192,201505,S.A.,0,0,6
5193,201504,S.A.,1,60000,6
5194,201503,S.A.,1,60000,6
5195,201502,S.A.,2,560000,6
5196,201501,S.A.,3,180000,6
5197,201412,S.A.,4,241000,6
5198,201411,S.A.,3,180000,6
5199,201410,S.A.,1,60000,6
5200,201409,S.A.,2,120000,6
5201,201408,S.A.,2,560000,6
5202,201407,S.A.,1,60000,6
5203,201406,S.A.,0,0,6
5204,201405,S.A.,1,60000,6
5205,201404,S.A.,2,132000,6
5206,201403,S.A.,0,0,6
5207,201402,S.A.,0,0,6
5208,201401,S.A.,3,2786000,6
5209,201312,S.A.,1,60000,6
5210,201311,S.A.,1,1000000,6
5211,201310,S.A.,1,60000,6
5212,201309,S.A.,1,60000,6
5213,201308,S.A.,0,0,6
5214,201307,S.A.,4,480000,6
5215,201306,S.A.,1,60000,6
5216,201305,S.A.,0,0,6
5217,201304,S.A.,5,420000,6
5218,201303,S.A.,0,0,6
5219,201302,S.A.,0,0,6
5220,201301,S.A.,1,60000,6
5221,201212,S.A.,0,0,6
5222,201211,S.A.,1,60000,6
5223,201210,S.A.,1,60000,6
5224,201209,S.A.,1,90000,6
5225,201208,S.A.,0,0,6
5226,201207,S.A.,0,0,6
5227,201206,S.A.,1,60000,6
5228,201205,S.A.,0,0,6
5229,201204,S.A.,1,60000,6
5230,201203,S.A.,2,10200000,6
5231,201202,S.A.,0,0,6
5232,201201,S.A.,2,120000,6
5233,201112,S.A.,3,320000,6
5234,201111,S.A.,3,260000,6
5235,201110,S.A.,1,81000,6
5236,201109,S.A.,3,180000,6
5237,201108,S.A.,1,2000000,6
5238,201107,S.A.,1,176000,6
5239,201106,S.A.,1,60000,6
5240,201105,S.A.,0,0,6
5241,201104,S.A.,2,160000,6
5242,201103,S.A.,2,398000,6
5243,201102,S.A.,3,181000,6
5244,201101,S.A.,1,60000,6
5245,201012,S.A.,3,73976000,6
5246,201011,S.A.,0,0,6
5247,201010,S.A.,1,61000,6
5248,201009,S.A.,1,3850000,6
5249,201008,S.A.,1,60000,6
5250,201007,S.A.,1,60000,6
5251,201006,S.A.,0,0,6
5252,201005,S.A.,4,3230000,6
5253,201004,S.A.,2,460000,6
5254,201003,S.A.,0,0,6
5255,201002,S.A.,1,300000,6
5256,201001,S.A.,0,0,6
5257,200912,S.A.,0,0,6
5258,200911,S.A.,1,90000,6
5259,200910,S.A.,2,260000,6
5260,200909,S.A.,0,0,6
5261,200908,S.A.,1,250000,6
5262,200907,S.A.,1,60000,6
5263,200906,S.A.,0,0,6
5264,200905,S.A.,2,120000,6
5265,200904,S.A.,0,0,6
5266,200903,S.A.,5,9357000,6
5267,200902,S.A.,1,90000,6
5268,200901,S.A.,5,525000,6
5269,200812,S.A.,0,0,6
5270,200811,S.A.,3,222000,6
5271,200810,S.A.,1,60000,6
5272,200809,S.A.,3,1923000,6
5273,200808,S.A.,2,751000,6
5274,200807,S.A.,1,60000,6
5275,200806,S.A.,4,9856000,6
5276,200805,S.A.,1,60000,6
5277,200804,S.A.,3,203000,6
5278,200803,S.A.,1,60000,6
5279,200802,S.A.,6,313000,6
5280,200801,S.A.,3,361000,6
5281,202604,S.A.,0,0,7
5282,202603,S.A.,0,0,7
5283,202602,S.A.,0,0,7
5284,202601,S.A.,0,0,7
5285,202512,S.A.,0,0,7
5286,202511,S.A.,0,0,7
5287,202510,S.A.,0,0,7
5288,202509,S.A.,0,0,7
5289,202508,S.A.,0,0,7
5290,202507,S.A.,0,0,7
5291,202506,S.A.,1,125000,7
5292,202505,S.A.,0,0,7
5293,202504,S.A.,0,0,7
5294,202503,S.A.,0,0,7
5295,202502,S.A.,0,0,7
5296,202501,S.A.,0,0,7
5297,202412,S.A.,0,0,7
5298,202411,S.A.,0,0,7
5299,202410,S.A.,0,0,7
5300,202409,S.A.,0,0,7
5301,202408,S.A.,0,0,7
5302,202407,S.A.,0,0,7
5303,202406,S.A.,1,300000,7
5304,202405,S.A.,0,0,7
5305,202404,S.A.,0,0,7
5306,202403,S.A.,0,0,7
5307,202402,S.A.,0,0,7
5308,202401,S.A.,0,0,7
5309,202312,S.A.,0,0,7
5310,202311,S.A.,0,0,7
5311,202310,S.A.,0,0,7
5312,202309,S.A.,0,0,7
5313,202308,S.A.,0,0,7
5314,202307,S.A.,0,0,7
5315,202306,S.A.,1,60000,7
5316,202305,S.A.,0,0,7
5317,202304,S.A.,0,0,7
5318,202303,S.A.,0,0,7
5319,202302,S.A.,0,0,7
5320,202301,S.A.,1,64000,7
5321,202212,S.A.,0,0,7
5322,202211,S.A.,0,0,7
5323,202210,S.A.,0,0,7
5324,202209,S.A.,0,0,7
5325,202208,S.A.,1,600000,7
5326,202207,S.A.,0,0,7
5327,202206,S.A.,0,0,7
5328,202205,S.A.,0,0,7
5329,202204,S.A.,0,0,7
5330,202203,S.A.,0,0,7
5331,202202,S.A.,0,0,7
5332,202201,S.A.,0,0,7
5333,202112,S.A.,0,0,7
5334,202111,S.A.,0,0,7
5335,202110,S.A.,0,0,7
5336,202109,S.A.,0,0,7
5337,202108,S.A.,0,0,7
5338,202107,S.A.,0,0,7
5339,202106,S.A.,0,0,7
5340,202105,S.A.,0,0,7
5341,202104,S.A.,0,0,7
5342,202103,S.A.,0,0,7
5343,202102,S.A.,0,0,7
5344,202101,S.A.,0,0,7
5345,202012,S.A.,0,0,7
5346,202011,S.A.,0,0,7
5347,202010,S.A.,0,0,7
5348,202009,S.A.,0,0,7
5349,202008,S.A.,0,0,7
5350,202007,S.A.,0,0,7
5351,202006,S.A.,0,0,7
5352,202005,S.A.,0,0,7
5353,202004,S.A.,0,0,7
5354,202003,S.A.,0,0,7
5355,202002,S.A.,0,0,7
5356,202001,S.A.,0,0,7
5357,201912,S.A.,0,0,7
5358,201911,S.A.,1,60000,7
5359,201910,S.A.,0,0,7
5360,201909,S.A.,0,0,7
5361,201908,S.A.,0,0,7
5362,201907,S.A.,0,0,7
5363,201906,S.A.,0,0,7
5364,201905,S.A.,0,0,7
5365,201904,S.A.,0,0,7
5366,201903,S.A.,0,0,7
5367,201902,S.A.,0,0,7
5368,201901,S.A.,0,0,7
5369,201812,S.A.,0,0,7
5370,201811,S.A.,0,0,7
5371,201810,S.A.,0,0,7
5372,201809,S.A.,0,0,7
5373,201808,S.A.,0,0,7
5374,201807,S.A.,0,0,7
5375,201806,S.A.,0,0,7
5376,201805,S.A.,0,0,7
5377,201804,S.A.,1,100000,7
5378,201803,S.A.,0,0,7
5379,201802,S.A.,0,0,7
5380,201801,S.A.,0,0,7
5381,201712,S.A.,0,0,7
5382,201711,S.A.,0,0,7
5383,201710,S.A.,0,0,7
5384,201709,S.A.,0,0,7
5385,201708,S.A.,0,0,7
5386,201707,S.A.,0,0,7
5387,201706,S.A.,1,60000,7
5388,201705,S.A.,0,0,7
5389,201704,S.A.,0,0,7
5390,201703,S.A.,0,0,7
5391,201702,S.A.,0,0,7
5392,201701,S.A.,0,0,7
5393,201612,S.A.,0,0,7
5394,201611,S.A.,0,0,7
5395,201610,S.A.,0,0,7
5396,201609,S.A.,0,0,7
5397,201608,S.A.,0,0,7
5398,201607,S.A.,0,0,7
5399,201606,S.A.,0,0,7
5400,201605,S.A.,0,0,7
5401,201604,S.A.,0,0,7
5402,201603,S.A.,0,0,7
5403,201602,S.A.,0,0,7
5404,201601,S.A.,0,0,7
5405,201512,S.A.,0,0,7
5406,201511,S.A.,0,0,7
5407,201510,S.A.,2,120000,7
5408,201509,S.A.,0,0,7
5409,201508,S.A.,1,60000,7
5410,201507,S.A.,0,0,7
5411,201506,S.A.,0,0,7
5412,201505,S.A.,0,0,7
5413,201504,S.A.,1,500000,7
5414,201503,S.A.,0,0,7
5415,201502,S.A.,0,0,7
5416,201501,S.A.,0,0,7
5417,201412,S.A.,0,0,7
5418,201411,S.A.,0,0,7
5419,201410,S.A.,0,0,7
5420,201409,S.A.,0,0,7
5421,201408,S.A.,0,0,7
5422,201407,S.A.,0,0,7
5423,201406,S.A.,1,76000,7
5424,201405,S.A.,0,0,7
5425,201404,S.A.,0,0,7
5426,201403,S.A.,0,0,7
5427,201402,S.A.,0,0,7
5428,201401,S.A.,1,60000,7
5429,201312,S.A.,1,9917000,7
5430,201311,S.A.,0,0,7
5431,201310,S.A.,0,0,7
5432,201309,S.A.,0,0,7
5433,201308,S.A.,0,0,7
5434,201307,S.A.,0,0,7
5435,201306,S.A.,0,0,7
5436,201305,S.A.,0,0,7
5437,201304,S.A.,0,0,7
5438,201303,S.A.,0,0,7
5439,201302,S.A.,0,0,7
5440,201301,S.A.,0,0,7
5441,201212,S.A.,0,0,7
5442,201211,S.A.,0,0,7
5443,201210,S.A.,0,0,7
5444,201209,S.A.,0,0,7
5445,201208,S.A.,0,0,7
5446,201207,S.A.,0,0,7
5447,201206,S.A.,1,2000000,7
5448,201205,S.A.,0,0,7
5449,201204,S.A.,0,0,7
5450,201203,S.A.,1,60000,7
5451,201202,S.A.,0,0,7
5452,201201,S.A.,0,0,7
5453,201112,S.A.,0,0,7
5454,201111,S.A.,0,0,7
5455,201110,S.A.,0,0,7
5456,201109,S.A.,0,0,7
5457,201108,S.A.,0,0,7
5458,201107,S.A.,0,0,7
5459,201106,S.A.,0,0,7
5460,201105,S.A.,0,0,7
5461,201104,S.A.,2,210000,7
5462,201103,S.A.,0,0,7
5463,201102,S.A.,0,0,7
5464,201101,S.A.,2,120000,7
5465,201012,S.A.,0,0,7
5466,201011,S.A.,0,0,7
5467,201010,S.A.,0,0,7
5468,201009,S.A.,0,0,7
5469,201008,S.A.,0,0,7
5470,201007,S.A.,1,61000,7
5471,201006,S.A.,1,60000,7
5472,201005,S.A.,0,0,7
5473,201004,S.A.,0,0,7
5474,201003,S.A.,1,61000,7
5475,201002,S.A.,1,60000,7
5476,201001,S.A.,0,0,7
5477,200912,S.A.,1,61000,7
5478,200911,S.A.,0,0,7
5479,200910,S.A.,2,4600000,7
5480,200909,S.A.,0,0,7
5481,200908,S.A.,3,721000,7
5482,200907,S.A.,1,61000,7
5483,200906,S.A.,0,0,7
5484,200905,S.A.,1,60000,7
5485,200904,S.A.,0,0,7
5486,200903,S.A.,1,61000,7
5487,200902,S.A.,0,0,7
5488,200901,S.A.,2,131000,7
5489,200812,S.A.,1,61000,7
5490,200811,S.A.,0,0,7
5491,200810,S.A.,0,0,7
5492,200809,S.A.,0,0,7
5493,200808,S.A.,0,0,7
5494,200807,S.A.,0,0,7
5495,200806,S.A.,0,0,7
5496,200805,S.A.,1,60000,7
5497,200804,S.A.,0,0,7
5498,200803,S.A.,1,120000,7
5499,200802,S.A.,0,0,7
5500,200801,S.A.,1,300000,7
5501,202604,S.A.,1,127000,8
5502,202603,S.A.,1,177000,8
5503,202602,S.A.,0,0,8
5504,202601,S.A.,0,0,8
5505,202512,S.A.,0,0,8
5506,202511,S.A.,0,0,8
5507,202510,S.A.,0,0,8
5508,202509,S.A.,0,0,8
5509,202508,S.A.,1,100000,8
5510,202507,S.A.,1,60000,8
5511,202506,S.A.,0,0,8
5512,202505,S.A.,0,0,8
5513,202504,S.A.,1,60000,8
5514,202503,S.A.,0,0,8
5515,202502,S.A.,0,0,8
5516,202501,S.A.,0,0,8
5517,202412,S.A.,0,0,8
5518,202411,S.A.,0,0,8
5519,202410,S.A.,1,3000000,8
5520,202409,S.A.,1,0,8
5521,202408,S.A.,0,0,8
5522,202407,S.A.,0,0,8
5523,202406,S.A.,0,0,8
5524,202405,S.A.,0,0,8
5525,202404,S.A.,0,0,8
5526,202403,S.A.,0,0,8
5527,202402,S.A.,0,0,8
5528,202401,S.A.,0,0,8
5529,202312,S.A.,0,0,8
5530,202311,S.A.,0,0,8
5531,202310,S.A.,0,0,8
5532,202309,S.A.,0,0,8
5533,202308,S.A.,1,300000,8
5534,202307,S.A.,0,0,8
5535,202306,S.A.,0,0,8
5536,202305,S.A.,0,0,8
5537,202304,S.A.,0,0,8
5538,202303,S.A.,0,0,8
5539,202302,S.A.,0,0,8
5540,202301,S.A.,1,60000,8
5541,202212,S.A.,0,0,8
5542,202211,S.A.,0,0,8
5543,202210,S.A.,0,0,8
5544,202209,S.A.,0,0,8
5545,202208,S.A.,0,0,8
5546,202207,S.A.,0,0,8
5547,202206,S.A.,0,0,8
5548,202205,S.A.,1,60000,8
5549,202204,S.A.,0,0,8
5550,202203,S.A.,0,0,8
5551,202202,S.A.,1,60000,8
5552,202201,S.A.,0,0,8
5553,202112,S.A.,0,0,8
5554,202111,S.A.,1,60000,8
5555,202110,S.A.,0,0,8
5556,202109,S.A.,1,100000,8
5557,202108,S.A.,0,0,8
5558,202107,S.A.,1,60000,8
5559,202106,S.A.,0,0,8
5560,202105,S.A.,1,1000000,8
5561,202104,S.A.,0,0,8
5562,202103,S.A.,0,0,8
5563,202102,S.A.,0,0,8
5564,202101,S.A.,2,460000,8
5565,202012,S.A.,0,0,8
5566,202011,S.A.,0,0,8
5567,202010,S.A.,0,0,8
5568,202009,S.A.,0,0,8
5569,202008,S.A.,0,0,8
5570,202007,S.A.,0,0,8
5571,202006,S.A.,1,60000,8
5572,202005,S.A.,0,0,8
5573,202004,S.A.,0,0,8
5574,202003,S.A.,0,0,8
5575,202002,S.A.,0,0,8
5576,202001,S.A.,0,0,8
5577,201912,S.A.,0,0,8
5578,201911,S.A.,0,0,8
5579,201910,S.A.,2,120000,8
5580,201909,S.A.,1,60000,8
5581,201908,S.A.,0,0,8
5582,201907,S.A.,1,60000,8
5583,201906,S.A.,2,1060000,8
5584,201905,S.A.,1,60000,8
5585,201904,S.A.,0,0,8
5586,201903,S.A.,0,0,8
5587,201902,S.A.,1,64000,8
5588,201901,S.A.,2,120000,8
5589,201812,S.A.,0,0,8
5590,201811,S.A.,0,0,8
5591,201810,S.A.,0,0,8
5592,201809,S.A.,1,384000,8
5593,201808,S.A.,0,0,8
5594,201807,S.A.,0,0,8
5595,201806,S.A.,1,60000,8
5596,201805,S.A.,0,0,8
5597,201804,S.A.,1,200000,8
5598,201803,S.A.,1,60000,8
5599,201802,S.A.,0,0,8
5600,201801,S.A.,2,960000,8
5601,201712,S.A.,1,100000,8
5602,201711,S.A.,0,0,8
5603,201710,S.A.,0,0,8
5604,201709,S.A.,1,1000000,8
5605,201708,S.A.,0,0,8
5606,201707,S.A.,0,0,8
5607,201706,S.A.,0,0,8
5608,201705,S.A.,0,0,8
5609,201704,S.A.,0,0,8
5610,201703,S.A.,1,60000,8
5611,201702,S.A.,0,0,8
5612,201701,S.A.,0,0,8
5613,201612,S.A.,0,0,8
5614,201611,S.A.,0,0,8
5615,201610,S.A.,0,0,8
5616,201609,S.A.,1,60000,8
5617,201608,S.A.,1,60000,8
5618,201607,S.A.,0,0,8
5619,201606,S.A.,0,0,8
5620,201605,S.A.,0,0,8
5621,201604,S.A.,1,1023000,8
5622,201603,S.A.,0,0,8
5623,201602,S.A.,1,60000,8
5624,201601,S.A.,0,0,8
5625,201512,S.A.,0,0,8
5626,201511,S.A.,0,0,8
5627,201510,S.A.,1,61000,8
5628,201509,S.A.,0,0,8
5629,201508,S.A.,1,100000,8
5630,201507,S.A.,3,210000,8
5631,201506,S.A.,1,60000,8
5632,201505,S.A.,0,0,8
5633,201504,S.A.,1,60000,8
5634,201503,S.A.,0,0,8
5635,201502,S.A.,1,60000,8
5636,201501,S.A.,0,0,8
5637,201412,S.A.,2,1300000,8
5638,201411,S.A.,2,120000,8
5639,201410,S.A.,2,288100000,8
5640,201409,S.A.,1,60000,8
5641,201408,S.A.,0,0,8
5642,201407,S.A.,1,64000,8
5643,201406,S.A.,0,0,8
5644,201405,S.A.,0,0,8
5645,201404,S.A.,0,0,8
5646,201403,S.A.,1,80000,8
5647,201402,S.A.,2,6060000,8
5648,201401,S.A.,2,670000,8
5649,201312,S.A.,1,60000,8
5650,201311,S.A.,1,200000,8
5651,201310,S.A.,0,0,8
5652,201309,S.A.,0,0,8
5653,201308,S.A.,1,103000,8
5654,201307,S.A.,2,275000,8
5655,201306,S.A.,1,685000,8
5656,201305,S.A.,1,80000,8
5657,201304,S.A.,2,160000,8
5658,201303,S.A.,1,60000,8
5659,201302,S.A.,2,120000,8
5660,201301,S.A.,1,60000,8
5661,201212,S.A.,1,60000,8
5662,201211,S.A.,0,0,8
5663,201210,S.A.,2,120000,8
5664,201209,S.A.,4,660000,8
5665,201208,S.A.,1,60000,8
5666,201207,S.A.,2,120000,8
5667,201206,S.A.,3,820000,8
5668,201205,S.A.,1,66000,8
5669,201204,S.A.,1,70000,8
5670,201203,S.A.,1,350000,8
5671,201202,S.A.,0,0,8
5672,201201,S.A.,1,2000000,8
5673,201112,S.A.,0,0,8
5674,201111,S.A.,0,0,8
5675,201110,S.A.,2,160000,8
5676,201109,S.A.,3,66598000,8
5677,201108,S.A.,1,60000,8
5678,201107,S.A.,0,0,8
5679,201106,S.A.,2,162000,8
5680,201105,S.A.,1,400000,8
5681,201104,S.A.,2,210000,8
5682,201103,S.A.,0,0,8
5683,201102,S.A.,0,0,8
5684,201101,S.A.,1,60000,8
5685,201012,S.A.,4,3301000,8
5686,201011,S.A.,2,160000,8
5687,201010,S.A.,4,301000,8
5688,201009,S.A.,2,120000,8
5689,201008,S.A.,1,60000,8
5690,201007,S.A.,2,123000,8
5691,201006,S.A.,0,0,8
5692,201005,S.A.,3,10120000,8
5693,201004,S.A.,2,680000,8
5694,201003,S.A.,1,60000,8
5695,201002,S.A.,0,0,8
5696,201001,S.A.,2,322000,8
5697,200912,S.A.,2,120000,8
5698,200911,S.A.,0,0,8
5699,200910,S.A.,1,60000,8
5700,200909,S.A.,3,181000,8
5701,200908,S.A.,1,62000,8
5702,200907,S.A.,1,61000,8
5703,200906,S.A.,3,4120000,8
5704,200905,S.A.,4,380000,8
5705,200904,S.A.,1,60000,8
5706,200903,S.A.,2,23461000,8
5707,200902,S.A.,8,1625000,8
5708,200901,S.A.,3,881000,8
5709,200812,S.A.,4,3123000,8
5710,200811,S.A.,7,1442000,8
5711,200810,S.A.,2,123000,8
5712,200809,S.A.,2,1260000,8
5713,200808,S.A.,1,240000,8
5714,200807,S.A.,2,121000,8
5715,200806,S.A.,2,123000,8
5716,200805,S.A.,3,182000,8
5717,200804,S.A.,2,141000,8
5718,200803,S.A.,4,1630000,8
5719,200802,S.A.,7,574000,8
5720,200801,S.A.,5,434000,8
5721,202604,S.A.,0,0,9
5722,202603,S.A.,0,0,9
5723,202602,S.A.,0,0,9
5724,202601,S.A.,0,0,9
5725,202512,S.A.,0,0,9
5726,202511,S.A.,1,60000,9
5727,202510,S.A.,0,0,9
5728,202509,S.A.,1,120000,9
5729,202508,S.A.,1,60000,9
5730,202507,S.A.,1,82000,9
5731,202506,S.A.,0,0,9
5732,202505,S.A.,0,0,9
5733,202504,S.A.,0,0,9
5734,202503,S.A.,0,0,9
5735,202502,S.A.,1,60000,9
5736,202501,S.A.,0,0,9
5737,202412,S.A.,0,0,9
5738,202411,S.A.,1,60000,9
5739,202410,S.A.,0,0,9
5740,202409,S.A.,0,0,9
5741,202408,S.A.,0,0,9
5742,202407,S.A.,0,0,9
5743,202406,S.A.,0,0,9
5744,202405,S.A.,1,60000,9
5745,202404,S.A.,1,1000000,9
5746,202403,S.A.,0,0,9
5747,202402,S.A.,1,175000,9
5748,202401,S.A.,1,60000,9
5749,202312,S.A.,0,0,9
5750,202311,S.A.,2,460000,9
5751,202310,S.A.,0,0,9
5752,202309,S.A.,0,0,9
5753,202308,S.A.,0,0,9
5754,202307,S.A.,0,0,9
5755,202306,S.A.,1,60000,9
5756,202305,S.A.,0,0,9
5757,202304,S.A.,0,0,9
5758,202303,S.A.,1,62000,9
5759,202302,S.A.,0,0,9
5760,202301,S.A.,0,0,9
5761,202212,S.A.,0,0,9
5762,202211,S.A.,0,0,9
5763,202210,S.A.,0,0,9
5764,202209,S.A.,0,0,9
5765,202208,S.A.,3,510000,9
5766,202207,S.A.,0,0,9
5767,202206,S.A.,0,0,9
5768,202205,S.A.,0,0,9
5769,202204,S.A.,1,100000,9
5770,202203,S.A.,1,500000,9
5771,202202,S.A.,0,0,9
5772,202201,S.A.,1,100000,9
5773,202112,S.A.,1,60000,9
5774,202111,S.A.,0,0,9
5775,202110,S.A.,0,0,9
5776,202109,S.A.,1,60000,9
5777,202108,S.A.,1,60000,9
5778,202107,S.A.,0,0,9
5779,202106,S.A.,0,0,9
5780,202105,S.A.,3,182000,9
5781,202104,S.A.,1,1000000,9
5782,202103,S.A.,0,0,9
5783,202102,S.A.,0,0,9
5784,202101,S.A.,0,0,9
5785,202012,S.A.,0,0,9
5786,202011,S.A.,0,0,9
5787,202010,S.A.,0,0,9
5788,202009,S.A.,0,0,9
5789,202008,S.A.,1,60000,9
5790,202007,S.A.,2,180000,9
5791,202006,S.A.,0,0,9
5792,202005,S.A.,0,0,9
5793,202004,S.A.,0,0,9
5794,202003,S.A.,1,60000,9
5795,202002,S.A.,0,0,9
5796,202001,S.A.,0,0,9
5797,201912,S.A.,1,101000,9
5798,201911,S.A.,0,0,9
5799,201910,S.A.,0,0,9
5800,201909,S.A.,1,60000,9
5801,201908,S.A.,0,0,9
5802,201907,S.A.,0,0,9
5803,201906,S.A.,0,0,9
5804,201905,S.A.,5,340000,9
5805,201904,S.A.,0,0,9
5806,201903,S.A.,0,0,9
5807,201902,S.A.,0,0,9
5808,201901,S.A.,1,60000,9
5809,201812,S.A.,1,1850000,9
5810,201811,S.A.,0,0,9
5811,201810,S.A.,1,60000,9
5812,201809,S.A.,0,0,9
5813,201808,S.A.,0,0,9
5814,201807,S.A.,1,60000,9
5815,201806,S.A.,1,80000,9
5816,201805,S.A.,0,0,9
5817,201804,S.A.,0,0,9
5818,201803,S.A.,0,0,9
5819,201802,S.A.,1,60000,9
5820,201801,S.A.,1,200000,9
5821,201712,S.A.,0,0,9
5822,201711,S.A.,1,250000,9
5823,201710,S.A.,1,60000,9
5824,201709,S.A.,0,0,9
5825,201708,S.A.,0,0,9
5826,201707,S.A.,0,0,9
5827,201706,S.A.,0,0,9
5828,201705,S.A.,0,0,9
5829,201704,S.A.,1,60000,9
5830,201703,S.A.,0,0,9
5831,201702,S.A.,0,0,9
5832,201701,S.A.,2,120000,9
5833,201612,S.A.,1,400000,9
5834,201611,S.A.,0,0,9
5835,201610,S.A.,0,0,9
5836,201609,S.A.,0,0,9
5837,201608,S.A.,0,0,9
5838,201607,S.A.,0,0,9
5839,201606,S.A.,0,0,9
5840,201605,S.A.,0,0,9
5841,201604,S.A.,0,0,9
5842,201603,S.A.,0,0,9
5843,201602,S.A.,0,0,9
5844,201601,S.A.,0,0,9
5845,201512,S.A.,2,121000,9
5846,201511,S.A.,1,60000,9
5847,201510,S.A.,0,0,9
5848,201509,S.A.,0,0,9
5849,201508,S.A.,0,0,9
5850,201507,S.A.,0,0,9
5851,201506,S.A.,1,60000,9
5852,201505,S.A.,0,0,9
5853,201504,S.A.,0,0,9
5854,201503,S.A.,1,100000,9
5855,201502,S.A.,1,23803000,9
5856,201501,S.A.,0,0,9
5857,201412,S.A.,0,0,9
5858,201411,S.A.,0,0,9
5859,201410,S.A.,0,0,9
5860,201409,S.A.,0,0,9
5861,201408,S.A.,0,0,9
5862,201407,S.A.,2,320000,9
5863,201406,S.A.,1,75000,9
5864,201405,S.A.,3,195000,9
5865,201404,S.A.,1,100000,9
5866,201403,S.A.,0,0,9
5867,201402,S.A.,0,0,9
5868,201401,S.A.,1,60000,9
5869,201312,S.A.,1,500000,9
5870,201311,S.A.,1,60000,9
5871,201310,S.A.,0,0,9
5872,201309,S.A.,2,120000,9
5873,201308,S.A.,0,0,9
5874,201307,S.A.,3,1921000,9
5875,201306,S.A.,0,0,9
5876,201305,S.A.,0,0,9
5877,201304,S.A.,0,0,9
5878,201303,S.A.,0,0,9
5879,201302,S.A.,3,27073000,9
5880,201301,S.A.,0,0,9
5881,201212,S.A.,4,5850000,9
5882,201211,S.A.,1,90000,9
5883,201210,S.A.,3,123000,9
5884,201209,S.A.,0,0,9
5885,201208,S.A.,0,0,9
5886,201207,S.A.,2,121000,9
5887,201206,S.A.,1,60000,9
5888,201205,S.A.,2,262000,9
5889,201204,S.A.,1,100000,9
5890,201203,S.A.,0,0,9
5891,201202,S.A.,1,60000,9
5892,201201,S.A.,2,1200000,9
5893,201112,S.A.,0,0,9
5894,201111,S.A.,1,60000,9
5895,201110,S.A.,2,120000,9
5896,201109,S.A.,1,60000,9
5897,201108,S.A.,2,120000,9
5898,201107,S.A.,4,626000,9
5899,201106,S.A.,1,60000,9
5900,201105,S.A.,0,0,9
5901,201104,S.A.,1,61000,9
5902,201103,S.A.,2,160000,9
5903,201102,S.A.,0,0,9
5904,201101,S.A.,1,60000,9
5905,201012,S.A.,1,136000,9
5906,201011,S.A.,1,60000,9
5907,201010,S.A.,0,0,9
5908,201009,S.A.,2,100000,9
5909,201008,S.A.,3,1260000,9
5910,201007,S.A.,2,131000,9
5911,201006,S.A.,2,120000,9
5912,201005,S.A.,1,61000,9
5913,201004,S.A.,1,200000,9
5914,201003,S.A.,1,72000,9
5915,201002,S.A.,1,61000,9
5916,201001,S.A.,2,120000,9
5917,200912,S.A.,1,60000,9
5918,200911,S.A.,2,3239000,9
5919,200910,S.A.,4,243000,9
5920,200909,S.A.,1,60000,9
5921,200908,S.A.,0,0,9
5922,200907,S.A.,2,761000,9
5923,200906,S.A.,3,120000,9
5924,200905,S.A.,1,60000,9
5925,200904,S.A.,2,120000,9
5926,200903,S.A.,3,183000,9
5927,200902,S.A.,2,121000,9
5928,200901,S.A.,3,181000,9
5929,200812,S.A.,4,242000,9
5930,200811,S.A.,1,60000,9
5931,200810,S.A.,2,162000,9
5932,200809,S.A.,1,1000000,9
5933,200808,S.A.,1,109000,9
5934,200807,S.A.,4,485000,9
5935,200806,S.A.,2,136000,9
5936,200805,S.A.,7,1382000,9
5937,200804,S.A.,2,1060000,9
5938,200803,S.A.,2,926000,9
5939,200802,S.A.,1,61000,9
5940,200801,S.A.,3,242000,9
5941,202604,S.A.,3,270000,10
5942,202603,S.A.,5,11323000,10
5943,202602,S.A.,2,2129000,10
5944,202601,S.A.,5,2223000,10
5945,202512,S.A.,2,1260000,10
5946,202511,S.A.,4,313000,10
5947,202510,S.A.,7,1452000,10
5948,202509,S.A.,1,60000,10
5949,202508,S.A.,7,460000,10
5950,202507,S.A.,8,1638000,10
5951,202506,S.A.,5,360000,10
5952,202505,S.A.,5,640000,10
5953,202504,S.A.,10,2888000,10
5954,202503,S.A.,8,4300000,10
5955,202502,S.A.,10,2920000,10
5956,202501,S.A.,9,5123000,10
5957,202412,S.A.,8,4140000,10
5958,202411,S.A.,6,1823000,10
5959,202410,S.A.,5,2380000,10
5960,202409,S.A.,8,2560000,10
5961,202408,S.A.,6,2583000,10
5962,202407,S.A.,9,3860000,10
5963,202406,S.A.,5,189000,10
5964,202405,S.A.,5,1423000,10
5965,202404,S.A.,7,370000,10
5966,202403,S.A.,9,4488000,10
5967,202402,S.A.,5,1780000,10
5968,202401,S.A.,5,4445000,10
5969,202312,S.A.,4,1380000,10
5970,202311,S.A.,4,260000,10
5971,202310,S.A.,5,327000,10
5972,202309,S.A.,4,1380000,10
5973,202308,S.A.,1,60000,10
5974,202307,S.A.,12,6464000,10
5975,202306,S.A.,6,1565000,10
5976,202305,S.A.,8,3950000,10
5977,202304,S.A.,8,3096000,10
5978,202303,S.A.,6,2720000,10
5979,202302,S.A.,3,1440000,10
5980,202301,S.A.,6,1601000,10
5981,202212,S.A.,4,1395000,10
5982,202211,S.A.,1,60000,10
5983,202210,S.A.,6,2641000,10
5984,202209,S.A.,6,10745000,10
5985,202208,S.A.,5,367000,10
5986,202207,S.A.,7,7958000,10
5987,202206,S.A.,3,3325000,10
5988,202205,S.A.,8,1620000,10
5989,202204,S.A.,4,240000,10
5990,202203,S.A.,5,300000,10
5991,202202,S.A.,12,3310000,10
5992,202201,S.A.,4,16324000,10
5993,202112,S.A.,10,16388000,10
5994,202111,S.A.,5,2060000,10
5995,202110,S.A.,7,2237000,10
5996,202109,S.A.,4,368000,10
5997,202108,S.A.,5,2280000,10
5998,202107,S.A.,8,1797000,10
5999,202106,S.A.,4,11220000,10
6000,202105,S.A.,10,9523000,10
6001,202104,S.A.,8,4028000,10
6002,202103,S.A.,10,1698000,10
6003,202102,S.A.,7,2909000,10
6004,202101,S.A.,4,1120000,10
6005,202012,S.A.,7,535000,10
6006,202011,S.A.,4,1420000,10
6007,202010,S.A.,5,283000,10
6008,202009,S.A.,7,1590000,10
6009,202008,S.A.,2,160000,10
6010,202007,S.A.,5,1750000,10
6011,202006,S.A.,8,1638000,10
6012,202005,S.A.,1,62000,10
6013,202004,S.A.,1,60000,10
6014,202003,S.A.,4,1530000,10
6015,202002,S.A.,2,26733000,10
6016,202001,S.A.,6,1630000,10
6017,201912,S.A.,7,850000,10
6018,201911,S.A.,6,450000,10
6019,201910,S.A.,4,240000,10
6020,201909,S.A.,5,362000,10
6021,201908,S.A.,5,23619000,10
6022,201907,S.A.,2,120000,10
6023,201906,S.A.,6,660000,10
6024,201905,S.A.,11,3120000,10
6025,201904,S.A.,8,1335000,10
6026,201903,S.A.,7,3180000,10
6027,201902,S.A.,3,285000,10
6028,201901,S.A.,5,1183000,10
6029,201812,S.A.,4,120000,10
6030,201811,S.A.,7,2528000,10
6031,201810,S.A.,7,2863000,10
6032,201809,S.A.,2,120000,10
6033,201808,S.A.,7,303000,10
6034,201807,S.A.,4,250000,10
6035,201806,S.A.,4,180000,10
6036,201805,S.A.,5,260000,10
6037,201804,S.A.,7,1321000,10
6038,201803,S.A.,9,2423000,10
6039,201802,S.A.,2,122000,10
6040,201801,S.A.,6,360000,10
6041,201712,S.A.,3,200000,10
6042,201711,S.A.,8,3266000,10
6043,201710,S.A.,6,2086000,10
6044,201709,S.A.,4,280000,10
6045,201708,S.A.,2,185000,10
6046,201707,S.A.,10,640000,10
6047,201706,S.A.,11,24840000,10
6048,201705,S.A.,14,9287000,10
6049,201704,S.A.,12,2200000,10
6050,201703,S.A.,9,2401000,10
6051,201702,S.A.,7,1371000,10
6052,201701,S.A.,5,300000,10
6053,201612,S.A.,10,3190000,10
6054,201611,S.A.,12,1360000,10
6055,201610,S.A.,2,2460000,10
6056,201609,S.A.,10,6179000,10
6057,201608,S.A.,5,4453000,10
6058,201607,S.A.,12,2140000,10
6059,201606,S.A.,4,520000,10
6060,201605,S.A.,4,704000,10
6061,201604,S.A.,2,360000,10
6062,201603,S.A.,14,3800000,10
6063,201602,S.A.,7,2990000,10
6064,201601,S.A.,11,3819000,10
6065,201512,S.A.,7,5700000,10
6066,201511,S.A.,7,4280000,10
6067,201510,S.A.,19,22616000,10
6068,201509,S.A.,10,4792000,10
6069,201508,S.A.,10,1032000,10
6070,201507,S.A.,10,12496000,10
6071,201506,S.A.,8,1650000,10
6072,201505,S.A.,10,11123000,10
6073,201504,S.A.,10,3301000,10
6074,201503,S.A.,13,4533000,10
6075,201502,S.A.,5,980000,10
6076,201501,S.A.,8,560000,10
6077,201412,S.A.,3,253000,10
6078,201411,S.A.,6,3780000,10
6079,201410,S.A.,7,15172000,10
6080,201409,S.A.,10,3346000,10
6081,201408,S.A.,6,5982000,10
6082,201407,S.A.,5,14060000,10
6083,201406,S.A.,8,2860000,10
6084,201405,S.A.,14,9169000,10
6085,201404,S.A.,5,5681000,10
6086,201403,S.A.,8,19360000,10
6087,201402,S.A.,9,4003000,10
6088,201401,S.A.,9,3061000,10
6089,201312,S.A.,2,160000,10
6090,201311,S.A.,6,2190000,10
6091,201310,S.A.,14,94029000,10
6092,201309,S.A.,2,122000,10
6093,201308,S.A.,8,337560000,10
6094,201307,S.A.,11,6835000,10
6095,201306,S.A.,3,4960000,10
6096,201305,S.A.,7,1562000,10
6097,201304,S.A.,10,1780000,10
6098,201303,S.A.,1,60000,10
6099,201302,S.A.,6,2864000,10
6100,201301,S.A.,12,3743000,10
6101,201212,S.A.,12,3550000,10
6102,201211,S.A.,4,1210000,10
6103,201210,S.A.,11,9325000,10
6104,201209,S.A.,4,4802000,10
6105,201208,S.A.,4,3947000,10
6106,201207,S.A.,13,2127000,10
6107,201206,S.A.,7,871000,10
6108,201205,S.A.,2,64000,10
6109,201204,S.A.,6,12312000,10
6110,201203,S.A.,12,17298000,10
6111,201202,S.A.,8,940000,10
6112,201201,S.A.,9,1075000,10
6113,201112,S.A.,6,25703000,10
6114,201111,S.A.,5,2370000,10
6115,201110,S.A.,12,1623000,10
6116,201109,S.A.,7,845000,10
6117,201108,S.A.,14,2092000,10
6118,201107,S.A.,12,38194000,10
6119,201106,S.A.,7,18540000,10
6120,201105,S.A.,7,6412000,10
6121,201104,S.A.,6,480000,10
6122,201103,S.A.,5,970000,10
6123,201102,S.A.,8,879000,10
6124,201101,S.A.,7,10583000,10
6125,201012,S.A.,3,27738000,10
6126,201011,S.A.,18,21518000,10
6127,201010,S.A.,9,4160000,10
6128,201009,S.A.,8,771000,10
6129,201008,S.A.,12,1249000,10
6130,201007,S.A.,10,2823000,10
6131,201006,S.A.,12,1921000,10
6132,201005,S.A.,11,6211000,10
6133,201004,S.A.,20,2347000,10
6134,201003,S.A.,12,1160000,10
6135,201002,S.A.,12,1474000,10
6136,201001,S.A.,15,4794000,10
6137,200912,S.A.,9,2955000,10
6138,200911,S.A.,10,3911000,10
6139,200910,S.A.,6,11481000,10
6140,200909,S.A.,6,1790000,10
6141,200908,S.A.,10,9362000,10
6142,200907,S.A.,13,4221000,10
6143,200906,S.A.,7,2564000,10
6144,200905,S.A.,12,3431000,10
6145,200904,S.A.,15,47345000,10
6146,200903,S.A.,13,7500000,10
6147,200902,S.A.,16,7043000,10
6148,200901,S.A.,10,31142000,10
6149,200812,S.A.,20,14435000,10
6150,200811,S.A.,13,12203000,10
6151,200810,S.A.,16,34774000,10
6152,200809,S.A.,8,604000,10
6153,200808,S.A.,17,4408000,10
6154,200807,S.A.,23,3415000,10
6155,200806,S.A.,15,31069000,10
6156,200805,S.A.,24,10980000,10
6157,200804,S.A.,17,19025000,10
6158,200803,S.A.,19,5129000,10
6159,200802,S.A.,22,27491000,10
6160,200801,S.A.,18,56646000,10
6161,202604,S.A.,3,2540000,11
6162,202603,S.A.,3,1520000,11
6163,202602,S.A.,5,3720000,11
6164,202601,S.A.,3,181000,11
6165,202512,S.A.,5,2670000,11
6166,202511,S.A.,2,380000,11
6167,202510,S.A.,1,60000,11
6168,202509,S.A.,0,0,11
6169,202508,S.A.,3,180000,11
6170,202507,S.A.,2,140000,11
6171,202506,S.A.,4,530000,11
6172,202505,S.A.,3,180000,11
6173,202504,S.A.,2,120000,11
6174,202503,S.A.,1,60000,11
6175,202502,S.A.,1,60000,11
6176,202501,S.A.,3,180000,11
6177,202412,S.A.,1,670000,11
6178,202411,S.A.,0,0,11
6179,202410,S.A.,1,1200000,11
6180,202409,S.A.,2,120000,11
6181,202408,S.A.,2,135000,11
6182,202407,S.A.,3,1320000,11
6183,202406,S.A.,5,1978000,11
6184,202405,S.A.,0,0,11
6185,202404,S.A.,1,60000,11
6186,202403,S.A.,0,0,11
6187,202402,S.A.,4,240000,11
6188,202401,S.A.,3,180000,11
6189,202312,S.A.,1,60000,11
6190,202311,S.A.,1,900000,11
6191,202310,S.A.,0,0,11
6192,202309,S.A.,2,122000,11
6193,202308,S.A.,1,1200000,11
6194,202307,S.A.,3,5120000,11
6195,202306,S.A.,1,200000,11
6196,202305,S.A.,1,60000,11
6197,202304,S.A.,1,60000,11
6198,202303,S.A.,3,180000,11
6199,202302,S.A.,2,1210000,11
6200,202301,S.A.,4,1720000,11
6201,202212,S.A.,1,60000,11
6202,202211,S.A.,6,2070000,11
6203,202210,S.A.,1,60000,11
6204,202209,S.A.,0,0,11
6205,202208,S.A.,3,520000,11
6206,202207,S.A.,2,2400000,11
6207,202206,S.A.,1,60000,11
6208,202205,S.A.,3,1320000,11
6209,202204,S.A.,1,60000,11
6210,202203,S.A.,0,0,11
6211,202202,S.A.,2,1260000,11
6212,202201,S.A.,2,120000,11
6213,202112,S.A.,5,942000,11
6214,202111,S.A.,2,160000,11
6215,202110,S.A.,2,260000,11
6216,202109,S.A.,2,120000,11
6217,202108,S.A.,1,60000,11
6218,202107,S.A.,0,0,11
6219,202106,S.A.,2,25060000,11
6220,202105,S.A.,5,1800000,11
6221,202104,S.A.,2,120000,11
6222,202103,S.A.,2,1281000,11
6223,202102,S.A.,3,180000,11
6224,202101,S.A.,1,100000,11
6225,202012,S.A.,4,9385000,11
6226,202011,S.A.,2,124000,11
6227,202010,S.A.,1,60000,11
6228,202009,S.A.,1,60000,11
6229,202008,S.A.,3,180000,11
6230,202007,S.A.,0,0,11
6231,202006,S.A.,3,2127000,11
6232,202005,S.A.,2,2060000,11
6233,202004,S.A.,0,0,11
6234,202003,S.A.,0,0,11
6235,202002,S.A.,2,120000,11
6236,202001,S.A.,1,60000,11
6237,201912,S.A.,4,240000,11
6238,201911,S.A.,1,60000,11
6239,201910,S.A.,3,180000,11
6240,201909,S.A.,2,120000,11
6241,201908,S.A.,2,120000,11
6242,201907,S.A.,0,0,11
6243,201906,S.A.,1,60000,11
6244,201905,S.A.,1,3500000,11
6245,201904,S.A.,1,60000,11
6246,201903,S.A.,2,6305000,11
6247,201902,S.A.,2,123000,11
6248,201901,S.A.,4,267000,11
6249,201812,S.A.,0,0,11
6250,201811,S.A.,2,410000,11
6251,201810,S.A.,1,60000,11
6252,201809,S.A.,1,0,11
6253,201808,S.A.,0,0,11
6254,201807,S.A.,1,60000,11
6255,201806,S.A.,3,620000,11
6256,201805,S.A.,0,0,11
6257,201804,S.A.,2,210000,11
6258,201803,S.A.,2,120000,11
6259,201802,S.A.,4,49160000,11
6260,201801,S.A.,2,128000,11
6261,201712,S.A.,2,240000,11
6262,201711,S.A.,2,260000,11
6263,201710,S.A.,2,120000,11
6264,201709,S.A.,2,66000,11
6265,201708,S.A.,2,1060000,11
6266,201707,S.A.,3,549000,11
6267,201706,S.A.,8,571000,11
6268,201705,S.A.,3,180000,11
6269,201704,S.A.,3,180000,11
6270,201703,S.A.,1,635000,11
6271,201702,S.A.,0,0,11
6272,201701,S.A.,1,60000,11
6273,201612,S.A.,4,240000,11
6274,201611,S.A.,2,120000,11
6275,201610,S.A.,4,180000,11
6276,201609,S.A.,1,60000,11
6277,201608,S.A.,1,400000,11
6278,201607,S.A.,2,1100000,11
6279,201606,S.A.,0,0,11
6280,201605,S.A.,3,217000,11
6281,201604,S.A.,2,120000,11
6282,201603,S.A.,2,293134000,11
6283,201602,S.A.,2,120000,11
6284,201601,S.A.,3,180000,11
6285,201512,S.A.,1,100000,11
6286,201511,S.A.,4,306000,11
6287,201510,S.A.,2,120000,11
6288,201509,S.A.,2,160000,11
6289,201508,S.A.,2,163000,11
6290,201507,S.A.,4,180000,11
6291,201506,S.A.,2,160000,11
6292,201505,S.A.,3,180000,11
6293,201504,S.A.,7,1121000,11
6294,201503,S.A.,3,181000,11
6295,201502,S.A.,5,3080000,11
6296,201501,S.A.,1,60000,11
6297,201412,S.A.,3,315000,11
6298,201411,S.A.,3,2120000,11
6299,201410,S.A.,1,60000,11
6300,201409,S.A.,1,60000,11
6301,201408,S.A.,3,370000,11
6302,201407,S.A.,4,2980000,11
6303,201406,S.A.,3,180000,11
6304,201405,S.A.,5,2770000,11
6305,201404,S.A.,3,180000,11
6306,201403,S.A.,0,0,11
6307,201402,S.A.,4,3131000,11
6308,201401,S.A.,2,5510000,11
6309,201312,S.A.,0,0,11
6310,201311,S.A.,3,1320000,11
6311,201310,S.A.,3,217000,11
6312,201309,S.A.,4,198000,11
6313,201308,S.A.,0,0,11
6314,201307,S.A.,7,434000,11
6315,201306,S.A.,4,440000,11
6316,201305,S.A.,2,300000,11
6317,201304,S.A.,4,2330000,11
6318,201303,S.A.,3,335000,11
6319,201302,S.A.,3,310000,11
6320,201301,S.A.,3,1673000,11
6321,201212,S.A.,5,460000,11
6322,201211,S.A.,6,482000,11
6323,201210,S.A.,5,360000,11
6324,201209,S.A.,3,320000,11
6325,201208,S.A.,4,280000,11
6326,201207,S.A.,3,420000,11
6327,201206,S.A.,2,120000,11
6328,201205,S.A.,4,180000,11
6329,201204,S.A.,4,730000,11
6330,201203,S.A.,5,300000,11
6331,201202,S.A.,2,655000,11
6332,201201,S.A.,7,2522000,11
6333,201112,S.A.,5,412000,11
6334,201111,S.A.,2,120000,11
6335,201110,S.A.,3,259000,11
6336,201109,S.A.,6,361000,11
6337,201108,S.A.,9,2720000,11
6338,201107,S.A.,3,360000,11
6339,201106,S.A.,7,9490000,11
6340,201105,S.A.,7,780000,11
6341,201104,S.A.,2,120000,11
6342,201103,S.A.,3,320000,11
6343,201102,S.A.,6,1710000,11
6344,201101,S.A.,6,365000,11
6345,201012,S.A.,10,20157000,11
6346,201011,S.A.,5,761000,11
6347,201010,S.A.,4,241000,11
6348,201009,S.A.,4,241000,11
6349,201008,S.A.,3,180000,11
6350,201007,S.A.,10,691000,11
6351,201006,S.A.,1,60000,11
6352,201005,S.A.,8,1054000,11
6353,201004,S.A.,6,961000,11
6354,201003,S.A.,12,2315000,11
6355,201002,S.A.,7,5781000,11
6356,201001,S.A.,8,1422000,11
6357,200912,S.A.,3,378000,11
6358,200911,S.A.,8,525000,11
6359,200910,S.A.,8,1051000,11
6360,200909,S.A.,7,7281000,11
6361,200908,S.A.,3,186000,11
6362,200907,S.A.,1,61000,11
6363,200906,S.A.,9,621000,11
6364,200905,S.A.,10,578000,11
6365,200904,S.A.,6,602000,11
6366,200903,S.A.,10,11776000,11
6367,200902,S.A.,4,272000,11
6368,200901,S.A.,7,621000,11
6369,200812,S.A.,6,542000,11
6370,200811,S.A.,9,735000,11
6371,200810,S.A.,5,591000,11
6372,200809,S.A.,8,925000,11
6373,200808,S.A.,7,4890000,11
6374,200807,S.A.,3,208000,11
6375,200806,S.A.,6,737000,11
6376,200805,S.A.,6,609000,11
6377,200804,S.A.,12,1332000,11
6378,200803,S.A.,7,10941000,11
6379,200802,S.A.,9,17341000,11
6380,200801,S.A.,11,963000,11
6381,202604,S.A.,0,0,12
6382,202603,S.A.,0,0,12
6383,202602,S.A.,1,3000,12
6384,202601,S.A.,0,0,12
6385,202512,S.A.,1,120000,12
6386,202511,S.A.,0,0,12
6387,202510,S.A.,0,0,12
6388,202509,S.A.,0,0,12
6389,202508,S.A.,0,0,12
6390,202507,S.A.,0,0,12
6391,202506,S.A.,0,0,12
6392,202505,S.A.,0,0,12
6393,202504,S.A.,0,0,12
6394,202503,S.A.,0,0,12
6395,202502,S.A.,0,0,12
6396,202501,S.A.,0,0,12
6397,202412,S.A.,0,0,12
6398,202411,S.A.,1,1200000,12
6399,202410,S.A.,0,0,12
6400,202409,S.A.,0,0,12
6401,202408,S.A.,0,0,12
6402,202407,S.A.,0,0,12
6403,202406,S.A.,0,0,12
6404,202405,S.A.,0,0,12
6405,202404,S.A.,0,0,12
6406,202403,S.A.,0,0,12
6407,202402,S.A.,1,3000000,12
6408,202401,S.A.,1,70000,12
6409,202312,S.A.,0,0,12
6410,202311,S.A.,1,100000,12
6411,202310,S.A.,0,0,12
6412,202309,S.A.,0,0,12
6413,202308,S.A.,1,60000,12
6414,202307,S.A.,0,0,12
6415,202306,S.A.,1,60000,12
6416,202305,S.A.,0,0,12
6417,202304,S.A.,0,0,12
6418,202303,S.A.,0,0,12
6419,202302,S.A.,0,0,12
6420,202301,S.A.,0,0,12
6421,202212,S.A.,0,0,12
6422,202211,S.A.,0,0,12
6423,202210,S.A.,0,0,12
6424,202209,S.A.,0,0,12
6425,202208,S.A.,0,0,12
6426,202207,S.A.,0,0,12
6427,202206,S.A.,0,0,12
6428,202205,S.A.,0,0,12
6429,202204,S.A.,0,0,12
6430,202203,S.A.,0,0,12
6431,202202,S.A.,0,0,12
6432,202201,S.A.,0,0,12
6433,202112,S.A.,1,200000,12
6434,202111,S.A.,0,0,12
6435,202110,S.A.,1,60000,12
6436,202109,S.A.,0,0,12
6437,202108,S.A.,0,0,12
6438,202107,S.A.,1,60000,12
6439,202106,S.A.,0,0,12
6440,202105,S.A.,1,60000,12
6441,202104,S.A.,0,0,12
6442,202103,S.A.,0,0,12
6443,202102,S.A.,0,0,12
6444,202101,S.A.,0,0,12
6445,202012,S.A.,0,0,12
6446,202011,S.A.,0,0,12
6447,202010,S.A.,1,60000,12
6448,202009,S.A.,0,0,12
6449,202008,S.A.,0,0,12
6450,202007,S.A.,0,0,12
6451,202006,S.A.,0,0,12
6452,202005,S.A.,0,0,12
6453,202004,S.A.,0,0,12
6454,202003,S.A.,0,0,12
6455,202002,S.A.,0,0,12
6456,202001,S.A.,0,0,12
6457,201912,S.A.,0,0,12
6458,201911,S.A.,0,0,12
6459,201910,S.A.,0,0,12
6460,201909,S.A.,0,0,12
6461,201908,S.A.,0,0,12
6462,201907,S.A.,0,0,12
6463,201906,S.A.,0,0,12
6464,201905,S.A.,0,0,12
6465,201904,S.A.,0,0,12
6466,201903,S.A.,0,0,12
6467,201902,S.A.,0,0,12
6468,201901,S.A.,0,0,12
6469,201812,S.A.,0,0,12
6470,201811,S.A.,0,0,12
6471,201810,S.A.,0,0,12
6472,201809,S.A.,0,0,12
6473,201808,S.A.,0,0,12
6474,201807,S.A.,0,0,12
6475,201806,S.A.,0,0,12
6476,201805,S.A.,0,0,12
6477,201804,S.A.,0,0,12
6478,201803,S.A.,0,0,12
6479,201802,S.A.,0,0,12
6480,201801,S.A.,0,0,12
6481,201712,S.A.,1,1000000,12
6482,201711,S.A.,0,0,12
6483,201710,S.A.,0,0,12
6484,201709,S.A.,0,0,12
6485,201708,S.A.,0,0,12
6486,201707,S.A.,0,0,12
6487,201706,S.A.,0,0,12
6488,201705,S.A.,0,0,12
6489,201704,S.A.,0,0,12
6490,201703,S.A.,0,0,12
6491,201702,S.A.,0,0,12
6492,201701,S.A.,1,720000,12
6493,201612,S.A.,0,0,12
6494,201611,S.A.,0,0,12
6495,201610,S.A.,2,8060000,12
6496,201609,S.A.,1,120000,12
6497,201608,S.A.,0,0,12
6498,201607,S.A.,0,0,12
6499,201606,S.A.,0,0,12
6500,201605,S.A.,0,0,12
6501,201604,S.A.,0,0,12
6502,201603,S.A.,0,0,12
6503,201602,S.A.,1,5149000,12
6504,201601,S.A.,0,0,12
6505,201512,S.A.,0,0,12
6506,201511,S.A.,0,0,12
6507,201510,S.A.,1,95000,12
6508,201509,S.A.,0,0,12
6509,201508,S.A.,0,0,12
6510,201507,S.A.,0,0,12
6511,201506,S.A.,1,61000,12
6512,201505,S.A.,1,60000,12
6513,201504,S.A.,0,0,12
6514,201503,S.A.,1,280000,12
6515,201502,S.A.,0,0,12
6516,201501,S.A.,0,0,12
6517,201412,S.A.,1,60000,12
6518,201411,S.A.,0,0,12
6519,201410,S.A.,1,1000000,12
6520,201409,S.A.,1,1000000,12
6521,201408,S.A.,0,0,12
6522,201407,S.A.,0,0,12
6523,201406,S.A.,1,60000,12
6524,201405,S.A.,1,60000,12
6525,201404,S.A.,0,0,12
6526,201403,S.A.,0,0,12
6527,201402,S.A.,0,0,12
6528,201401,S.A.,0,0,12
6529,201312,S.A.,0,0,12
6530,201311,S.A.,0,0,12
6531,201310,S.A.,0,0,12
6532,201309,S.A.,0,0,12
6533,201308,S.A.,0,0,12
6534,201307,S.A.,0,0,12
6535,201306,S.A.,0,0,12
6536,201305,S.A.,0,0,12
6537,201304,S.A.,0,0,12
6538,201303,S.A.,2,122000,12
6539,201302,S.A.,1,240000,12
6540,201301,S.A.,0,0,12
6541,201212,S.A.,0,0,12
6542,201211,S.A.,0,0,12
6543,201210,S.A.,0,0,12
6544,201209,S.A.,0,0,12
6545,201208,S.A.,0,0,12
6546,201207,S.A.,0,0,12
6547,201206,S.A.,0,0,12
6548,201205,S.A.,0,0,12
6549,201204,S.A.,1,969000,12
6550,201203,S.A.,0,0,12
6551,201202,S.A.,0,0,12
6552,201201,S.A.,0,0,12
6553,201112,S.A.,0,0,12
6554,201111,S.A.,0,0,12
6555,201110,S.A.,0,0,12
6556,201109,S.A.,2,210000,12
6557,201108,S.A.,2,597000,12
6558,201107,S.A.,0,0,12
6559,201106,S.A.,0,0,12
6560,201105,S.A.,0,0,12
6561,201104,S.A.,0,0,12
6562,201103,S.A.,0,0,12
6563,201102,S.A.,0,0,12
6564,201101,S.A.,0,0,12
6565,201012,S.A.,1,150000,12
6566,201011,S.A.,2,120000,12
6567,201010,S.A.,0,0,12
6568,201009,S.A.,0,0,12
6569,201008,S.A.,0,0,12
6570,201007,S.A.,0,0,12
6571,201006,S.A.,1,3000,12
6572,201005,S.A.,2,121000,12
6573,201004,S.A.,0,0,12
6574,201003,S.A.,1,61000,12
6575,201002,S.A.,0,0,12
6576,201001,S.A.,0,0,12
6577,200912,S.A.,0,0,12
6578,200911,S.A.,1,60000,12
6579,200910,S.A.,3,1158000,12
6580,200909,S.A.,2,240000,12
6581,200908,S.A.,1,250000,12
6582,200907,S.A.,2,1060000,12
6583,200906,S.A.,3,3300000,12
6584,200905,S.A.,0,0,12
6585,200904,S.A.,0,0,12
6586,200903,S.A.,0,0,12
6587,200902,S.A.,1,3000000,12
6588,200901,S.A.,1,65000,12
6589,200812,S.A.,0,0,12
6590,200811,S.A.,2,180000,12
6591,200810,S.A.,4,320000,12
6592,200809,S.A.,0,0,12
6593,200808,S.A.,1,6736000,12
6594,200807,S.A.,1,60000,12
6595,200806,S.A.,0,0,12
6596,200805,S.A.,1,60000,12
6597,200804,S.A.,1,60000,12
6598,200803,S.A.,3,221000,12
6599,200802,S.A.,4,6300000,12
6600,200801,S.A.,1,120000,12
6601,202604,S.A.,2,1060000,13
6602,202603,S.A.,0,0,13
6603,202602,S.A.,2,560000,13
6604,202601,S.A.,0,0,13
6605,202512,S.A.,0,0,13
6606,202511,S.A.,1,60000,13
6607,202510,S.A.,0,0,13
6608,202509,S.A.,0,0,13
6609,202508,S.A.,1,75000,13
6610,202507,S.A.,0,0,13
6611,202506,S.A.,0,0,13
6612,202505,S.A.,1,1200000,13
6613,202504,S.A.,0,0,13
6614,202503,S.A.,0,0,13
6615,202502,S.A.,0,0,13
6616,202501,S.A.,0,0,13
6617,202412,S.A.,1,74898000,13
6618,202411,S.A.,1,1200000,13
6619,202410,S.A.,1,60000,13
6620,202409,S.A.,0,0,13
6621,202408,S.A.,0,0,13
6622,202407,S.A.,1,60000,13
6623,202406,S.A.,2,560000,13
6624,202405,S.A.,1,60000,13
6625,202404,S.A.,0,0,13
6626,202403,S.A.,0,0,13
6627,202402,S.A.,0,0,13
6628,202401,S.A.,0,0,13
6629,202312,S.A.,0,0,13
6630,202311,S.A.,0,0,13
6631,202310,S.A.,1,60000,13
6632,202309,S.A.,0,0,13
6633,202308,S.A.,3,1320000,13
6634,202307,S.A.,1,60000,13
6635,202306,S.A.,1,60000,13
6636,202305,S.A.,1,60000,13
6637,202304,S.A.,0,0,13
6638,202303,S.A.,0,0,13
6639,202302,S.A.,1,60000,13
6640,202301,S.A.,0,0,13
6641,202212,S.A.,0,0,13
6642,202211,S.A.,1,60000,13
6643,202210,S.A.,1,60000,13
6644,202209,S.A.,1,60000,13
6645,202208,S.A.,1,100000,13
6646,202207,S.A.,0,0,13
6647,202206,S.A.,1,15000000,13
6648,202205,S.A.,0,0,13
6649,202204,S.A.,0,0,13
6650,202203,S.A.,0,0,13
6651,202202,S.A.,1,60000,13
6652,202201,S.A.,1,60000,13
6653,202112,S.A.,3,420000,13
6654,202111,S.A.,1,60000,13
6655,202110,S.A.,1,60000,13
6656,202109,S.A.,2,160000,13
6657,202108,S.A.,0,0,13
6658,202107,S.A.,1,125000,13
6659,202106,S.A.,0,0,13
6660,202105,S.A.,1,60000,13
6661,202104,S.A.,1,5073000,13
6662,202103,S.A.,3,4199000,13
6663,202102,S.A.,0,0,13
6664,202101,S.A.,2,120000,13
6665,202012,S.A.,0,0,13
6666,202011,S.A.,1,60000,13
6667,202010,S.A.,3,1320000,13
6668,202009,S.A.,2,120000,13
6669,202008,S.A.,2,360000,13
6670,202007,S.A.,0,0,13
6671,202006,S.A.,1,60000,13
6672,202005,S.A.,1,60000,13
6673,202004,S.A.,0,0,13
6674,202003,S.A.,1,60000,13
6675,202002,S.A.,1,60000,13
6676,202001,S.A.,0,0,13
6677,201912,S.A.,0,0,13
6678,201911,S.A.,1,70000,13
6679,201910,S.A.,0,0,13
6680,201909,S.A.,2,160000,13
6681,201908,S.A.,2,310000,13
6682,201907,S.A.,1,96000,13
6683,201906,S.A.,2,1344000,13
6684,201905,S.A.,2,55285000,13
6685,201904,S.A.,1,60000,13
6686,201903,S.A.,0,0,13
6687,201902,S.A.,0,0,13
6688,201901,S.A.,1,60000,13
6689,201812,S.A.,1,85000,13
6690,201811,S.A.,1,60000,13
6691,201810,S.A.,2,120000,13
6692,201809,S.A.,2,120000,13
6693,201808,S.A.,1,165000,13
6694,201807,S.A.,3,182000,13
6695,201806,S.A.,0,0,13
6696,201805,S.A.,0,0,13
6697,201804,S.A.,2,120000,13
6698,201803,S.A.,1,60000,13
6699,201802,S.A.,0,0,13
6700,201801,S.A.,0,0,13
6701,201712,S.A.,2,120000,13
6702,201711,S.A.,1,60000,13
6703,201710,S.A.,0,0,13
6704,201709,S.A.,0,0,13
6705,201708,S.A.,1,60000,13
6706,201707,S.A.,2,128000,13
6707,201706,S.A.,0,0,13
6708,201705,S.A.,0,0,13
6709,201704,S.A.,0,0,13
6710,201703,S.A.,2,120000,13
6711,201702,S.A.,4,590000,13
6712,201701,S.A.,2,120000,13
6713,201612,S.A.,2,610000,13
6714,201611,S.A.,3,560000,13
6715,201610,S.A.,2,560000,13
6716,201609,S.A.,0,0,13
6717,201608,S.A.,0,0,13
6718,201607,S.A.,0,0,13
6719,201606,S.A.,4,250000,13
6720,201605,S.A.,3,245000,13
6721,201604,S.A.,0,0,13
6722,201603,S.A.,0,0,13
6723,201602,S.A.,1,100000,13
6724,201601,S.A.,0,0,13
6725,201512,S.A.,1,20000,13
6726,201511,S.A.,1,240000,13
6727,201510,S.A.,1,240000,13
6728,201509,S.A.,0,0,13
6729,201508,S.A.,1,60000,13
6730,201507,S.A.,3,180000,13
6731,201506,S.A.,2,360000,13
6732,201505,S.A.,0,0,13
6733,201504,S.A.,1,60000,13
6734,201503,S.A.,1,500000,13
6735,201502,S.A.,0,0,13
6736,201501,S.A.,4,762000,13
6737,201412,S.A.,0,0,13
6738,201411,S.A.,0,0,13
6739,201410,S.A.,4,620000,13
6740,201409,S.A.,2,360000,13
6741,201408,S.A.,2,120000,13
6742,201407,S.A.,2,245000,13
6743,201406,S.A.,1,0,13
6744,201405,S.A.,1,60000,13
6745,201404,S.A.,1,60000,13
6746,201403,S.A.,0,0,13
6747,201402,S.A.,1,56534000,13
6748,201401,S.A.,0,0,13
6749,201312,S.A.,1,60000,13
6750,201311,S.A.,2,427000,13
6751,201310,S.A.,5,19867000,13
6752,201309,S.A.,1,3022000,13
6753,201308,S.A.,1,60000,13
6754,201307,S.A.,2,120000,13
6755,201306,S.A.,2,435000,13
6756,201305,S.A.,1,60000,13
6757,201304,S.A.,1,0,13
6758,201303,S.A.,1,60000,13
6759,201302,S.A.,0,0,13
6760,201301,S.A.,0,0,13
6761,201212,S.A.,2,464000,13
6762,201211,S.A.,3,320000,13
6763,201210,S.A.,2,18090000,13
6764,201209,S.A.,1,60000,13
6765,201208,S.A.,1,60000,13
6766,201207,S.A.,3,180000,13
6767,201206,S.A.,0,0,13
6768,201205,S.A.,0,0,13
6769,201204,S.A.,2,120000,13
6770,201203,S.A.,2,127000,13
6771,201202,S.A.,1,150000,13
6772,201201,S.A.,6,276000,13
6773,201112,S.A.,0,0,13
6774,201111,S.A.,4,303000,13
6775,201110,S.A.,1,60000,13
6776,201109,S.A.,5,217818000,13
6777,201108,S.A.,1,100000,13
6778,201107,S.A.,3,182000,13
6779,201106,S.A.,2,51700000,13
6780,201105,S.A.,3,240000,13
6781,201104,S.A.,3,1310000,13
6782,201103,S.A.,8,821000,13
6783,201102,S.A.,0,0,13
6784,201101,S.A.,2,31598000,13
6785,201012,S.A.,2,168000,13
6786,201011,S.A.,4,582000,13
6787,201010,S.A.,2,161000,13
6788,201009,S.A.,4,2755000,13
6789,201008,S.A.,1,3099000,13
6790,201007,S.A.,5,810000,13
6791,201006,S.A.,5,316000,13
6792,201005,S.A.,5,530000,13
6793,201004,S.A.,2,130000,13
6794,201003,S.A.,6,695000,13
6795,201002,S.A.,5,352000,13
6796,201001,S.A.,3,2192000,13
6797,200912,S.A.,2,120000,13
6798,200911,S.A.,1,100000,13
6799,200910,S.A.,3,9155000,13
6800,200909,S.A.,2,160000,13
6801,200908,S.A.,1,61000,13
6802,200907,S.A.,1,60000,13
6803,200906,S.A.,2,180000,13
6804,200905,S.A.,3,9760000,13
6805,200904,S.A.,3,500000,13
6806,200903,S.A.,3,250000,13
6807,200902,S.A.,0,0,13
6808,200901,S.A.,1,62000,13
6809,200812,S.A.,6,200750000,13
6810,200811,S.A.,8,3914000,13
6811,200810,S.A.,6,1540000,13
6812,200809,S.A.,8,9957000,13
6813,200808,S.A.,1,61000,13
6814,200807,S.A.,3,223000,13
6815,200806,S.A.,11,7181000,13
6816,200805,S.A.,8,19440000,13
6817,200804,S.A.,2,3065000,13
6818,200803,S.A.,4,5950000,13
6819,200802,S.A.,6,376000,13
6820,200801,S.A.,4,150000,13
6821,202604,S.A.,27,18523000,14
6822,202603,S.A.,49,49091000,14
6823,202602,S.A.,34,20976000,14
6824,202601,S.A.,18,22395000,14
6825,202512,S.A.,19,19301000,14
6826,202511,S.A.,25,20178000,14
6827,202510,S.A.,22,6090000,14
6828,202509,S.A.,11,6250000,14
6829,202508,S.A.,12,6360000,14
6830,202507,S.A.,27,20290000,14
6831,202506,S.A.,17,28940000,14
6832,202505,S.A.,27,16480000,14
6833,202504,S.A.,24,15981000,14
6834,202503,S.A.,26,20630000,14
6835,202502,S.A.,20,16121000,14
6836,202501,S.A.,21,7602000,14
6837,202412,S.A.,20,15075000,14
6838,202411,S.A.,19,13765000,14
6839,202410,S.A.,17,11637000,14
6840,202409,S.A.,21,18981000,14
6841,202408,S.A.,18,106480000,14
6842,202407,S.A.,30,22240000,14
6843,202406,S.A.,24,9500000,14
6844,202405,S.A.,21,7120000,14
6845,202404,S.A.,17,5287000,14
6846,202403,S.A.,20,5247000,14
6847,202402,S.A.,18,7385000,14
6848,202401,S.A.,9,105044000,14
6849,202312,S.A.,12,9510000,14
6850,202311,S.A.,29,94125000,14
6851,202310,S.A.,18,14835000,14
6852,202309,S.A.,15,13425000,14
6853,202308,S.A.,22,8350000,14
6854,202307,S.A.,16,10468000,14
6855,202306,S.A.,31,20075000,14
6856,202305,S.A.,23,14310000,14
6857,202304,S.A.,19,4715000,14
6858,202303,S.A.,27,29280000,14
6859,202302,S.A.,16,10205000,14
6860,202301,S.A.,11,7510000,14
6861,202212,S.A.,27,20572000,14
6862,202211,S.A.,23,14380000,14
6863,202210,S.A.,9,5166000,14
6864,202209,S.A.,31,6836000,14
6865,202208,S.A.,18,16687000,14
6866,202207,S.A.,24,8163000,14
6867,202206,S.A.,14,10196000,14
6868,202205,S.A.,17,20879000,14
6869,202204,S.A.,20,11410000,14
6870,202203,S.A.,22,7340000,14
6871,202202,S.A.,28,36403000,14
6872,202201,S.A.,13,3282000,14
6873,202112,S.A.,16,5830000,14
6874,202111,S.A.,18,54599000,14
6875,202110,S.A.,9,680000,14
6876,202109,S.A.,9,9760000,14
6877,202108,S.A.,9,23177000,14
6878,202107,S.A.,21,8405000,14
6879,202106,S.A.,18,14561000,14
6880,202105,S.A.,20,6011000,14
6881,202104,S.A.,11,1590000,14
6882,202103,S.A.,23,17597000,14
6883,202102,S.A.,22,6306000,14
6884,202101,S.A.,13,978000,14
6885,202012,S.A.,13,15160000,14
6886,202011,S.A.,10,5294000,14
6887,202010,S.A.,12,871000,14
6888,202009,S.A.,10,3390000,14
6889,202008,S.A.,17,4960000,14
6890,202007,S.A.,14,5610000,14
6891,202006,S.A.,11,14660000,14
6892,202005,S.A.,7,10581000,14
6893,202004,S.A.,8,8855000,14
6894,202003,S.A.,21,7200000,14
6895,202002,S.A.,12,36832000,14
6896,202001,S.A.,21,31767000,14
6897,201912,S.A.,15,5580000,14
6898,201911,S.A.,23,7371000,14
6899,201910,S.A.,17,6145000,14
6900,201909,S.A.,11,5440000,14
6901,201908,S.A.,11,6640000,14
6902,201907,S.A.,28,26685000,14
6903,201906,S.A.,13,1826000,14
6904,201905,S.A.,17,4898000,14
6905,201904,S.A.,16,3480000,14
6906,201903,S.A.,22,2551000,14
6907,201902,S.A.,20,6760000,14
6908,201901,S.A.,14,8659000,14
6909,201812,S.A.,25,12340000,14
6910,201811,S.A.,15,4443000,14
6911,201810,S.A.,26,7127000,14
6912,201809,S.A.,13,1375000,14
6913,201808,S.A.,8,3322000,14
6914,201807,S.A.,23,8868000,14
6915,201806,S.A.,16,2980000,14
6916,201805,S.A.,27,51365000,14
6917,201804,S.A.,9,7920000,14
6918,201803,S.A.,21,53599000,14
6919,201802,S.A.,25,10090000,14
6920,201801,S.A.,20,13030000,14
6921,201712,S.A.,10,596000,14
6922,201711,S.A.,16,11276000,14
6923,201710,S.A.,19,22070000,14
6924,201709,S.A.,23,4543000,14
6925,201708,S.A.,13,1225000,14
6926,201707,S.A.,17,19648000,14
6927,201706,S.A.,10,2985000,14
6928,201705,S.A.,19,7092000,14
6929,201704,S.A.,17,18243000,14
6930,201703,S.A.,13,3710000,14
6931,201702,S.A.,22,19833000,14
6932,201701,S.A.,13,2280000,14
6933,201612,S.A.,8,2105000,14
6934,201611,S.A.,15,21027000,14
6935,201610,S.A.,13,313012000,14
6936,201609,S.A.,21,27588000,14
6937,201608,S.A.,10,21645000,14
6938,201607,S.A.,15,7732000,14
6939,201606,S.A.,13,811000,14
6940,201605,S.A.,12,860000,14
6941,201604,S.A.,16,13045000,14
6942,201603,S.A.,25,517485000,14
6943,201602,S.A.,16,41187000,14
6944,201601,S.A.,18,12712000,14
6945,201512,S.A.,19,19283000,14
6946,201511,S.A.,32,1581140000,14
6947,201510,S.A.,27,23097000,14
6948,201509,S.A.,21,43216000,14
6949,201508,S.A.,16,22091000,14
6950,201507,S.A.,32,76410000,14
6951,201506,S.A.,47,139710000,14
6952,201505,S.A.,34,49541000,14
6953,201504,S.A.,31,63233000,14
6954,201503,S.A.,20,26434000,14
6955,201502,S.A.,34,47690000,14
6956,201501,S.A.,26,22136000,14
6957,201412,S.A.,24,36965000,14
6958,201411,S.A.,35,59190000,14
6959,201410,S.A.,42,62278000,14
6960,201409,S.A.,36,37753000,14
6961,201408,S.A.,23,63431000,14
6962,201407,S.A.,48,85667000,14
6963,201406,S.A.,48,106580000,14
6964,201405,S.A.,36,115142000,14
6965,201404,S.A.,23,37895000,14
6966,201403,S.A.,43,117971000,14
6967,201402,S.A.,36,614278000,14
6968,201401,S.A.,21,23868000,14
6969,201312,S.A.,25,57739000,14
6970,201311,S.A.,24,57507000,14
6971,201310,S.A.,24,30320000,14
6972,201309,S.A.,16,14421000,14
6973,201308,S.A.,31,64878000,14
6974,201307,S.A.,34,79499000,14
6975,201306,S.A.,27,53442000,14
6976,201305,S.A.,27,50822000,14
6977,201304,S.A.,29,48282000,14
6978,201303,S.A.,25,30069000,14
6979,201302,S.A.,15,25803000,14
6980,201301,S.A.,14,18440000,14
6981,201212,S.A.,18,3986000,14
6982,201211,S.A.,26,171802000,14
6983,201210,S.A.,22,8853000,14
6984,201209,S.A.,21,9288000,14
6985,201208,S.A.,8,16260000,14
6986,201207,S.A.,14,466423000,14
6987,201206,S.A.,22,1128387000,14
6988,201205,S.A.,18,42902000,14
6989,201204,S.A.,16,30172000,14
6990,201203,S.A.,35,775975000,14
6991,201202,S.A.,21,12190000,14
6992,201201,S.A.,18,7027000,14
6993,201112,S.A.,26,983438000,14
6994,201111,S.A.,21,7154000,14
6995,201110,S.A.,18,19922000,14
6996,201109,S.A.,21,14278000,14
6997,201108,S.A.,14,15211000,14
6998,201107,S.A.,25,11989000,14
6999,201106,S.A.,25,15447000,14
7000,201105,S.A.,24,36669000,14
7001,201104,S.A.,20,16800000,14
7002,201103,S.A.,29,12534871000,14
7003,201102,S.A.,20,20325000,14
7004,201101,S.A.,30,88366000,14
7005,201012,S.A.,17,46092000,14
7006,201011,S.A.,23,9577000,14
7007,201010,S.A.,28,7628000,14
7008,201009,S.A.,9,5253000,14
7009,201008,S.A.,16,44302000,14
7010,201007,S.A.,25,12387000,14
7011,201006,S.A.,29,73717000,14
7012,201005,S.A.,19,13142000,14
7013,201004,S.A.,17,10762000,14
7014,201003,S.A.,27,49492000,14
7015,201002,S.A.,30,120951000,14
7016,201001,S.A.,19,130574000,14
7017,200912,S.A.,25,16613000,14
7018,200911,S.A.,25,8901000,14
7019,200910,S.A.,16,27118000,14
7020,200909,S.A.,20,16492000,14
7021,200908,S.A.,16,7075000,14
7022,200907,S.A.,24,8159000,14
7023,200906,S.A.,17,57539000,14
7024,200905,S.A.,16,7219000,14
7025,200904,S.A.,16,27844000,14
7026,200903,S.A.,17,7281000,14
7027,200902,S.A.,20,104278000,14
7028,200901,S.A.,29,9747000,14
7029,200812,S.A.,23,20625000,14
7030,200811,S.A.,30,21860000,14
7031,200810,S.A.,30,14532000,14
7032,200809,S.A.,43,44882000,14
7033,200808,S.A.,20,71771000,14
7034,200807,S.A.,40,55965000,14
7035,200806,S.A.,49,48896000,14
7036,200805,S.A.,36,35125000,14
7037,200804,S.A.,54,64319000,14
7038,200803,S.A.,34,190604000,14
7039,200802,S.A.,55,124395000,14
7040,200801,S.A.,64,425403000,14
7041,202604,S.A.,1,60000,15
7042,202603,S.A.,1,60000,15
7043,202602,S.A.,2,160000,15
7044,202601,S.A.,2,120000,15
7045,202512,S.A.,0,0,15
7046,202511,S.A.,0,0,15
7047,202510,S.A.,0,0,15
7048,202509,S.A.,0,0,15
7049,202508,S.A.,1,1200000,15
7050,202507,S.A.,1,60000,15
7051,202506,S.A.,2,160000,15
7052,202505,S.A.,1,60000,15
7053,202504,S.A.,1,60000,15
7054,202503,S.A.,1,61000,15
7055,202502,S.A.,0,0,15
7056,202501,S.A.,0,0,15
7057,202412,S.A.,1,60000,15
7058,202411,S.A.,0,0,15
7059,202410,S.A.,2,120000,15
7060,202409,S.A.,1,60000,15
7061,202408,S.A.,0,0,15
7062,202407,S.A.,0,0,15
7063,202406,S.A.,2,310000,15
7064,202405,S.A.,0,0,15
7065,202404,S.A.,1,60000,15
7066,202403,S.A.,0,0,15
7067,202402,S.A.,0,0,15
7068,202401,S.A.,1,2000000,15
7069,202312,S.A.,0,0,15
7070,202311,S.A.,0,0,15
7071,202310,S.A.,0,0,15
7072,202309,S.A.,0,0,15
7073,202308,S.A.,0,0,15
7074,202307,S.A.,1,1200000,15
7075,202306,S.A.,1,60000,15
7076,202305,S.A.,1,350000,15
7077,202304,S.A.,0,0,15
7078,202303,S.A.,0,0,15
7079,202302,S.A.,0,0,15
7080,202301,S.A.,2,172000,15
7081,202212,S.A.,1,500000,15
7082,202211,S.A.,2,176000,15
7083,202210,S.A.,1,60000,15
7084,202209,S.A.,0,0,15
7085,202208,S.A.,0,0,15
7086,202207,S.A.,0,0,15
7087,202206,S.A.,0,0,15
7088,202205,S.A.,0,0,15
7089,202204,S.A.,0,0,15
7090,202203,S.A.,0,0,15
7091,202202,S.A.,0,0,15
7092,202201,S.A.,0,0,15
7093,202112,S.A.,0,0,15
7094,202111,S.A.,0,0,15
7095,202110,S.A.,1,63000,15
7096,202109,S.A.,0,0,15
7097,202108,S.A.,1,455000,15
7098,202107,S.A.,0,0,15
7099,202106,S.A.,0,0,15
7100,202105,S.A.,0,0,15
7101,202104,S.A.,0,0,15
7102,202103,S.A.,0,0,15
7103,202102,S.A.,1,60000,15
7104,202101,S.A.,0,0,15
7105,202012,S.A.,1,60000,15
7106,202011,S.A.,2,132000,15
7107,202010,S.A.,0,0,15
7108,202009,S.A.,0,0,15
7109,202008,S.A.,0,0,15
7110,202007,S.A.,0,0,15
7111,202006,S.A.,1,100000,15
7112,202005,S.A.,0,0,15
7113,202004,S.A.,0,0,15
7114,202003,S.A.,0,0,15
7115,202002,S.A.,0,0,15
7116,202001,S.A.,1,250000,15
7117,201912,S.A.,4,1180000,15
7118,201911,S.A.,0,0,15
7119,201910,S.A.,3,180000,15
7120,201909,S.A.,0,0,15
7121,201908,S.A.,0,0,15
7122,201907,S.A.,0,0,15
7123,201906,S.A.,0,0,15
7124,201905,S.A.,2,120000,15
7125,201904,S.A.,0,0,15
7126,201903,S.A.,0,0,15
7127,201902,S.A.,0,0,15
7128,201901,S.A.,1,60000,15
7129,201812,S.A.,0,0,15
7130,201811,S.A.,0,0,15
7131,201810,S.A.,0,0,15
7132,201809,S.A.,0,0,15
7133,201808,S.A.,0,0,15
7134,201807,S.A.,1,100000,15
7135,201806,S.A.,1,60000,15
7136,201805,S.A.,3,1420000,15
7137,201804,S.A.,0,0,15
7138,201803,S.A.,1,60000,15
7139,201802,S.A.,2,120000,15
7140,201801,S.A.,1,8500000,15
7141,201712,S.A.,0,0,15
7142,201711,S.A.,1,60000,15
7143,201710,S.A.,0,0,15
7144,201709,S.A.,0,0,15
7145,201708,S.A.,0,0,15
7146,201707,S.A.,0,0,15
7147,201706,S.A.,1,200000,15
7148,201705,S.A.,0,0,15
7149,201704,S.A.,0,0,15
7150,201703,S.A.,2,120000,15
7151,201702,S.A.,2,121000,15
7152,201701,S.A.,1,60000,15
7153,201612,S.A.,1,60000,15
7154,201611,S.A.,0,0,15
7155,201610,S.A.,1,195000,15
7156,201609,S.A.,0,0,15
7157,201608,S.A.,0,0,15
7158,201607,S.A.,2,1360000,15
7159,201606,S.A.,0,0,15
7160,201605,S.A.,1,8274000,15
7161,201604,S.A.,1,60000,15
7162,201603,S.A.,0,0,15
7163,201602,S.A.,0,0,15
7164,201601,S.A.,1,1061000,15
7165,201512,S.A.,1,60000,15
7166,201511,S.A.,2,120000,15
7167,201510,S.A.,1,85000,15
7168,201509,S.A.,0,0,15
7169,201508,S.A.,1,60000,15
7170,201507,S.A.,0,0,15
7171,201506,S.A.,1,60000,15
7172,201505,S.A.,2,170000,15
7173,201504,S.A.,1,350000,15
7174,201503,S.A.,1,60000,15
7175,201502,S.A.,0,0,15
7176,201501,S.A.,2,353000,15
7177,201412,S.A.,0,0,15
7178,201411,S.A.,1,60000,15
7179,201410,S.A.,0,0,15
7180,201409,S.A.,0,0,15
7181,201408,S.A.,0,0,15
7182,201407,S.A.,0,0,15
7183,201406,S.A.,2,120000,15
7184,201405,S.A.,0,0,15
7185,201404,S.A.,2,6170000,15
7186,201403,S.A.,0,0,15
7187,201402,S.A.,1,60000,15
7188,201401,S.A.,1,150000,15
7189,201312,S.A.,1,100000,15
7190,201311,S.A.,0,0,15
7191,201310,S.A.,2,120000,15
7192,201309,S.A.,0,0,15
7193,201308,S.A.,3,182000,15
7194,201307,S.A.,0,0,15
7195,201306,S.A.,0,0,15
7196,201305,S.A.,0,0,15
7197,201304,S.A.,0,0,15
7198,201303,S.A.,1,60000,15
7199,201302,S.A.,0,0,15
7200,201301,S.A.,0,0,15
7201,201212,S.A.,2,120000,15
7202,201211,S.A.,0,0,15
7203,201210,S.A.,1,27000,15
7204,201209,S.A.,1,60000,15
7205,201208,S.A.,0,0,15
7206,201207,S.A.,0,0,15
7207,201206,S.A.,0,0,15
7208,201205,S.A.,1,60000,15
7209,201204,S.A.,0,0,15
7210,201203,S.A.,1,61000,15
7211,201202,S.A.,1,60000,15
7212,201201,S.A.,0,0,15
7213,201112,S.A.,1,60000,15
7214,201111,S.A.,1,110000,15
7215,201110,S.A.,0,0,15
7216,201109,S.A.,0,0,15
7217,201108,S.A.,2,300000,15
7218,201107,S.A.,0,0,15
7219,201106,S.A.,3,180000,15
7220,201105,S.A.,0,0,15
7221,201104,S.A.,0,0,15
7222,201103,S.A.,3,180000,15
7223,201102,S.A.,0,0,15
7224,201101,S.A.,1,60000,15
7225,201012,S.A.,0,0,15
7226,201011,S.A.,0,0,15
7227,201010,S.A.,2,1120000,15
7228,201009,S.A.,0,0,15
7229,201008,S.A.,3,361000,15
7230,201007,S.A.,0,0,15
7231,201006,S.A.,2,120000,15
7232,201005,S.A.,0,0,15
7233,201004,S.A.,0,0,15
7234,201003,S.A.,1,65000,15
7235,201002,S.A.,0,0,15
7236,201001,S.A.,2,284000,15
7237,200912,S.A.,1,61000,15
7238,200911,S.A.,3,242000,15
7239,200910,S.A.,1,66000,15
7240,200909,S.A.,1,60000,15
7241,200908,S.A.,1,500000,15
7242,200907,S.A.,1,60000,15
7243,200906,S.A.,6,501000,15
7244,200905,S.A.,3,301000,15
7245,200904,S.A.,0,0,15
7246,200903,S.A.,4,36986000,15
7247,200902,S.A.,1,61000,15
7248,200901,S.A.,0,0,15
7249,200812,S.A.,1,60000,15
7250,200811,S.A.,1,61000,15
7251,200810,S.A.,3,12240000,15
7252,200809,S.A.,3,423000,15
7253,200808,S.A.,2,211000,15
7254,200807,S.A.,2,592000,15
7255,200806,S.A.,2,662000,15
7256,200805,S.A.,5,391000,15
7257,200804,S.A.,2,560000,15
7258,200803,S.A.,0,0,15
7259,200802,S.A.,1,3000000,15
7260,200801,S.A.,2,4060000,15
7261,202604,S.A.,0,0,16
7262,202603,S.A.,0,0,16
7263,202602,S.A.,1,60000,16
7264,202601,S.A.,0,0,16
7265,202512,S.A.,0,0,16
7266,202511,S.A.,0,0,16
7267,202510,S.A.,0,0,16
7268,202509,S.A.,0,0,16
7269,202508,S.A.,0,0,16
7270,202507,S.A.,0,0,16
7271,202506,S.A.,0,0,16
7272,202505,S.A.,0,0,16
7273,202504,S.A.,0,0,16
7274,202503,S.A.,0,0,16
7275,202502,S.A.,1,1200000,16
7276,202501,S.A.,1,1200000,16
7277,202412,S.A.,1,60000,16
7278,202411,S.A.,1,60000,16
7279,202410,S.A.,0,0,16
7280,202409,S.A.,0,0,16
7281,202408,S.A.,0,0,16
7282,202407,S.A.,0,0,16
7283,202406,S.A.,0,0,16
7284,202405,S.A.,0,0,16
7285,202404,S.A.,0,0,16
7286,202403,S.A.,0,0,16
7287,202402,S.A.,1,100000,16
7288,202401,S.A.,0,0,16
7289,202312,S.A.,0,0,16
7290,202311,S.A.,0,0,16
7291,202310,S.A.,0,0,16
7292,202309,S.A.,0,0,16
7293,202308,S.A.,0,0,16
7294,202307,S.A.,0,0,16
7295,202306,S.A.,0,0,16
7296,202305,S.A.,0,0,16
7297,202304,S.A.,0,0,16
7298,202303,S.A.,0,0,16
7299,202302,S.A.,0,0,16
7300,202301,S.A.,0,0,16
7301,202212,S.A.,0,0,16
7302,202211,S.A.,1,60000,16
7303,202210,S.A.,0,0,16
7304,202209,S.A.,0,0,16
7305,202208,S.A.,1,1200000,16
7306,202207,S.A.,0,0,16
7307,202206,S.A.,0,0,16
7308,202205,S.A.,0,0,16
7309,202204,S.A.,0,0,16
7310,202203,S.A.,2,1260000,16
7311,202202,S.A.,1,60000,16
7312,202201,S.A.,0,0,16
7313,202112,S.A.,0,0,16
7314,202111,S.A.,0,0,16
7315,202110,S.A.,1,60000,16
7316,202109,S.A.,0,0,16
7317,202108,S.A.,0,0,16
7318,202107,S.A.,0,0,16
7319,202106,S.A.,0,0,16
7320,202105,S.A.,0,0,16
7321,202104,S.A.,0,0,16
7322,202103,S.A.,0,0,16
7323,202102,S.A.,0,0,16
7324,202101,S.A.,0,0,16
7325,202012,S.A.,0,0,16
7326,202011,S.A.,0,0,16
7327,202010,S.A.,0,0,16
7328,202009,S.A.,0,0,16
7329,202008,S.A.,0,0,16
7330,202007,S.A.,0,0,16
7331,202006,S.A.,0,0,16
7332,202005,S.A.,0,0,16
7333,202004,S.A.,0,0,16
7334,202003,S.A.,0,0,16
7335,202002,S.A.,0,0,16
7336,202001,S.A.,0,0,16
7337,201912,S.A.,0,0,16
7338,201911,S.A.,0,0,16
7339,201910,S.A.,0,0,16
7340,201909,S.A.,0,0,16
7341,201908,S.A.,0,0,16
7342,201907,S.A.,0,0,16
7343,201906,S.A.,0,0,16
7344,201905,S.A.,0,0,16
7345,201904,S.A.,0,0,16
7346,201903,S.A.,0,0,16
7347,201902,S.A.,1,60000,16
7348,201901,S.A.,0,0,16
7349,201812,S.A.,0,0,16
7350,201811,S.A.,1,500000,16
7351,201810,S.A.,1,60000,16
7352,201809,S.A.,0,0,16
7353,201808,S.A.,0,0,16
7354,201807,S.A.,0,0,16
7355,201806,S.A.,0,0,16
7356,201805,S.A.,0,0,16
7357,201804,S.A.,0,0,16
7358,201803,S.A.,0,0,16
7359,201802,S.A.,0,0,16
7360,201801,S.A.,0,0,16
7361,201712,S.A.,0,0,16
7362,201711,S.A.,0,0,16
7363,201710,S.A.,0,0,16
7364,201709,S.A.,0,0,16
7365,201708,S.A.,1,100000,16
7366,201707,S.A.,1,0,16
7367,201706,S.A.,1,100000,16
7368,201705,S.A.,0,0,16
7369,201704,S.A.,0,0,16
7370,201703,S.A.,0,0,16
7371,201702,S.A.,0,0,16
7372,201701,S.A.,0,0,16
7373,201612,S.A.,0,0,16
7374,201611,S.A.,0,0,16
7375,201610,S.A.,0,0,16
7376,201609,S.A.,1,60000,16
7377,201608,S.A.,0,0,16
7378,201607,S.A.,0,0,16
7379,201606,S.A.,1,500000,16
7380,201605,S.A.,0,0,16
7381,201604,S.A.,0,0,16
7382,201603,S.A.,0,0,16
7383,201602,S.A.,0,0,16
7384,201601,S.A.,0,0,16
7385,201512,S.A.,0,0,16
7386,201511,S.A.,0,0,16
7387,201510,S.A.,0,0,16
7388,201509,S.A.,0,0,16
7389,201508,S.A.,0,0,16
7390,201507,S.A.,0,0,16
7391,201506,S.A.,1,90000,16
7392,201505,S.A.,1,66000,16
7393,201504,S.A.,0,0,16
7394,201503,S.A.,1,900000,16
7395,201502,S.A.,1,60000,16
7396,201501,S.A.,0,0,16
7397,201412,S.A.,0,0,16
7398,201411,S.A.,0,0,16
7399,201410,S.A.,0,0,16
7400,201409,S.A.,0,0,16
7401,201408,S.A.,1,100000,16
7402,201407,S.A.,0,0,16
7403,201406,S.A.,0,0,16
7404,201405,S.A.,1,7370000,16
7405,201404,S.A.,0,0,16
7406,201403,S.A.,0,0,16
7407,201402,S.A.,0,0,16
7408,201401,S.A.,0,0,16
7409,201312,S.A.,0,0,16
7410,201311,S.A.,0,0,16
7411,201310,S.A.,0,0,16
7412,201309,S.A.,0,0,16
7413,201308,S.A.,0,0,16
7414,201307,S.A.,0,0,16
7415,201306,S.A.,1,1235000,16
7416,201305,S.A.,0,0,16
7417,201304,S.A.,0,0,16
7418,201303,S.A.,0,0,16
7419,201302,S.A.,1,135000,16
7420,201301,S.A.,0,0,16
7421,201212,S.A.,0,0,16
7422,201211,S.A.,0,0,16
7423,201210,S.A.,0,0,16
7424,201209,S.A.,0,0,16
7425,201208,S.A.,0,0,16
7426,201207,S.A.,0,0,16
7427,201206,S.A.,0,0,16
7428,201205,S.A.,3,2260000,16
7429,201204,S.A.,0,0,16
7430,201203,S.A.,0,0,16
7431,201202,S.A.,0,0,16
7432,201201,S.A.,0,0,16
7433,201112,S.A.,0,0,16
7434,201111,S.A.,0,0,16
7435,201110,S.A.,2,120000,16
7436,201109,S.A.,0,0,16
7437,201108,S.A.,0,0,16
7438,201107,S.A.,1,90000,16
7439,201106,S.A.,1,60000,16
7440,201105,S.A.,1,2000000,16
7441,201104,S.A.,1,300000,16
7442,201103,S.A.,1,700000,16
7443,201102,S.A.,1,60000,16
7444,201101,S.A.,0,0,16
7445,201012,S.A.,0,0,16
7446,201011,S.A.,1,70000,16
7447,201010,S.A.,0,0,16
7448,201009,S.A.,0,0,16
7449,201008,S.A.,0,0,16
7450,201007,S.A.,3,221000,16
7451,201006,S.A.,0,0,16
7452,201005,S.A.,0,0,16
7453,201004,S.A.,1,165000,16
7454,201003,S.A.,0,0,16
7455,201002,S.A.,0,0,16
7456,201001,S.A.,0,0,16
7457,200912,S.A.,0,0,16
7458,200911,S.A.,1,60000,16
7459,200910,S.A.,1,60000,16
7460,200909,S.A.,0,0,16
7461,200908,S.A.,0,0,16
7462,200907,S.A.,2,24261000,16
7463,200906,S.A.,1,240000,16
7464,200905,S.A.,0,0,16
7465,200904,S.A.,0,0,16
7466,200903,S.A.,1,60000,16
7467,200902,S.A.,1,60000,16
7468,200901,S.A.,1,1000000,16
7469,200812,S.A.,2,5062000,16
7470,200811,S.A.,0,0,16
7471,200810,S.A.,3,2810000,16
7472,200809,S.A.,2,121000,16
7473,200808,S.A.,0,0,16
7474,200807,S.A.,2,120000,16
7475,200806,S.A.,0,0,16
7476,200805,S.A.,1,600000,16
7477,200804,S.A.,4,820000,16
7478,200803,S.A.,1,60000,16
7479,200802,S.A.,2,3066000,16
7480,200801,S.A.,2,120000,16
7481,202604,S.A.,1,60000,17
7482,202603,S.A.,4,2520000,17
7483,202602,S.A.,4,12460000,17
7484,202601,S.A.,1,1200000,17
7485,202512,S.A.,4,263600000,17
7486,202511,S.A.,6,425000,17
7487,202510,S.A.,2,1260000,17
7488,202509,S.A.,3,1020000,17
7489,202508,S.A.,0,0,17
7490,202507,S.A.,1,259000,17
7491,202506,S.A.,1,60000,17
7492,202505,S.A.,0,0,17
7493,202504,S.A.,1,60000,17
7494,202503,S.A.,2,1260000,17
7495,202502,S.A.,4,1680000,17
7496,202501,S.A.,1,60000,17
7497,202412,S.A.,1,60000,17
7498,202411,S.A.,2,1260000,17
7499,202410,S.A.,4,1620000,17
7500,202409,S.A.,2,2000000,17
7501,202408,S.A.,1,60000,17
7502,202407,S.A.,1,60000,17
7503,202406,S.A.,1,60000,17
7504,202405,S.A.,0,0,17
7505,202404,S.A.,5,2645000,17
7506,202403,S.A.,4,2520000,17
7507,202402,S.A.,3,2700000,17
7508,202401,S.A.,1,60000,17
7509,202312,S.A.,2,2600000,17
7510,202311,S.A.,0,0,17
7511,202310,S.A.,0,0,17
7512,202309,S.A.,4,2520000,17
7513,202308,S.A.,4,345000,17
7514,202307,S.A.,2,216000,17
7515,202306,S.A.,1,75000,17
7516,202305,S.A.,1,4000000,17
7517,202304,S.A.,0,0,17
7518,202303,S.A.,3,180000,17
7519,202302,S.A.,1,300000,17
7520,202301,S.A.,0,0,17
7521,202212,S.A.,2,960000,17
7522,202211,S.A.,3,3061000,17
7523,202210,S.A.,0,0,17
7524,202209,S.A.,2,1468000,17
7525,202208,S.A.,1,1200000,17
7526,202207,S.A.,3,1320000,17
7527,202206,S.A.,2,120000,17
7528,202205,S.A.,3,1860000,17
7529,202204,S.A.,1,1200000,17
7530,202203,S.A.,2,1300000,17
7531,202202,S.A.,2,127000,17
7532,202201,S.A.,1,60000,17
7533,202112,S.A.,1,100000,17
7534,202111,S.A.,3,2460000,17
7535,202110,S.A.,1,60000,17
7536,202109,S.A.,0,0,17
7537,202108,S.A.,1,60000,17
7538,202107,S.A.,3,162400000,17
7539,202106,S.A.,2,1950000,17
7540,202105,S.A.,1,1200000,17
7541,202104,S.A.,2,120000,17
7542,202103,S.A.,4,275000,17
7543,202102,S.A.,1,10000000,17
7544,202101,S.A.,2,1400000,17
7545,202012,S.A.,3,1320000,17
7546,202011,S.A.,2,180000,17
7547,202010,S.A.,3,1335000,17
7548,202009,S.A.,1,60000,17
7549,202008,S.A.,0,0,17
7550,202007,S.A.,1,692000,17
7551,202006,S.A.,2,1260000,17
7552,202005,S.A.,3,180000,17
7553,202004,S.A.,0,0,17
7554,202003,S.A.,1,60000,17
7555,202002,S.A.,1,60000,17
7556,202001,S.A.,1,125000,17
7557,201912,S.A.,1,122000,17
7558,201911,S.A.,3,1185000,17
7559,201910,S.A.,2,950000,17
7560,201909,S.A.,2,661000,17
7561,201908,S.A.,1,60000,17
7562,201907,S.A.,0,0,17
7563,201906,S.A.,2,2400000,17
7564,201905,S.A.,1,2400000,17
7565,201904,S.A.,0,0,17
7566,201903,S.A.,1,1056000,17
7567,201902,S.A.,3,310000,17
7568,201901,S.A.,0,0,17
7569,201812,S.A.,0,0,17
7570,201811,S.A.,0,0,17
7571,201810,S.A.,1,200000,17
7572,201809,S.A.,0,0,17
7573,201808,S.A.,1,60000,17
7574,201807,S.A.,1,100000,17
7575,201806,S.A.,1,3100000,17
7576,201805,S.A.,2,160000,17
7577,201804,S.A.,1,1446000,17
7578,201803,S.A.,1,60000,17
7579,201802,S.A.,0,0,17
7580,201801,S.A.,2,18000000,17
7581,201712,S.A.,3,490000,17
7582,201711,S.A.,0,0,17
7583,201710,S.A.,1,60000,17
7584,201709,S.A.,0,0,17
7585,201708,S.A.,3,180000,17
7586,201707,S.A.,1,60000,17
7587,201706,S.A.,0,0,17
7588,201705,S.A.,2,760000,17
7589,201704,S.A.,2,123000,17
7590,201703,S.A.,2,9786000,17
7591,201702,S.A.,1,23562000,17
7592,201701,S.A.,1,60000,17
7593,201612,S.A.,1,2000000,17
7594,201611,S.A.,0,0,17
7595,201610,S.A.,1,88000,17
7596,201609,S.A.,1,60000,17
7597,201608,S.A.,0,0,17
7598,201607,S.A.,0,0,17
7599,201606,S.A.,1,60000,17
7600,201605,S.A.,0,0,17
7601,201604,S.A.,1,0,17
7602,201603,S.A.,0,0,17
7603,201602,S.A.,1,1000000,17
7604,201601,S.A.,0,0,17
7605,201512,S.A.,3,707000,17
7606,201511,S.A.,1,60000,17
7607,201510,S.A.,1,60000,17
7608,201509,S.A.,0,0,17
7609,201508,S.A.,2,1060000,17
7610,201507,S.A.,2,180000,17
7611,201506,S.A.,0,0,17
7612,201505,S.A.,1,100000,17
7613,201504,S.A.,1,60000,17
7614,201503,S.A.,3,840000,17
7615,201502,S.A.,0,0,17
7616,201501,S.A.,0,0,17
7617,201412,S.A.,1,100000,17
7618,201411,S.A.,1,1200000,17
7619,201410,S.A.,7,11136000,17
7620,201409,S.A.,2,2100000,17
7621,201408,S.A.,0,0,17
7622,201407,S.A.,2,360000,17
7623,201406,S.A.,1,60000,17
7624,201405,S.A.,2,1100000,17
7625,201404,S.A.,0,0,17
7626,201403,S.A.,6,365000,17
7627,201402,S.A.,2,120000,17
7628,201401,S.A.,1,200000,17
7629,201312,S.A.,1,60000,17
7630,201311,S.A.,3,1210000,17
7631,201310,S.A.,4,650000,17
7632,201309,S.A.,0,0,17
7633,201308,S.A.,1,60000,17
7634,201307,S.A.,1,60000,17
7635,201306,S.A.,2,1000000,17
7636,201305,S.A.,1,750000,17
7637,201304,S.A.,1,60000,17
7638,201303,S.A.,1,60000,17
7639,201302,S.A.,1,1000000,17
7640,201301,S.A.,1,62000000,17
7641,201212,S.A.,0,0,17
7642,201211,S.A.,2,2060000,17
7643,201210,S.A.,3,780000,17
7644,201209,S.A.,2,120000,17
7645,201208,S.A.,0,0,17
7646,201207,S.A.,1,60000,17
7647,201206,S.A.,3,261000,17
7648,201205,S.A.,4,30955000,17
7649,201204,S.A.,1,60000,17
7650,201203,S.A.,2,1260000,17
7651,201202,S.A.,3,12100000,17
7652,201201,S.A.,4,280000,17
7653,201112,S.A.,1,72000,17
7654,201111,S.A.,5,1403000,17
7655,201110,S.A.,3,623000,17
7656,201109,S.A.,2,120000,17
7657,201108,S.A.,1,1706000,17
7658,201107,S.A.,3,4120000,17
7659,201106,S.A.,4,18260000,17
7660,201105,S.A.,2,435000,17
7661,201104,S.A.,0,0,17
7662,201103,S.A.,8,9306000,17
7663,201102,S.A.,2,690000,17
7664,201101,S.A.,3,1900000,17
7665,201012,S.A.,3,1884000,17
7666,201011,S.A.,5,2280000,17
7667,201010,S.A.,2,4061000,17
7668,201009,S.A.,3,19310000,17
7669,201008,S.A.,3,288287000,17
7670,201007,S.A.,4,331000,17
7671,201006,S.A.,7,4974000,17
7672,201005,S.A.,2,1260000,17
7673,201004,S.A.,2,1260000,17
7674,201003,S.A.,6,582000,17
7675,201002,S.A.,3,180000,17
7676,201001,S.A.,5,4006000,17
7677,200912,S.A.,4,1364000,17
7678,200911,S.A.,4,262000,17
7679,200910,S.A.,3,3427000,17
7680,200909,S.A.,2,2461000,17
7681,200908,S.A.,3,181000,17
7682,200907,S.A.,2,261000,17
7683,200906,S.A.,6,381000,17
7684,200905,S.A.,6,3141000,17
7685,200904,S.A.,0,0,17
7686,200903,S.A.,2,3120000,17
7687,200902,S.A.,5,428000,17
7688,200901,S.A.,3,8490000,17
7689,200812,S.A.,2,122000,17
7690,200811,S.A.,5,706000,17
7691,200810,S.A.,5,3330000,17
7692,200809,S.A.,4,1390000,17
7693,200808,S.A.,3,4260000,17
7694,200807,S.A.,2,210000,17
7695,200806,S.A.,2,168000,17
7696,200805,S.A.,7,4881000,17
7697,200804,S.A.,5,1296000,17
7698,200803,S.A.,6,10949000,17
7699,200802,S.A.,12,10750000,17
7700,200801,S.A.,4,5270000,17
7701,202604,S.A.,0,0,18
7702,202603,S.A.,0,0,18
7703,202602,S.A.,0,0,18
7704,202601,S.A.,0,0,18
7705,202512,S.A.,0,0,18
7706,202511,S.A.,0,0,18
7707,202510,S.A.,0,0,18
7708,202509,S.A.,1,60000,18
7709,202508,S.A.,0,0,18
7710,202507,S.A.,0,0,18
7711,202506,S.A.,0,0,18
7712,202505,S.A.,0,0,18
7713,202504,S.A.,0,0,18
7714,202503,S.A.,0,0,18
7715,202502,S.A.,1,60000,18
7716,202501,S.A.,0,0,18
7717,202412,S.A.,0,0,18
7718,202411,S.A.,0,0,18
7719,202410,S.A.,0,0,18
7720,202409,S.A.,0,0,18
7721,202408,S.A.,0,0,18
7722,202407,S.A.,0,0,18
7723,202406,S.A.,0,0,18
7724,202405,S.A.,0,0,18
7725,202404,S.A.,0,0,18
7726,202403,S.A.,0,0,18
7727,202402,S.A.,0,0,18
7728,202401,S.A.,0,0,18
7729,202312,S.A.,0,0,18
7730,202311,S.A.,0,0,18
7731,202310,S.A.,0,0,18
7732,202309,S.A.,0,0,18
7733,202308,S.A.,0,0,18
7734,202307,S.A.,0,0,18
7735,202306,S.A.,0,0,18
7736,202305,S.A.,0,0,18
7737,202304,S.A.,0,0,18
7738,202303,S.A.,0,0,18
7739,202302,S.A.,0,0,18
7740,202301,S.A.,0,0,18
7741,202212,S.A.,0,0,18
7742,202211,S.A.,0,0,18
7743,202210,S.A.,0,0,18
7744,202209,S.A.,0,0,18
7745,202208,S.A.,0,0,18
7746,202207,S.A.,0,0,18
7747,202206,S.A.,0,0,18
7748,202205,S.A.,0,0,18
7749,202204,S.A.,0,0,18
7750,202203,S.A.,1,13500000,18
7751,202202,S.A.,0,0,18
7752,202201,S.A.,1,6000000,18
7753,202112,S.A.,0,0,18
7754,202111,S.A.,0,0,18
7755,202110,S.A.,0,0,18
7756,202109,S.A.,0,0,18
7757,202108,S.A.,0,0,18
7758,202107,S.A.,0,0,18
7759,202106,S.A.,0,0,18
7760,202105,S.A.,0,0,18
7761,202104,S.A.,0,0,18
7762,202103,S.A.,0,0,18
7763,202102,S.A.,0,0,18
7764,202101,S.A.,0,0,18
7765,202012,S.A.,0,0,18
7766,202011,S.A.,0,0,18
7767,202010,S.A.,0,0,18
7768,202009,S.A.,0,0,18
7769,202008,S.A.,1,60000,18
7770,202007,S.A.,0,0,18
7771,202006,S.A.,0,0,18
7772,202005,S.A.,0,0,18
7773,202004,S.A.,0,0,18
7774,202003,S.A.,0,0,18
7775,202002,S.A.,0,0,18
7776,202001,S.A.,0,0,18
7777,201912,S.A.,0,0,18
7778,201911,S.A.,0,0,18
7779,201910,S.A.,0,0,18
7780,201909,S.A.,0,0,18
7781,201908,S.A.,0,0,18
7782,201907,S.A.,0,0,18
7783,201906,S.A.,0,0,18
7784,201905,S.A.,1,60000,18
7785,201904,S.A.,1,7910000,18
7786,201903,S.A.,0,0,18
7787,201902,S.A.,0,0,18
7788,201901,S.A.,0,0,18
7789,201812,S.A.,0,0,18
7790,201811,S.A.,0,0,18
7791,201810,S.A.,0,0,18
7792,201809,S.A.,0,0,18
7793,201808,S.A.,0,0,18
7794,201807,S.A.,0,0,18
7795,201806,S.A.,0,0,18
7796,201805,S.A.,0,0,18
7797,201804,S.A.,0,0,18
7798,201803,S.A.,0,0,18
7799,201802,S.A.,0,0,18
7800,201801,S.A.,0,0,18
7801,201712,S.A.,0,0,18
7802,201711,S.A.,0,0,18
7803,201710,S.A.,0,0,18
7804,201709,S.A.,0,0,18
7805,201708,S.A.,0,0,18
7806,201707,S.A.,0,0,18
7807,201706,S.A.,0,0,18
7808,201705,S.A.,0,0,18
7809,201704,S.A.,0,0,18
7810,201703,S.A.,0,0,18
7811,201702,S.A.,0,0,18
7812,201701,S.A.,0,0,18
7813,201612,S.A.,0,0,18
7814,201611,S.A.,0,0,18
7815,201610,S.A.,0,0,18
7816,201609,S.A.,0,0,18
7817,201608,S.A.,0,0,18
7818,201607,S.A.,0,0,18
7819,201606,S.A.,0,0,18
7820,201605,S.A.,1,2000000,18
7821,201604,S.A.,1,98000,18
7822,201603,S.A.,1,60000,18
7823,201602,S.A.,0,0,18
7824,201601,S.A.,0,0,18
7825,201512,S.A.,1,1000000,18
7826,201511,S.A.,0,0,18
7827,201510,S.A.,0,0,18
7828,201509,S.A.,0,0,18
7829,201508,S.A.,0,0,18
7830,201507,S.A.,0,0,18
7831,201506,S.A.,1,400000,18
7832,201505,S.A.,0,0,18
7833,201504,S.A.,0,0,18
7834,201503,S.A.,0,0,18
7835,201502,S.A.,0,0,18
7836,201501,S.A.,0,0,18
7837,201412,S.A.,0,0,18
7838,201411,S.A.,1,1000000,18
7839,201410,S.A.,0,0,18
7840,201409,S.A.,0,0,18
7841,201408,S.A.,1,1000000,18
7842,201407,S.A.,0,0,18
7843,201406,S.A.,0,0,18
7844,201405,S.A.,0,0,18
7845,201404,S.A.,0,0,18
7846,201403,S.A.,0,0,18
7847,201402,S.A.,0,0,18
7848,201401,S.A.,0,0,18
7849,201312,S.A.,0,0,18
7850,201311,S.A.,0,0,18
7851,201310,S.A.,0,0,18
7852,201309,S.A.,0,0,18
7853,201308,S.A.,0,0,18
7854,201307,S.A.,0,0,18
7855,201306,S.A.,1,300000,18
7856,201305,S.A.,0,0,18
7857,201304,S.A.,0,0,18
7858,201303,S.A.,0,0,18
7859,201302,S.A.,0,0,18
7860,201301,S.A.,0,0,18
7861,201212,S.A.,2,160000,18
7862,201211,S.A.,1,2400000,18
7863,201210,S.A.,0,0,18
7864,201209,S.A.,0,0,18
7865,201208,S.A.,0,0,18
7866,201207,S.A.,0,0,18
7867,201206,S.A.,0,0,18
7868,201205,S.A.,0,0,18
7869,201204,S.A.,0,0,18
7870,201203,S.A.,0,0,18
7871,201202,S.A.,0,0,18
7872,201201,S.A.,0,0,18
7873,201112,S.A.,0,0,18
7874,201111,S.A.,0,0,18
7875,201110,S.A.,0,0,18
7876,201109,S.A.,0,0,18
7877,201108,S.A.,0,0,18
7878,201107,S.A.,0,0,18
7879,201106,S.A.,0,0,18
7880,201105,S.A.,0,0,18
7881,201104,S.A.,0,0,18
7882,201103,S.A.,0,0,18
7883,201102,S.A.,0,0,18
7884,201101,S.A.,0,0,18
7885,201012,S.A.,0,0,18
7886,201011,S.A.,0,0,18
7887,201010,S.A.,1,600000,18
7888,201009,S.A.,0,0,18
7889,201008,S.A.,0,0,18
7890,201007,S.A.,1,61000,18
7891,201006,S.A.,1,60000,18
7892,201005,S.A.,0,0,18
7893,201004,S.A.,0,0,18
7894,201003,S.A.,0,0,18
7895,201002,S.A.,0,0,18
7896,201001,S.A.,0,0,18
7897,200912,S.A.,0,0,18
7898,200911,S.A.,0,0,18
7899,200910,S.A.,0,0,18
7900,200909,S.A.,0,0,18
7901,200908,S.A.,0,0,18
7902,200907,S.A.,0,0,18
7903,200906,S.A.,2,9060000,18
7904,200905,S.A.,1,66000,18
7905,200904,S.A.,0,0,18
7906,200903,S.A.,0,0,18
7907,200902,S.A.,1,600000,18
7908,200901,S.A.,0,0,18
7909,200812,S.A.,1,60000,18
7910,200811,S.A.,0,0,18
7911,200810,S.A.,1,300000,18
7912,200809,S.A.,1,60000,18
7913,200808,S.A.,0,0,18
7914,200807,S.A.,0,0,18
7915,200806,S.A.,0,0,18
7916,200805,S.A.,1,1600000,18
7917,200804,S.A.,1,60000,18
7918,200803,S.A.,0,0,18
7919,200802,S.A.,0,0,18
7920,200801,S.A.,0,0,18
7921,202604,S.A.,0,0,19
7922,202603,S.A.,0,0,19
7923,202602,S.A.,0,0,19
7924,202601,S.A.,0,0,19
7925,202512,S.A.,0,0,19
7926,202511,S.A.,1,60000,19
7927,202510,S.A.,1,60000,19
7928,202509,S.A.,0,0,19
7929,202508,S.A.,0,0,19
7930,202507,S.A.,1,100000,19
7931,202506,S.A.,0,0,19
7932,202505,S.A.,1,60000,19
7933,202504,S.A.,0,0,19
7934,202503,S.A.,0,0,19
7935,202502,S.A.,1,1650000,19
7936,202501,S.A.,0,0,19
7937,202412,S.A.,0,0,19
7938,202411,S.A.,0,0,19
7939,202410,S.A.,0,0,19
7940,202409,S.A.,1,60000,19
7941,202408,S.A.,0,0,19
7942,202407,S.A.,0,0,19
7943,202406,S.A.,1,140000,19
7944,202405,S.A.,0,0,19
7945,202404,S.A.,0,0,19
7946,202403,S.A.,0,0,19
7947,202402,S.A.,0,0,19
7948,202401,S.A.,0,0,19
7949,202312,S.A.,0,0,19
7950,202311,S.A.,1,60000,19
7951,202310,S.A.,0,0,19
7952,202309,S.A.,0,0,19
7953,202308,S.A.,1,60000,19
7954,202307,S.A.,0,0,19
7955,202306,S.A.,0,0,19
7956,202305,S.A.,0,0,19
7957,202304,S.A.,0,0,19
7958,202303,S.A.,0,0,19
7959,202302,S.A.,0,0,19
7960,202301,S.A.,0,0,19
7961,202212,S.A.,0,0,19
7962,202211,S.A.,0,0,19
7963,202210,S.A.,0,0,19
7964,202209,S.A.,0,0,19
7965,202208,S.A.,0,0,19
7966,202207,S.A.,0,0,19
7967,202206,S.A.,0,0,19
7968,202205,S.A.,1,100000,19
7969,202204,S.A.,0,0,19
7970,202203,S.A.,0,0,19
7971,202202,S.A.,0,0,19
7972,202201,S.A.,0,0,19
7973,202112,S.A.,1,250000,19
7974,202111,S.A.,0,0,19
7975,202110,S.A.,0,0,19
7976,202109,S.A.,2,120000,19
7977,202108,S.A.,0,0,19
7978,202107,S.A.,0,0,19
7979,202106,S.A.,0,0,19
7980,202105,S.A.,0,0,19
7981,202104,S.A.,0,0,19
7982,202103,S.A.,0,0,19
7983,202102,S.A.,0,0,19
7984,202101,S.A.,0,0,19
7985,202012,S.A.,0,0,19
7986,202011,S.A.,1,60000,19
7987,202010,S.A.,1,60000,19
7988,202009,S.A.,0,0,19
7989,202008,S.A.,1,150000,19
7990,202007,S.A.,3,358000,19
7991,202006,S.A.,0,0,19
7992,202005,S.A.,0,0,19
7993,202004,S.A.,0,0,19
7994,202003,S.A.,0,0,19
7995,202002,S.A.,0,0,19
7996,202001,S.A.,0,0,19
7997,201912,S.A.,0,0,19
7998,201911,S.A.,0,0,19
7999,201910,S.A.,0,0,19
8000,201909,S.A.,0,0,19
8001,201908,S.A.,0,0,19
8002,201907,S.A.,0,0,19
8003,201906,S.A.,0,0,19
8004,201905,S.A.,0,0,19
8005,201904,S.A.,0,0,19
8006,201903,S.A.,0,0,19
8007,201902,S.A.,0,0,19
8008,201901,S.A.,1,60000,19
8009,201812,S.A.,0,0,19
8010,201811,S.A.,1,60000,19
8011,201810,S.A.,0,0,19
8012,201809,S.A.,0,0,19
8013,201808,S.A.,0,0,19
8014,201807,S.A.,0,0,19
8015,201806,S.A.,0,0,19
8016,201805,S.A.,0,0,19
8017,201804,S.A.,0,0,19
8018,201803,S.A.,0,0,19
8019,201802,S.A.,0,0,19
8020,201801,S.A.,0,0,19
8021,201712,S.A.,0,0,19
8022,201711,S.A.,0,0,19
8023,201710,S.A.,0,0,19
8024,201709,S.A.,0,0,19
8025,201708,S.A.,0,0,19
8026,201707,S.A.,0,0,19
8027,201706,S.A.,0,0,19
8028,201705,S.A.,0,0,19
8029,201704,S.A.,0,0,19
8030,201703,S.A.,0,0,19
8031,201702,S.A.,0,0,19
8032,201701,S.A.,0,0,19
8033,201612,S.A.,0,0,19
8034,201611,S.A.,0,0,19
8035,201610,S.A.,0,0,19
8036,201609,S.A.,0,0,19
8037,201608,S.A.,0,0,19
8038,201607,S.A.,0,0,19
8039,201606,S.A.,0,0,19
8040,201605,S.A.,0,0,19
8041,201604,S.A.,0,0,19
8042,201603,S.A.,0,0,19
8043,201602,S.A.,0,0,19
8044,201601,S.A.,0,0,19
8045,201512,S.A.,0,0,19
8046,201511,S.A.,0,0,19
8047,201510,S.A.,0,0,19
8048,201509,S.A.,0,0,19
8049,201508,S.A.,0,0,19
8050,201507,S.A.,0,0,19
8051,201506,S.A.,0,0,19
8052,201505,S.A.,0,0,19
8053,201504,S.A.,0,0,19
8054,201503,S.A.,0,0,19
8055,201502,S.A.,0,0,19
8056,201501,S.A.,0,0,19
8057,201412,S.A.,0,0,19
8058,201411,S.A.,0,0,19
8059,201410,S.A.,0,0,19
8060,201409,S.A.,0,0,19
8061,201408,S.A.,0,0,19
8062,201407,S.A.,0,0,19
8063,201406,S.A.,0,0,19
8064,201405,S.A.,0,0,19
8065,201404,S.A.,1,65000,19
8066,201403,S.A.,0,0,19
8067,201402,S.A.,0,0,19
8068,201401,S.A.,0,0,19
8069,201312,S.A.,0,0,19
8070,201311,S.A.,0,0,19
8071,201310,S.A.,0,0,19
8072,201309,S.A.,0,0,19
8073,201308,S.A.,0,0,19
8074,201307,S.A.,0,0,19
8075,201306,S.A.,0,0,19
8076,201305,S.A.,0,0,19
8077,201304,S.A.,0,0,19
8078,201303,S.A.,0,0,19
8079,201302,S.A.,0,0,19
8080,201301,S.A.,0,0,19
8081,201212,S.A.,0,0,19
8082,201211,S.A.,0,0,19
8083,201210,S.A.,0,0,19
8084,201209,S.A.,0,0,19
8085,201208,S.A.,0,0,19
8086,201207,S.A.,0,0,19
8087,201206,S.A.,0,0,19
8088,201205,S.A.,0,0,19
8089,201204,S.A.,0,0,19
8090,201203,S.A.,0,0,19
8091,201202,S.A.,0,0,19
8092,201201,S.A.,0,0,19
8093,201112,S.A.,0,0,19
8094,201111,S.A.,0,0,19
8095,201110,S.A.,0,0,19
8096,201109,S.A.,0,0,19
8097,201108,S.A.,0,0,19
8098,201107,S.A.,0,0,19
8099,201106,S.A.,0,0,19
8100,201105,S.A.,0,0,19
8101,201104,S.A.,0,0,19
8102,201103,S.A.,0,0,19
8103,201102,S.A.,0,0,19
8104,201101,S.A.,0,0,19
8105,201012,S.A.,0,0,19
8106,201011,S.A.,0,0,19
8107,201010,S.A.,0,0,19
8108,201009,S.A.,0,0,19
8109,201008,S.A.,0,0,19
8110,201007,S.A.,0,0,19
8111,201006,S.A.,0,0,19
8112,201005,S.A.,0,0,19
8113,201004,S.A.,0,0,19
8114,201003,S.A.,0,0,19
8115,201002,S.A.,0,0,19
8116,201001,S.A.,0,0,19
8117,200912,S.A.,0,0,19
8118,200911,S.A.,0,0,19
8119,200910,S.A.,0,0,19
8120,200909,S.A.,0,0,19
8121,200908,S.A.,0,0,19
8122,200907,S.A.,0,0,19
8123,200906,S.A.,0,0,19
8124,200905,S.A.,0,0,19
8125,200904,S.A.,0,0,19
8126,200903,S.A.,0,0,19
8127,200902,S.A.,0,0,19
8128,200901,S.A.,0,0,19
8129,200812,S.A.,0,0,19
8130,200811,S.A.,0,0,19
8131,200810,S.A.,0,0,19
8132,200809,S.A.,0,0,19
8133,200808,S.A.,0,0,19
8134,200807,S.A.,0,0,19
8135,200806,S.A.,0,0,19
8136,200805,S.A.,0,0,19
8137,200804,S.A.,0,0,19
8138,200803,S.A.,0,0,19
8139,200802,S.A.,0,0,19
8140,200801,S.A.,0,0,19
8141,202604,S.A.,0,0,20
8142,202603,S.A.,0,0,20
8143,202602,S.A.,0,0,20
8144,202601,S.A.,0,0,20
8145,202512,S.A.,0,0,20
8146,202511,S.A.,0,0,20
8147,202510,S.A.,0,0,20
8148,202509,S.A.,0,0,20
8149,202508,S.A.,0,0,20
8150,202507,S.A.,0,0,20
8151,202506,S.A.,0,0,20
8152,202505,S.A.,0,0,20
8153,202504,S.A.,0,0,20
8154,202503,S.A.,0,0,20
8155,202502,S.A.,0,0,20
8156,202501,S.A.,0,0,20
8157,202412,S.A.,0,0,20
8158,202411,S.A.,0,0,20
8159,202410,S.A.,0,0,20
8160,202409,S.A.,0,0,20
8161,202408,S.A.,0,0,20
8162,202407,S.A.,0,0,20
8163,202406,S.A.,0,0,20
8164,202405,S.A.,0,0,20
8165,202404,S.A.,0,0,20
8166,202403,S.A.,0,0,20
8167,202402,S.A.,0,0,20
8168,202401,S.A.,0,0,20
8169,202312,S.A.,0,0,20
8170,202311,S.A.,0,0,20
8171,202310,S.A.,0,0,20
8172,202309,S.A.,0,0,20
8173,202308,S.A.,0,0,20
8174,202307,S.A.,0,0,20
8175,202306,S.A.,0,0,20
8176,202305,S.A.,0,0,20
8177,202304,S.A.,0,0,20
8178,202303,S.A.,0,0,20
8179,202302,S.A.,0,0,20
8180,202301,S.A.,0,0,20
8181,202212,S.A.,0,0,20
8182,202211,S.A.,0,0,20
8183,202210,S.A.,0,0,20
8184,202209,S.A.,0,0,20
8185,202208,S.A.,0,0,20
8186,202207,S.A.,0,0,20
8187,202206,S.A.,0,0,20
8188,202205,S.A.,0,0,20
8189,202204,S.A.,0,0,20
8190,202203,S.A.,0,0,20
8191,202202,S.A.,0,0,20
8192,202201,S.A.,0,0,20
8193,202112,S.A.,1,100000,20
8194,202111,S.A.,0,0,20
8195,202110,S.A.,0,0,20
8196,202109,S.A.,0,0,20
8197,202108,S.A.,0,0,20
8198,202107,S.A.,0,0,20
8199,202106,S.A.,0,0,20
8200,202105,S.A.,0,0,20
8201,202104,S.A.,0,0,20
8202,202103,S.A.,0,0,20
8203,202102,S.A.,0,0,20
8204,202101,S.A.,0,0,20
8205,202012,S.A.,0,0,20
8206,202011,S.A.,0,0,20
8207,202010,S.A.,0,0,20
8208,202009,S.A.,0,0,20
8209,202008,S.A.,0,0,20
8210,202007,S.A.,0,0,20
8211,202006,S.A.,0,0,20
8212,202005,S.A.,0,0,20
8213,202004,S.A.,0,0,20
8214,202003,S.A.,0,0,20
8215,202002,S.A.,0,0,20
8216,202001,S.A.,0,0,20
8217,201912,S.A.,0,0,20
8218,201911,S.A.,0,0,20
8219,201910,S.A.,0,0,20
8220,201909,S.A.,0,0,20
8221,201908,S.A.,0,0,20
8222,201907,S.A.,0,0,20
8223,201906,S.A.,0,0,20
8224,201905,S.A.,0,0,20
8225,201904,S.A.,0,0,20
8226,201903,S.A.,0,0,20
8227,201902,S.A.,0,0,20
8228,201901,S.A.,0,0,20
8229,201812,S.A.,0,0,20
8230,201811,S.A.,0,0,20
8231,201810,S.A.,0,0,20
8232,201809,S.A.,0,0,20
8233,201808,S.A.,0,0,20
8234,201807,S.A.,0,0,20
8235,201806,S.A.,0,0,20
8236,201805,S.A.,0,0,20
8237,201804,S.A.,0,0,20
8238,201803,S.A.,0,0,20
8239,201802,S.A.,0,0,20
8240,201801,S.A.,0,0,20
8241,201712,S.A.,0,0,20
8242,201711,S.A.,0,0,20
8243,201710,S.A.,0,0,20
8244,201709,S.A.,0,0,20
8245,201708,S.A.,0,0,20
8246,201707,S.A.,0,0,20
8247,201706,S.A.,0,0,20
8248,201705,S.A.,0,0,20
8249,201704,S.A.,0,0,20
8250,201703,S.A.,0,0,20
8251,201702,S.A.,0,0,20
8252,201701,S.A.,0,0,20
8253,201612,S.A.,0,0,20
8254,201611,S.A.,0,0,20
8255,201610,S.A.,0,0,20
8256,201609,S.A.,0,0,20
8257,201608,S.A.,0,0,20
8258,201607,S.A.,0,0,20
8259,201606,S.A.,0,0,20
8260,201605,S.A.,0,0,20
8261,201604,S.A.,0,0,20
8262,201603,S.A.,0,0,20
8263,201602,S.A.,0,0,20
8264,201601,S.A.,0,0,20
8265,201512,S.A.,0,0,20
8266,201511,S.A.,1,60000,20
8267,201510,S.A.,0,0,20
8268,201509,S.A.,0,0,20
8269,201508,S.A.,0,0,20
8270,201507,S.A.,0,0,20
8271,201506,S.A.,0,0,20
8272,201505,S.A.,1,100000,20
8273,201504,S.A.,0,0,20
8274,201503,S.A.,0,0,20
8275,201502,S.A.,0,0,20
8276,201501,S.A.,0,0,20
8277,201412,S.A.,0,0,20
8278,201411,S.A.,0,0,20
8279,201410,S.A.,0,0,20
8280,201409,S.A.,0,0,20
8281,201408,S.A.,0,0,20
8282,201407,S.A.,0,0,20
8283,201406,S.A.,1,110000,20
8284,201405,S.A.,0,0,20
8285,201404,S.A.,0,0,20
8286,201403,S.A.,0,0,20
8287,201402,S.A.,0,0,20
8288,201401,S.A.,0,0,20
8289,201312,S.A.,0,0,20
8290,201311,S.A.,0,0,20
8291,201310,S.A.,0,0,20
8292,201309,S.A.,0,0,20
8293,201308,S.A.,0,0,20
8294,201307,S.A.,0,0,20
8295,201306,S.A.,0,0,20
8296,201305,S.A.,0,0,20
8297,201304,S.A.,0,0,20
8298,201303,S.A.,0,0,20
8299,201302,S.A.,0,0,20
8300,201301,S.A.,0,0,20
8301,201212,S.A.,0,0,20
8302,201211,S.A.,0,0,20
8303,201210,S.A.,0,0,20
8304,201209,S.A.,0,0,20
8305,201208,S.A.,0,0,20
8306,201207,S.A.,0,0,20
8307,201206,S.A.,0,0,20
8308,201205,S.A.,0,0,20
8309,201204,S.A.,0,0,20
8310,201203,S.A.,0,0,20
8311,201202,S.A.,0,0,20
8312,201201,S.A.,0,0,20
8313,201112,S.A.,0,0,20
8314,201111,S.A.,0,0,20
8315,201110,S.A.,0,0,20
8316,201109,S.A.,0,0,20
8317,201108,S.A.,0,0,20
8318,201107,S.A.,0,0,20
8319,201106,S.A.,0,0,20
8320,201105,S.A.,0,0,20
8321,201104,S.A.,0,0,20
8322,201103,S.A.,0,0,20
8323,201102,S.A.,0,0,20
8324,201101,S.A.,0,0,20
8325,201012,S.A.,0,0,20
8326,201011,S.A.,0,0,20
8327,201010,S.A.,0,0,20
8328,201009,S.A.,0,0,20
8329,201008,S.A.,0,0,20
8330,201007,S.A.,0,0,20
8331,201006,S.A.,0,0,20
8332,201005,S.A.,0,0,20
8333,201004,S.A.,0,0,20
8334,201003,S.A.,0,0,20
8335,201002,S.A.,0,0,20
8336,201001,S.A.,0,0,20
8337,200912,S.A.,0,0,20
8338,200911,S.A.,0,0,20
8339,200910,S.A.,0,0,20
8340,200909,S.A.,0,0,20
8341,200908,S.A.,0,0,20
8342,200907,S.A.,0,0,20
8343,200906,S.A.,0,0,20
8344,200905,S.A.,0,0,20
8345,200904,S.A.,0,0,20
8346,200903,S.A.,0,0,20
8347,200902,S.A.,0,0,20
8348,200901,S.A.,0,0,20
8349,200812,S.A.,0,0,20
8350,200811,S.A.,0,0,20
8351,200810,S.A.,0,0,20
8352,200809,S.A.,0,0,20
8353,200808,S.A.,0,0,20
8354,200807,S.A.,0,0,20
8355,200806,S.A.,0,0,20
8356,200805,S.A.,0,0,20
8357,200804,S.A.,0,0,20
8358,200803,S.A.,0,0,20
8359,200802,S.A.,0,0,20
8360,200801,S.A.,0,0,20
8361,202604,S.L.,1823,53474000,2
8362,202603,S.L.,2378,114512000,2
8363,202602,S.L.,2137,80645000,2
8364,202601,S.L.,1916,107504000,2
8365,202512,S.L.,2046,68977000,2
8366,202511,S.L.,1899,50790000,2
8367,202510,S.L.,1937,43066000,2
8368,202509,S.L.,1519,77200000,2
8369,202508,S.L.,1186,37871000,2
8370,202507,S.L.,1765,64752000,2
8371,202506,S.L.,1834,50579000,2
8372,202505,S.L.,2363,454090000,2
8373,202504,S.L.,1972,85850000,2
8374,202503,S.L.,1801,78656000,2
8375,202502,S.L.,1291,61470000,2
8376,202501,S.L.,1862,74737000,2
8377,202412,S.L.,1574,60431000,2
8378,202411,S.L.,1795,78002000,2
8379,202410,S.L.,1854,40788000,2
8380,202409,S.L.,1532,28726000,2
8381,202408,S.L.,1001,52329000,2
8382,202407,S.L.,1562,76458000,2
8383,202406,S.L.,1658,91107000,2
8384,202405,S.L.,1569,47799000,2
8385,202404,S.L.,2129,77788000,2
8386,202403,S.L.,1862,54845000,2
8387,202402,S.L.,1615,62807000,2
8388,202401,S.L.,1906,99684000,2
8389,202312,S.L.,1497,218268000,2
8390,202311,S.L.,1689,45357000,2
8391,202310,S.L.,1441,73443000,2
8392,202309,S.L.,1163,28330000,2
8393,202308,S.L.,1106,38987000,2
8394,202307,S.L.,1358,73420000,2
8395,202306,S.L.,1881,62773000,2
8396,202305,S.L.,2025,65054000,2
8397,202304,S.L.,1505,68347000,2
8398,202303,S.L.,2207,80206000,2
8399,202302,S.L.,1656,41743000,2
8400,202301,S.L.,1677,101034000,2
8401,202212,S.L.,1464,47304000,2
8402,202211,S.L.,1598,67163000,2
8403,202210,S.L.,1243,28790000,2
8404,202209,S.L.,1212,53547000,2
8405,202208,S.L.,923,87479000,2
8406,202207,S.L.,1200,81080000,2
8407,202206,S.L.,1534,75096000,2
8408,202205,S.L.,1543,53389000,2
8409,202204,S.L.,1471,55408000,2
8410,202203,S.L.,1926,62543000,2
8411,202202,S.L.,1585,59555000,2
8412,202201,S.L.,1479,110561000,2
8413,202112,S.L.,1527,49008000,2
8414,202111,S.L.,1550,25419000,2
8415,202110,S.L.,1198,30637000,2
8416,202109,S.L.,1111,32101000,2
8417,202108,S.L.,960,33481000,2
8418,202107,S.L.,1316,54039000,2
8419,202106,S.L.,1666,63454000,2
8420,202105,S.L.,1628,38664000,2
8421,202104,S.L.,1591,54673000,2
8422,202103,S.L.,2108,55711000,2
8423,202102,S.L.,1451,130492000,2
8424,202101,S.L.,1361,90216000,2
8425,202012,S.L.,1222,80472000,2
8426,202011,S.L.,1340,51240000,2
8427,202010,S.L.,1410,70342000,2
8428,202009,S.L.,1141,50413000,2
8429,202008,S.L.,1037,34813000,2
8430,202007,S.L.,1291,28254000,2
8431,202006,S.L.,1191,29888000,2
8432,202005,S.L.,652,35787000,2
8433,202004,S.L.,386,12948000,2
8434,202003,S.L.,1187,48505000,2
8435,202002,S.L.,1275,62275000,2
8436,202001,S.L.,1501,104521000,2
8437,201912,S.L.,1143,69448000,2
8438,201911,S.L.,1216,21897000,2
8439,201910,S.L.,1417,38963000,2
8440,201909,S.L.,1021,40544000,2
8441,201908,S.L.,853,32041000,2
8442,201907,S.L.,1269,32442000,2
8443,201906,S.L.,1219,31671000,2
8444,201905,S.L.,1397,47870000,2
8445,201904,S.L.,1400,46190000,2
8446,201903,S.L.,1636,32267000,2
8447,201902,S.L.,1449,70685000,2
8448,201901,S.L.,1502,89741000,2
8449,201812,S.L.,1127,44730000,2
8450,201811,S.L.,1378,41095000,2
8451,201810,S.L.,1350,47068000,2
8452,201809,S.L.,1055,97830000,2
8453,201808,S.L.,930,22347000,2
8454,201807,S.L.,1249,22196000,2
8455,201806,S.L.,1345,75345000,2
8456,201805,S.L.,1497,47662000,2
8457,201804,S.L.,1558,164852000,2
8458,201803,S.L.,1511,47995000,2
8459,201802,S.L.,1358,41426000,2
8460,201801,S.L.,1631,50952000,2
8461,201712,S.L.,1114,66469000,2
8462,201711,S.L.,1297,55662000,2
8463,201710,S.L.,1259,38018000,2
8464,201709,S.L.,998,28529000,2
8465,201708,S.L.,1020,60287000,2
8466,201707,S.L.,1046,59121000,2
8467,201706,S.L.,1310,38530000,2
8468,201705,S.L.,1433,67126000,2
8469,201704,S.L.,1272,40129000,2
8470,201703,S.L.,1779,53141000,2
8471,201702,S.L.,1411,54847000,2
8472,201701,S.L.,1407,62652000,2
8473,201612,S.L.,1159,55559000,2
8474,201611,S.L.,1340,41493000,2
8475,201610,S.L.,1191,77883000,2
8476,201609,S.L.,1212,31493000,2
8477,201608,S.L.,956,22592000,2
8478,201607,S.L.,1387,49055000,2
8479,201606,S.L.,1579,75062000,2
8480,201605,S.L.,1414,76984000,2
8481,201604,S.L.,1564,79320000,2
8482,201603,S.L.,1634,61039000,2
8483,201602,S.L.,1653,63487000,2
8484,201601,S.L.,1561,70926000,2
8485,201512,S.L.,1378,60327000,2
8486,201511,S.L.,1318,53858000,2
8487,201510,S.L.,1247,30129000,2
8488,201509,S.L.,1084,19808000,2
8489,201508,S.L.,837,31692000,2
8490,201507,S.L.,1354,39304000,2
8491,201506,S.L.,1438,42405000,2
8492,201505,S.L.,1351,75456000,2
8493,201504,S.L.,1246,63282000,2
8494,201503,S.L.,1758,47033000,2
8495,201502,S.L.,1442,101623000,2
8496,201501,S.L.,1393,110975000,2
8497,201412,S.L.,1193,121711000,2
8498,201411,S.L.,1233,56412000,2
8499,201410,S.L.,1366,62303000,2
8500,201409,S.L.,1194,46608000,2
8501,201408,S.L.,799,20338000,2
8502,201407,S.L.,1299,38382000,2
8503,201406,S.L.,1252,34697000,2
8504,201405,S.L.,1254,49903000,2
8505,201404,S.L.,1448,38140000,2
8506,201403,S.L.,1531,91930000,2
8507,201402,S.L.,1400,58663000,2
8508,201401,S.L.,1526,93440000,2
8509,201312,S.L.,1060,49814000,2
8510,201311,S.L.,1211,37121000,2
8511,201310,S.L.,1277,51743000,2
8512,201309,S.L.,1102,32526000,2
8513,201308,S.L.,887,35229000,2
8514,201307,S.L.,1365,39620000,2
8515,201306,S.L.,1228,44805000,2
8516,201305,S.L.,1460,69326000,2
8517,201304,S.L.,1577,127323000,2
8518,201303,S.L.,1391,48933000,2
8519,201302,S.L.,1296,61562000,2
8520,201301,S.L.,1492,103996000,2
8521,201212,S.L.,1055,77630000,2
8522,201211,S.L.,1267,108249000,2
8523,201210,S.L.,1229,59225000,2
8524,201209,S.L.,1030,54033000,2
8525,201208,S.L.,885,48795000,2
8526,201207,S.L.,1133,52195000,2
8527,201206,S.L.,1221,52515000,2
8528,201205,S.L.,1241,79615000,2
8529,201204,S.L.,1114,40169000,2
8530,201203,S.L.,1506,60190000,2
8531,201202,S.L.,1328,78639000,2
8532,201201,S.L.,1325,117541000,2
8533,201112,S.L.,1075,95613000,2
8534,201111,S.L.,1191,43209000,2
8535,201110,S.L.,1075,47833000,2
8536,201109,S.L.,870,170120000,2
8537,201108,S.L.,902,35345000,2
8538,201107,S.L.,1195,63678000,2
8539,201106,S.L.,1322,58196000,2
8540,201105,S.L.,1173,40379000,2
8541,201104,S.L.,1114,48755000,2
8542,201103,S.L.,1593,34512000,2
8543,201102,S.L.,1218,35604000,2
8544,201101,S.L.,1162,45258000,2
8545,201012,S.L.,1006,33175000,2
8546,201011,S.L.,958,18395000,2
8547,201010,S.L.,822,27906000,2
8548,201009,S.L.,818,19108000,2
8549,201008,S.L.,673,18221000,2
8550,201007,S.L.,1002,26896000,2
8551,201006,S.L.,1202,30466000,2
8552,201005,S.L.,1151,32791000,2
8553,201004,S.L.,1231,45116000,2
8554,201003,S.L.,1352,30830000,2
8555,201002,S.L.,1200,27657000,2
8556,201001,S.L.,978,43827000,2
8557,200912,S.L.,984,85991000,2
8558,200911,S.L.,1090,21571000,2
8559,200910,S.L.,1070,38590000,2
8560,200909,S.L.,893,17930000,2
8561,200908,S.L.,689,18783000,2
8562,200907,S.L.,892,25741000,2
8563,200906,S.L.,1182,33608000,2
8564,200905,S.L.,1021,23341000,2
8565,200904,S.L.,1051,23856000,2
8566,200903,S.L.,1410,33059000,2
8567,200902,S.L.,1324,34227000,2
8568,200901,S.L.,1028,99857000,2
8569,200812,S.L.,1001,62958000,2
8570,200811,S.L.,1033,40144000,2
8571,200810,S.L.,1061,96856000,2
8572,200809,S.L.,1101,72410000,2
8573,200808,S.L.,791,69372000,2
8574,200807,S.L.,1265,28339000,2
8575,200806,S.L.,1189,38422000,2
8576,200805,S.L.,1540,42875000,2
8577,200804,S.L.,1753,60513000,2
8578,200803,S.L.,1522,34999000,2
8579,200802,S.L.,1547,80203000,2
8580,200801,S.L.,1875,69199000,2
8581,202604,S.L.,215,19312000,3
8582,202603,S.L.,303,18807000,3
8583,202602,S.L.,274,17946000,3
8584,202601,S.L.,206,20383000,3
8585,202512,S.L.,225,14245000,3
8586,202511,S.L.,223,20568000,3
8587,202510,S.L.,209,3674000,3
8588,202509,S.L.,163,2578000,3
8589,202508,S.L.,159,10802000,3
8590,202507,S.L.,162,3089000,3
8591,202506,S.L.,239,4220000,3
8592,202505,S.L.,242,6054000,3
8593,202504,S.L.,202,15606000,3
8594,202503,S.L.,272,5953000,3
8595,202502,S.L.,195,12727000,3
8596,202501,S.L.,253,16780000,3
8597,202412,S.L.,179,2880000,3
8598,202411,S.L.,178,29043000,3
8599,202410,S.L.,224,6962000,3
8600,202409,S.L.,140,7821000,3
8601,202408,S.L.,137,5743000,3
8602,202407,S.L.,181,6275000,3
8603,202406,S.L.,209,54636000,3
8604,202405,S.L.,168,5145000,3
8605,202404,S.L.,184,5238000,3
8606,202403,S.L.,167,5297000,3
8607,202402,S.L.,215,6896000,3
8608,202401,S.L.,233,20195000,3
8609,202312,S.L.,170,62860000,3
8610,202311,S.L.,156,150934000,3
8611,202310,S.L.,142,4349000,3
8612,202309,S.L.,126,5534000,3
8613,202308,S.L.,108,3892000,3
8614,202307,S.L.,153,1940000,3
8615,202306,S.L.,199,3874000,3
8616,202305,S.L.,193,14191000,3
8617,202304,S.L.,126,4908000,3
8618,202303,S.L.,238,7189000,3
8619,202302,S.L.,187,5393000,3
8620,202301,S.L.,166,5818000,3
8621,202212,S.L.,160,8891000,3
8622,202211,S.L.,162,14288000,3
8623,202210,S.L.,125,2910000,3
8624,202209,S.L.,126,4269000,3
8625,202208,S.L.,97,10635000,3
8626,202207,S.L.,125,3790000,3
8627,202206,S.L.,163,7612000,3
8628,202205,S.L.,170,3863000,3
8629,202204,S.L.,144,3241000,3
8630,202203,S.L.,199,3938000,3
8631,202202,S.L.,184,7146000,3
8632,202201,S.L.,162,2699000,3
8633,202112,S.L.,166,5929000,3
8634,202111,S.L.,166,17159000,3
8635,202110,S.L.,131,3633000,3
8636,202109,S.L.,120,10328000,3
8637,202108,S.L.,105,2177000,3
8638,202107,S.L.,151,5156000,3
8639,202106,S.L.,203,15284000,3
8640,202105,S.L.,178,4523000,3
8641,202104,S.L.,177,2374000,3
8642,202103,S.L.,221,6974000,3
8643,202102,S.L.,170,10209000,3
8644,202101,S.L.,119,17410000,3
8645,202012,S.L.,152,117582000,3
8646,202011,S.L.,138,3479000,3
8647,202010,S.L.,149,2690000,3
8648,202009,S.L.,141,2522000,3
8649,202008,S.L.,100,5629000,3
8650,202007,S.L.,142,5901000,3
8651,202006,S.L.,124,3672000,3
8652,202005,S.L.,52,1639000,3
8653,202004,S.L.,44,5818000,3
8654,202003,S.L.,131,4998000,3
8655,202002,S.L.,205,11206000,3
8656,202001,S.L.,164,9243000,3
8657,201912,S.L.,125,46007000,3
8658,201911,S.L.,150,2102000,3
8659,201910,S.L.,141,6108000,3
8660,201909,S.L.,136,3525000,3
8661,201908,S.L.,106,2045000,3
8662,201907,S.L.,147,4741000,3
8663,201906,S.L.,152,1956000,3
8664,201905,S.L.,185,6681000,3
8665,201904,S.L.,169,4496000,3
8666,201903,S.L.,239,49858000,3
8667,201902,S.L.,203,11617000,3
8668,201901,S.L.,153,13848000,3
8669,201812,S.L.,161,18516000,3
8670,201811,S.L.,145,6450000,3
8671,201810,S.L.,147,2623000,3
8672,201809,S.L.,130,5063000,3
8673,201808,S.L.,106,1864000,3
8674,201807,S.L.,183,12328000,3
8675,201806,S.L.,136,2594000,3
8676,201805,S.L.,165,3153000,3
8677,201804,S.L.,200,10132000,3
8678,201803,S.L.,203,3777000,3
8679,201802,S.L.,208,5938000,3
8680,201801,S.L.,218,10642000,3
8681,201712,S.L.,142,20486000,3
8682,201711,S.L.,195,7582000,3
8683,201710,S.L.,156,1837000,3
8684,201709,S.L.,129,2410000,3
8685,201708,S.L.,126,1641000,3
8686,201707,S.L.,134,2819000,3
8687,201706,S.L.,183,25893000,3
8688,201705,S.L.,144,4954000,3
8689,201704,S.L.,165,3162000,3
8690,201703,S.L.,228,7689000,3
8691,201702,S.L.,208,4661000,3
8692,201701,S.L.,218,5981000,3
8693,201612,S.L.,184,6862000,3
8694,201611,S.L.,176,2876000,3
8695,201610,S.L.,128,1201000,3
8696,201609,S.L.,152,7998000,3
8697,201608,S.L.,160,93868000,3
8698,201607,S.L.,221,3804000,3
8699,201606,S.L.,222,13493000,3
8700,201605,S.L.,253,3867000,3
8701,201604,S.L.,231,7075000,3
8702,201603,S.L.,256,10285000,3
8703,201602,S.L.,364,6036000,3
8704,201601,S.L.,168,10502000,3
8705,201512,S.L.,157,4674000,3
8706,201511,S.L.,168,2739000,3
8707,201510,S.L.,146,1648000,3
8708,201509,S.L.,168,3679000,3
8709,201508,S.L.,137,2939000,3
8710,201507,S.L.,168,2279000,3
8711,201506,S.L.,143,2507000,3
8712,201505,S.L.,163,6020000,3
8713,201504,S.L.,168,2849000,3
8714,201503,S.L.,224,2133000,3
8715,201502,S.L.,179,2953000,3
8716,201501,S.L.,169,8939000,3
8717,201412,S.L.,163,8296000,3
8718,201411,S.L.,172,4593000,3
8719,201410,S.L.,131,2117000,3
8720,201409,S.L.,147,2841000,3
8721,201408,S.L.,104,1325000,3
8722,201407,S.L.,158,1938000,3
8723,201406,S.L.,188,13445000,3
8724,201405,S.L.,165,2235000,3
8725,201404,S.L.,161,1381000,3
8726,201403,S.L.,206,6614000,3
8727,201402,S.L.,180,5547000,3
8728,201401,S.L.,146,13865000,3
8729,201312,S.L.,138,4344000,3
8730,201311,S.L.,177,5496000,3
8731,201310,S.L.,147,8474000,3
8732,201309,S.L.,136,15357000,3
8733,201308,S.L.,139,2640000,3
8734,201307,S.L.,166,2972000,3
8735,201306,S.L.,155,7150000,3
8736,201305,S.L.,186,14015000,3
8737,201304,S.L.,201,5766000,3
8738,201303,S.L.,182,4623000,3
8739,201302,S.L.,189,2312000,3
8740,201301,S.L.,201,12866000,3
8741,201212,S.L.,163,24529000,3
8742,201211,S.L.,144,6335000,3
8743,201210,S.L.,159,5352000,3
8744,201209,S.L.,136,2760000,3
8745,201208,S.L.,130,5667000,3
8746,201207,S.L.,175,10223000,3
8747,201206,S.L.,172,6656000,3
8748,201205,S.L.,186,12503000,3
8749,201204,S.L.,155,4492000,3
8750,201203,S.L.,215,12388000,3
8751,201202,S.L.,185,10230000,3
8752,201201,S.L.,151,10490000,3
8753,201112,S.L.,125,17002000,3
8754,201111,S.L.,165,7752000,3
8755,201110,S.L.,114,1495000,3
8756,201109,S.L.,119,3318000,3
8757,201108,S.L.,126,5277000,3
8758,201107,S.L.,116,15360000,3
8759,201106,S.L.,163,8406000,3
8760,201105,S.L.,178,5182000,3
8761,201104,S.L.,152,3772000,3
8762,201103,S.L.,189,3529000,3
8763,201102,S.L.,201,9385000,3
8764,201101,S.L.,143,16532000,3
8765,201012,S.L.,139,2283000,3
8766,201011,S.L.,139,5289000,3
8767,201010,S.L.,120,4691000,3
8768,201009,S.L.,127,10747000,3
8769,201008,S.L.,120,4904000,3
8770,201007,S.L.,142,3585000,3
8771,201006,S.L.,170,5815000,3
8772,201005,S.L.,171,3658000,3
8773,201004,S.L.,142,5912000,3
8774,201003,S.L.,205,4318000,3
8775,201002,S.L.,207,41327000,3
8776,201001,S.L.,162,22475000,3
8777,200912,S.L.,107,1235000,3
8778,200911,S.L.,146,8439000,3
8779,200910,S.L.,116,4858000,3
8780,200909,S.L.,146,6121000,3
8781,200908,S.L.,112,1780000,3
8782,200907,S.L.,126,7719000,3
8783,200906,S.L.,155,5896000,3
8784,200905,S.L.,202,3623000,3
8785,200904,S.L.,139,2794000,3
8786,200903,S.L.,178,7726000,3
8787,200902,S.L.,213,9239000,3
8788,200901,S.L.,175,3516000,3
8789,200812,S.L.,175,17701000,3
8790,200811,S.L.,145,4614000,3
8791,200810,S.L.,142,2348000,3
8792,200809,S.L.,165,12143000,3
8793,200808,S.L.,119,9074000,3
8794,200807,S.L.,150,52846000,3
8795,200806,S.L.,186,9678000,3
8796,200805,S.L.,196,14294000,3
8797,200804,S.L.,215,12938000,3
8798,200803,S.L.,241,12979000,3
8799,200802,S.L.,312,11327000,3
8800,200801,S.L.,315,35352000,3
8801,202604,S.L.,140,2188000,4
8802,202603,S.L.,165,1759000,4
8803,202602,S.L.,182,7869000,4
8804,202601,S.L.,180,12693000,4
8805,202512,S.L.,129,7965000,4
8806,202511,S.L.,110,3760000,4
8807,202510,S.L.,149,6388000,4
8808,202509,S.L.,125,2462000,4
8809,202508,S.L.,77,2100000,4
8810,202507,S.L.,124,4572000,4
8811,202506,S.L.,131,2183000,4
8812,202505,S.L.,174,2696000,4
8813,202504,S.L.,101,2430000,4
8814,202503,S.L.,136,2735000,4
8815,202502,S.L.,130,5307000,4
8816,202501,S.L.,138,5186000,4
8817,202412,S.L.,91,5957000,4
8818,202411,S.L.,123,4477000,4
8819,202410,S.L.,143,5531000,4
8820,202409,S.L.,84,2008000,4
8821,202408,S.L.,127,7518000,4
8822,202407,S.L.,89,1548000,4
8823,202406,S.L.,122,2747000,4
8824,202405,S.L.,136,2705000,4
8825,202404,S.L.,127,1279000,4
8826,202403,S.L.,135,2516000,4
8827,202402,S.L.,181,4583000,4
8828,202401,S.L.,136,10603000,4
8829,202312,S.L.,94,3347000,4
8830,202311,S.L.,88,1568000,4
8831,202310,S.L.,105,14395000,4
8832,202309,S.L.,87,3002000,4
8833,202308,S.L.,83,2274000,4
8834,202307,S.L.,98,1927000,4
8835,202306,S.L.,108,3235000,4
8836,202305,S.L.,107,1063000,4
8837,202304,S.L.,110,4192000,4
8838,202303,S.L.,149,5603000,4
8839,202302,S.L.,149,2203000,4
8840,202301,S.L.,116,4475000,4
8841,202212,S.L.,91,8180000,4
8842,202211,S.L.,92,2442000,4
8843,202210,S.L.,73,1198000,4
8844,202209,S.L.,70,1025000,4
8845,202208,S.L.,87,913000,4
8846,202207,S.L.,79,1173000,4
8847,202206,S.L.,100,1866000,4
8848,202205,S.L.,105,1517000,4
8849,202204,S.L.,90,1316000,4
8850,202203,S.L.,149,1968000,4
8851,202202,S.L.,118,2402000,4
8852,202201,S.L.,84,1395000,4
8853,202112,S.L.,130,3157000,4
8854,202111,S.L.,89,2058000,4
8855,202110,S.L.,79,745000,4
8856,202109,S.L.,80,599000,4
8857,202108,S.L.,65,2626000,4
8858,202107,S.L.,111,1283000,4
8859,202106,S.L.,148,7527000,4
8860,202105,S.L.,110,2902000,4
8861,202104,S.L.,124,2070000,4
8862,202103,S.L.,96,2594000,4
8863,202102,S.L.,123,4198000,4
8864,202101,S.L.,115,7163000,4
8865,202012,S.L.,103,8111000,4
8866,202011,S.L.,95,7311000,4
8867,202010,S.L.,101,3299000,4
8868,202009,S.L.,73,2372000,4
8869,202008,S.L.,66,866000,4
8870,202007,S.L.,103,3235000,4
8871,202006,S.L.,117,1865000,4
8872,202005,S.L.,45,222000,4
8873,202004,S.L.,40,2810000,4
8874,202003,S.L.,68,4498000,4
8875,202002,S.L.,101,2394000,4
8876,202001,S.L.,119,6224000,4
8877,201912,S.L.,89,685000,4
8878,201911,S.L.,95,7652000,4
8879,201910,S.L.,94,1000000,4
8880,201909,S.L.,62,1252000,4
8881,201908,S.L.,57,5947000,4
8882,201907,S.L.,108,1708000,4
8883,201906,S.L.,106,1830000,4
8884,201905,S.L.,88,1750000,4
8885,201904,S.L.,108,1298000,4
8886,201903,S.L.,122,2999000,4
8887,201902,S.L.,134,37225000,4
8888,201901,S.L.,91,2893000,4
8889,201812,S.L.,87,3325000,4
8890,201811,S.L.,88,1595000,4
8891,201810,S.L.,102,5443000,4
8892,201809,S.L.,72,6918000,4
8893,201808,S.L.,93,7190000,4
8894,201807,S.L.,62,5715000,4
8895,201806,S.L.,87,2841000,4
8896,201805,S.L.,117,6905000,4
8897,201804,S.L.,100,4593000,4
8898,201803,S.L.,157,3285000,4
8899,201802,S.L.,90,7784000,4
8900,201801,S.L.,126,2677000,4
8901,201712,S.L.,117,2409000,4
8902,201711,S.L.,100,2701000,4
8903,201710,S.L.,108,32261000,4
8904,201709,S.L.,109,1781000,4
8905,201708,S.L.,88,1250000,4
8906,201707,S.L.,109,1465000,4
8907,201706,S.L.,101,1332000,4
8908,201705,S.L.,122,1955000,4
8909,201704,S.L.,126,4611000,4
8910,201703,S.L.,168,1877000,4
8911,201702,S.L.,93,2588000,4
8912,201701,S.L.,99,7323000,4
8913,201612,S.L.,119,2218000,4
8914,201611,S.L.,93,1161000,4
8915,201610,S.L.,105,2448000,4
8916,201609,S.L.,89,1762000,4
8917,201608,S.L.,86,1740000,4
8918,201607,S.L.,110,3432000,4
8919,201606,S.L.,127,4730000,4
8920,201605,S.L.,120,9887000,4
8921,201604,S.L.,159,13309000,4
8922,201603,S.L.,178,8900000,4
8923,201602,S.L.,135,4906000,4
8924,201601,S.L.,129,6099000,4
8925,201512,S.L.,125,1895000,4
8926,201511,S.L.,112,3195000,4
8927,201510,S.L.,89,2861000,4
8928,201509,S.L.,85,802000,4
8929,201508,S.L.,74,1828000,4
8930,201507,S.L.,95,2525000,4
8931,201506,S.L.,121,2075000,4
8932,201505,S.L.,118,4317000,4
8933,201504,S.L.,110,11508000,4
8934,201503,S.L.,164,3635000,4
8935,201502,S.L.,111,5751000,4
8936,201501,S.L.,121,4554000,4
8937,201412,S.L.,120,8788000,4
8938,201411,S.L.,118,2514000,4
8939,201410,S.L.,101,2046000,4
8940,201409,S.L.,95,1117000,4
8941,201408,S.L.,88,2099000,4
8942,201407,S.L.,114,1024000,4
8943,201406,S.L.,101,1093000,4
8944,201405,S.L.,125,3518000,4
8945,201404,S.L.,117,2841000,4
8946,201403,S.L.,126,4425000,4
8947,201402,S.L.,140,3130000,4
8948,201401,S.L.,113,5821000,4
8949,201312,S.L.,95,2334000,4
8950,201311,S.L.,98,9890000,4
8951,201310,S.L.,108,4158000,4
8952,201309,S.L.,87,3764000,4
8953,201308,S.L.,88,1820000,4
8954,201307,S.L.,105,11999000,4
8955,201306,S.L.,120,2548000,4
8956,201305,S.L.,115,2321000,4
8957,201304,S.L.,121,1159000,4
8958,201303,S.L.,141,5098000,4
8959,201302,S.L.,118,5354000,4
8960,201301,S.L.,152,5806000,4
8961,201212,S.L.,90,3548000,4
8962,201211,S.L.,105,3140000,4
8963,201210,S.L.,105,4950000,4
8964,201209,S.L.,97,2826000,4
8965,201208,S.L.,73,2246000,4
8966,201207,S.L.,101,1373000,4
8967,201206,S.L.,104,18563000,4
8968,201205,S.L.,104,2017000,4
8969,201204,S.L.,101,21050000,4
8970,201203,S.L.,125,2705000,4
8971,201202,S.L.,122,11055000,4
8972,201201,S.L.,146,54697000,4
8973,201112,S.L.,98,12345000,4
8974,201111,S.L.,112,8314000,4
8975,201110,S.L.,93,3020000,4
8976,201109,S.L.,84,2144000,4
8977,201108,S.L.,84,3078000,4
8978,201107,S.L.,101,2442000,4
8979,201106,S.L.,105,4100000,4
8980,201105,S.L.,128,2663000,4
8981,201104,S.L.,103,2120000,4
8982,201103,S.L.,147,1955000,4
8983,201102,S.L.,116,1689000,4
8984,201101,S.L.,110,10543000,4
8985,201012,S.L.,94,1856000,4
8986,201011,S.L.,103,239876000,4
8987,201010,S.L.,69,882000,4
8988,201009,S.L.,96,1790000,4
8989,201008,S.L.,53,1310000,4
8990,201007,S.L.,96,2783000,4
8991,201006,S.L.,108,2494000,4
8992,201005,S.L.,122,2676000,4
8993,201004,S.L.,134,2358000,4
8994,201003,S.L.,105,1869000,4
8995,201002,S.L.,125,11812000,4
8996,201001,S.L.,113,5033000,4
8997,200912,S.L.,85,7084000,4
8998,200911,S.L.,90,1576000,4
8999,200910,S.L.,76,2320000,4
9000,200909,S.L.,81,1482000,4
9001,200908,S.L.,59,1435000,4
9002,200907,S.L.,100,3468000,4
9003,200906,S.L.,110,6995000,4
9004,200905,S.L.,90,1197000,4
9005,200904,S.L.,96,2702000,4
9006,200903,S.L.,139,2430000,4
9007,200902,S.L.,102,1789000,4
9008,200901,S.L.,110,29161000,4
9009,200812,S.L.,91,54405000,4
9010,200811,S.L.,87,1350000,4
9011,200810,S.L.,122,1888000,4
9012,200809,S.L.,112,7460000,4
9013,200808,S.L.,148,6874000,4
9014,200807,S.L.,81,3360000,4
9015,200806,S.L.,118,7772000,4
9016,200805,S.L.,140,3169000,4
9017,200804,S.L.,166,3447000,4
9018,200803,S.L.,155,2585000,4
9019,200802,S.L.,170,13527000,4
9020,200801,S.L.,170,5293000,4
9021,202604,S.L.,452,8147000,5
9022,202603,S.L.,504,10056000,5
9023,202602,S.L.,465,20575000,5
9024,202601,S.L.,434,10520000,5
9025,202512,S.L.,406,10768000,5
9026,202511,S.L.,400,8937000,5
9027,202510,S.L.,439,10897000,5
9028,202509,S.L.,299,8650000,5
9029,202508,S.L.,279,8210000,5
9030,202507,S.L.,400,8359000,5
9031,202506,S.L.,373,9048000,5
9032,202505,S.L.,511,11369000,5
9033,202504,S.L.,476,5200000,5
9034,202503,S.L.,491,8300000,5
9035,202502,S.L.,326,6927000,5
9036,202501,S.L.,309,5311000,5
9037,202412,S.L.,281,9804000,5
9038,202411,S.L.,331,21344000,5
9039,202410,S.L.,340,6081000,5
9040,202409,S.L.,332,4940000,5
9041,202408,S.L.,260,10905000,5
9042,202407,S.L.,339,3835000,5
9043,202406,S.L.,367,7876000,5
9044,202405,S.L.,394,5245000,5
9045,202404,S.L.,494,6738000,5
9046,202403,S.L.,394,8337000,5
9047,202402,S.L.,400,10431000,5
9048,202401,S.L.,405,13008000,5
9049,202312,S.L.,227,22815000,5
9050,202311,S.L.,283,11965000,5
9051,202310,S.L.,309,12755000,5
9052,202309,S.L.,255,9174000,5
9053,202308,S.L.,238,3353000,5
9054,202307,S.L.,284,7807000,5
9055,202306,S.L.,389,7159000,5
9056,202305,S.L.,447,6990000,5
9057,202304,S.L.,389,9438000,5
9058,202303,S.L.,434,14045000,5
9059,202302,S.L.,388,15752000,5
9060,202301,S.L.,365,8228000,5
9061,202212,S.L.,296,18386000,5
9062,202211,S.L.,294,6285000,5
9063,202210,S.L.,239,5838000,5
9064,202209,S.L.,239,22180000,5
9065,202208,S.L.,269,11970000,5
9066,202207,S.L.,257,1767000,5
9067,202206,S.L.,329,13367000,5
9068,202205,S.L.,436,9675000,5
9069,202204,S.L.,394,14301000,5
9070,202203,S.L.,472,23654000,5
9071,202202,S.L.,323,9274000,5
9072,202201,S.L.,255,3685000,5
9073,202112,S.L.,310,18206000,5
9074,202111,S.L.,299,9549000,5
9075,202110,S.L.,271,6129000,5
9076,202109,S.L.,244,14337000,5
9077,202108,S.L.,223,63286000,5
9078,202107,S.L.,266,3479000,5
9079,202106,S.L.,273,4099000,5
9080,202105,S.L.,333,8228000,5
9081,202104,S.L.,330,14357000,5
9082,202103,S.L.,363,14590000,5
9083,202102,S.L.,313,16844000,5
9084,202101,S.L.,236,19426000,5
9085,202012,S.L.,195,7908000,5
9086,202011,S.L.,215,5232000,5
9087,202010,S.L.,215,87230000,5
9088,202009,S.L.,212,8323000,5
9089,202008,S.L.,243,3192000,5
9090,202007,S.L.,243,4147000,5
9091,202006,S.L.,196,18327000,5
9092,202005,S.L.,125,4944000,5
9093,202004,S.L.,141,36197000,5
9094,202003,S.L.,225,3872000,5
9095,202002,S.L.,277,9459000,5
9096,202001,S.L.,277,14216000,5
9097,201912,S.L.,198,7414000,5
9098,201911,S.L.,224,5745000,5
9099,201910,S.L.,247,12744000,5
9100,201909,S.L.,201,4146000,5
9101,201908,S.L.,146,4702000,5
9102,201907,S.L.,229,6640000,5
9103,201906,S.L.,243,8689000,5
9104,201905,S.L.,323,64680000,5
9105,201904,S.L.,267,7358000,5
9106,201903,S.L.,314,6627000,5
9107,201902,S.L.,336,14168000,5
9108,201901,S.L.,276,16759000,5
9109,201812,S.L.,194,23944000,5
9110,201811,S.L.,245,5329000,5
9111,201810,S.L.,267,8609000,5
9112,201809,S.L.,187,6003000,5
9113,201808,S.L.,220,16606000,5
9114,201807,S.L.,264,12755000,5
9115,201806,S.L.,290,14381000,5
9116,201805,S.L.,312,13091000,5
9117,201804,S.L.,333,17482000,5
9118,201803,S.L.,341,10112000,5
9119,201802,S.L.,307,16560000,5
9120,201801,S.L.,325,65684000,5
9121,201712,S.L.,219,13890000,5
9122,201711,S.L.,257,5672000,5
9123,201710,S.L.,267,12603000,5
9124,201709,S.L.,218,7024000,5
9125,201708,S.L.,209,12860000,5
9126,201707,S.L.,247,4120000,5
9127,201706,S.L.,316,15774000,5
9128,201705,S.L.,373,16587000,5
9129,201704,S.L.,303,8970000,5
9130,201703,S.L.,463,11963000,5
9131,201702,S.L.,331,30048000,5
9132,201701,S.L.,286,23262000,5
9133,201612,S.L.,263,5968000,5
9134,201611,S.L.,252,7785000,5
9135,201610,S.L.,233,6640000,5
9136,201609,S.L.,248,14987000,5
9137,201608,S.L.,206,379453000,5
9138,201607,S.L.,286,24238000,5
9139,201606,S.L.,296,12835000,5
9140,201605,S.L.,364,7708000,5
9141,201604,S.L.,408,12641000,5
9142,201603,S.L.,368,6086000,5
9143,201602,S.L.,377,7318000,5
9144,201601,S.L.,277,11292000,5
9145,201512,S.L.,241,40319000,5
9146,201511,S.L.,231,8084000,5
9147,201510,S.L.,207,115177000,5
9148,201509,S.L.,194,4202000,5
9149,201508,S.L.,174,4154000,5
9150,201507,S.L.,241,3679000,5
9151,201506,S.L.,262,5457000,5
9152,201505,S.L.,313,97778000,5
9153,201504,S.L.,310,8193000,5
9154,201503,S.L.,373,9416000,5
9155,201502,S.L.,281,10444000,5
9156,201501,S.L.,270,11440000,5
9157,201412,S.L.,204,21802000,5
9158,201411,S.L.,201,7996000,5
9159,201410,S.L.,201,4882000,5
9160,201409,S.L.,181,26449000,5
9161,201408,S.L.,167,3677000,5
9162,201407,S.L.,226,20541000,5
9163,201406,S.L.,267,3910000,5
9164,201405,S.L.,321,18544000,5
9165,201404,S.L.,298,6449000,5
9166,201403,S.L.,334,12517000,5
9167,201402,S.L.,242,11763000,5
9168,201401,S.L.,234,8461000,5
9169,201312,S.L.,200,9931000,5
9170,201311,S.L.,206,8337000,5
9171,201310,S.L.,247,5395000,5
9172,201309,S.L.,163,4148000,5
9173,201308,S.L.,157,6075000,5
9174,201307,S.L.,217,4153000,5
9175,201306,S.L.,220,1755000,5
9176,201305,S.L.,320,4061000,5
9177,201304,S.L.,309,22879000,5
9178,201303,S.L.,252,9526000,5
9179,201302,S.L.,250,10269000,5
9180,201301,S.L.,248,3608000,5
9181,201212,S.L.,192,2738000,5
9182,201211,S.L.,193,4419000,5
9183,201210,S.L.,236,9410000,5
9184,201209,S.L.,161,5221000,5
9185,201208,S.L.,153,8700000,5
9186,201207,S.L.,173,7003000,5
9187,201206,S.L.,192,3536000,5
9188,201205,S.L.,255,5155000,5
9189,201204,S.L.,224,6470000,5
9190,201203,S.L.,307,8681000,5
9191,201202,S.L.,254,4102000,5
9192,201201,S.L.,199,4731000,5
9193,201112,S.L.,183,4427000,5
9194,201111,S.L.,177,5851000,5
9195,201110,S.L.,172,4050000,5
9196,201109,S.L.,145,6066000,5
9197,201108,S.L.,151,26924000,5
9198,201107,S.L.,182,5458000,5
9199,201106,S.L.,192,3841000,5
9200,201105,S.L.,242,5737000,5
9201,201104,S.L.,209,1600000,5
9202,201103,S.L.,242,27068000,5
9203,201102,S.L.,218,4203000,5
9204,201101,S.L.,171,42440000,5
9205,201012,S.L.,160,4412000,5
9206,201011,S.L.,153,52607000,5
9207,201010,S.L.,116,19681000,5
9208,201009,S.L.,140,5308000,5
9209,201008,S.L.,131,3350000,5
9210,201007,S.L.,155,1966000,5
9211,201006,S.L.,177,4834000,5
9212,201005,S.L.,209,5643000,5
9213,201004,S.L.,178,3497000,5
9214,201003,S.L.,221,7720000,5
9215,201002,S.L.,182,4128000,5
9216,201001,S.L.,135,4228000,5
9217,200912,S.L.,185,2043000,5
9218,200911,S.L.,154,2838000,5
9219,200910,S.L.,147,3356000,5
9220,200909,S.L.,149,3892000,5
9221,200908,S.L.,153,5077000,5
9222,200907,S.L.,145,1580000,5
9223,200906,S.L.,185,10138000,5
9224,200905,S.L.,192,2556000,5
9225,200904,S.L.,173,3861000,5
9226,200903,S.L.,248,6005000,5
9227,200902,S.L.,212,5216000,5
9228,200901,S.L.,185,5882000,5
9229,200812,S.L.,156,18160000,5
9230,200811,S.L.,164,4694000,5
9231,200810,S.L.,174,13303000,5
9232,200809,S.L.,188,2020000,5
9233,200808,S.L.,161,4307000,5
9234,200807,S.L.,257,5511000,5
9235,200806,S.L.,241,10289000,5
9236,200805,S.L.,315,5728000,5
9237,200804,S.L.,297,5993000,5
9238,200803,S.L.,274,5017000,5
9239,200802,S.L.,383,15143000,5
9240,200801,S.L.,352,14467000,5
9241,202604,S.L.,386,15409000,6
9242,202603,S.L.,504,8234000,6
9243,202602,S.L.,392,14985000,6
9244,202601,S.L.,387,8423000,6
9245,202512,S.L.,490,8623000,6
9246,202511,S.L.,340,10426000,6
9247,202510,S.L.,438,10077000,6
9248,202509,S.L.,358,9024000,6
9249,202508,S.L.,306,3186000,6
9250,202507,S.L.,436,5698000,6
9251,202506,S.L.,416,8420000,6
9252,202505,S.L.,429,9751000,6
9253,202504,S.L.,425,7229000,6
9254,202503,S.L.,402,4218000,6
9255,202502,S.L.,284,5961000,6
9256,202501,S.L.,470,10899000,6
9257,202412,S.L.,393,9356000,6
9258,202411,S.L.,349,11240000,6
9259,202410,S.L.,355,7673000,6
9260,202409,S.L.,307,5281000,6
9261,202408,S.L.,282,3873000,6
9262,202407,S.L.,360,5580000,6
9263,202406,S.L.,362,12994000,6
9264,202405,S.L.,310,6721000,6
9265,202404,S.L.,439,6888000,6
9266,202403,S.L.,400,5965000,6
9267,202402,S.L.,382,16756000,6
9268,202401,S.L.,372,11945000,6
9269,202312,S.L.,291,10566000,6
9270,202311,S.L.,355,4648000,6
9271,202310,S.L.,304,10785000,6
9272,202309,S.L.,279,7579000,6
9273,202308,S.L.,310,3440000,6
9274,202307,S.L.,285,5596000,6
9275,202306,S.L.,372,3479000,6
9276,202305,S.L.,327,3070000,6
9277,202304,S.L.,304,7666000,6
9278,202303,S.L.,460,4074000,6
9279,202302,S.L.,340,5309000,6
9280,202301,S.L.,332,52675000,6
9281,202212,S.L.,285,13534000,6
9282,202211,S.L.,336,15139000,6
9283,202210,S.L.,262,3443000,6
9284,202209,S.L.,258,2536000,6
9285,202208,S.L.,276,5341000,6
9286,202207,S.L.,280,14367000,6
9287,202206,S.L.,346,28840000,6
9288,202205,S.L.,323,5969000,6
9289,202204,S.L.,320,12879000,6
9290,202203,S.L.,376,9968000,6
9291,202202,S.L.,293,3162000,6
9292,202201,S.L.,280,9988000,6
9293,202112,S.L.,297,5756000,6
9294,202111,S.L.,281,5442000,6
9295,202110,S.L.,281,4694000,6
9296,202109,S.L.,255,3584000,6
9297,202108,S.L.,242,2957000,6
9298,202107,S.L.,308,4958000,6
9299,202106,S.L.,312,4510000,6
9300,202105,S.L.,345,7797000,6
9301,202104,S.L.,285,3776000,6
9302,202103,S.L.,308,11406000,6
9303,202102,S.L.,313,8808000,6
9304,202101,S.L.,256,8238000,6
9305,202012,S.L.,251,7008000,6
9306,202011,S.L.,256,4703000,6
9307,202010,S.L.,226,3547000,6
9308,202009,S.L.,258,4557000,6
9309,202008,S.L.,236,3096000,6
9310,202007,S.L.,283,3649000,6
9311,202006,S.L.,186,155088000,6
9312,202005,S.L.,81,503000,6
9313,202004,S.L.,41,786000,6
9314,202003,S.L.,221,39969000,6
9315,202002,S.L.,277,10299000,6
9316,202001,S.L.,332,13411000,6
9317,201912,S.L.,253,10248000,6
9318,201911,S.L.,223,4389000,6
9319,201910,S.L.,288,6264000,6
9320,201909,S.L.,221,20837000,6
9321,201908,S.L.,258,17155000,6
9322,201907,S.L.,277,4439000,6
9323,201906,S.L.,277,4326000,6
9324,201905,S.L.,301,6495000,6
9325,201904,S.L.,322,3952000,6
9326,201903,S.L.,347,6060000,6
9327,201902,S.L.,305,15727000,6
9328,201901,S.L.,297,23667000,6
9329,201812,S.L.,259,7750000,6
9330,201811,S.L.,280,5760000,6
9331,201810,S.L.,278,12095000,6
9332,201809,S.L.,245,4634000,6
9333,201808,S.L.,272,4363000,6
9334,201807,S.L.,298,5258000,6
9335,201806,S.L.,347,16687000,6
9336,201805,S.L.,338,8882000,6
9337,201804,S.L.,363,4905000,6
9338,201803,S.L.,336,4262000,6
9339,201802,S.L.,258,2470000,6
9340,201801,S.L.,342,10398000,6
9341,201712,S.L.,284,2521000,6
9342,201711,S.L.,295,7634000,6
9343,201710,S.L.,297,20444000,6
9344,201709,S.L.,227,3940000,6
9345,201708,S.L.,285,4378000,6
9346,201707,S.L.,290,7490000,6
9347,201706,S.L.,368,38762000,6
9348,201705,S.L.,389,13674000,6
9349,201704,S.L.,309,5707000,6
9350,201703,S.L.,417,17574000,6
9351,201702,S.L.,303,49078000,6
9352,201701,S.L.,377,14621000,6
9353,201612,S.L.,277,36060000,6
9354,201611,S.L.,294,21959000,6
9355,201610,S.L.,273,10003000,6
9356,201609,S.L.,267,22956000,6
9357,201608,S.L.,261,5918000,6
9358,201607,S.L.,274,3806000,6
9359,201606,S.L.,415,13939000,6
9360,201605,S.L.,329,23372000,6
9361,201604,S.L.,360,3764000,6
9362,201603,S.L.,364,22728000,6
9363,201602,S.L.,343,34363000,6
9364,201601,S.L.,343,3386000,6
9365,201512,S.L.,288,6750000,6
9366,201511,S.L.,292,15113000,6
9367,201510,S.L.,296,5814000,6
9368,201509,S.L.,228,4968000,6
9369,201508,S.L.,249,4095000,6
9370,201507,S.L.,314,6759000,6
9371,201506,S.L.,322,8239000,6
9372,201505,S.L.,300,5708000,6
9373,201504,S.L.,268,4686000,6
9374,201503,S.L.,418,8799000,6
9375,201502,S.L.,297,7357000,6
9376,201501,S.L.,292,9292000,6
9377,201412,S.L.,243,10965000,6
9378,201411,S.L.,263,7262000,6
9379,201410,S.L.,317,6530000,6
9380,201409,S.L.,251,3220000,6
9381,201408,S.L.,242,4384000,6
9382,201407,S.L.,267,5442000,6
9383,201406,S.L.,298,5715000,6
9384,201405,S.L.,302,2822000,6
9385,201404,S.L.,284,6495000,6
9386,201403,S.L.,345,4288000,6
9387,201402,S.L.,361,15169000,6
9388,201401,S.L.,293,4741000,6
9389,201312,S.L.,230,2938000,6
9390,201311,S.L.,227,9722000,6
9391,201310,S.L.,258,55012000,6
9392,201309,S.L.,214,1923000,6
9393,201308,S.L.,257,2664000,6
9394,201307,S.L.,341,17370000,6
9395,201306,S.L.,312,13437000,6
9396,201305,S.L.,329,2606000,6
9397,201304,S.L.,350,27062000,6
9398,201303,S.L.,319,2443000,6
9399,201302,S.L.,295,8267000,6
9400,201301,S.L.,277,12193000,6
9401,201212,S.L.,216,3075000,6
9402,201211,S.L.,262,4286000,6
9403,201210,S.L.,283,5752000,6
9404,201209,S.L.,251,6816000,6
9405,201208,S.L.,245,21879000,6
9406,201207,S.L.,254,1895000,6
9407,201206,S.L.,285,5637000,6
9408,201205,S.L.,244,2594000,6
9409,201204,S.L.,251,1812000,6
9410,201203,S.L.,316,4086000,6
9411,201202,S.L.,266,11289000,6
9412,201201,S.L.,305,6907000,6
9413,201112,S.L.,248,6978000,6
9414,201111,S.L.,268,3287000,6
9415,201110,S.L.,234,2029000,6
9416,201109,S.L.,221,3505000,6
9417,201108,S.L.,233,5122000,6
9418,201107,S.L.,270,5045000,6
9419,201106,S.L.,263,15433000,6
9420,201105,S.L.,309,4835000,6
9421,201104,S.L.,251,3035000,6
9422,201103,S.L.,299,4375000,6
9423,201102,S.L.,295,4509000,6
9424,201101,S.L.,254,5070000,6
9425,201012,S.L.,204,3190000,6
9426,201011,S.L.,232,2887000,6
9427,201010,S.L.,169,7877000,6
9428,201009,S.L.,193,13400000,6
9429,201008,S.L.,203,5058000,6
9430,201007,S.L.,234,3711000,6
9431,201006,S.L.,261,3849000,6
9432,201005,S.L.,278,7444000,6
9433,201004,S.L.,220,4401000,6
9434,201003,S.L.,360,8902000,6
9435,201002,S.L.,222,11804000,6
9436,201001,S.L.,184,2615000,6
9437,200912,S.L.,202,16283000,6
9438,200911,S.L.,221,2510000,6
9439,200910,S.L.,236,6784000,6
9440,200909,S.L.,208,4038000,6
9441,200908,S.L.,188,3216000,6
9442,200907,S.L.,227,4013000,6
9443,200906,S.L.,241,3033000,6
9444,200905,S.L.,259,5083000,6
9445,200904,S.L.,227,7988000,6
9446,200903,S.L.,289,4351000,6
9447,200902,S.L.,243,7163000,6
9448,200901,S.L.,245,3273000,6
9449,200812,S.L.,215,4230000,6
9450,200811,S.L.,245,4332000,6
9451,200810,S.L.,231,4539000,6
9452,200809,S.L.,272,4524000,6
9453,200808,S.L.,229,5118000,6
9454,200807,S.L.,336,3522000,6
9455,200806,S.L.,372,11474000,6
9456,200805,S.L.,309,3869000,6
9457,200804,S.L.,354,6671000,6
9458,200803,S.L.,375,4404000,6
9459,200802,S.L.,356,4823000,6
9460,200801,S.L.,455,16180000,6
9461,202604,S.L.,110,2545000,7
9462,202603,S.L.,109,788000,7
9463,202602,S.L.,107,2052000,7
9464,202601,S.L.,77,2239000,7
9465,202512,S.L.,76,5936000,7
9466,202511,S.L.,81,843000,7
9467,202510,S.L.,76,1837000,7
9468,202509,S.L.,70,3346000,7
9469,202508,S.L.,50,425000,7
9470,202507,S.L.,78,8916000,7
9471,202506,S.L.,86,407000,7
9472,202505,S.L.,84,2508000,7
9473,202504,S.L.,110,934000,7
9474,202503,S.L.,96,7607000,7
9475,202502,S.L.,59,1709000,7
9476,202501,S.L.,103,12761000,7
9477,202412,S.L.,55,2162000,7
9478,202411,S.L.,78,2354000,7
9479,202410,S.L.,77,1339000,7
9480,202409,S.L.,80,1066000,7
9481,202408,S.L.,49,394000,7
9482,202407,S.L.,84,442000,7
9483,202406,S.L.,93,1603000,7
9484,202405,S.L.,70,7781000,7
9485,202404,S.L.,93,1255000,7
9486,202403,S.L.,77,827000,7
9487,202402,S.L.,68,453000,7
9488,202401,S.L.,72,2114000,7
9489,202312,S.L.,70,1464000,7
9490,202311,S.L.,55,1438000,7
9491,202310,S.L.,63,417000,7
9492,202309,S.L.,68,691000,7
9493,202308,S.L.,31,285000,7
9494,202307,S.L.,49,739000,7
9495,202306,S.L.,78,1199000,7
9496,202305,S.L.,77,1115000,7
9497,202304,S.L.,56,1132000,7
9498,202303,S.L.,79,680000,7
9499,202302,S.L.,68,717000,7
9500,202301,S.L.,73,853000,7
9501,202212,S.L.,56,1899000,7
9502,202211,S.L.,64,1014000,7
9503,202210,S.L.,50,1958000,7
9504,202209,S.L.,51,820000,7
9505,202208,S.L.,53,464000,7
9506,202207,S.L.,49,414000,7
9507,202206,S.L.,80,434000,7
9508,202205,S.L.,72,579000,7
9509,202204,S.L.,72,619000,7
9510,202203,S.L.,83,1495000,7
9511,202202,S.L.,49,2386000,7
9512,202201,S.L.,76,3517000,7
9513,202112,S.L.,61,1484000,7
9514,202111,S.L.,74,1353000,7
9515,202110,S.L.,51,2563000,7
9516,202109,S.L.,53,687000,7
9517,202108,S.L.,45,730000,7
9518,202107,S.L.,50,8692000,7
9519,202106,S.L.,75,1104000,7
9520,202105,S.L.,76,867000,7
9521,202104,S.L.,90,786000,7
9522,202103,S.L.,76,592000,7
9523,202102,S.L.,85,385000,7
9524,202101,S.L.,67,847000,7
9525,202012,S.L.,57,711000,7
9526,202011,S.L.,59,1375000,7
9527,202010,S.L.,42,2337000,7
9528,202009,S.L.,46,603000,7
9529,202008,S.L.,45,1114000,7
9530,202007,S.L.,68,1670000,7
9531,202006,S.L.,61,9127000,7
9532,202005,S.L.,28,710000,7
9533,202004,S.L.,30,416000,7
9534,202003,S.L.,51,3428000,7
9535,202002,S.L.,56,880000,7
9536,202001,S.L.,49,903000,7
9537,201912,S.L.,45,419000,7
9538,201911,S.L.,36,586000,7
9539,201910,S.L.,53,10499000,7
9540,201909,S.L.,59,589000,7
9541,201908,S.L.,31,236000,7
9542,201907,S.L.,45,620000,7
9543,201906,S.L.,63,1548000,7
9544,201905,S.L.,50,318000,7
9545,201904,S.L.,55,711000,7
9546,201903,S.L.,62,441000,7
9547,201902,S.L.,55,3054000,7
9548,201901,S.L.,85,5041000,7
9549,201812,S.L.,59,1797000,7
9550,201811,S.L.,73,25632000,7
9551,201810,S.L.,66,6943000,7
9552,201809,S.L.,42,683000,7
9553,201808,S.L.,53,1873000,7
9554,201807,S.L.,50,1891000,7
9555,201806,S.L.,50,1193000,7
9556,201805,S.L.,70,2167000,7
9557,201804,S.L.,83,1888000,7
9558,201803,S.L.,49,704000,7
9559,201802,S.L.,67,823000,7
9560,201801,S.L.,89,2671000,7
9561,201712,S.L.,48,459000,7
9562,201711,S.L.,65,1910000,7
9563,201710,S.L.,62,1235000,7
9564,201709,S.L.,55,810000,7
9565,201708,S.L.,39,388000,7
9566,201707,S.L.,53,6430000,7
9567,201706,S.L.,67,585000,7
9568,201705,S.L.,80,626000,7
9569,201704,S.L.,80,1169000,7
9570,201703,S.L.,64,642000,7
9571,201702,S.L.,69,445000,7
9572,201701,S.L.,73,1813000,7
9573,201612,S.L.,60,1553000,7
9574,201611,S.L.,73,319000,7
9575,201610,S.L.,64,4113000,7
9576,201609,S.L.,57,863000,7
9577,201608,S.L.,56,547000,7
9578,201607,S.L.,72,394000,7
9579,201606,S.L.,99,1149000,7
9580,201605,S.L.,87,6421000,7
9581,201604,S.L.,88,699000,7
9582,201603,S.L.,94,1166000,7
9583,201602,S.L.,94,646000,7
9584,201601,S.L.,89,1603000,7
9585,201512,S.L.,78,5246000,7
9586,201511,S.L.,71,597000,7
9587,201510,S.L.,60,1431000,7
9588,201509,S.L.,54,382000,7
9589,201508,S.L.,41,202000,7
9590,201507,S.L.,59,763000,7
9591,201506,S.L.,79,4620000,7
9592,201505,S.L.,68,833000,7
9593,201504,S.L.,66,589000,7
9594,201503,S.L.,95,1592000,7
9595,201502,S.L.,54,1239000,7
9596,201501,S.L.,75,2375000,7
9597,201412,S.L.,64,1462000,7
9598,201411,S.L.,68,14351000,7
9599,201410,S.L.,75,354000,7
9600,201409,S.L.,55,1994000,7
9601,201408,S.L.,52,32818000,7
9602,201407,S.L.,53,878000,7
9603,201406,S.L.,66,3566000,7
9604,201405,S.L.,47,3640000,7
9605,201404,S.L.,98,497000,7
9606,201403,S.L.,85,3126000,7
9607,201402,S.L.,88,919000,7
9608,201401,S.L.,66,3863000,7
9609,201312,S.L.,73,6016000,7
9610,201311,S.L.,61,789000,7
9611,201310,S.L.,47,469000,7
9612,201309,S.L.,42,433000,7
9613,201308,S.L.,53,1866000,7
9614,201307,S.L.,54,809000,7
9615,201306,S.L.,72,2945000,7
9616,201305,S.L.,82,887000,7
9617,201304,S.L.,78,562000,7
9618,201303,S.L.,80,9328000,7
9619,201302,S.L.,63,1292000,7
9620,201301,S.L.,94,846000,7
9621,201212,S.L.,50,264000,7
9622,201211,S.L.,50,586000,7
9623,201210,S.L.,70,1463000,7
9624,201209,S.L.,42,1330000,7
9625,201208,S.L.,56,341000,7
9626,201207,S.L.,42,287000,7
9627,201206,S.L.,64,556000,7
9628,201205,S.L.,71,1240000,7
9629,201204,S.L.,60,484000,7
9630,201203,S.L.,67,672000,7
9631,201202,S.L.,67,3530000,7
9632,201201,S.L.,55,926000,7
9633,201112,S.L.,55,5050000,7
9634,201111,S.L.,56,613000,7
9635,201110,S.L.,56,800000,7
9636,201109,S.L.,38,243000,7
9637,201108,S.L.,38,1312000,7
9638,201107,S.L.,36,11232000,7
9639,201106,S.L.,62,1241000,7
9640,201105,S.L.,72,2150000,7
9641,201104,S.L.,72,1157000,7
9642,201103,S.L.,79,2307000,7
9643,201102,S.L.,72,1949000,7
9644,201101,S.L.,82,3237000,7
9645,201012,S.L.,53,307000,7
9646,201011,S.L.,53,837000,7
9647,201010,S.L.,37,507000,7
9648,201009,S.L.,53,3924000,7
9649,201008,S.L.,51,1038000,7
9650,201007,S.L.,50,1193000,7
9651,201006,S.L.,83,541000,7
9652,201005,S.L.,75,788000,7
9653,201004,S.L.,55,728000,7
9654,201003,S.L.,103,993000,7
9655,201002,S.L.,59,6428000,7
9656,201001,S.L.,59,4891000,7
9657,200912,S.L.,65,769000,7
9658,200911,S.L.,57,421000,7
9659,200910,S.L.,40,425000,7
9660,200909,S.L.,46,769000,7
9661,200908,S.L.,44,1373000,7
9662,200907,S.L.,41,312000,7
9663,200906,S.L.,58,332000,7
9664,200905,S.L.,58,532000,7
9665,200904,S.L.,51,931000,7
9666,200903,S.L.,84,1890000,7
9667,200902,S.L.,61,1132000,7
9668,200901,S.L.,54,2427000,7
9669,200812,S.L.,45,349000,7
9670,200811,S.L.,53,851000,7
9671,200810,S.L.,56,5851000,7
9672,200809,S.L.,42,792000,7
9673,200808,S.L.,54,325000,7
9674,200807,S.L.,47,1465000,7
9675,200806,S.L.,70,566000,7
9676,200805,S.L.,77,1510000,7
9677,200804,S.L.,90,1253000,7
9678,200803,S.L.,103,1140000,7
9679,200802,S.L.,95,1807000,7
9680,200801,S.L.,112,10456000,7
9681,202604,S.L.,277,11249000,8
9682,202603,S.L.,387,9664000,8
9683,202602,S.L.,338,14789000,8
9684,202601,S.L.,304,6858000,8
9685,202512,S.L.,298,10658000,8
9686,202511,S.L.,291,16602000,8
9687,202510,S.L.,286,11028000,8
9688,202509,S.L.,251,8920000,8
9689,202508,S.L.,179,9514000,8
9690,202507,S.L.,254,15491000,8
9691,202506,S.L.,264,8414000,8
9692,202505,S.L.,333,18159000,8
9693,202504,S.L.,273,7282000,8
9694,202503,S.L.,313,5853000,8
9695,202502,S.L.,249,6040000,8
9696,202501,S.L.,294,14841000,8
9697,202412,S.L.,245,9300000,8
9698,202411,S.L.,247,4573000,8
9699,202410,S.L.,239,13410000,8
9700,202409,S.L.,189,14456000,8
9701,202408,S.L.,185,15878000,8
9702,202407,S.L.,229,13194000,8
9703,202406,S.L.,260,5338000,8
9704,202405,S.L.,280,26954000,8
9705,202404,S.L.,280,13672000,8
9706,202403,S.L.,242,9995000,8
9707,202402,S.L.,275,4407000,8
9708,202401,S.L.,284,8098000,8
9709,202312,S.L.,232,14809000,8
9710,202311,S.L.,194,5206000,8
9711,202310,S.L.,211,8328000,8
9712,202309,S.L.,207,28254000,8
9713,202308,S.L.,150,2527000,8
9714,202307,S.L.,207,7099000,8
9715,202306,S.L.,208,13134000,8
9716,202305,S.L.,267,8847000,8
9717,202304,S.L.,244,5359000,8
9718,202303,S.L.,332,17723000,8
9719,202302,S.L.,243,13359000,8
9720,202301,S.L.,258,27260000,8
9721,202212,S.L.,235,14904000,8
9722,202211,S.L.,200,5431000,8
9723,202210,S.L.,170,5647000,8
9724,202209,S.L.,155,7820000,8
9725,202208,S.L.,131,10917000,8
9726,202207,S.L.,194,2969000,8
9727,202206,S.L.,268,11935000,8
9728,202205,S.L.,232,9499000,8
9729,202204,S.L.,200,7179000,8
9730,202203,S.L.,307,7763000,8
9731,202202,S.L.,239,5638000,8
9732,202201,S.L.,228,5419000,8
9733,202112,S.L.,197,24248000,8
9734,202111,S.L.,167,6024000,8
9735,202110,S.L.,185,12827000,8
9736,202109,S.L.,212,8695000,8
9737,202108,S.L.,124,22743000,8
9738,202107,S.L.,265,11208000,8
9739,202106,S.L.,231,9496000,8
9740,202105,S.L.,255,12388000,8
9741,202104,S.L.,272,4974000,8
9742,202103,S.L.,356,11312000,8
9743,202102,S.L.,203,6324000,8
9744,202101,S.L.,221,10326000,8
9745,202012,S.L.,212,13124000,8
9746,202011,S.L.,190,8955000,8
9747,202010,S.L.,190,2992000,8
9748,202009,S.L.,209,5726000,8
9749,202008,S.L.,134,4688000,8
9750,202007,S.L.,191,6214000,8
9751,202006,S.L.,167,4132000,8
9752,202005,S.L.,98,4889000,8
9753,202004,S.L.,90,1335000,8
9754,202003,S.L.,209,9573000,8
9755,202002,S.L.,254,4768000,8
9756,202001,S.L.,243,57539000,8
9757,201912,S.L.,261,22641000,8
9758,201911,S.L.,202,8306000,8
9759,201910,S.L.,207,31352000,8
9760,201909,S.L.,166,3663000,8
9761,201908,S.L.,151,2476000,8
9762,201907,S.L.,219,27760000,8
9763,201906,S.L.,211,3336000,8
9764,201905,S.L.,251,7393000,8
9765,201904,S.L.,283,7460000,8
9766,201903,S.L.,305,17027000,8
9767,201902,S.L.,260,5556000,8
9768,201901,S.L.,285,29101000,8
9769,201812,S.L.,207,5546000,8
9770,201811,S.L.,208,7778000,8
9771,201810,S.L.,228,6877000,8
9772,201809,S.L.,179,3380000,8
9773,201808,S.L.,158,8549000,8
9774,201807,S.L.,207,19706000,8
9775,201806,S.L.,219,6808000,8
9776,201805,S.L.,271,22609000,8
9777,201804,S.L.,228,4210000,8
9778,201803,S.L.,275,12875000,8
9779,201802,S.L.,252,29434000,8
9780,201801,S.L.,293,12344000,8
9781,201712,S.L.,204,9942000,8
9782,201711,S.L.,227,7647000,8
9783,201710,S.L.,200,5608000,8
9784,201709,S.L.,191,12329000,8
9785,201708,S.L.,162,5800000,8
9786,201707,S.L.,202,3610000,8
9787,201706,S.L.,214,6657000,8
9788,201705,S.L.,285,38548000,8
9789,201704,S.L.,228,8550000,8
9790,201703,S.L.,342,20493000,8
9791,201702,S.L.,294,7887000,8
9792,201701,S.L.,305,18948000,8
9793,201612,S.L.,206,4653000,8
9794,201611,S.L.,232,6517000,8
9795,201610,S.L.,195,3112000,8
9796,201609,S.L.,182,14302000,8
9797,201608,S.L.,181,2947000,8
9798,201607,S.L.,252,35534000,8
9799,201606,S.L.,293,6244000,8
9800,201605,S.L.,270,75553000,8
9801,201604,S.L.,298,6437000,8
9802,201603,S.L.,312,12340000,8
9803,201602,S.L.,309,7579000,8
9804,201601,S.L.,278,20434000,8
9805,201512,S.L.,259,11672000,8
9806,201511,S.L.,216,3565000,8
9807,201510,S.L.,259,10436000,8
9808,201509,S.L.,196,7101000,8
9809,201508,S.L.,125,4128000,8
9810,201507,S.L.,228,6046000,8
9811,201506,S.L.,239,8538000,8
9812,201505,S.L.,259,7217000,8
9813,201504,S.L.,259,4112000,8
9814,201503,S.L.,291,3943000,8
9815,201502,S.L.,252,13055000,8
9816,201501,S.L.,255,6015000,8
9817,201412,S.L.,252,8197000,8
9818,201411,S.L.,216,3288000,8
9819,201410,S.L.,246,3511000,8
9820,201409,S.L.,204,3767000,8
9821,201408,S.L.,179,3501000,8
9822,201407,S.L.,259,5259000,8
9823,201406,S.L.,240,4583000,8
9824,201405,S.L.,271,5709000,8
9825,201404,S.L.,272,5372000,8
9826,201403,S.L.,297,6214000,8
9827,201402,S.L.,275,7395000,8
9828,201401,S.L.,276,10042000,8
9829,201312,S.L.,241,10741000,8
9830,201311,S.L.,247,49350000,8
9831,201310,S.L.,226,3412000,8
9832,201309,S.L.,213,9892000,8
9833,201308,S.L.,201,53347000,8
9834,201307,S.L.,270,4132000,8
9835,201306,S.L.,256,5208000,8
9836,201305,S.L.,328,6235000,8
9837,201304,S.L.,286,32992000,8
9838,201303,S.L.,301,18732000,8
9839,201302,S.L.,283,35435000,8
9840,201301,S.L.,303,8963000,8
9841,201212,S.L.,189,9709000,8
9842,201211,S.L.,241,14158000,8
9843,201210,S.L.,228,11710000,8
9844,201209,S.L.,192,5197000,8
9845,201208,S.L.,200,3841000,8
9846,201207,S.L.,231,8460000,8
9847,201206,S.L.,230,12902000,8
9848,201205,S.L.,273,16001000,8
9849,201204,S.L.,230,4891000,8
9850,201203,S.L.,275,5298000,8
9851,201202,S.L.,291,5334000,8
9852,201201,S.L.,219,7591000,8
9853,201112,S.L.,222,14514000,8
9854,201111,S.L.,271,16428000,8
9855,201110,S.L.,220,5156000,8
9856,201109,S.L.,200,9986000,8
9857,201108,S.L.,187,5951000,8
9858,201107,S.L.,216,10206000,8
9859,201106,S.L.,254,14728000,8
9860,201105,S.L.,288,8375000,8
9861,201104,S.L.,289,5482000,8
9862,201103,S.L.,310,7819000,8
9863,201102,S.L.,271,13861000,8
9864,201101,S.L.,227,21783000,8
9865,201012,S.L.,225,3744000,8
9866,201011,S.L.,231,9259000,8
9867,201010,S.L.,196,20171000,8
9868,201009,S.L.,239,5007000,8
9869,201008,S.L.,165,5142000,8
9870,201007,S.L.,307,13816000,8
9871,201006,S.L.,289,11574000,8
9872,201005,S.L.,346,11782000,8
9873,201004,S.L.,255,5284000,8
9874,201003,S.L.,354,9021000,8
9875,201002,S.L.,306,59200000,8
9876,201001,S.L.,219,9750000,8
9877,200912,S.L.,244,3865000,8
9878,200911,S.L.,224,4057000,8
9879,200910,S.L.,265,4918000,8
9880,200909,S.L.,223,3325000,8
9881,200908,S.L.,171,6148000,8
9882,200907,S.L.,247,27328000,8
9883,200906,S.L.,275,11271000,8
9884,200905,S.L.,269,3617000,8
9885,200904,S.L.,251,3844000,8
9886,200903,S.L.,319,6850000,8
9887,200902,S.L.,262,13251000,8
9888,200901,S.L.,245,27900000,8
9889,200812,S.L.,240,27389000,8
9890,200811,S.L.,237,35150000,8
9891,200810,S.L.,231,4278000,8
9892,200809,S.L.,250,4654000,8
9893,200808,S.L.,167,4772000,8
9894,200807,S.L.,343,68744000,8
9895,200806,S.L.,321,6940000,8
9896,200805,S.L.,336,7570000,8
9897,200804,S.L.,359,6350000,8
9898,200803,S.L.,403,9937000,8
9899,200802,S.L.,474,72005000,8
9900,200801,S.L.,431,13827000,8
9901,202604,S.L.,330,9601000,9
9902,202603,S.L.,459,22609000,9
9903,202602,S.L.,353,4047000,9
9904,202601,S.L.,316,44495000,9
9905,202512,S.L.,390,9540000,9
9906,202511,S.L.,311,12024000,9
9907,202510,S.L.,316,3691000,9
9908,202509,S.L.,255,4849000,9
9909,202508,S.L.,188,3260000,9
9910,202507,S.L.,328,21859000,9
9911,202506,S.L.,337,16621000,9
9912,202505,S.L.,429,8955000,9
9913,202504,S.L.,347,7141000,9
9914,202503,S.L.,269,6134000,9
9915,202502,S.L.,242,8772000,9
9916,202501,S.L.,291,28425000,9
9917,202412,S.L.,293,6862000,9
9918,202411,S.L.,278,3868000,9
9919,202410,S.L.,314,5122000,9
9920,202409,S.L.,208,6400000,9
9921,202408,S.L.,191,5679000,9
9922,202407,S.L.,278,5979000,9
9923,202406,S.L.,274,6573000,9
9924,202405,S.L.,263,3270000,9
9925,202404,S.L.,334,7231000,9
9926,202403,S.L.,300,10715000,9
9927,202402,S.L.,308,12979000,9
9928,202401,S.L.,332,10378000,9
9929,202312,S.L.,209,7021000,9
9930,202311,S.L.,279,4837000,9
9931,202310,S.L.,241,5966000,9
9932,202309,S.L.,214,2782000,9
9933,202308,S.L.,184,6097000,9
9934,202307,S.L.,241,19143000,9
9935,202306,S.L.,275,12108000,9
9936,202305,S.L.,268,13662000,9
9937,202304,S.L.,239,2387000,9
9938,202303,S.L.,306,11556000,9
9939,202302,S.L.,321,3557000,9
9940,202301,S.L.,267,5847000,9
9941,202212,S.L.,238,4320000,9
9942,202211,S.L.,246,10258000,9
9943,202210,S.L.,182,2233000,9
9944,202209,S.L.,158,2374000,9
9945,202208,S.L.,169,4406000,9
9946,202207,S.L.,221,4290000,9
9947,202206,S.L.,260,5277000,9
9948,202205,S.L.,245,8292000,9
9949,202204,S.L.,215,6650000,9
9950,202203,S.L.,336,9204000,9
9951,202202,S.L.,299,11883000,9
9952,202201,S.L.,221,8212000,9
9953,202112,S.L.,218,3786000,9
9954,202111,S.L.,232,9553000,9
9955,202110,S.L.,219,3101000,9
9956,202109,S.L.,204,3376000,9
9957,202108,S.L.,182,13595000,9
9958,202107,S.L.,263,5544000,9
9959,202106,S.L.,255,12709000,9
9960,202105,S.L.,250,12367000,9
9961,202104,S.L.,247,3915000,9
9962,202103,S.L.,368,6239000,9
9963,202102,S.L.,270,13045000,9
9964,202101,S.L.,225,7265000,9
9965,202012,S.L.,218,11872000,9
9966,202011,S.L.,245,2990000,9
9967,202010,S.L.,213,4450000,9
9968,202009,S.L.,181,3068000,9
9969,202008,S.L.,151,1522000,9
9970,202007,S.L.,245,5445000,9
9971,202006,S.L.,159,2573000,9
9972,202005,S.L.,97,8811000,9
9973,202004,S.L.,40,1440000,9
9974,202003,S.L.,170,2990000,9
9975,202002,S.L.,274,4802000,9
9976,202001,S.L.,235,3901000,9
9977,201912,S.L.,218,13168000,9
9978,201911,S.L.,205,7121000,9
9979,201910,S.L.,227,4130000,9
9980,201909,S.L.,194,2604000,9
9981,201908,S.L.,153,2156000,9
9982,201907,S.L.,200,10272000,9
9983,201906,S.L.,204,1459000,9
9984,201905,S.L.,203,8047000,9
9985,201904,S.L.,254,5790000,9
9986,201903,S.L.,284,30545000,9
9987,201902,S.L.,324,5237000,9
9988,201901,S.L.,265,18206000,9
9989,201812,S.L.,200,14032000,9
9990,201811,S.L.,253,5605000,9
9991,201810,S.L.,212,2625000,9
9992,201809,S.L.,169,4701000,9
9993,201808,S.L.,165,3213000,9
9994,201807,S.L.,219,40099000,9
9995,201806,S.L.,237,11393000,9
9996,201805,S.L.,263,6460000,9
9997,201804,S.L.,276,17162000,9
9998,201803,S.L.,285,4409000,9
9999,201802,S.L.,292,5357000,9
10000,201801,S.L.,259,40335000,9
10001,201712,S.L.,206,7394000,9
10002,201711,S.L.,245,6497000,9
10003,201710,S.L.,209,3126000,9
10004,201709,S.L.,163,4285000,9
10005,201708,S.L.,149,5546000,9
10006,201707,S.L.,181,2796000,9
10007,201706,S.L.,233,7713000,9
10008,201705,S.L.,220,4465000,9
10009,201704,S.L.,202,3968000,9
10010,201703,S.L.,293,6896000,9
10011,201702,S.L.,258,5578000,9
10012,201701,S.L.,253,8375000,9
10013,201612,S.L.,206,2696000,9
10014,201611,S.L.,215,2947000,9
10015,201610,S.L.,177,2514000,9
10016,201609,S.L.,197,5435000,9
10017,201608,S.L.,161,1914000,9
10018,201607,S.L.,228,3361000,9
10019,201606,S.L.,288,13323000,9
10020,201605,S.L.,261,8665000,9
10021,201604,S.L.,327,5849000,9
10022,201603,S.L.,318,4517000,9
10023,201602,S.L.,325,10292000,9
10024,201601,S.L.,272,10320000,9
10025,201512,S.L.,250,11184000,9
10026,201511,S.L.,244,4847000,9
10027,201510,S.L.,193,1939000,9
10028,201509,S.L.,167,2829000,9
10029,201508,S.L.,178,2354000,9
10030,201507,S.L.,225,4511000,9
10031,201506,S.L.,254,8344000,9
10032,201505,S.L.,187,3163000,9
10033,201504,S.L.,243,4399000,9
10034,201503,S.L.,301,6554000,9
10035,201502,S.L.,240,2428000,9
10036,201501,S.L.,244,9203000,9
10037,201412,S.L.,224,3166000,9
10038,201411,S.L.,207,4979000,9
10039,201410,S.L.,236,4566000,9
10040,201409,S.L.,190,4113000,9
10041,201408,S.L.,150,3217000,9
10042,201407,S.L.,239,4434000,9
10043,201406,S.L.,228,4325000,9
10044,201405,S.L.,261,2859000,9
10045,201404,S.L.,261,10751000,9
10046,201403,S.L.,305,9637000,9
10047,201402,S.L.,271,6734000,9
10048,201401,S.L.,232,17854000,9
10049,201312,S.L.,239,10364000,9
10050,201311,S.L.,247,6736000,9
10051,201310,S.L.,256,6001000,9
10052,201309,S.L.,237,3804000,9
10053,201308,S.L.,182,4763000,9
10054,201307,S.L.,266,5685000,9
10055,201306,S.L.,259,6160000,9
10056,201305,S.L.,242,7330000,9
10057,201304,S.L.,300,5338000,9
10058,201303,S.L.,269,10437000,9
10059,201302,S.L.,321,8770000,9
10060,201301,S.L.,293,11791000,9
10061,201212,S.L.,211,3370000,9
10062,201211,S.L.,249,10784000,9
10063,201210,S.L.,261,11882000,9
10064,201209,S.L.,211,3538000,9
10065,201208,S.L.,176,3166000,9
10066,201207,S.L.,205,4060000,9
10067,201206,S.L.,219,2913000,9
10068,201205,S.L.,241,7604000,9
10069,201204,S.L.,226,4006000,9
10070,201203,S.L.,311,7501000,9
10071,201202,S.L.,274,27419000,9
10072,201201,S.L.,261,5854000,9
10073,201112,S.L.,212,4611000,9
10074,201111,S.L.,247,4534000,9
10075,201110,S.L.,198,6121000,9
10076,201109,S.L.,195,7400000,9
10077,201108,S.L.,163,3811000,9
10078,201107,S.L.,219,13385000,9
10079,201106,S.L.,228,5600000,9
10080,201105,S.L.,254,3248000,9
10081,201104,S.L.,245,7825000,9
10082,201103,S.L.,314,4328000,9
10083,201102,S.L.,245,4318000,9
10084,201101,S.L.,255,6027000,9
10085,201012,S.L.,231,3560000,9
10086,201011,S.L.,244,4334000,9
10087,201010,S.L.,185,25950000,9
10088,201009,S.L.,187,556322000,9
10089,201008,S.L.,175,5780000,9
10090,201007,S.L.,236,6559000,9
10091,201006,S.L.,220,5348000,9
10092,201005,S.L.,222,6609000,9
10093,201004,S.L.,242,48950000,9
10094,201003,S.L.,304,4438000,9
10095,201002,S.L.,262,5119000,9
10096,201001,S.L.,197,5194000,9
10097,200912,S.L.,212,8825000,9
10098,200911,S.L.,280,43185000,9
10099,200910,S.L.,231,2424000,9
10100,200909,S.L.,175,2524000,9
10101,200908,S.L.,175,3073000,9
10102,200907,S.L.,214,7732000,9
10103,200906,S.L.,255,6676000,9
10104,200905,S.L.,208,3662000,9
10105,200904,S.L.,248,5289000,9
10106,200903,S.L.,309,4339000,9
10107,200902,S.L.,206,13630000,9
10108,200901,S.L.,205,8823000,9
10109,200812,S.L.,223,3581000,9
10110,200811,S.L.,217,2218000,9
10111,200810,S.L.,236,4981000,9
10112,200809,S.L.,350,8315000,9
10113,200808,S.L.,183,2876000,9
10114,200807,S.L.,508,5941000,9
10115,200806,S.L.,313,13958000,9
10116,200805,S.L.,405,5822000,9
10117,200804,S.L.,429,12506000,9
10118,200803,S.L.,424,13675000,9
10119,200802,S.L.,1134,14654000,9
10120,200801,S.L.,459,6691000,9
10121,202604,S.L.,2316,75957000,10
10122,202603,S.L.,2745,208612000,10
10123,202602,S.L.,2467,88314000,10
10124,202601,S.L.,2390,145836000,10
10125,202512,S.L.,2235,106712000,10
10126,202511,S.L.,2117,49501000,10
10127,202510,S.L.,2349,93940000,10
10128,202509,S.L.,1617,54791000,10
10129,202508,S.L.,1479,63424000,10
10130,202507,S.L.,2291,92216000,10
10131,202506,S.L.,1945,113326000,10
10132,202505,S.L.,2793,85010000,10
10133,202504,S.L.,2422,87895000,10
10134,202503,S.L.,1838,89233000,10
10135,202502,S.L.,1626,97394000,10
10136,202501,S.L.,2116,88521000,10
10137,202412,S.L.,1686,72357000,10
10138,202411,S.L.,1900,57663000,10
10139,202410,S.L.,1998,112043000,10
10140,202409,S.L.,1253,33575000,10
10141,202408,S.L.,1466,69571000,10
10142,202407,S.L.,2034,58556000,10
10143,202406,S.L.,1763,69017000,10
10144,202405,S.L.,1899,78584000,10
10145,202404,S.L.,2427,109012000,10
10146,202403,S.L.,2203,116804000,10
10147,202402,S.L.,2024,135407000,10
10148,202401,S.L.,2111,107352000,10
10149,202312,S.L.,1437,95396000,10
10150,202311,S.L.,1712,51559000,10
10151,202310,S.L.,1658,52399000,10
10152,202309,S.L.,1172,31120000,10
10153,202308,S.L.,1338,116455000,10
10154,202307,S.L.,1639,64361000,10
10155,202306,S.L.,1950,71490000,10
10156,202305,S.L.,2035,48288000,10
10157,202304,S.L.,1816,46775000,10
10158,202303,S.L.,2100,109007000,10
10159,202302,S.L.,1853,83695000,10
10160,202301,S.L.,1861,79274000,10
10161,202212,S.L.,1450,63675000,10
10162,202211,S.L.,1619,53041000,10
10163,202210,S.L.,1409,42303000,10
10164,202209,S.L.,1270,34039000,10
10165,202208,S.L.,1180,35270000,10
10166,202207,S.L.,1384,45810000,10
10167,202206,S.L.,1585,48966000,10
10168,202205,S.L.,1968,60584000,10
10169,202204,S.L.,1697,36389000,10
10170,202203,S.L.,2186,82916000,10
10171,202202,S.L.,1616,56209000,10
10172,202201,S.L.,1548,90970000,10
10173,202112,S.L.,1584,63267000,10
10174,202111,S.L.,1555,347402000,10
10175,202110,S.L.,1339,42218000,10
10176,202109,S.L.,1096,38107000,10
10177,202108,S.L.,1338,41877000,10
10178,202107,S.L.,1636,62989000,10
10179,202106,S.L.,1853,71788000,10
10180,202105,S.L.,1880,42107000,10
10181,202104,S.L.,1570,119452000,10
10182,202103,S.L.,2021,69322000,10
10183,202102,S.L.,1583,85527000,10
10184,202101,S.L.,1647,84378000,10
10185,202012,S.L.,1608,83322000,10
10186,202011,S.L.,1479,62814000,10
10187,202010,S.L.,1358,31031000,10
10188,202009,S.L.,1111,24629000,10
10189,202008,S.L.,1027,93719000,10
10190,202007,S.L.,1441,154212000,10
10191,202006,S.L.,1428,43498000,10
10192,202005,S.L.,609,27053000,10
10193,202004,S.L.,251,7575000,10
10194,202003,S.L.,1184,37604000,10
10195,202002,S.L.,1707,83021000,10
10196,202001,S.L.,1761,214504000,10
10197,201912,S.L.,1438,105280000,10
10198,201911,S.L.,1374,83852000,10
10199,201910,S.L.,1493,41551000,10
10200,201909,S.L.,940,23182000,10
10201,201908,S.L.,1079,36453000,10
10202,201907,S.L.,1508,50361000,10
10203,201906,S.L.,1377,44675000,10
10204,201905,S.L.,1857,77005000,10
10205,201904,S.L.,1684,29829000,10
10206,201903,S.L.,1798,86690000,10
10207,201902,S.L.,1644,422230000,10
10208,201901,S.L.,1860,106663000,10
10209,201812,S.L.,1265,88010000,10
10210,201811,S.L.,1487,46336000,10
10211,201810,S.L.,1350,76413000,10
10212,201809,S.L.,864,28762000,10
10213,201808,S.L.,1074,34436000,10
10214,201807,S.L.,1574,47425000,10
10215,201806,S.L.,1498,91639000,10
10216,201805,S.L.,1628,45550000,10
10217,201804,S.L.,1611,73572000,10
10218,201803,S.L.,1820,73644000,10
10219,201802,S.L.,1568,30925000,10
10220,201801,S.L.,1738,86071000,10
10221,201712,S.L.,1243,88278000,10
10222,201711,S.L.,1361,99077000,10
10223,201710,S.L.,1218,102888000,10
10224,201709,S.L.,1011,19336000,10
10225,201708,S.L.,1294,80093000,10
10226,201707,S.L.,1568,55348000,10
10227,201706,S.L.,1673,100024000,10
10228,201705,S.L.,1769,90092000,10
10229,201704,S.L.,1562,42884000,10
10230,201703,S.L.,2103,80878000,10
10231,201702,S.L.,1777,80513000,10
10232,201701,S.L.,1817,138261000,10
10233,201612,S.L.,1591,77357000,10
10234,201611,S.L.,1680,62483000,10
10235,201610,S.L.,1425,89172000,10
10236,201609,S.L.,1367,59918000,10
10237,201608,S.L.,1682,120143000,10
10238,201607,S.L.,2062,61961000,10
10239,201606,S.L.,1907,53037000,10
10240,201605,S.L.,1752,41873000,10
10241,201604,S.L.,1860,72717000,10
10242,201603,S.L.,1981,99068000,10
10243,201602,S.L.,2096,79581000,10
10244,201601,S.L.,2171,99130000,10
10245,201512,S.L.,1747,54921000,10
10246,201511,S.L.,1575,58353000,10
10247,201510,S.L.,1473,45425000,10
10248,201509,S.L.,1060,24090000,10
10249,201508,S.L.,1143,86639000,10
10250,201507,S.L.,1694,52376000,10
10251,201506,S.L.,1544,25540000,10
10252,201505,S.L.,1696,89184000,10
10253,201504,S.L.,1667,40191000,10
10254,201503,S.L.,1826,69817000,10
10255,201502,S.L.,1697,132654000,10
10256,201501,S.L.,1652,88103000,10
10257,201412,S.L.,1452,145298000,10
10258,201411,S.L.,1414,45665000,10
10259,201410,S.L.,1507,70528000,10
10260,201409,S.L.,1014,13274000,10
10261,201408,S.L.,1053,38896000,10
10262,201407,S.L.,1504,39931000,10
10263,201406,S.L.,1235,17633000,10
10264,201405,S.L.,1582,30421000,10
10265,201404,S.L.,1571,49363000,10
10266,201403,S.L.,1804,35119000,10
10267,201402,S.L.,1652,76284000,10
10268,201401,S.L.,1784,89099000,10
10269,201312,S.L.,1371,92736000,10
10270,201311,S.L.,1395,38667000,10
10271,201310,S.L.,1451,29946000,10
10272,201309,S.L.,1039,398856000,10
10273,201308,S.L.,1154,113607000,10
10274,201307,S.L.,1617,49660000,10
10275,201306,S.L.,1320,27147000,10
10276,201305,S.L.,1673,34989000,10
10277,201304,S.L.,1625,53243000,10
10278,201303,S.L.,1615,83512000,10
10279,201302,S.L.,1655,74389000,10
10280,201301,S.L.,1710,105971000,10
10281,201212,S.L.,1044,88339000,10
10282,201211,S.L.,1475,71674000,10
10283,201210,S.L.,1345,39153000,10
10284,201209,S.L.,952,43817000,10
10285,201208,S.L.,1018,85300000,10
10286,201207,S.L.,1269,36904000,10
10287,201206,S.L.,1517,44075000,10
10288,201205,S.L.,1496,44451000,10
10289,201204,S.L.,1357,53775000,10
10290,201203,S.L.,1640,45709000,10
10291,201202,S.L.,1519,83728000,10
10292,201201,S.L.,1473,191123000,10
10293,201112,S.L.,1219,49295000,10
10294,201111,S.L.,1307,34476000,10
10295,201110,S.L.,1134,36593000,10
10296,201109,S.L.,1039,36914000,10
10297,201108,S.L.,1122,26250000,10
10298,201107,S.L.,1161,80737000,10
10299,201106,S.L.,1292,28987000,10
10300,201105,S.L.,1534,23896000,10
10301,201104,S.L.,1325,22140000,10
10302,201103,S.L.,1645,53217000,10
10303,201102,S.L.,1467,45624000,10
10304,201101,S.L.,1299,40253000,10
10305,201012,S.L.,1228,28902000,10
10306,201011,S.L.,1120,95549000,10
10307,201010,S.L.,976,45019000,10
10308,201009,S.L.,834,50184000,10
10309,201008,S.L.,980,44258000,10
10310,201007,S.L.,1128,18428000,10
10311,201006,S.L.,1253,43308000,10
10312,201005,S.L.,1334,27815000,10
10313,201004,S.L.,1354,44359000,10
10314,201003,S.L.,1603,63060000,10
10315,201002,S.L.,1313,54318000,10
10316,201001,S.L.,1117,56850000,10
10317,200912,S.L.,1176,47411000,10
10318,200911,S.L.,1325,100745000,10
10319,200910,S.L.,1166,44176000,10
10320,200909,S.L.,799,28471000,10
10321,200908,S.L.,1047,22812000,10
10322,200907,S.L.,1143,116108000,10
10323,200906,S.L.,1104,91997000,10
10324,200905,S.L.,1274,44687000,10
10325,200904,S.L.,1204,41727000,10
10326,200903,S.L.,1609,72093000,10
10327,200902,S.L.,1441,207364000,10
10328,200901,S.L.,1192,104190000,10
10329,200812,S.L.,1166,53653000,10
10330,200811,S.L.,1279,55374000,10
10331,200810,S.L.,1311,53876000,10
10332,200809,S.L.,1018,27084000,10
10333,200808,S.L.,1374,32512000,10
10334,200807,S.L.,1303,55872000,10
10335,200806,S.L.,1348,35666000,10
10336,200805,S.L.,1720,89653000,10
10337,200804,S.L.,1986,59292000,10
10338,200803,S.L.,1927,73738000,10
10339,200802,S.L.,2057,63081000,10
10340,200801,S.L.,2049,92607000,10
10341,202604,S.L.,1580,47695000,11
10342,202603,S.L.,1850,57547000,11
10343,202602,S.L.,1766,60089000,11
10344,202601,S.L.,1532,83245000,11
10345,202512,S.L.,1537,64311000,11
10346,202511,S.L.,1468,36602000,11
10347,202510,S.L.,1465,91419000,11
10348,202509,S.L.,1324,115000000,11
10349,202508,S.L.,947,22870000,11
10350,202507,S.L.,1346,53648000,11
10351,202506,S.L.,1514,35556000,11
10352,202505,S.L.,1723,39691000,11
10353,202504,S.L.,1321,69599000,11
10354,202503,S.L.,1332,34128000,11
10355,202502,S.L.,1129,56990000,11
10356,202501,S.L.,1275,70934000,11
10357,202412,S.L.,1171,72568000,11
10358,202411,S.L.,1181,88450000,11
10359,202410,S.L.,1302,38448000,11
10360,202409,S.L.,1006,42467000,11
10361,202408,S.L.,894,18892000,11
10362,202407,S.L.,1347,40460000,11
10363,202406,S.L.,1131,44787000,11
10364,202405,S.L.,1355,32501000,11
10365,202404,S.L.,1400,50068000,11
10366,202403,S.L.,1255,41615000,11
10367,202402,S.L.,1516,58708000,11
10368,202401,S.L.,1338,227215000,11
10369,202312,S.L.,942,27474000,11
10370,202311,S.L.,1146,20754000,11
10371,202310,S.L.,936,22326000,11
10372,202309,S.L.,855,22818000,11
10373,202308,S.L.,801,1279369000,11
10374,202307,S.L.,1074,37494000,11
10375,202306,S.L.,1254,43090000,11
10376,202305,S.L.,1283,25740000,11
10377,202304,S.L.,1070,21225000,11
10378,202303,S.L.,1548,41868000,11
10379,202302,S.L.,1316,39200000,11
10380,202301,S.L.,1172,90109000,11
10381,202212,S.L.,1032,118951000,11
10382,202211,S.L.,1053,508539000,11
10383,202210,S.L.,907,14397000,11
10384,202209,S.L.,764,13880000,11
10385,202208,S.L.,720,29666000,11
10386,202207,S.L.,933,45506000,11
10387,202206,S.L.,1011,26519000,11
10388,202205,S.L.,1059,73355000,11
10389,202204,S.L.,902,40939000,11
10390,202203,S.L.,1273,51987000,11
10391,202202,S.L.,1093,44700000,11
10392,202201,S.L.,1119,50844000,11
10393,202112,S.L.,996,29399000,11
10394,202111,S.L.,947,30451000,11
10395,202110,S.L.,891,20100000,11
10396,202109,S.L.,844,27481000,11
10397,202108,S.L.,845,28837000,11
10398,202107,S.L.,975,37071000,11
10399,202106,S.L.,1018,83993000,11
10400,202105,S.L.,1037,43452000,11
10401,202104,S.L.,1021,17300000,11
10402,202103,S.L.,1207,42478000,11
10403,202102,S.L.,1099,136143000,11
10404,202101,S.L.,943,144981000,11
10405,202012,S.L.,970,57751000,11
10406,202011,S.L.,924,28975000,11
10407,202010,S.L.,829,57991000,11
10408,202009,S.L.,741,10427000,11
10409,202008,S.L.,756,35253000,11
10410,202007,S.L.,926,34147000,11
10411,202006,S.L.,699,11759000,11
10412,202005,S.L.,506,12038000,11
10413,202004,S.L.,351,15335000,11
10414,202003,S.L.,759,58338000,11
10415,202002,S.L.,1062,30525000,11
10416,202001,S.L.,965,72498000,11
10417,201912,S.L.,843,75383000,11
10418,201911,S.L.,842,20467000,11
10419,201910,S.L.,957,245756000,11
10420,201909,S.L.,681,8825000,11
10421,201908,S.L.,654,17753000,11
10422,201907,S.L.,930,431518000,11
10423,201906,S.L.,845,40688000,11
10424,201905,S.L.,950,65419000,11
10425,201904,S.L.,952,34902000,11
10426,201903,S.L.,1029,36963000,11
10427,201902,S.L.,1168,35689000,11
10428,201901,S.L.,1100,95859000,11
10429,201812,S.L.,791,28522000,11
10430,201811,S.L.,946,61496000,11
10431,201810,S.L.,858,22839000,11
10432,201809,S.L.,724,22983000,11
10433,201808,S.L.,701,45265000,11
10434,201807,S.L.,900,185834000,11
10435,201806,S.L.,953,43723000,11
10436,201805,S.L.,1071,63407000,11
10437,201804,S.L.,917,39836000,11
10438,201803,S.L.,1069,62187000,11
10439,201802,S.L.,1071,83928000,11
10440,201801,S.L.,1124,92905000,11
10441,201712,S.L.,799,39905000,11
10442,201711,S.L.,861,74972000,11
10443,201710,S.L.,854,47805000,11
10444,201709,S.L.,678,193211000,11
10445,201708,S.L.,627,18685000,11
10446,201707,S.L.,933,104838000,11
10447,201706,S.L.,898,22084000,11
10448,201705,S.L.,1082,28024000,11
10449,201704,S.L.,768,17900000,11
10450,201703,S.L.,1183,35253000,11
10451,201702,S.L.,1071,38980000,11
10452,201701,S.L.,1062,127001000,11
10453,201612,S.L.,824,24013000,11
10454,201611,S.L.,869,25376000,11
10455,201610,S.L.,763,16553000,11
10456,201609,S.L.,699,11305000,11
10457,201608,S.L.,731,21013000,11
10458,201607,S.L.,830,74515000,11
10459,201606,S.L.,953,88265000,11
10460,201605,S.L.,1099,25162000,11
10461,201604,S.L.,1029,16034000,11
10462,201603,S.L.,1042,29221000,11
10463,201602,S.L.,1229,57618000,11
10464,201601,S.L.,1053,68345000,11
10465,201512,S.L.,859,21946000,11
10466,201511,S.L.,970,18539000,11
10467,201510,S.L.,807,94694000,11
10468,201509,S.L.,746,20666000,11
10469,201508,S.L.,609,53639000,11
10470,201507,S.L.,883,67875000,11
10471,201506,S.L.,938,24999000,11
10472,201505,S.L.,928,15916000,11
10473,201504,S.L.,1010,47472000,11
10474,201503,S.L.,1110,23472000,11
10475,201502,S.L.,1104,79338000,11
10476,201501,S.L.,991,103743000,11
10477,201412,S.L.,963,30961000,11
10478,201411,S.L.,813,33882000,11
10479,201410,S.L.,921,26393000,11
10480,201409,S.L.,790,18688000,11
10481,201408,S.L.,599,12680000,11
10482,201407,S.L.,1005,22330000,11
10483,201406,S.L.,920,29374000,11
10484,201405,S.L.,1014,30579000,11
10485,201404,S.L.,966,12605000,11
10486,201403,S.L.,1112,47442000,11
10487,201402,S.L.,1096,27922000,11
10488,201401,S.L.,974,55593000,11
10489,201312,S.L.,893,34371000,11
10490,201311,S.L.,962,29486000,11
10491,201310,S.L.,914,67584000,11
10492,201309,S.L.,780,18224000,11
10493,201308,S.L.,688,19927000,11
10494,201307,S.L.,947,14635000,11
10495,201306,S.L.,864,13918000,11
10496,201305,S.L.,1030,57437000,11
10497,201304,S.L.,938,179221000,11
10498,201303,S.L.,932,18474000,11
10499,201302,S.L.,1060,85443000,11
10500,201301,S.L.,1033,49612000,11
10501,201212,S.L.,788,50988000,11
10502,201211,S.L.,920,14292000,11
10503,201210,S.L.,842,57110000,11
10504,201209,S.L.,714,14402000,11
10505,201208,S.L.,709,131603000,11
10506,201207,S.L.,862,22614000,11
10507,201206,S.L.,842,107146000,11
10508,201205,S.L.,1005,26476000,11
10509,201204,S.L.,752,17627000,11
10510,201203,S.L.,873,45769000,11
10511,201202,S.L.,1052,47435000,11
10512,201201,S.L.,927,56292000,11
10513,201112,S.L.,777,32170000,11
10514,201111,S.L.,871,33510000,11
10515,201110,S.L.,730,35890000,11
10516,201109,S.L.,706,71338000,11
10517,201108,S.L.,579,23817000,11
10518,201107,S.L.,769,25931000,11
10519,201106,S.L.,907,133385000,11
10520,201105,S.L.,1017,47114000,11
10521,201104,S.L.,766,19488000,11
10522,201103,S.L.,991,48109000,11
10523,201102,S.L.,850,20337000,11
10524,201101,S.L.,736,22344000,11
10525,201012,S.L.,720,498674000,11
10526,201011,S.L.,826,12466000,11
10527,201010,S.L.,610,13603000,11
10528,201009,S.L.,562,14166000,11
10529,201008,S.L.,538,14680000,11
10530,201007,S.L.,853,109950000,11
10531,201006,S.L.,804,29469000,11
10532,201005,S.L.,885,20510000,11
10533,201004,S.L.,829,20137000,11
10534,201003,S.L.,998,20998000,11
10535,201002,S.L.,933,27279000,11
10536,201001,S.L.,720,31250000,11
10537,200912,S.L.,738,43260000,11
10538,200911,S.L.,839,15682000,11
10539,200910,S.L.,747,106327000,11
10540,200909,S.L.,589,22903000,11
10541,200908,S.L.,468,7046000,11
10542,200907,S.L.,723,16984000,11
10543,200906,S.L.,756,13580000,11
10544,200905,S.L.,725,17180000,11
10545,200904,S.L.,692,12781000,11
10546,200903,S.L.,880,34758000,11
10547,200902,S.L.,846,31976000,11
10548,200901,S.L.,743,46186000,11
10549,200812,S.L.,762,171459000,11
10550,200811,S.L.,819,42987000,11
10551,200810,S.L.,801,12193000,11
10552,200809,S.L.,843,16518000,11
10553,200808,S.L.,631,48329000,11
10554,200807,S.L.,963,22270000,11
10555,200806,S.L.,860,76758000,11
10556,200805,S.L.,1133,414208000,11
10557,200804,S.L.,1311,38596000,11
10558,200803,S.L.,1019,29847000,11
10559,200802,S.L.,1304,426706000,11
10560,200801,S.L.,1365,54712000,11
10561,202604,S.L.,132,2814000,12
10562,202603,S.L.,174,4208000,12
10563,202602,S.L.,149,5761000,12
10564,202601,S.L.,141,7412000,12
10565,202512,S.L.,136,6066000,12
10566,202511,S.L.,138,2249000,12
10567,202510,S.L.,111,2860000,12
10568,202509,S.L.,95,2373000,12
10569,202508,S.L.,79,1682000,12
10570,202507,S.L.,112,5644000,12
10571,202506,S.L.,109,1516000,12
10572,202505,S.L.,121,3973000,12
10573,202504,S.L.,133,4380000,12
10574,202503,S.L.,113,4483000,12
10575,202502,S.L.,118,6697000,12
10576,202501,S.L.,150,5314000,12
10577,202412,S.L.,107,3957000,12
10578,202411,S.L.,98,4101000,12
10579,202410,S.L.,122,1731000,12
10580,202409,S.L.,85,3456000,12
10581,202408,S.L.,89,2955000,12
10582,202407,S.L.,95,7040000,12
10583,202406,S.L.,91,1281000,12
10584,202405,S.L.,127,3278000,12
10585,202404,S.L.,149,3283000,12
10586,202403,S.L.,115,2309000,12
10587,202402,S.L.,128,3950000,12
10588,202401,S.L.,143,3600000,12
10589,202312,S.L.,104,3106000,12
10590,202311,S.L.,94,29675000,12
10591,202310,S.L.,80,3456000,12
10592,202309,S.L.,67,1535000,12
10593,202308,S.L.,84,6377000,12
10594,202307,S.L.,97,24271000,12
10595,202306,S.L.,127,4571000,12
10596,202305,S.L.,112,3263000,12
10597,202304,S.L.,78,7201000,12
10598,202303,S.L.,142,3926000,12
10599,202302,S.L.,124,3175000,12
10600,202301,S.L.,118,5288000,12
10601,202212,S.L.,95,10306000,12
10602,202211,S.L.,98,3246000,12
10603,202210,S.L.,60,423000,12
10604,202209,S.L.,56,2510000,12
10605,202208,S.L.,66,2844000,12
10606,202207,S.L.,72,8286000,12
10607,202206,S.L.,86,7895000,12
10608,202205,S.L.,95,7373000,12
10609,202204,S.L.,111,3072000,12
10610,202203,S.L.,139,5019000,12
10611,202202,S.L.,120,2109000,12
10612,202201,S.L.,116,2753000,12
10613,202112,S.L.,91,9486000,12
10614,202111,S.L.,93,704000,12
10615,202110,S.L.,78,1474000,12
10616,202109,S.L.,88,4825000,12
10617,202108,S.L.,80,1854000,12
10618,202107,S.L.,84,1862000,12
10619,202106,S.L.,95,3329000,12
10620,202105,S.L.,127,8124000,12
10621,202104,S.L.,111,1514000,12
10622,202103,S.L.,135,4618000,12
10623,202102,S.L.,97,5650000,12
10624,202101,S.L.,100,4146000,12
10625,202012,S.L.,133,16041000,12
10626,202011,S.L.,87,6697000,12
10627,202010,S.L.,97,5008000,12
10628,202009,S.L.,90,4583000,12
10629,202008,S.L.,57,2157000,12
10630,202007,S.L.,93,1029000,12
10631,202006,S.L.,116,2899000,12
10632,202005,S.L.,54,1870000,12
10633,202004,S.L.,18,3756000,12
10634,202003,S.L.,78,1932000,12
10635,202002,S.L.,103,5919000,12
10636,202001,S.L.,87,4429000,12
10637,201912,S.L.,82,5929000,12
10638,201911,S.L.,88,1504000,12
10639,201910,S.L.,98,1524000,12
10640,201909,S.L.,89,1389000,12
10641,201908,S.L.,73,1086000,12
10642,201907,S.L.,70,1731000,12
10643,201906,S.L.,93,1063000,12
10644,201905,S.L.,104,1504000,12
10645,201904,S.L.,93,2787000,12
10646,201903,S.L.,129,3735000,12
10647,201902,S.L.,122,2284000,12
10648,201901,S.L.,94,2413000,12
10649,201812,S.L.,94,3408000,12
10650,201811,S.L.,106,4866000,12
10651,201810,S.L.,88,1101000,12
10652,201809,S.L.,78,6515000,12
10653,201808,S.L.,73,4325000,12
10654,201807,S.L.,74,7346000,12
10655,201806,S.L.,86,3466000,12
10656,201805,S.L.,103,6580000,12
10657,201804,S.L.,95,933000,12
10658,201803,S.L.,107,1175000,12
10659,201802,S.L.,110,7852000,12
10660,201801,S.L.,123,4367000,12
10661,201712,S.L.,84,5619000,12
10662,201711,S.L.,121,7358000,12
10663,201710,S.L.,58,1766000,12
10664,201709,S.L.,68,6915000,12
10665,201708,S.L.,59,1186000,12
10666,201707,S.L.,97,8680000,12
10667,201706,S.L.,100,5362000,12
10668,201705,S.L.,104,4599000,12
10669,201704,S.L.,125,1604000,12
10670,201703,S.L.,105,3951000,12
10671,201702,S.L.,128,8374000,12
10672,201701,S.L.,99,6970000,12
10673,201612,S.L.,53,759000,12
10674,201611,S.L.,123,4980000,12
10675,201610,S.L.,78,7286000,12
10676,201609,S.L.,81,1929000,12
10677,201608,S.L.,67,1693000,12
10678,201607,S.L.,93,2220000,12
10679,201606,S.L.,120,3394000,12
10680,201605,S.L.,114,6749000,12
10681,201604,S.L.,107,3302000,12
10682,201603,S.L.,127,9796000,12
10683,201602,S.L.,141,9060000,12
10684,201601,S.L.,139,9582000,12
10685,201512,S.L.,93,32978000,12
10686,201511,S.L.,100,3516000,12
10687,201510,S.L.,74,3020000,12
10688,201509,S.L.,75,4739000,12
10689,201508,S.L.,80,8927000,12
10690,201507,S.L.,73,42814000,12
10691,201506,S.L.,96,4851000,12
10692,201505,S.L.,92,2262000,12
10693,201504,S.L.,89,1696000,12
10694,201503,S.L.,147,3950000,12
10695,201502,S.L.,128,1707000,12
10696,201501,S.L.,114,11241000,12
10697,201412,S.L.,98,6274000,12
10698,201411,S.L.,90,1481000,12
10699,201410,S.L.,91,2241000,12
10700,201409,S.L.,84,3486000,12
10701,201408,S.L.,64,2099000,12
10702,201407,S.L.,100,1320000,12
10703,201406,S.L.,81,551000,12
10704,201405,S.L.,118,5309000,12
10705,201404,S.L.,106,766000,12
10706,201403,S.L.,109,5431000,12
10707,201402,S.L.,140,10587000,12
10708,201401,S.L.,100,2123000,12
10709,201312,S.L.,81,5680000,12
10710,201311,S.L.,82,1696000,12
10711,201310,S.L.,80,2065000,12
10712,201309,S.L.,80,3138000,12
10713,201308,S.L.,65,3525000,12
10714,201307,S.L.,90,1742000,12
10715,201306,S.L.,111,3146000,12
10716,201305,S.L.,133,1815000,12
10717,201304,S.L.,101,1915000,12
10718,201303,S.L.,100,1709000,12
10719,201302,S.L.,96,1115000,12
10720,201301,S.L.,118,3739000,12
10721,201212,S.L.,74,3115000,12
10722,201211,S.L.,83,1055000,12
10723,201210,S.L.,90,1795000,12
10724,201209,S.L.,94,8588000,12
10725,201208,S.L.,78,5917000,12
10726,201207,S.L.,71,1793000,12
10727,201206,S.L.,94,2682000,12
10728,201205,S.L.,126,5110000,12
10729,201204,S.L.,92,2276000,12
10730,201203,S.L.,135,1913000,12
10731,201202,S.L.,115,2222000,12
10732,201201,S.L.,102,2223000,12
10733,201112,S.L.,80,10708000,12
10734,201111,S.L.,103,803000,12
10735,201110,S.L.,80,820000,12
10736,201109,S.L.,76,5992000,12
10737,201108,S.L.,62,758000,12
10738,201107,S.L.,96,788000,12
10739,201106,S.L.,80,3549000,12
10740,201105,S.L.,117,1921000,12
10741,201104,S.L.,88,40043000,12
10742,201103,S.L.,136,6091000,12
10743,201102,S.L.,124,6331000,12
10744,201101,S.L.,92,4145000,12
10745,201012,S.L.,83,1344000,12
10746,201011,S.L.,96,1224000,12
10747,201010,S.L.,74,932000,12
10748,201009,S.L.,84,1186000,12
10749,201008,S.L.,53,3004000,12
10750,201007,S.L.,74,3744000,12
10751,201006,S.L.,73,2943000,12
10752,201005,S.L.,117,1707000,12
10753,201004,S.L.,96,1130000,12
10754,201003,S.L.,133,5191000,12
10755,201002,S.L.,139,5890000,12
10756,201001,S.L.,98,6451000,12
10757,200912,S.L.,89,4373000,12
10758,200911,S.L.,94,1317000,12
10759,200910,S.L.,66,935000,12
10760,200909,S.L.,71,878000,12
10761,200908,S.L.,66,1889000,12
10762,200907,S.L.,80,1009000,12
10763,200906,S.L.,100,1142000,12
10764,200905,S.L.,110,1047000,12
10765,200904,S.L.,80,939000,12
10766,200903,S.L.,127,1832000,12
10767,200902,S.L.,128,1690000,12
10768,200901,S.L.,94,1719000,12
10769,200812,S.L.,81,1718000,12
10770,200811,S.L.,90,8234000,12
10771,200810,S.L.,163,2297000,12
10772,200809,S.L.,99,1453000,12
10773,200808,S.L.,74,716000,12
10774,200807,S.L.,102,2159000,12
10775,200806,S.L.,113,4239000,12
10776,200805,S.L.,193,1993000,12
10777,200804,S.L.,190,2933000,12
10778,200803,S.L.,151,2755000,12
10779,200802,S.L.,174,2101000,12
10780,200801,S.L.,196,5649000,12
10781,202604,S.L.,437,16865000,13
10782,202603,S.L.,529,15470000,13
10783,202602,S.L.,471,15588000,13
10784,202601,S.L.,438,31276000,13
10785,202512,S.L.,440,27590000,13
10786,202511,S.L.,365,11157000,13
10787,202510,S.L.,419,20860000,13
10788,202509,S.L.,336,13442000,13
10789,202508,S.L.,273,6204000,13
10790,202507,S.L.,355,9767000,13
10791,202506,S.L.,428,34445000,13
10792,202505,S.L.,445,10697000,13
10793,202504,S.L.,462,11754000,13
10794,202503,S.L.,361,11679000,13
10795,202502,S.L.,379,17006000,13
10796,202501,S.L.,403,7838000,13
10797,202412,S.L.,320,10988000,13
10798,202411,S.L.,300,8899000,13
10799,202410,S.L.,370,11468000,13
10800,202409,S.L.,304,9956000,13
10801,202408,S.L.,274,3841000,13
10802,202407,S.L.,303,16475000,13
10803,202406,S.L.,375,35395000,13
10804,202405,S.L.,382,32727000,13
10805,202404,S.L.,412,18442000,13
10806,202403,S.L.,425,14883000,13
10807,202402,S.L.,386,12136000,13
10808,202401,S.L.,447,59567000,13
10809,202312,S.L.,323,17349000,13
10810,202311,S.L.,324,11132000,13
10811,202310,S.L.,270,8206000,13
10812,202309,S.L.,300,12232000,13
10813,202308,S.L.,280,7128000,13
10814,202307,S.L.,273,5826000,13
10815,202306,S.L.,376,30610000,13
10816,202305,S.L.,328,4736000,13
10817,202304,S.L.,281,13364000,13
10818,202303,S.L.,454,8406000,13
10819,202302,S.L.,377,17404000,13
10820,202301,S.L.,384,33031000,13
10821,202212,S.L.,314,11967000,13
10822,202211,S.L.,328,9395000,13
10823,202210,S.L.,241,4606000,13
10824,202209,S.L.,275,24212000,13
10825,202208,S.L.,238,2924000,13
10826,202207,S.L.,224,6098000,13
10827,202206,S.L.,332,13969000,13
10828,202205,S.L.,339,4880000,13
10829,202204,S.L.,371,18531000,13
10830,202203,S.L.,387,18460000,13
10831,202202,S.L.,379,12456000,13
10832,202201,S.L.,367,39000000,13
10833,202112,S.L.,274,6371000,13
10834,202111,S.L.,293,11949000,13
10835,202110,S.L.,277,8179000,13
10836,202109,S.L.,268,20298000,13
10837,202108,S.L.,248,16681000,13
10838,202107,S.L.,305,18555000,13
10839,202106,S.L.,372,17817000,13
10840,202105,S.L.,353,10298000,13
10841,202104,S.L.,409,18666000,13
10842,202103,S.L.,429,15345000,13
10843,202102,S.L.,335,19369000,13
10844,202101,S.L.,304,32270000,13
10845,202012,S.L.,330,17281000,13
10846,202011,S.L.,261,10621000,13
10847,202010,S.L.,292,35091000,13
10848,202009,S.L.,270,16567000,13
10849,202008,S.L.,248,59568000,13
10850,202007,S.L.,308,106690000,13
10851,202006,S.L.,236,11920000,13
10852,202005,S.L.,142,3065000,13
10853,202004,S.L.,92,10750000,13
10854,202003,S.L.,295,36019000,13
10855,202002,S.L.,358,20691000,13
10856,202001,S.L.,366,33352000,13
10857,201912,S.L.,284,14443000,13
10858,201911,S.L.,293,6744000,13
10859,201910,S.L.,318,10705000,13
10860,201909,S.L.,238,9901000,13
10861,201908,S.L.,220,4769000,13
10862,201907,S.L.,280,91030000,13
10863,201906,S.L.,284,15078000,13
10864,201905,S.L.,313,31627000,13
10865,201904,S.L.,373,14193000,13
10866,201903,S.L.,381,14355000,13
10867,201902,S.L.,390,10645000,13
10868,201901,S.L.,386,92922000,13
10869,201812,S.L.,327,8566000,13
10870,201811,S.L.,339,16941000,13
10871,201810,S.L.,298,24117000,13
10872,201809,S.L.,259,85579000,13
10873,201808,S.L.,236,11616000,13
10874,201807,S.L.,281,39899000,13
10875,201806,S.L.,335,8754000,13
10876,201805,S.L.,346,8289000,13
10877,201804,S.L.,407,9543000,13
10878,201803,S.L.,409,27147000,13
10879,201802,S.L.,358,6514000,13
10880,201801,S.L.,416,23626000,13
10881,201712,S.L.,290,9245000,13
10882,201711,S.L.,300,6358000,13
10883,201710,S.L.,291,6209000,13
10884,201709,S.L.,261,8298000,13
10885,201708,S.L.,298,10911000,13
10886,201707,S.L.,262,4905000,13
10887,201706,S.L.,383,133486000,13
10888,201705,S.L.,365,11896000,13
10889,201704,S.L.,316,12585000,13
10890,201703,S.L.,468,12696000,13
10891,201702,S.L.,386,69132000,13
10892,201701,S.L.,429,30047000,13
10893,201612,S.L.,319,9865000,13
10894,201611,S.L.,362,20349000,13
10895,201610,S.L.,342,10796000,13
10896,201609,S.L.,285,7811000,13
10897,201608,S.L.,302,8943000,13
10898,201607,S.L.,358,9819000,13
10899,201606,S.L.,444,21530000,13
10900,201605,S.L.,342,8860000,13
10901,201604,S.L.,408,8723000,13
10902,201603,S.L.,471,8378000,13
10903,201602,S.L.,463,21355000,13
10904,201601,S.L.,414,65446000,13
10905,201512,S.L.,307,46388000,13
10906,201511,S.L.,315,6727000,13
10907,201510,S.L.,285,149170000,13
10908,201509,S.L.,298,26858000,13
10909,201508,S.L.,212,15579000,13
10910,201507,S.L.,331,18619000,13
10911,201506,S.L.,353,12429000,13
10912,201505,S.L.,350,18503000,13
10913,201504,S.L.,355,9808000,13
10914,201503,S.L.,407,10697000,13
10915,201502,S.L.,391,30057000,13
10916,201501,S.L.,347,21345000,13
10917,201412,S.L.,275,6176000,13
10918,201411,S.L.,338,20267000,13
10919,201410,S.L.,383,16660000,13
10920,201409,S.L.,339,8378000,13
10921,201408,S.L.,260,4832000,13
10922,201407,S.L.,336,19839000,13
10923,201406,S.L.,341,13478000,13
10924,201405,S.L.,383,18061000,13
10925,201404,S.L.,362,11273000,13
10926,201403,S.L.,444,14434000,13
10927,201402,S.L.,362,21015000,13
10928,201401,S.L.,429,25893000,13
10929,201312,S.L.,295,49846000,13
10930,201311,S.L.,310,15325000,13
10931,201310,S.L.,385,10247000,13
10932,201309,S.L.,318,10590000,13
10933,201308,S.L.,271,8109000,13
10934,201307,S.L.,340,22886000,13
10935,201306,S.L.,359,8247000,13
10936,201305,S.L.,388,11071000,13
10937,201304,S.L.,412,8658000,13
10938,201303,S.L.,365,4740000,13
10939,201302,S.L.,386,38460000,13
10940,201301,S.L.,430,33607000,13
10941,201212,S.L.,254,18930000,13
10942,201211,S.L.,321,9404000,13
10943,201210,S.L.,390,12566000,13
10944,201209,S.L.,300,19769000,13
10945,201208,S.L.,264,9198000,13
10946,201207,S.L.,330,14066000,13
10947,201206,S.L.,367,13593000,13
10948,201205,S.L.,372,17928000,13
10949,201204,S.L.,342,10677000,13
10950,201203,S.L.,378,11502000,13
10951,201202,S.L.,367,18665000,13
10952,201201,S.L.,435,53540000,13
10953,201112,S.L.,309,18305000,13
10954,201111,S.L.,342,11276000,13
10955,201110,S.L.,281,10216000,13
10956,201109,S.L.,317,11346000,13
10957,201108,S.L.,267,6496000,13
10958,201107,S.L.,294,6553000,13
10959,201106,S.L.,389,22341000,13
10960,201105,S.L.,357,9122000,13
10961,201104,S.L.,335,3878000,13
10962,201103,S.L.,427,46737000,13
10963,201102,S.L.,384,14013000,13
10964,201101,S.L.,352,13261000,13
10965,201012,S.L.,283,13935000,13
10966,201011,S.L.,347,6734000,13
10967,201010,S.L.,270,6363000,13
10968,201009,S.L.,324,13982000,13
10969,201008,S.L.,277,16127000,13
10970,201007,S.L.,349,8348000,13
10971,201006,S.L.,335,4929000,13
10972,201005,S.L.,381,7079000,13
10973,201004,S.L.,342,10664000,13
10974,201003,S.L.,436,15554000,13
10975,201002,S.L.,353,12686000,13
10976,201001,S.L.,299,11996000,13
10977,200912,S.L.,302,26013000,13
10978,200911,S.L.,342,10065000,13
10979,200910,S.L.,307,8653000,13
10980,200909,S.L.,289,6559000,13
10981,200908,S.L.,206,5815000,13
10982,200907,S.L.,351,9087000,13
10983,200906,S.L.,348,9381000,13
10984,200905,S.L.,293,7190000,13
10985,200904,S.L.,310,12792000,13
10986,200903,S.L.,428,20914000,13
10987,200902,S.L.,338,19413000,13
10988,200901,S.L.,300,13913000,13
10989,200812,S.L.,341,7688000,13
10990,200811,S.L.,301,8241000,13
10991,200810,S.L.,374,19470000,13
10992,200809,S.L.,403,61991000,13
10993,200808,S.L.,264,20456000,13
10994,200807,S.L.,372,62502000,13
10995,200806,S.L.,501,55844000,13
10996,200805,S.L.,488,208182000,13
10997,200804,S.L.,466,17421000,13
10998,200803,S.L.,546,16761000,13
10999,200802,S.L.,660,27570000,13
11000,200801,S.L.,642,48880000,13
11001,202604,S.L.,2510,183099000,14
11002,202603,S.L.,3124,272119000,14
11003,202602,S.L.,2581,98164000,14
11004,202601,S.L.,2465,88773000,14
11005,202512,S.L.,2426,108438000,14
11006,202511,S.L.,2374,83933000,14
11007,202510,S.L.,2635,50090000,14
11008,202509,S.L.,2148,72449000,14
11009,202508,S.L.,1455,39184000,14
11010,202507,S.L.,2472,84679000,14
11011,202506,S.L.,2561,62085000,14
11012,202505,S.L.,2732,49334000,14
11013,202504,S.L.,2760,67961000,14
11014,202503,S.L.,2293,54977000,14
11015,202502,S.L.,1976,67835000,14
11016,202501,S.L.,2265,78013000,14
11017,202412,S.L.,2269,76144000,14
11018,202411,S.L.,2448,127793000,14
11019,202410,S.L.,2604,77589000,14
11020,202409,S.L.,1908,83826000,14
11021,202408,S.L.,1416,35297000,14
11022,202407,S.L.,2224,47325000,14
11023,202406,S.L.,2157,104140000,14
11024,202405,S.L.,2081,39043000,14
11025,202404,S.L.,2551,136867000,14
11026,202403,S.L.,2371,107682000,14
11027,202402,S.L.,2703,108037000,14
11028,202401,S.L.,2134,126359000,14
11029,202312,S.L.,1845,158271000,14
11030,202311,S.L.,2198,123872000,14
11031,202310,S.L.,1968,67844000,14
11032,202309,S.L.,1504,91788000,14
11033,202308,S.L.,1413,133486000,14
11034,202307,S.L.,1922,46109000,14
11035,202306,S.L.,2358,57800000,14
11036,202305,S.L.,2193,87314000,14
11037,202304,S.L.,1849,45222000,14
11038,202303,S.L.,2779,147909000,14
11039,202302,S.L.,2373,66031000,14
11040,202301,S.L.,2031,103831000,14
11041,202212,S.L.,1871,103266000,14
11042,202211,S.L.,2036,81452000,14
11043,202210,S.L.,1646,56927000,14
11044,202209,S.L.,1677,180361000,14
11045,202208,S.L.,1291,27887000,14
11046,202207,S.L.,1641,69906000,14
11047,202206,S.L.,2178,74857000,14
11048,202205,S.L.,1927,92089000,14
11049,202204,S.L.,1946,35293000,14
11050,202203,S.L.,2462,71044000,14
11051,202202,S.L.,2234,419097000,14
11052,202201,S.L.,1680,101005000,14
11053,202112,S.L.,1899,47993000,14
11054,202111,S.L.,1834,88244000,14
11055,202110,S.L.,1792,21789000,14
11056,202109,S.L.,1551,27196000,14
11057,202108,S.L.,1410,54377000,14
11058,202107,S.L.,2038,79958000,14
11059,202106,S.L.,2297,54727000,14
11060,202105,S.L.,2211,103498000,14
11061,202104,S.L.,2310,56930000,14
11062,202103,S.L.,2488,83868000,14
11063,202102,S.L.,2059,98859000,14
11064,202101,S.L.,1613,135207000,14
11065,202012,S.L.,1525,242345000,14
11066,202011,S.L.,1558,133433000,14
11067,202010,S.L.,1661,60305000,14
11068,202009,S.L.,1576,54517000,14
11069,202008,S.L.,1211,37365000,14
11070,202007,S.L.,1742,82803000,14
11071,202006,S.L.,1488,54042000,14
11072,202005,S.L.,990,18124000,14
11073,202004,S.L.,507,22539000,14
11074,202003,S.L.,1707,135692000,14
11075,202002,S.L.,1959,89368000,14
11076,202001,S.L.,1885,261026000,14
11077,201912,S.L.,1528,119116000,14
11078,201911,S.L.,1842,105869000,14
11079,201910,S.L.,1854,50263000,14
11080,201909,S.L.,1290,44224000,14
11081,201908,S.L.,1123,65033000,14
11082,201907,S.L.,1944,90241000,14
11083,201906,S.L.,1788,72280000,14
11084,201905,S.L.,1872,67873000,14
11085,201904,S.L.,2122,42477000,14
11086,201903,S.L.,2073,94122000,14
11087,201902,S.L.,2242,158573000,14
11088,201901,S.L.,1899,42799000,14
11089,201812,S.L.,1480,128793000,14
11090,201811,S.L.,1822,39558000,14
11091,201810,S.L.,1849,73405000,14
11092,201809,S.L.,1373,51762000,14
11093,201808,S.L.,1328,45515000,14
11094,201807,S.L.,1767,151435000,14
11095,201806,S.L.,1890,91109000,14
11096,201805,S.L.,1922,75848000,14
11097,201804,S.L.,1968,49627000,14
11098,201803,S.L.,1979,52027000,14
11099,201802,S.L.,2063,115106000,14
11100,201801,S.L.,1967,121917000,14
11101,201712,S.L.,1397,83746000,14
11102,201711,S.L.,1758,50786000,14
11103,201710,S.L.,1690,122540000,14
11104,201709,S.L.,1540,92159000,14
11105,201708,S.L.,1116,32386000,14
11106,201707,S.L.,1720,117210000,14
11107,201706,S.L.,1861,62573000,14
11108,201705,S.L.,1768,72611000,14
11109,201704,S.L.,1765,115585000,14
11110,201703,S.L.,2105,96479000,14
11111,201702,S.L.,1759,55695000,14
11112,201701,S.L.,1743,241143000,14
11113,201612,S.L.,1495,58199000,14
11114,201611,S.L.,1538,39963000,14
11115,201610,S.L.,1611,118905000,14
11116,201609,S.L.,1393,62167000,14
11117,201608,S.L.,1030,52690000,14
11118,201607,S.L.,1424,132885000,14
11119,201606,S.L.,1864,86156000,14
11120,201605,S.L.,1719,36905000,14
11121,201604,S.L.,1889,113195000,14
11122,201603,S.L.,1943,67180000,14
11123,201602,S.L.,2032,75214000,14
11124,201601,S.L.,1803,73293000,14
11125,201512,S.L.,1641,65040000,14
11126,201511,S.L.,1670,537364000,14
11127,201510,S.L.,1629,56199000,14
11128,201509,S.L.,1561,37711000,14
11129,201508,S.L.,928,26055000,14
11130,201507,S.L.,1737,92049000,14
11131,201506,S.L.,1727,64502000,14
11132,201505,S.L.,1545,48713000,14
11133,201504,S.L.,1776,45433000,14
11134,201503,S.L.,1937,334333000,14
11135,201502,S.L.,1811,79545000,14
11136,201501,S.L.,1644,107415000,14
11137,201412,S.L.,1545,256509000,14
11138,201411,S.L.,1575,910313000,14
11139,201410,S.L.,1672,61944000,14
11140,201409,S.L.,1516,137776000,14
11141,201408,S.L.,897,53968000,14
11142,201407,S.L.,1749,79609000,14
11143,201406,S.L.,1593,87910000,14
11144,201405,S.L.,1650,59536000,14
11145,201404,S.L.,1753,64572000,14
11146,201403,S.L.,1985,45501000,14
11147,201402,S.L.,1915,63558000,14
11148,201401,S.L.,1999,84001000,14
11149,201312,S.L.,1417,34916000,14
11150,201311,S.L.,1507,152669000,14
11151,201310,S.L.,1695,192458000,14
11152,201309,S.L.,1317,40307000,14
11153,201308,S.L.,1073,24506000,14
11154,201307,S.L.,1586,51097000,14
11155,201306,S.L.,1652,40232000,14
11156,201305,S.L.,1794,167950000,14
11157,201304,S.L.,1906,58349000,14
11158,201303,S.L.,1764,160972000,14
11159,201302,S.L.,1876,80364000,14
11160,201301,S.L.,1768,451088000,14
11161,201212,S.L.,1338,164744000,14
11162,201211,S.L.,1567,43948000,14
11163,201210,S.L.,1631,76468000,14
11164,201209,S.L.,1315,75504000,14
11165,201208,S.L.,1021,57168000,14
11166,201207,S.L.,1463,91614000,14
11167,201206,S.L.,1573,59158000,14
11168,201205,S.L.,1674,83485000,14
11169,201204,S.L.,1365,50429000,14
11170,201203,S.L.,1766,51895000,14
11171,201202,S.L.,1669,181948000,14
11172,201201,S.L.,1651,127176000,14
11173,201112,S.L.,1380,92786000,14
11174,201111,S.L.,1565,102166000,14
11175,201110,S.L.,1428,98627000,14
11176,201109,S.L.,1177,30304000,14
11177,201108,S.L.,954,25067000,14
11178,201107,S.L.,1267,114860000,14
11179,201106,S.L.,1635,142102000,14
11180,201105,S.L.,1700,60897000,14
11181,201104,S.L.,1341,106913000,14
11182,201103,S.L.,2027,56853000,14
11183,201102,S.L.,1742,86781000,14
11184,201101,S.L.,1552,67901000,14
11185,201012,S.L.,1206,1512664000,14
11186,201011,S.L.,1546,52625000,14
11187,201010,S.L.,1345,40164000,14
11188,201009,S.L.,1044,187922000,14
11189,201008,S.L.,974,13758000,14
11190,201007,S.L.,1431,147078000,14
11191,201006,S.L.,1436,91286000,14
11192,201005,S.L.,1666,27969000,14
11193,201004,S.L.,1499,48140000,14
11194,201003,S.L.,1747,51575000,14
11195,201002,S.L.,1706,63757000,14
11196,201001,S.L.,1354,85885000,14
11197,200912,S.L.,1433,357363000,14
11198,200911,S.L.,1449,65758000,14
11199,200910,S.L.,1239,54690000,14
11200,200909,S.L.,1171,66683000,14
11201,200908,S.L.,840,35813000,14
11202,200907,S.L.,1270,37471000,14
11203,200906,S.L.,1382,186410000,14
11204,200905,S.L.,1383,91662000,14
11205,200904,S.L.,1194,20523000,14
11206,200903,S.L.,1599,58266000,14
11207,200902,S.L.,1448,64370000,14
11208,200901,S.L.,1270,130200000,14
11209,200812,S.L.,1283,129617000,14
11210,200811,S.L.,1336,82030000,14
11211,200810,S.L.,1330,272885000,14
11212,200809,S.L.,1697,87829000,14
11213,200808,S.L.,951,41085000,14
11214,200807,S.L.,1529,197062000,14
11215,200806,S.L.,1777,52038000,14
11216,200805,S.L.,1608,67195000,14
11217,200804,S.L.,2194,95061000,14
11218,200803,S.L.,1783,60502000,14
11219,200802,S.L.,2168,137336000,14
11220,200801,S.L.,2114,184110000,14
11221,202604,S.L.,332,23435000,15
11222,202603,S.L.,388,17707000,15
11223,202602,S.L.,350,41414000,15
11224,202601,S.L.,336,12111000,15
11225,202512,S.L.,290,7131000,15
11226,202511,S.L.,236,14903000,15
11227,202510,S.L.,289,21778000,15
11228,202509,S.L.,261,4940000,15
11229,202508,S.L.,138,8790000,15
11230,202507,S.L.,290,49588000,15
11231,202506,S.L.,240,31889000,15
11232,202505,S.L.,304,6413000,15
11233,202504,S.L.,269,14382000,15
11234,202503,S.L.,282,12117000,15
11235,202502,S.L.,236,9381000,15
11236,202501,S.L.,231,22668000,15
11237,202412,S.L.,291,102075000,15
11238,202411,S.L.,243,29679000,15
11239,202410,S.L.,246,31039000,15
11240,202409,S.L.,209,5753000,15
11241,202408,S.L.,202,18533000,15
11242,202407,S.L.,206,12731000,15
11243,202406,S.L.,253,10582000,15
11244,202405,S.L.,203,4777000,15
11245,202404,S.L.,265,6714000,15
11246,202403,S.L.,243,17426000,15
11247,202402,S.L.,221,8133000,15
11248,202401,S.L.,277,25495000,15
11249,202312,S.L.,222,22143000,15
11250,202311,S.L.,258,4769000,15
11251,202310,S.L.,190,23005000,15
11252,202309,S.L.,144,3351000,15
11253,202308,S.L.,161,4132000,15
11254,202307,S.L.,257,12616000,15
11255,202306,S.L.,205,11331000,15
11256,202305,S.L.,233,9729000,15
11257,202304,S.L.,213,7804000,15
11258,202303,S.L.,306,10470000,15
11259,202302,S.L.,260,4059000,15
11260,202301,S.L.,217,7003000,15
11261,202212,S.L.,218,39558000,15
11262,202211,S.L.,192,12495000,15
11263,202210,S.L.,168,2710000,15
11264,202209,S.L.,183,3126000,15
11265,202208,S.L.,140,18616000,15
11266,202207,S.L.,189,7607000,15
11267,202206,S.L.,228,8058000,15
11268,202205,S.L.,198,9367000,15
11269,202204,S.L.,207,11133000,15
11270,202203,S.L.,268,5520000,15
11271,202202,S.L.,214,10523000,15
11272,202201,S.L.,186,4440000,15
11273,202112,S.L.,187,5654000,15
11274,202111,S.L.,199,5537000,15
11275,202110,S.L.,205,36958000,15
11276,202109,S.L.,185,5511000,15
11277,202108,S.L.,140,18839000,15
11278,202107,S.L.,210,8074000,15
11279,202106,S.L.,284,48070000,15
11280,202105,S.L.,274,3760000,15
11281,202104,S.L.,265,6591000,15
11282,202103,S.L.,278,27989000,15
11283,202102,S.L.,239,29907000,15
11284,202101,S.L.,236,25439000,15
11285,202012,S.L.,266,47925000,15
11286,202011,S.L.,156,21965000,15
11287,202010,S.L.,219,3431000,15
11288,202009,S.L.,221,18281000,15
11289,202008,S.L.,184,5048000,15
11290,202007,S.L.,197,3397000,15
11291,202006,S.L.,201,5016000,15
11292,202005,S.L.,121,5547000,15
11293,202004,S.L.,134,15228000,15
11294,202003,S.L.,147,2058000,15
11295,202002,S.L.,181,8967000,15
11296,202001,S.L.,231,7299000,15
11297,201912,S.L.,209,9879000,15
11298,201911,S.L.,160,6197000,15
11299,201910,S.L.,210,11978000,15
11300,201909,S.L.,163,3699000,15
11301,201908,S.L.,188,13696000,15
11302,201907,S.L.,192,12620000,15
11303,201906,S.L.,180,4129000,15
11304,201905,S.L.,240,3141000,15
11305,201904,S.L.,199,5877000,15
11306,201903,S.L.,190,10131000,15
11307,201902,S.L.,258,14035000,15
11308,201901,S.L.,222,6600000,15
11309,201812,S.L.,184,18741000,15
11310,201811,S.L.,209,6411000,15
11311,201810,S.L.,199,5750000,15
11312,201809,S.L.,199,3870000,15
11313,201808,S.L.,140,16702000,15
11314,201807,S.L.,186,2950000,15
11315,201806,S.L.,257,5588000,15
11316,201805,S.L.,254,6591000,15
11317,201804,S.L.,260,4907000,15
11318,201803,S.L.,212,4381000,15
11319,201802,S.L.,268,6184000,15
11320,201801,S.L.,226,7353000,15
11321,201712,S.L.,200,4768000,15
11322,201711,S.L.,232,4601000,15
11323,201710,S.L.,189,4255000,15
11324,201709,S.L.,182,8876000,15
11325,201708,S.L.,147,8706000,15
11326,201707,S.L.,231,3525000,15
11327,201706,S.L.,251,9927000,15
11328,201705,S.L.,193,4002000,15
11329,201704,S.L.,192,3139000,15
11330,201703,S.L.,317,10086000,15
11331,201702,S.L.,254,13229000,15
11332,201701,S.L.,246,44325000,15
11333,201612,S.L.,207,38944000,15
11334,201611,S.L.,243,3789000,15
11335,201610,S.L.,210,12637000,15
11336,201609,S.L.,192,5015000,15
11337,201608,S.L.,150,8482000,15
11338,201607,S.L.,197,3838000,15
11339,201606,S.L.,231,3826000,15
11340,201605,S.L.,214,4398000,15
11341,201604,S.L.,258,21784000,15
11342,201603,S.L.,255,11261000,15
11343,201602,S.L.,286,11571000,15
11344,201601,S.L.,326,46582000,15
11345,201512,S.L.,228,38034000,15
11346,201511,S.L.,208,2613000,15
11347,201510,S.L.,253,6037000,15
11348,201509,S.L.,196,3301000,15
11349,201508,S.L.,108,6648000,15
11350,201507,S.L.,243,38703000,15
11351,201506,S.L.,259,10581000,15
11352,201505,S.L.,241,7939000,15
11353,201504,S.L.,244,7324000,15
11354,201503,S.L.,309,10844000,15
11355,201502,S.L.,241,28613000,15
11356,201501,S.L.,254,11658000,15
11357,201412,S.L.,213,10369000,15
11358,201411,S.L.,208,9699000,15
11359,201410,S.L.,267,12035000,15
11360,201409,S.L.,191,8103000,15
11361,201408,S.L.,147,2053000,15
11362,201407,S.L.,208,9925000,15
11363,201406,S.L.,220,14226000,15
11364,201405,S.L.,247,6279000,15
11365,201404,S.L.,223,7767000,15
11366,201403,S.L.,257,14625000,15
11367,201402,S.L.,285,15903000,15
11368,201401,S.L.,259,60290000,15
11369,201312,S.L.,214,5617000,15
11370,201311,S.L.,238,3899000,15
11371,201310,S.L.,248,21437000,15
11372,201309,S.L.,223,15305000,15
11373,201308,S.L.,161,8905000,15
11374,201307,S.L.,265,10871000,15
11375,201306,S.L.,247,11775000,15
11376,201305,S.L.,273,7095000,15
11377,201304,S.L.,261,10837000,15
11378,201303,S.L.,224,8079000,15
11379,201302,S.L.,287,21268000,15
11380,201301,S.L.,246,9554000,15
11381,201212,S.L.,247,48441000,15
11382,201211,S.L.,288,9219000,15
11383,201210,S.L.,249,21253000,15
11384,201209,S.L.,172,5490000,15
11385,201208,S.L.,191,27656000,15
11386,201207,S.L.,226,9628000,15
11387,201206,S.L.,238,18108000,15
11388,201205,S.L.,249,6492000,15
11389,201204,S.L.,190,5606000,15
11390,201203,S.L.,289,7063000,15
11391,201202,S.L.,221,10636000,15
11392,201201,S.L.,196,49597000,15
11393,201112,S.L.,233,13396000,15
11394,201111,S.L.,185,19085000,15
11395,201110,S.L.,197,5675000,15
11396,201109,S.L.,189,6597000,15
11397,201108,S.L.,154,2978000,15
11398,201107,S.L.,180,25321000,15
11399,201106,S.L.,272,4272000,15
11400,201105,S.L.,224,4375000,15
11401,201104,S.L.,208,7281000,15
11402,201103,S.L.,314,6281000,15
11403,201102,S.L.,246,5554000,15
11404,201101,S.L.,211,5309000,15
11405,201012,S.L.,162,5891000,15
11406,201011,S.L.,215,12319000,15
11407,201010,S.L.,165,3548000,15
11408,201009,S.L.,155,4956000,15
11409,201008,S.L.,145,3330000,15
11410,201007,S.L.,177,3793000,15
11411,201006,S.L.,224,2522000,15
11412,201005,S.L.,208,3927000,15
11413,201004,S.L.,226,6546000,15
11414,201003,S.L.,229,5518000,15
11415,201002,S.L.,183,23572000,15
11416,201001,S.L.,178,3800000,15
11417,200912,S.L.,153,72497000,15
11418,200911,S.L.,227,3635000,15
11419,200910,S.L.,169,2128000,15
11420,200909,S.L.,114,1655000,15
11421,200908,S.L.,169,3301000,15
11422,200907,S.L.,180,19415000,15
11423,200906,S.L.,231,4744000,15
11424,200905,S.L.,230,5860000,15
11425,200904,S.L.,189,3949000,15
11426,200903,S.L.,237,11640000,15
11427,200902,S.L.,227,9243000,15
11428,200901,S.L.,201,43899000,15
11429,200812,S.L.,229,5823000,15
11430,200811,S.L.,151,3843000,15
11431,200810,S.L.,197,4064000,15
11432,200809,S.L.,203,5925000,15
11433,200808,S.L.,227,10299000,15
11434,200807,S.L.,266,9419000,15
11435,200806,S.L.,266,6925000,15
11436,200805,S.L.,279,6581000,15
11437,200804,S.L.,384,8148000,15
11438,200803,S.L.,252,3656000,15
11439,200802,S.L.,335,4817000,15
11440,200801,S.L.,438,11806000,15
11441,202604,S.L.,110,1739000,16
11442,202603,S.L.,110,2849000,16
11443,202602,S.L.,126,1446000,16
11444,202601,S.L.,94,3838000,16
11445,202512,S.L.,113,3120000,16
11446,202511,S.L.,99,807000,16
11447,202510,S.L.,64,15501000,16
11448,202509,S.L.,66,1054000,16
11449,202508,S.L.,53,380000,16
11450,202507,S.L.,67,3091000,16
11451,202506,S.L.,78,6184000,16
11452,202505,S.L.,82,1429000,16
11453,202504,S.L.,90,2893000,16
11454,202503,S.L.,105,2168000,16
11455,202502,S.L.,106,28736000,16
11456,202501,S.L.,108,8791000,16
11457,202412,S.L.,59,2684000,16
11458,202411,S.L.,72,1880000,16
11459,202410,S.L.,110,697000,16
11460,202409,S.L.,82,1002000,16
11461,202408,S.L.,82,5150000,16
11462,202407,S.L.,69,1328000,16
11463,202406,S.L.,72,1292000,16
11464,202405,S.L.,66,3125000,16
11465,202404,S.L.,94,3938000,16
11466,202403,S.L.,92,2250000,16
11467,202402,S.L.,81,5578000,16
11468,202401,S.L.,122,11871000,16
11469,202312,S.L.,61,371000,16
11470,202311,S.L.,60,440000,16
11471,202310,S.L.,45,1739000,16
11472,202309,S.L.,46,352000,16
11473,202308,S.L.,51,929000,16
11474,202307,S.L.,42,4280000,16
11475,202306,S.L.,79,6180000,16
11476,202305,S.L.,75,1416000,16
11477,202304,S.L.,51,486000,16
11478,202303,S.L.,86,5794000,16
11479,202302,S.L.,116,3720000,16
11480,202301,S.L.,93,1449000,16
11481,202212,S.L.,69,1973000,16
11482,202211,S.L.,66,962000,16
11483,202210,S.L.,52,1092000,16
11484,202209,S.L.,53,1740000,16
11485,202208,S.L.,42,2092000,16
11486,202207,S.L.,32,496000,16
11487,202206,S.L.,60,2264000,16
11488,202205,S.L.,84,1224000,16
11489,202204,S.L.,61,1016000,16
11490,202203,S.L.,70,1751000,16
11491,202202,S.L.,68,2405000,16
11492,202201,S.L.,76,21982000,16
11493,202112,S.L.,94,16190000,16
11494,202111,S.L.,64,669000,16
11495,202110,S.L.,64,842000,16
11496,202109,S.L.,54,3345000,16
11497,202108,S.L.,65,4837000,16
11498,202107,S.L.,40,1029000,16
11499,202106,S.L.,82,3446000,16
11500,202105,S.L.,93,4041000,16
11501,202104,S.L.,82,1462000,16
11502,202103,S.L.,84,1765000,16
11503,202102,S.L.,89,6800000,16
11504,202101,S.L.,65,14660000,16
11505,202012,S.L.,55,11067000,16
11506,202011,S.L.,47,2178000,16
11507,202010,S.L.,70,2757000,16
11508,202009,S.L.,52,279000,16
11509,202008,S.L.,42,513000,16
11510,202007,S.L.,60,2542000,16
11511,202006,S.L.,47,346000,16
11512,202005,S.L.,20,236000,16
11513,202004,S.L.,50,371000,16
11514,202003,S.L.,54,4038000,16
11515,202002,S.L.,65,1324000,16
11516,202001,S.L.,67,16414000,16
11517,201912,S.L.,45,4438000,16
11518,201911,S.L.,51,4792000,16
11519,201910,S.L.,79,1354000,16
11520,201909,S.L.,55,617000,16
11521,201908,S.L.,55,11665000,16
11522,201907,S.L.,44,244000,16
11523,201906,S.L.,63,25962000,16
11524,201905,S.L.,60,4613000,16
11525,201904,S.L.,67,5792000,16
11526,201903,S.L.,92,3653000,16
11527,201902,S.L.,86,2945000,16
11528,201901,S.L.,84,19144000,16
11529,201812,S.L.,31,4050000,16
11530,201811,S.L.,80,930000,16
11531,201810,S.L.,77,7423000,16
11532,201809,S.L.,59,177892000,16
11533,201808,S.L.,68,1440000,16
11534,201807,S.L.,41,1376000,16
11535,201806,S.L.,54,841000,16
11536,201805,S.L.,74,3322000,16
11537,201804,S.L.,78,492000,16
11538,201803,S.L.,88,2789000,16
11539,201802,S.L.,88,21180000,16
11540,201801,S.L.,94,4416000,16
11541,201712,S.L.,62,2183000,16
11542,201711,S.L.,65,1069000,16
11543,201710,S.L.,67,1229000,16
11544,201709,S.L.,63,833000,16
11545,201708,S.L.,56,1260000,16
11546,201707,S.L.,56,1065000,16
11547,201706,S.L.,66,11442000,16
11548,201705,S.L.,67,9232000,16
11549,201704,S.L.,55,2516000,16
11550,201703,S.L.,88,1014000,16
11551,201702,S.L.,97,3991000,16
11552,201701,S.L.,93,24670000,16
11553,201612,S.L.,61,1788000,16
11554,201611,S.L.,62,6321000,16
11555,201610,S.L.,57,911000,16
11556,201609,S.L.,63,1935000,16
11557,201608,S.L.,57,924000,16
11558,201607,S.L.,43,1892000,16
11559,201606,S.L.,73,447000,16
11560,201605,S.L.,97,1192000,16
11561,201604,S.L.,87,2809000,16
11562,201603,S.L.,81,567000,16
11563,201602,S.L.,91,2723000,16
11564,201601,S.L.,57,1832000,16
11565,201512,S.L.,63,3150000,16
11566,201511,S.L.,67,1865000,16
11567,201510,S.L.,57,682000,16
11568,201509,S.L.,63,1751000,16
11569,201508,S.L.,41,778000,16
11570,201507,S.L.,36,448000,16
11571,201506,S.L.,94,1098000,16
11572,201505,S.L.,84,2802000,16
11573,201504,S.L.,75,3247000,16
11574,201503,S.L.,86,3702000,16
11575,201502,S.L.,83,1927000,16
11576,201501,S.L.,67,4243000,16
11577,201412,S.L.,59,811000,16
11578,201411,S.L.,63,1443000,16
11579,201410,S.L.,80,1392000,16
11580,201409,S.L.,71,496000,16
11581,201408,S.L.,42,1148000,16
11582,201407,S.L.,56,5611000,16
11583,201406,S.L.,83,1631000,16
11584,201405,S.L.,91,5191000,16
11585,201404,S.L.,86,13681000,16
11586,201403,S.L.,105,19745000,16
11587,201402,S.L.,109,7715000,16
11588,201401,S.L.,58,3325000,16
11589,201312,S.L.,73,736000,16
11590,201311,S.L.,40,1116000,16
11591,201310,S.L.,64,1750000,16
11592,201309,S.L.,63,3487000,16
11593,201308,S.L.,57,1749000,16
11594,201307,S.L.,53,1758000,16
11595,201306,S.L.,82,1680000,16
11596,201305,S.L.,72,3725000,16
11597,201304,S.L.,97,6782000,16
11598,201303,S.L.,47,847000,16
11599,201302,S.L.,81,3749000,16
11600,201301,S.L.,91,5373000,16
11601,201212,S.L.,55,8474000,16
11602,201211,S.L.,72,41706000,16
11603,201210,S.L.,77,10074000,16
11604,201209,S.L.,76,3197000,16
11605,201208,S.L.,54,1858000,16
11606,201207,S.L.,56,7172000,16
11607,201206,S.L.,94,2932000,16
11608,201205,S.L.,92,1136000,16
11609,201204,S.L.,81,661000,16
11610,201203,S.L.,102,2012000,16
11611,201202,S.L.,92,6315000,16
11612,201201,S.L.,85,9246000,16
11613,201112,S.L.,74,2676000,16
11614,201111,S.L.,57,65904000,16
11615,201110,S.L.,82,11373000,16
11616,201109,S.L.,69,670000,16
11617,201108,S.L.,53,600000,16
11618,201107,S.L.,55,605000,16
11619,201106,S.L.,92,2959000,16
11620,201105,S.L.,87,1492000,16
11621,201104,S.L.,65,1231000,16
11622,201103,S.L.,107,2393000,16
11623,201102,S.L.,102,2742000,16
11624,201101,S.L.,52,6489000,16
11625,201012,S.L.,67,3399000,16
11626,201011,S.L.,59,1593000,16
11627,201010,S.L.,54,1187000,16
11628,201009,S.L.,61,3349000,16
11629,201008,S.L.,49,2622000,16
11630,201007,S.L.,86,2151000,16
11631,201006,S.L.,101,4443000,16
11632,201005,S.L.,108,3474000,16
11633,201004,S.L.,87,32360000,16
11634,201003,S.L.,94,3362000,16
11635,201002,S.L.,104,6939000,16
11636,201001,S.L.,88,1093000,16
11637,200912,S.L.,79,1881000,16
11638,200911,S.L.,54,5346000,16
11639,200910,S.L.,64,458000,16
11640,200909,S.L.,73,1018000,16
11641,200908,S.L.,54,1505000,16
11642,200907,S.L.,61,2008000,16
11643,200906,S.L.,107,2583000,16
11644,200905,S.L.,76,2260000,16
11645,200904,S.L.,81,881000,16
11646,200903,S.L.,114,3093000,16
11647,200902,S.L.,99,5276000,16
11648,200901,S.L.,73,5632000,16
11649,200812,S.L.,69,823000,16
11650,200811,S.L.,86,2727000,16
11651,200810,S.L.,78,5117000,16
11652,200809,S.L.,103,2440000,16
11653,200808,S.L.,108,3783000,16
11654,200807,S.L.,134,1466000,16
11655,200806,S.L.,101,6235000,16
11656,200805,S.L.,186,5836000,16
11657,200804,S.L.,154,3473000,16
11658,200803,S.L.,74,936000,16
11659,200802,S.L.,127,4893000,16
11660,200801,S.L.,160,39024000,16
11661,202604,S.L.,315,16111000,17
11662,202603,S.L.,435,15040000,17
11663,202602,S.L.,399,16927000,17
11664,202601,S.L.,321,17431000,17
11665,202512,S.L.,388,20734000,17
11666,202511,S.L.,317,161898000,17
11667,202510,S.L.,375,13498000,17
11668,202509,S.L.,289,6664000,17
11669,202508,S.L.,201,9767000,17
11670,202507,S.L.,305,19834000,17
11671,202506,S.L.,328,21581000,17
11672,202505,S.L.,366,7846000,17
11673,202504,S.L.,344,16212000,17
11674,202503,S.L.,381,15062000,17
11675,202502,S.L.,307,39030000,17
11676,202501,S.L.,327,21308000,17
11677,202412,S.L.,324,53308000,17
11678,202411,S.L.,269,2970000,17
11679,202410,S.L.,312,7522000,17
11680,202409,S.L.,268,13093000,17
11681,202408,S.L.,161,11143000,17
11682,202407,S.L.,276,14292000,17
11683,202406,S.L.,256,7323000,17
11684,202405,S.L.,283,6304000,17
11685,202404,S.L.,290,6074000,17
11686,202403,S.L.,296,5779000,17
11687,202402,S.L.,357,33482000,17
11688,202401,S.L.,321,36543000,17
11689,202312,S.L.,226,17616000,17
11690,202311,S.L.,288,3743000,17
11691,202310,S.L.,268,9450000,17
11692,202309,S.L.,197,6150000,17
11693,202308,S.L.,195,4858000,17
11694,202307,S.L.,243,15221000,17
11695,202306,S.L.,243,12534000,17
11696,202305,S.L.,341,37665000,17
11697,202304,S.L.,220,17261000,17
11698,202303,S.L.,345,11626000,17
11699,202302,S.L.,298,24808000,17
11700,202301,S.L.,255,12231000,17
11701,202212,S.L.,287,26713000,17
11702,202211,S.L.,245,22433000,17
11703,202210,S.L.,264,9292000,17
11704,202209,S.L.,198,16212000,17
11705,202208,S.L.,159,2029000,17
11706,202207,S.L.,236,4672000,17
11707,202206,S.L.,278,4640000,17
11708,202205,S.L.,252,5205000,17
11709,202204,S.L.,205,16864000,17
11710,202203,S.L.,342,5685000,17
11711,202202,S.L.,318,17860000,17
11712,202201,S.L.,248,18010000,17
11713,202112,S.L.,277,11397000,17
11714,202111,S.L.,241,7993000,17
11715,202110,S.L.,213,3894000,17
11716,202109,S.L.,206,5238000,17
11717,202108,S.L.,160,29951000,17
11718,202107,S.L.,273,18749000,17
11719,202106,S.L.,300,15680000,17
11720,202105,S.L.,333,9677000,17
11721,202104,S.L.,263,6853000,17
11722,202103,S.L.,341,39195000,17
11723,202102,S.L.,268,5120000,17
11724,202101,S.L.,242,19474000,17
11725,202012,S.L.,304,8105000,17
11726,202011,S.L.,223,7877000,17
11727,202010,S.L.,244,6722000,17
11728,202009,S.L.,207,6747000,17
11729,202008,S.L.,141,4807000,17
11730,202007,S.L.,233,7721000,17
11731,202006,S.L.,255,16266000,17
11732,202005,S.L.,125,5632000,17
11733,202004,S.L.,74,7020000,17
11734,202003,S.L.,216,6901000,17
11735,202002,S.L.,280,9059000,17
11736,202001,S.L.,284,10754000,17
11737,201912,S.L.,262,31412000,17
11738,201911,S.L.,240,17514000,17
11739,201910,S.L.,251,20273000,17
11740,201909,S.L.,194,23346000,17
11741,201908,S.L.,163,10966000,17
11742,201907,S.L.,275,9434000,17
11743,201906,S.L.,243,18791000,17
11744,201905,S.L.,284,31816000,17
11745,201904,S.L.,250,10371000,17
11746,201903,S.L.,308,6067000,17
11747,201902,S.L.,303,10124000,17
11748,201901,S.L.,302,24093000,17
11749,201812,S.L.,256,19079000,17
11750,201811,S.L.,235,14907000,17
11751,201810,S.L.,261,22503000,17
11752,201809,S.L.,188,6962000,17
11753,201808,S.L.,182,16483000,17
11754,201807,S.L.,250,26650000,17
11755,201806,S.L.,247,8940000,17
11756,201805,S.L.,281,14219000,17
11757,201804,S.L.,261,9575000,17
11758,201803,S.L.,322,68458000,17
11759,201802,S.L.,261,7918000,17
11760,201801,S.L.,321,18309000,17
11761,201712,S.L.,247,21131000,17
11762,201711,S.L.,246,6592000,17
11763,201710,S.L.,232,4993000,17
11764,201709,S.L.,206,4335000,17
11765,201708,S.L.,153,3268000,17
11766,201707,S.L.,224,15773000,17
11767,201706,S.L.,220,12927000,17
11768,201705,S.L.,295,14475000,17
11769,201704,S.L.,237,3679000,17
11770,201703,S.L.,311,11504000,17
11771,201702,S.L.,295,77490000,17
11772,201701,S.L.,278,37223000,17
11773,201612,S.L.,244,28524000,17
11774,201611,S.L.,260,37556000,17
11775,201610,S.L.,204,27683000,17
11776,201609,S.L.,195,3322000,17
11777,201608,S.L.,194,7499000,17
11778,201607,S.L.,226,3408000,17
11779,201606,S.L.,274,7072000,17
11780,201605,S.L.,259,28176000,17
11781,201604,S.L.,309,17723000,17
11782,201603,S.L.,270,6900000,17
11783,201602,S.L.,329,23954000,17
11784,201601,S.L.,237,13026000,17
11785,201512,S.L.,271,7555000,17
11786,201511,S.L.,263,15816000,17
11787,201510,S.L.,253,19493000,17
11788,201509,S.L.,194,2707000,17
11789,201508,S.L.,171,23143000,17
11790,201507,S.L.,277,9643000,17
11791,201506,S.L.,270,11693000,17
11792,201505,S.L.,250,4919000,17
11793,201504,S.L.,282,6357000,17
11794,201503,S.L.,353,13988000,17
11795,201502,S.L.,295,11443000,17
11796,201501,S.L.,244,13093000,17
11797,201412,S.L.,337,742066000,17
11798,201411,S.L.,262,9630000,17
11799,201410,S.L.,282,4888000,17
11800,201409,S.L.,202,8826000,17
11801,201408,S.L.,182,5690000,17
11802,201407,S.L.,278,13186000,17
11803,201406,S.L.,302,7387000,17
11804,201405,S.L.,241,5595000,17
11805,201404,S.L.,311,7369000,17
11806,201403,S.L.,337,13582000,17
11807,201402,S.L.,339,18844000,17
11808,201401,S.L.,349,9324000,17
11809,201312,S.L.,304,15652000,17
11810,201311,S.L.,255,13762000,17
11811,201310,S.L.,262,12385000,17
11812,201309,S.L.,197,9558000,17
11813,201308,S.L.,162,2828000,17
11814,201307,S.L.,275,8307000,17
11815,201306,S.L.,264,5780000,17
11816,201305,S.L.,316,6136000,17
11817,201304,S.L.,268,128008000,17
11818,201303,S.L.,269,40188000,17
11819,201302,S.L.,309,16971000,17
11820,201301,S.L.,305,19263000,17
11821,201212,S.L.,231,40448000,17
11822,201211,S.L.,260,6512000,17
11823,201210,S.L.,253,10476000,17
11824,201209,S.L.,164,5237000,17
11825,201208,S.L.,156,9558000,17
11826,201207,S.L.,249,29509000,17
11827,201206,S.L.,238,8664000,17
11828,201205,S.L.,291,7664000,17
11829,201204,S.L.,227,7097000,17
11830,201203,S.L.,309,16500000,17
11831,201202,S.L.,296,21730000,17
11832,201201,S.L.,302,35297000,17
11833,201112,S.L.,220,10892000,17
11834,201111,S.L.,237,6784000,17
11835,201110,S.L.,191,7576000,17
11836,201109,S.L.,206,8627000,17
11837,201108,S.L.,150,9276000,17
11838,201107,S.L.,226,15122000,17
11839,201106,S.L.,273,10818000,17
11840,201105,S.L.,319,29559000,17
11841,201104,S.L.,250,15304000,17
11842,201103,S.L.,378,14092000,17
11843,201102,S.L.,301,9840000,17
11844,201101,S.L.,319,14436000,17
11845,201012,S.L.,240,649745000,17
11846,201011,S.L.,256,6244000,17
11847,201010,S.L.,184,75830000,17
11848,201009,S.L.,218,6771000,17
11849,201008,S.L.,165,12211000,17
11850,201007,S.L.,249,17034000,17
11851,201006,S.L.,274,29810000,17
11852,201005,S.L.,309,17348000,17
11853,201004,S.L.,261,57152000,17
11854,201003,S.L.,364,15073000,17
11855,201002,S.L.,338,21719000,17
11856,201001,S.L.,242,58316000,17
11857,200912,S.L.,237,8144000,17
11858,200911,S.L.,233,15646000,17
11859,200910,S.L.,245,9201000,17
11860,200909,S.L.,225,6824000,17
11861,200908,S.L.,142,11483000,17
11862,200907,S.L.,210,7205000,17
11863,200906,S.L.,243,7400000,17
11864,200905,S.L.,270,9047000,17
11865,200904,S.L.,252,9165000,17
11866,200903,S.L.,303,17140000,17
11867,200902,S.L.,307,134187000,17
11868,200901,S.L.,247,18536000,17
11869,200812,S.L.,262,13985000,17
11870,200811,S.L.,272,17891000,17
11871,200810,S.L.,239,9741000,17
11872,200809,S.L.,296,60731000,17
11873,200808,S.L.,200,11402000,17
11874,200807,S.L.,290,31214000,17
11875,200806,S.L.,327,37740000,17
11876,200805,S.L.,377,24799000,17
11877,200804,S.L.,556,32750000,17
11878,200803,S.L.,358,22546000,17
11879,200802,S.L.,409,33647000,17
11880,200801,S.L.,436,32535000,17
11881,202604,S.L.,44,215000,18
11882,202603,S.L.,56,553000,18
11883,202602,S.L.,58,2645000,18
11884,202601,S.L.,46,28053000,18
11885,202512,S.L.,43,260000,18
11886,202511,S.L.,37,732000,18
11887,202510,S.L.,50,1369000,18
11888,202509,S.L.,46,5363000,18
11889,202508,S.L.,33,486000,18
11890,202507,S.L.,55,1548000,18
11891,202506,S.L.,30,3437000,18
11892,202505,S.L.,39,598000,18
11893,202504,S.L.,31,397000,18
11894,202503,S.L.,42,801000,18
11895,202502,S.L.,42,1065000,18
11896,202501,S.L.,31,1820000,18
11897,202412,S.L.,42,1693000,18
11898,202411,S.L.,31,234000,18
11899,202410,S.L.,42,601000,18
11900,202409,S.L.,30,750000,18
11901,202408,S.L.,27,1557000,18
11902,202407,S.L.,45,986000,18
11903,202406,S.L.,24,622000,18
11904,202405,S.L.,31,266000,18
11905,202404,S.L.,30,2281000,18
11906,202403,S.L.,52,8212000,18
11907,202402,S.L.,40,1626000,18
11908,202401,S.L.,36,12346000,18
11909,202312,S.L.,33,892000,18
11910,202311,S.L.,48,3005000,18
11911,202310,S.L.,18,122000,18
11912,202309,S.L.,17,108000,18
11913,202308,S.L.,28,144000,18
11914,202307,S.L.,26,275000,18
11915,202306,S.L.,37,587000,18
11916,202305,S.L.,36,206000,18
11917,202304,S.L.,27,6239000,18
11918,202303,S.L.,50,3402000,18
11919,202302,S.L.,51,1198000,18
11920,202301,S.L.,45,2318000,18
11921,202212,S.L.,48,7410000,18
11922,202211,S.L.,26,14169000,18
11923,202210,S.L.,27,275000,18
11924,202209,S.L.,37,7472000,18
11925,202208,S.L.,24,158000,18
11926,202207,S.L.,22,216000,18
11927,202206,S.L.,34,869000,18
11928,202205,S.L.,35,3016000,18
11929,202204,S.L.,27,178000,18
11930,202203,S.L.,44,1095000,18
11931,202202,S.L.,42,1225000,18
11932,202201,S.L.,27,1081000,18
11933,202112,S.L.,28,314000,18
11934,202111,S.L.,48,395000,18
11935,202110,S.L.,29,160000,18
11936,202109,S.L.,21,9022000,18
11937,202108,S.L.,40,355000,18
11938,202107,S.L.,41,933000,18
11939,202106,S.L.,39,1483000,18
11940,202105,S.L.,38,449000,18
11941,202104,S.L.,29,1221000,18
11942,202103,S.L.,55,580000,18
11943,202102,S.L.,37,380000,18
11944,202101,S.L.,26,230000,18
11945,202012,S.L.,25,237000,18
11946,202011,S.L.,28,206000,18
11947,202010,S.L.,31,356000,18
11948,202009,S.L.,31,2905000,18
11949,202008,S.L.,22,888000,18
11950,202007,S.L.,36,1328000,18
11951,202006,S.L.,27,1485000,18
11952,202005,S.L.,26,465000,18
11953,202004,S.L.,12,36000,18
11954,202003,S.L.,33,1925000,18
11955,202002,S.L.,42,1337000,18
11956,202001,S.L.,37,1105000,18
11957,201912,S.L.,25,304000,18
11958,201911,S.L.,26,1584000,18
11959,201910,S.L.,38,925000,18
11960,201909,S.L.,24,500000,18
11961,201908,S.L.,27,341000,18
11962,201907,S.L.,42,1408000,18
11963,201906,S.L.,39,432000,18
11964,201905,S.L.,47,2138000,18
11965,201904,S.L.,29,244000,18
11966,201903,S.L.,68,19624000,18
11967,201902,S.L.,39,10611000,18
11968,201901,S.L.,37,920000,18
11969,201812,S.L.,33,6935000,18
11970,201811,S.L.,20,5536000,18
11971,201810,S.L.,30,432000,18
11972,201809,S.L.,22,5678000,18
11973,201808,S.L.,35,349000,18
11974,201807,S.L.,31,4441000,18
11975,201806,S.L.,42,3921000,18
11976,201805,S.L.,41,608000,18
11977,201804,S.L.,33,7417000,18
11978,201803,S.L.,32,1588000,18
11979,201802,S.L.,45,1690000,18
11980,201801,S.L.,41,1441000,18
11981,201712,S.L.,34,2097000,18
11982,201711,S.L.,32,182000,18
11983,201710,S.L.,34,221000,18
11984,201709,S.L.,12,2753000,18
11985,201708,S.L.,38,6111000,18
11986,201707,S.L.,31,920000,18
11987,201706,S.L.,24,368000,18
11988,201705,S.L.,38,1549000,18
11989,201704,S.L.,29,3265000,18
11990,201703,S.L.,47,1308000,18
11991,201702,S.L.,44,3208000,18
11992,201701,S.L.,45,11249000,18
11993,201612,S.L.,29,385000,18
11994,201611,S.L.,25,637000,18
11995,201610,S.L.,28,349000,18
11996,201609,S.L.,32,249000,18
11997,201608,S.L.,74,22471000,18
11998,201607,S.L.,65,1125000,18
11999,201606,S.L.,49,832000,18
12000,201605,S.L.,48,672000,18
12001,201604,S.L.,47,461000,18
12002,201603,S.L.,48,642000,18
12003,201602,S.L.,66,763000,18
12004,201601,S.L.,57,16161000,18
12005,201512,S.L.,41,2518000,18
12006,201511,S.L.,51,297000,18
12007,201510,S.L.,31,449000,18
12008,201509,S.L.,25,443000,18
12009,201508,S.L.,32,2617000,18
12010,201507,S.L.,35,249000,18
12011,201506,S.L.,27,1879000,18
12012,201505,S.L.,42,709000,18
12013,201504,S.L.,32,271000,18
12014,201503,S.L.,43,4346000,18
12015,201502,S.L.,30,482000,18
12016,201501,S.L.,34,33568000,18
12017,201412,S.L.,31,1309000,18
12018,201411,S.L.,28,215000,18
12019,201410,S.L.,26,654000,18
12020,201409,S.L.,27,50297000,18
12021,201408,S.L.,30,138000,18
12022,201407,S.L.,24,201000,18
12023,201406,S.L.,26,1546000,18
12024,201405,S.L.,58,756000,18
12025,201404,S.L.,51,493000,18
12026,201403,S.L.,46,865000,18
12027,201402,S.L.,43,2989000,18
12028,201401,S.L.,56,4206000,18
12029,201312,S.L.,30,1621000,18
12030,201311,S.L.,27,678000,18
12031,201310,S.L.,31,649000,18
12032,201309,S.L.,39,586000,18
12033,201308,S.L.,27,1205000,18
12034,201307,S.L.,23,1173000,18
12035,201306,S.L.,35,208000,18
12036,201305,S.L.,46,893000,18
12037,201304,S.L.,39,882000,18
12038,201303,S.L.,35,1215000,18
12039,201302,S.L.,35,4929000,18
12040,201301,S.L.,42,2703000,18
12041,201212,S.L.,36,1082000,18
12042,201211,S.L.,35,660000,18
12043,201210,S.L.,29,338000,18
12044,201209,S.L.,27,968000,18
12045,201208,S.L.,29,1417000,18
12046,201207,S.L.,42,195000,18
12047,201206,S.L.,34,309000,18
12048,201205,S.L.,56,1198000,18
12049,201204,S.L.,28,147000,18
12050,201203,S.L.,44,1922000,18
12051,201202,S.L.,39,322000,18
12052,201201,S.L.,37,431000,18
12053,201112,S.L.,33,246000,18
12054,201111,S.L.,30,235000,18
12055,201110,S.L.,33,657000,18
12056,201109,S.L.,33,12083000,18
12057,201108,S.L.,22,1141000,18
12058,201107,S.L.,24,1403000,18
12059,201106,S.L.,36,29470000,18
12060,201105,S.L.,41,2473000,18
12061,201104,S.L.,32,1745000,18
12062,201103,S.L.,27,203000,18
12063,201102,S.L.,39,1100000,18
12064,201101,S.L.,32,1531000,18
12065,201012,S.L.,29,356000,18
12066,201011,S.L.,21,310000,18
12067,201010,S.L.,30,427000,18
12068,201009,S.L.,19,630000,18
12069,201008,S.L.,37,600000,18
12070,201007,S.L.,42,1869000,18
12071,201006,S.L.,35,2186000,18
12072,201005,S.L.,48,595000,18
12073,201004,S.L.,35,798000,18
12074,201003,S.L.,30,609000,18
12075,201002,S.L.,36,2298000,18
12076,201001,S.L.,37,287000,18
12077,200912,S.L.,28,246000,18
12078,200911,S.L.,32,228000,18
12079,200910,S.L.,30,1998000,18
12080,200909,S.L.,28,380000,18
12081,200908,S.L.,24,214000,18
12082,200907,S.L.,41,572000,18
12083,200906,S.L.,34,335000,18
12084,200905,S.L.,25,520000,18
12085,200904,S.L.,34,5251000,18
12086,200903,S.L.,37,748000,18
12087,200902,S.L.,32,222000,18
12088,200901,S.L.,31,568000,18
12089,200812,S.L.,35,1966000,18
12090,200811,S.L.,32,974000,18
12091,200810,S.L.,50,640000,18
12092,200809,S.L.,87,593000,18
12093,200808,S.L.,52,342000,18
12094,200807,S.L.,39,1025000,18
12095,200806,S.L.,33,400000,18
12096,200805,S.L.,48,4786000,18
12097,200804,S.L.,49,583000,18
12098,200803,S.L.,37,560000,18
12099,200802,S.L.,57,1198000,18
12100,200801,S.L.,43,723000,18
12101,202604,S.L.,5,42000,19
12102,202603,S.L.,7,127000,19
12103,202602,S.L.,8,24000,19
12104,202601,S.L.,4,12000,19
12105,202512,S.L.,2,6000,19
12106,202511,S.L.,7,5775000,19
12107,202510,S.L.,7,26000,19
12108,202509,S.L.,1,20000,19
12109,202508,S.L.,6,19000,19
12110,202507,S.L.,4,15000,19
12111,202506,S.L.,8,25000,19
12112,202505,S.L.,4,302000,19
12113,202504,S.L.,7,121000,19
12114,202503,S.L.,16,56000,19
12115,202502,S.L.,4,22000,19
12116,202501,S.L.,7,853000,19
12117,202412,S.L.,5,15000,19
12118,202411,S.L.,4,14000,19
12119,202410,S.L.,4,20000,19
12120,202409,S.L.,4,9000,19
12121,202408,S.L.,6,24000,19
12122,202407,S.L.,4,146000,19
12123,202406,S.L.,6,45000,19
12124,202405,S.L.,5,21000,19
12125,202404,S.L.,5,22000,19
12126,202403,S.L.,2,6000,19
12127,202402,S.L.,4,109000,19
12128,202401,S.L.,11,230000,19
12129,202312,S.L.,5,15000,19
12130,202311,S.L.,1,3000,19
12131,202310,S.L.,7,133000,19
12132,202309,S.L.,2,6000,19
12133,202308,S.L.,6,28000,19
12134,202307,S.L.,3,13000,19
12135,202306,S.L.,8,152000,19
12136,202305,S.L.,9,35000,19
12137,202304,S.L.,8,3325000,19
12138,202303,S.L.,3,1147000,19
12139,202302,S.L.,4,12000,19
12140,202301,S.L.,4,13000,19
12141,202212,S.L.,8,31000,19
12142,202211,S.L.,5,32000,19
12143,202210,S.L.,7,21000,19
12144,202209,S.L.,8,25000,19
12145,202208,S.L.,3,21000,19
12146,202207,S.L.,0,0,19
12147,202206,S.L.,4,14000,19
12148,202205,S.L.,1,3000,19
12149,202204,S.L.,4,12000,19
12150,202203,S.L.,11,55000,19
12151,202202,S.L.,6,30000,19
12152,202201,S.L.,7,1334000,19
12153,202112,S.L.,10,31000,19
12154,202111,S.L.,6,83000,19
12155,202110,S.L.,11,35000,19
12156,202109,S.L.,2,6000,19
12157,202108,S.L.,10,31000,19
12158,202107,S.L.,1,50000,19
12159,202106,S.L.,4,12000,19
12160,202105,S.L.,2,6000,19
12161,202104,S.L.,9,45000,19
12162,202103,S.L.,12,131000,19
12163,202102,S.L.,4,19000,19
12164,202101,S.L.,5,15000,19
12165,202012,S.L.,5,22000,19
12166,202011,S.L.,5,127000,19
12167,202010,S.L.,8,35000,19
12168,202009,S.L.,6,109000,19
12169,202008,S.L.,7,22000,19
12170,202007,S.L.,0,0,19
12171,202006,S.L.,3,16000,19
12172,202005,S.L.,1,3000,19
12173,202004,S.L.,1,3000,19
12174,202003,S.L.,3,9000,19
12175,202002,S.L.,9,29000,19
12176,202001,S.L.,3,9000,19
12177,201912,S.L.,5,15000,19
12178,201911,S.L.,14,52000,19
12179,201910,S.L.,9,27000,19
12180,201909,S.L.,8,33000,19
12181,201908,S.L.,2,6000,19
12182,201907,S.L.,3,91000,19
12183,201906,S.L.,6,23000,19
12184,201905,S.L.,2,353000,19
12185,201904,S.L.,5,15000,19
12186,201903,S.L.,10,399000,19
12187,201902,S.L.,14,1007000,19
12188,201901,S.L.,8,44000,19
12189,201812,S.L.,9,36000,19
12190,201811,S.L.,13,43000,19
12191,201810,S.L.,9,39000,19
12192,201809,S.L.,4,89000,19
12193,201808,S.L.,9,63000,19
12194,201807,S.L.,5,15000,19
12195,201806,S.L.,3,9000,19
12196,201805,S.L.,13,132000,19
12197,201804,S.L.,9,30000,19
12198,201803,S.L.,10,1013000,19
12199,201802,S.L.,6,76000,19
12200,201801,S.L.,7,21000,19
12201,201712,S.L.,6,32000,19
12202,201711,S.L.,5,22000,19
12203,201710,S.L.,5,90000,19
12204,201709,S.L.,5,34000,19
12205,201708,S.L.,8,33000,19
12206,201707,S.L.,1,3000,19
12207,201706,S.L.,10,31000,19
12208,201705,S.L.,3,11000,19
12209,201704,S.L.,5,72000,19
12210,201703,S.L.,7,32000,19
12211,201702,S.L.,7,23000,19
12212,201701,S.L.,9,52000,19
12213,201612,S.L.,10,99000,19
12214,201611,S.L.,2,6000,19
12215,201610,S.L.,1,3000,19
12216,201609,S.L.,9,245000,19
12217,201608,S.L.,5,40000,19
12218,201607,S.L.,2,13000,19
12219,201606,S.L.,2,6000,19
12220,201605,S.L.,5,232000,19
12221,201604,S.L.,8,55000,19
12222,201603,S.L.,16,54000,19
12223,201602,S.L.,14,1043000,19
12224,201601,S.L.,8,24000,19
12225,201512,S.L.,8,25000,19
12226,201511,S.L.,13,45000,19
12227,201510,S.L.,13,73000,19
12228,201509,S.L.,8,63000,19
12229,201508,S.L.,7,125000,19
12230,201507,S.L.,5,41000,19
12231,201506,S.L.,9,58000,19
12232,201505,S.L.,8,24000,19
12233,201504,S.L.,10,36000,19
12234,201503,S.L.,12,47000,19
12235,201502,S.L.,10,31000,19
12236,201501,S.L.,4,14000,19
12237,201412,S.L.,3,16000,19
12238,201411,S.L.,8,44000,19
12239,201410,S.L.,6,47000,19
12240,201409,S.L.,11,57000,19
12241,201408,S.L.,4,418000,19
12242,201407,S.L.,7,24000,19
12243,201406,S.L.,5,92000,19
12244,201405,S.L.,7,28000,19
12245,201404,S.L.,13,44000,19
12246,201403,S.L.,12,44000,19
12247,201402,S.L.,11,385000,19
12248,201401,S.L.,9,87000,19
12249,201312,S.L.,12,1030000,19
12250,201311,S.L.,10,457000,19
12251,201310,S.L.,2,6000,19
12252,201309,S.L.,5,17000,19
12253,201308,S.L.,6,31000,19
12254,201307,S.L.,4,13000,19
12255,201306,S.L.,7,141000,19
12256,201305,S.L.,13,1388000,19
12257,201304,S.L.,5,45000,19
12258,201303,S.L.,11,165000,19
12259,201302,S.L.,4,12000,19
12260,201301,S.L.,9,37000,19
12261,201212,S.L.,3,37000,19
12262,201211,S.L.,8,1366000,19
12263,201210,S.L.,6,18000,19
12264,201209,S.L.,6,23000,19
12265,201208,S.L.,10,36000,19
12266,201207,S.L.,1,6000,19
12267,201206,S.L.,13,96000,19
12268,201205,S.L.,6,22000,19
12269,201204,S.L.,5,15000,19
12270,201203,S.L.,7,52000,19
12271,201202,S.L.,10,59000,19
12272,201201,S.L.,10,426000,19
12273,201112,S.L.,6,80000,19
12274,201111,S.L.,9,33000,19
12275,201110,S.L.,4,14000,19
12276,201109,S.L.,5,15000,19
12277,201108,S.L.,5,76000,19
12278,201107,S.L.,0,0,19
12279,201106,S.L.,3,109000,19
12280,201105,S.L.,5,24000,19
12281,201104,S.L.,5,56000,19
12282,201103,S.L.,10,47000,19
12283,201102,S.L.,6,21000,19
12284,201101,S.L.,4,12000,19
12285,201012,S.L.,9,594000,19
12286,201011,S.L.,4,621000,19
12287,201010,S.L.,8,24000,19
12288,201009,S.L.,3,9000,19
12289,201008,S.L.,10,44000,19
12290,201007,S.L.,0,0,19
12291,201006,S.L.,8,24000,19
12292,201005,S.L.,9,39000,19
12293,201004,S.L.,8,29000,19
12294,201003,S.L.,8,30000,19
12295,201002,S.L.,11,575000,19
12296,201001,S.L.,11,78000,19
12297,200912,S.L.,4,12000,19
12298,200911,S.L.,7,25000,19
12299,200910,S.L.,8,26000,19
12300,200909,S.L.,3,27000,19
12301,200908,S.L.,2,11000,19
12302,200907,S.L.,1,3000,19
12303,200906,S.L.,3,36000,19
12304,200905,S.L.,9,1624000,19
12305,200904,S.L.,5,17000,19
12306,200903,S.L.,15,362000,19
12307,200902,S.L.,5,16000,19
12308,200901,S.L.,6,25000,19
12309,200812,S.L.,5,15000,19
12310,200811,S.L.,3,450000,19
12311,200810,S.L.,3,59000,19
12312,200809,S.L.,6,22000,19
12313,200808,S.L.,5,18000,19
12314,200807,S.L.,9,87000,19
12315,200806,S.L.,6,19000,19
12316,200805,S.L.,13,190000,19
12317,200804,S.L.,9,27000,19
12318,200803,S.L.,7,44000,19
12319,200802,S.L.,4,22000,19
12320,200801,S.L.,3,9000,19
12321,202604,S.L.,2,203000,20
12322,202603,S.L.,5,1330000,20
12323,202602,S.L.,2,6000,20
12324,202601,S.L.,4,1923000,20
12325,202512,S.L.,10,37000,20
12326,202511,S.L.,9,61000,20
12327,202510,S.L.,8,33000,20
12328,202509,S.L.,7,22000,20
12329,202508,S.L.,2,23000,20
12330,202507,S.L.,9,28000,20
12331,202506,S.L.,9,181000,20
12332,202505,S.L.,10,1037000,20
12333,202504,S.L.,7,23000,20
12334,202503,S.L.,8,571000,20
12335,202502,S.L.,7,23000,20
12336,202501,S.L.,4,13000,20
12337,202412,S.L.,17,464000,20
12338,202411,S.L.,9,31000,20
12339,202410,S.L.,12,82000,20
12340,202409,S.L.,5,1112000,20
12341,202408,S.L.,6,49000,20
12342,202407,S.L.,10,37000,20
12343,202406,S.L.,10,33000,20
12344,202405,S.L.,7,155000,20
12345,202404,S.L.,11,51000,20
12346,202403,S.L.,4,19000,20
12347,202402,S.L.,12,208000,20
12348,202401,S.L.,8,178000,20
12349,202312,S.L.,4,55000,20
12350,202311,S.L.,1,3000,20
12351,202310,S.L.,11,35000,20
12352,202309,S.L.,2,8000,20
12353,202308,S.L.,9,28000,20
12354,202307,S.L.,6,636000,20
12355,202306,S.L.,10,1541000,20
12356,202305,S.L.,6,546000,20
12357,202304,S.L.,4,19000,20
12358,202303,S.L.,13,39000,20
12359,202302,S.L.,7,56000,20
12360,202301,S.L.,9,64000,20
12361,202212,S.L.,9,431000,20
12362,202211,S.L.,13,58000,20
12363,202210,S.L.,4,14000,20
12364,202209,S.L.,4,29000,20
12365,202208,S.L.,7,1298000,20
12366,202207,S.L.,5,102000,20
12367,202206,S.L.,13,1522000,20
12368,202205,S.L.,10,58000,20
12369,202204,S.L.,6,18000,20
12370,202203,S.L.,13,42000,20
12371,202202,S.L.,9,29000,20
12372,202201,S.L.,8,63000,20
12373,202112,S.L.,8,51000,20
12374,202111,S.L.,7,21000,20
12375,202110,S.L.,5,15000,20
12376,202109,S.L.,6,25000,20
12377,202108,S.L.,7,40000,20
12378,202107,S.L.,11,33000,20
12379,202106,S.L.,11,130000,20
12380,202105,S.L.,5,32000,20
12381,202104,S.L.,12,369000,20
12382,202103,S.L.,12,126000,20
12383,202102,S.L.,5,162000,20
12384,202101,S.L.,4,1609000,20
12385,202012,S.L.,8,172000,20
12386,202011,S.L.,9,36000,20
12387,202010,S.L.,11,34000,20
12388,202009,S.L.,7,36000,20
12389,202008,S.L.,9,37000,20
12390,202007,S.L.,11,85000,20
12391,202006,S.L.,5,17000,20
12392,202005,S.L.,2,6000,20
12393,202004,S.L.,0,0,20
12394,202003,S.L.,7,47000,20
12395,202002,S.L.,12,41000,20
12396,202001,S.L.,15,59000,20
12397,201912,S.L.,3,83000,20
12398,201911,S.L.,8,599000,20
12399,201910,S.L.,11,48000,20
12400,201909,S.L.,12,37000,20
12401,201908,S.L.,1,3000,20
12402,201907,S.L.,5,17000,20
12403,201906,S.L.,8,25000,20
12404,201905,S.L.,9,133000,20
12405,201904,S.L.,9,27000,20
12406,201903,S.L.,9,2148000,20
12407,201902,S.L.,9,341000,20
12408,201901,S.L.,10,44000,20
12409,201812,S.L.,11,35000,20
12410,201811,S.L.,10,96000,20
12411,201810,S.L.,7,129000,20
12412,201809,S.L.,6,27000,20
12413,201808,S.L.,4,14000,20
12414,201807,S.L.,12,75000,20
12415,201806,S.L.,11,48000,20
12416,201805,S.L.,18,866000,20
12417,201804,S.L.,6,19000,20
12418,201803,S.L.,15,201000,20
12419,201802,S.L.,20,705000,20
12420,201801,S.L.,12,98000,20
12421,201712,S.L.,9,27000,20
12422,201711,S.L.,17,155000,20
12423,201710,S.L.,9,27000,20
12424,201709,S.L.,7,38000,20
12425,201708,S.L.,8,211000,20
12426,201707,S.L.,9,546000,20
12427,201706,S.L.,11,465000,20
12428,201705,S.L.,14,108000,20
12429,201704,S.L.,6,90000,20
12430,201703,S.L.,14,71000,20
12431,201702,S.L.,11,33000,20
12432,201701,S.L.,8,24000,20
12433,201612,S.L.,10,31000,20
12434,201611,S.L.,7,24000,20
12435,201610,S.L.,5,15000,20
12436,201609,S.L.,8,33000,20
12437,201608,S.L.,5,15000,20
12438,201607,S.L.,9,27000,20
12439,201606,S.L.,7,21000,20
12440,201605,S.L.,10,32000,20
12441,201604,S.L.,13,111000,20
12442,201603,S.L.,17,51000,20
12443,201602,S.L.,8,579000,20
12444,201601,S.L.,10,47000,20
12445,201512,S.L.,11,36000,20
12446,201511,S.L.,10,133000,20
12447,201510,S.L.,6,20000,20
12448,201509,S.L.,3,9000,20
12449,201508,S.L.,4,12000,20
12450,201507,S.L.,9,245000,20
12451,201506,S.L.,9,83000,20
12452,201505,S.L.,7,90000,20
12453,201504,S.L.,12,41000,20
12454,201503,S.L.,7,23000,20
12455,201502,S.L.,9,40000,20
12456,201501,S.L.,9,118000,20
12457,201412,S.L.,11,46000,20
12458,201411,S.L.,9,216000,20
12459,201410,S.L.,3,9000,20
12460,201409,S.L.,4,12000,20
12461,201408,S.L.,10,48000,20
12462,201407,S.L.,7,26000,20
12463,201406,S.L.,10,35000,20
12464,201405,S.L.,7,24000,20
12465,201404,S.L.,5,197000,20
12466,201403,S.L.,10,38000,20
12467,201402,S.L.,10,47000,20
12468,201401,S.L.,10,36000,20
12469,201312,S.L.,6,18000,20
12470,201311,S.L.,8,268000,20
12471,201310,S.L.,4,12000,20
12472,201309,S.L.,5,16000,20
12473,201308,S.L.,5,15000,20
12474,201307,S.L.,9,84000,20
12475,201306,S.L.,10,83000,20
12476,201305,S.L.,10,640000,20
12477,201304,S.L.,6,112000,20
12478,201303,S.L.,3,9000,20
12479,201302,S.L.,7,31000,20
12480,201301,S.L.,5,23000,20
12481,201212,S.L.,6,19000,20
12482,201211,S.L.,3,16000,20
12483,201210,S.L.,7,22000,20
12484,201209,S.L.,1,3000,20
12485,201208,S.L.,1,3000,20
12486,201207,S.L.,5,4722000,20
12487,201206,S.L.,5,23000,20
12488,201205,S.L.,10,46000,20
12489,201204,S.L.,8,113000,20
12490,201203,S.L.,7,37000,20
12491,201202,S.L.,7,23000,20
12492,201201,S.L.,11,259000,20
12493,201112,S.L.,2,8000,20
12494,201111,S.L.,10,136000,20
12495,201110,S.L.,8,53000,20
12496,201109,S.L.,6,19000,20
12497,201108,S.L.,3,25000,20
12498,201107,S.L.,9,40000,20
12499,201106,S.L.,4,13000,20
12500,201105,S.L.,12,155000,20
12501,201104,S.L.,1,3000,20
12502,201103,S.L.,7,22000,20
12503,201102,S.L.,6,104000,20
12504,201101,S.L.,9,254000,20
12505,201012,S.L.,2,75000,20
12506,201011,S.L.,8,60000,20
12507,201010,S.L.,3,66000,20
12508,201009,S.L.,4,210000,20
12509,201008,S.L.,3,206000,20
12510,201007,S.L.,4,82000,20
12511,201006,S.L.,7,22000,20
12512,201005,S.L.,8,246000,20
12513,201004,S.L.,5,616000,20
12514,201003,S.L.,6,33000,20
12515,201002,S.L.,4,12000,20
12516,201001,S.L.,7,32000,20
12517,200912,S.L.,8,100000,20
12518,200911,S.L.,8,183000,20
12519,200910,S.L.,8,298000,20
12520,200909,S.L.,2,6000,20
12521,200908,S.L.,4,13000,20
12522,200907,S.L.,4,14000,20
12523,200906,S.L.,11,62000,20
12524,200905,S.L.,2,6000,20
12525,200904,S.L.,4,12000,20
12526,200903,S.L.,7,30000,20
12527,200902,S.L.,10,56000,20
12528,200901,S.L.,9,28000,20
12529,200812,S.L.,4,15000,20
12530,200811,S.L.,2,6000,20
12531,200810,S.L.,1,3000,20
12532,200809,S.L.,3,267000,20
12533,200808,S.L.,3,10000,20
12534,200807,S.L.,4,12000,20
12535,200806,S.L.,1,4000,20
12536,200805,S.L.,3,12000,20
12537,200804,S.L.,10,32000,20
12538,200803,S.L.,8,173000,20
12539,200802,S.L.,8,26000,20
12540,200801,S.L.,6,20000,20
12541,202604,S.Com./S.C.,0,0,2
12542,202603,S.Com./S.C.,0,0,2
12543,202602,S.Com./S.C.,0,0,2
12544,202601,S.Com./S.C.,0,0,2
12545,202512,S.Com./S.C.,0,0,2
12546,202511,S.Com./S.C.,0,0,2
12547,202510,S.Com./S.C.,0,0,2
12548,202509,S.Com./S.C.,0,0,2
12549,202508,S.Com./S.C.,0,0,2
12550,202507,S.Com./S.C.,0,0,2
12551,202506,S.Com./S.C.,0,0,2
12552,202505,S.Com./S.C.,0,0,2
12553,202504,S.Com./S.C.,0,0,2
12554,202503,S.Com./S.C.,0,0,2
12555,202502,S.Com./S.C.,0,0,2
12556,202501,S.Com./S.C.,0,0,2
12557,202412,S.Com./S.C.,0,0,2
12558,202411,S.Com./S.C.,0,0,2
12559,202410,S.Com./S.C.,0,0,2
12560,202409,S.Com./S.C.,0,0,2
12561,202408,S.Com./S.C.,0,0,2
12562,202407,S.Com./S.C.,0,0,2
12563,202406,S.Com./S.C.,0,0,2
12564,202405,S.Com./S.C.,0,0,2
12565,202404,S.Com./S.C.,0,0,2
12566,202403,S.Com./S.C.,0,0,2
12567,202402,S.Com./S.C.,0,0,2
12568,202401,S.Com./S.C.,1,0,2
12569,202312,S.Com./S.C.,0,0,2
12570,202311,S.Com./S.C.,0,0,2
12571,202310,S.Com./S.C.,0,0,2
12572,202309,S.Com./S.C.,0,0,2
12573,202308,S.Com./S.C.,0,0,2
12574,202307,S.Com./S.C.,0,0,2
12575,202306,S.Com./S.C.,0,0,2
12576,202305,S.Com./S.C.,0,0,2
12577,202304,S.Com./S.C.,0,0,2
12578,202303,S.Com./S.C.,0,0,2
12579,202302,S.Com./S.C.,0,0,2
12580,202301,S.Com./S.C.,0,0,2
12581,202212,S.Com./S.C.,0,0,2
12582,202211,S.Com./S.C.,0,0,2
12583,202210,S.Com./S.C.,0,0,2
12584,202209,S.Com./S.C.,0,0,2
12585,202208,S.Com./S.C.,0,0,2
12586,202207,S.Com./S.C.,0,0,2
12587,202206,S.Com./S.C.,0,0,2
12588,202205,S.Com./S.C.,0,0,2
12589,202204,S.Com./S.C.,0,0,2
12590,202203,S.Com./S.C.,0,0,2
12591,202202,S.Com./S.C.,0,0,2
12592,202201,S.Com./S.C.,0,0,2
12593,202112,S.Com./S.C.,1,3000,2
12594,202111,S.Com./S.C.,0,0,2
12595,202110,S.Com./S.C.,0,0,2
12596,202109,S.Com./S.C.,0,0,2
12597,202108,S.Com./S.C.,0,0,2
12598,202107,S.Com./S.C.,0,0,2
12599,202106,S.Com./S.C.,0,0,2
12600,202105,S.Com./S.C.,0,0,2
12601,202104,S.Com./S.C.,0,0,2
12602,202103,S.Com./S.C.,0,0,2
12603,202102,S.Com./S.C.,0,0,2
12604,202101,S.Com./S.C.,0,0,2
12605,202012,S.Com./S.C.,0,0,2
12606,202011,S.Com./S.C.,0,0,2
12607,202010,S.Com./S.C.,0,0,2
12608,202009,S.Com./S.C.,0,0,2
12609,202008,S.Com./S.C.,0,0,2
12610,202007,S.Com./S.C.,0,0,2
12611,202006,S.Com./S.C.,0,0,2
12612,202005,S.Com./S.C.,0,0,2
12613,202004,S.Com./S.C.,0,0,2
12614,202003,S.Com./S.C.,0,0,2
12615,202002,S.Com./S.C.,0,0,2
12616,202001,S.Com./S.C.,0,0,2
12617,201912,S.Com./S.C.,0,0,2
12618,201911,S.Com./S.C.,0,0,2
12619,201910,S.Com./S.C.,0,0,2
12620,201909,S.Com./S.C.,0,0,2
12621,201908,S.Com./S.C.,0,0,2
12622,201907,S.Com./S.C.,0,0,2
12623,201906,S.Com./S.C.,1,6000,2
12624,201905,S.Com./S.C.,0,0,2
12625,201904,S.Com./S.C.,0,0,2
12626,201903,S.Com./S.C.,0,0,2
12627,201902,S.Com./S.C.,0,0,2
12628,201901,S.Com./S.C.,0,0,2
12629,201812,S.Com./S.C.,0,0,2
12630,201811,S.Com./S.C.,0,0,2
12631,201810,S.Com./S.C.,0,0,2
12632,201809,S.Com./S.C.,0,0,2
12633,201808,S.Com./S.C.,0,0,2
12634,201807,S.Com./S.C.,0,0,2
12635,201806,S.Com./S.C.,0,0,2
12636,201805,S.Com./S.C.,0,0,2
12637,201804,S.Com./S.C.,0,0,2
12638,201803,S.Com./S.C.,0,0,2
12639,201802,S.Com./S.C.,0,0,2
12640,201801,S.Com./S.C.,0,0,2
12641,201712,S.Com./S.C.,0,0,2
12642,201711,S.Com./S.C.,0,0,2
12643,201710,S.Com./S.C.,0,0,2
12644,201709,S.Com./S.C.,0,0,2
12645,201708,S.Com./S.C.,0,0,2
12646,201707,S.Com./S.C.,1,3000,2
12647,201706,S.Com./S.C.,0,0,2
12648,201705,S.Com./S.C.,0,0,2
12649,201704,S.Com./S.C.,0,0,2
12650,201703,S.Com./S.C.,0,0,2
12651,201702,S.Com./S.C.,0,0,2
12652,201701,S.Com./S.C.,0,0,2
12653,201612,S.Com./S.C.,0,0,2
12654,201611,S.Com./S.C.,0,0,2
12655,201610,S.Com./S.C.,1,0,2
12656,201609,S.Com./S.C.,1,3000,2
12657,201608,S.Com./S.C.,0,0,2
12658,201607,S.Com./S.C.,0,0,2
12659,201606,S.Com./S.C.,0,0,2
12660,201605,S.Com./S.C.,0,0,2
12661,201604,S.Com./S.C.,0,0,2
12662,201603,S.Com./S.C.,1,6000,2
12663,201602,S.Com./S.C.,0,0,2
12664,201601,S.Com./S.C.,0,0,2
12665,201512,S.Com./S.C.,0,0,2
12666,201511,S.Com./S.C.,0,0,2
12667,201510,S.Com./S.C.,1,1000,2
12668,201509,S.Com./S.C.,0,0,2
12669,201508,S.Com./S.C.,0,0,2
12670,201507,S.Com./S.C.,0,0,2
12671,201506,S.Com./S.C.,0,0,2
12672,201505,S.Com./S.C.,0,0,2
12673,201504,S.Com./S.C.,1,0,2
12674,201503,S.Com./S.C.,0,0,2
12675,201502,S.Com./S.C.,0,0,2
12676,201501,S.Com./S.C.,0,0,2
12677,201412,S.Com./S.C.,0,0,2
12678,201411,S.Com./S.C.,0,0,2
12679,201410,S.Com./S.C.,0,0,2
12680,201409,S.Com./S.C.,0,0,2
12681,201408,S.Com./S.C.,0,0,2
12682,201407,S.Com./S.C.,0,0,2
12683,201406,S.Com./S.C.,0,0,2
12684,201405,S.Com./S.C.,0,0,2
12685,201404,S.Com./S.C.,0,0,2
12686,201403,S.Com./S.C.,0,0,2
12687,201402,S.Com./S.C.,0,0,2
12688,201401,S.Com./S.C.,0,0,2
12689,201312,S.Com./S.C.,0,0,2
12690,201311,S.Com./S.C.,0,0,2
12691,201310,S.Com./S.C.,0,0,2
12692,201309,S.Com./S.C.,0,0,2
12693,201308,S.Com./S.C.,0,0,2
12694,201307,S.Com./S.C.,0,0,2
12695,201306,S.Com./S.C.,0,0,2
12696,201305,S.Com./S.C.,1,5000,2
12697,201304,S.Com./S.C.,0,0,2
12698,201303,S.Com./S.C.,0,0,2
12699,201302,S.Com./S.C.,0,0,2
12700,201301,S.Com./S.C.,0,0,2
12701,201212,S.Com./S.C.,0,0,2
12702,201211,S.Com./S.C.,0,0,2
12703,201210,S.Com./S.C.,0,0,2
12704,201209,S.Com./S.C.,0,0,2
12705,201208,S.Com./S.C.,0,0,2
12706,201207,S.Com./S.C.,0,0,2
12707,201206,S.Com./S.C.,0,0,2
12708,201205,S.Com./S.C.,0,0,2
12709,201204,S.Com./S.C.,0,0,2
12710,201203,S.Com./S.C.,0,0,2
12711,201202,S.Com./S.C.,0,0,2
12712,201201,S.Com./S.C.,1,2000,2
12713,201112,S.Com./S.C.,0,0,2
12714,201111,S.Com./S.C.,0,0,2
12715,201110,S.Com./S.C.,1,10001000,2
12716,201109,S.Com./S.C.,0,0,2
12717,201108,S.Com./S.C.,0,0,2
12718,201107,S.Com./S.C.,0,0,2
12719,201106,S.Com./S.C.,0,0,2
12720,201105,S.Com./S.C.,0,0,2
12721,201104,S.Com./S.C.,0,0,2
12722,201103,S.Com./S.C.,0,0,2
12723,201102,S.Com./S.C.,0,0,2
12724,201101,S.Com./S.C.,0,0,2
12725,201012,S.Com./S.C.,0,0,2
12726,201011,S.Com./S.C.,4,4000,2
12727,201010,S.Com./S.C.,1,1000,2
12728,201009,S.Com./S.C.,1,1000,2
12729,201008,S.Com./S.C.,0,0,2
12730,201007,S.Com./S.C.,0,0,2
12731,201006,S.Com./S.C.,4,3000,2
12732,201005,S.Com./S.C.,0,0,2
12733,201004,S.Com./S.C.,0,0,2
12734,201003,S.Com./S.C.,0,0,2
12735,201002,S.Com./S.C.,0,0,2
12736,201001,S.Com./S.C.,0,0,2
12737,200912,S.Com./S.C.,0,0,2
12738,200911,S.Com./S.C.,0,0,2
12739,200910,S.Com./S.C.,0,0,2
12740,200909,S.Com./S.C.,0,0,2
12741,200908,S.Com./S.C.,0,0,2
12742,200907,S.Com./S.C.,0,0,2
12743,200906,S.Com./S.C.,0,0,2
12744,200905,S.Com./S.C.,0,0,2
12745,200904,S.Com./S.C.,0,0,2
12746,200903,S.Com./S.C.,0,0,2
12747,200902,S.Com./S.C.,0,0,2
12748,200901,S.Com./S.C.,0,0,2
12749,200812,S.Com./S.C.,0,0,2
12750,200811,S.Com./S.C.,0,0,2
12751,200810,S.Com./S.C.,0,0,2
12752,200809,S.Com./S.C.,0,0,2
12753,200808,S.Com./S.C.,0,0,2
12754,200807,S.Com./S.C.,6,18000,2
12755,200806,S.Com./S.C.,0,0,2
12756,200805,S.Com./S.C.,0,0,2
12757,200804,S.Com./S.C.,0,0,2
12758,200803,S.Com./S.C.,0,0,2
12759,200802,S.Com./S.C.,0,0,2
12760,200801,S.Com./S.C.,0,0,2
12761,202604,S.Com./S.C.,0,0,3
12762,202603,S.Com./S.C.,0,0,3
12763,202602,S.Com./S.C.,0,0,3
12764,202601,S.Com./S.C.,0,0,3
12765,202512,S.Com./S.C.,0,0,3
12766,202511,S.Com./S.C.,0,0,3
12767,202510,S.Com./S.C.,1,21000,3
12768,202509,S.Com./S.C.,0,0,3
12769,202508,S.Com./S.C.,0,0,3
12770,202507,S.Com./S.C.,0,0,3
12771,202506,S.Com./S.C.,0,0,3
12772,202505,S.Com./S.C.,1,4000,3
12773,202504,S.Com./S.C.,0,0,3
12774,202503,S.Com./S.C.,0,0,3
12775,202502,S.Com./S.C.,0,0,3
12776,202501,S.Com./S.C.,0,0,3
12777,202412,S.Com./S.C.,0,0,3
12778,202411,S.Com./S.C.,0,0,3
12779,202410,S.Com./S.C.,0,0,3
12780,202409,S.Com./S.C.,1,374000,3
12781,202408,S.Com./S.C.,0,0,3
12782,202407,S.Com./S.C.,0,0,3
12783,202406,S.Com./S.C.,0,0,3
12784,202405,S.Com./S.C.,0,0,3
12785,202404,S.Com./S.C.,1,8000,3
12786,202403,S.Com./S.C.,0,0,3
12787,202402,S.Com./S.C.,0,0,3
12788,202401,S.Com./S.C.,0,0,3
12789,202312,S.Com./S.C.,1,3000,3
12790,202311,S.Com./S.C.,0,0,3
12791,202310,S.Com./S.C.,0,0,3
12792,202309,S.Com./S.C.,0,0,3
12793,202308,S.Com./S.C.,1,3000,3
12794,202307,S.Com./S.C.,0,0,3
12795,202306,S.Com./S.C.,0,0,3
12796,202305,S.Com./S.C.,0,0,3
12797,202304,S.Com./S.C.,0,0,3
12798,202303,S.Com./S.C.,0,0,3
12799,202302,S.Com./S.C.,0,0,3
12800,202301,S.Com./S.C.,0,0,3
12801,202212,S.Com./S.C.,0,0,3
12802,202211,S.Com./S.C.,0,0,3
12803,202210,S.Com./S.C.,0,0,3
12804,202209,S.Com./S.C.,0,0,3
12805,202208,S.Com./S.C.,0,0,3
12806,202207,S.Com./S.C.,1,3000,3
12807,202206,S.Com./S.C.,1,308000,3
12808,202205,S.Com./S.C.,0,0,3
12809,202204,S.Com./S.C.,0,0,3
12810,202203,S.Com./S.C.,0,0,3
12811,202202,S.Com./S.C.,1,3000,3
12812,202201,S.Com./S.C.,0,0,3
12813,202112,S.Com./S.C.,0,0,3
12814,202111,S.Com./S.C.,0,0,3
12815,202110,S.Com./S.C.,0,0,3
12816,202109,S.Com./S.C.,0,0,3
12817,202108,S.Com./S.C.,0,0,3
12818,202107,S.Com./S.C.,1,3000,3
12819,202106,S.Com./S.C.,0,0,3
12820,202105,S.Com./S.C.,0,0,3
12821,202104,S.Com./S.C.,0,0,3
12822,202103,S.Com./S.C.,0,0,3
12823,202102,S.Com./S.C.,0,0,3
12824,202101,S.Com./S.C.,0,0,3
12825,202012,S.Com./S.C.,0,0,3
12826,202011,S.Com./S.C.,0,0,3
12827,202010,S.Com./S.C.,0,0,3
12828,202009,S.Com./S.C.,0,0,3
12829,202008,S.Com./S.C.,0,0,3
12830,202007,S.Com./S.C.,0,0,3
12831,202006,S.Com./S.C.,0,0,3
12832,202005,S.Com./S.C.,0,0,3
12833,202004,S.Com./S.C.,0,0,3
12834,202003,S.Com./S.C.,0,0,3
12835,202002,S.Com./S.C.,1,64000,3
12836,202001,S.Com./S.C.,0,0,3
12837,201912,S.Com./S.C.,0,0,3
12838,201911,S.Com./S.C.,2,413000,3
12839,201910,S.Com./S.C.,0,0,3
12840,201909,S.Com./S.C.,1,24000,3
12841,201908,S.Com./S.C.,0,0,3
12842,201907,S.Com./S.C.,0,0,3
12843,201906,S.Com./S.C.,0,0,3
12844,201905,S.Com./S.C.,0,0,3
12845,201904,S.Com./S.C.,0,0,3
12846,201903,S.Com./S.C.,0,0,3
12847,201902,S.Com./S.C.,1,6000,3
12848,201901,S.Com./S.C.,1,140000,3
12849,201812,S.Com./S.C.,1,6000,3
12850,201811,S.Com./S.C.,0,0,3
12851,201810,S.Com./S.C.,0,0,3
12852,201809,S.Com./S.C.,0,0,3
12853,201808,S.Com./S.C.,0,0,3
12854,201807,S.Com./S.C.,0,0,3
12855,201806,S.Com./S.C.,0,0,3
12856,201805,S.Com./S.C.,0,0,3
12857,201804,S.Com./S.C.,0,0,3
12858,201803,S.Com./S.C.,0,0,3
12859,201802,S.Com./S.C.,0,0,3
12860,201801,S.Com./S.C.,0,0,3
12861,201712,S.Com./S.C.,0,0,3
12862,201711,S.Com./S.C.,1,3000,3
12863,201710,S.Com./S.C.,0,0,3
12864,201709,S.Com./S.C.,0,0,3
12865,201708,S.Com./S.C.,0,0,3
12866,201707,S.Com./S.C.,1,45000,3
12867,201706,S.Com./S.C.,0,0,3
12868,201705,S.Com./S.C.,0,0,3
12869,201704,S.Com./S.C.,0,0,3
12870,201703,S.Com./S.C.,0,0,3
12871,201702,S.Com./S.C.,0,0,3
12872,201701,S.Com./S.C.,0,0,3
12873,201612,S.Com./S.C.,0,0,3
12874,201611,S.Com./S.C.,0,0,3
12875,201610,S.Com./S.C.,1,28000,3
12876,201609,S.Com./S.C.,0,0,3
12877,201608,S.Com./S.C.,1,26000,3
12878,201607,S.Com./S.C.,2,6000,3
12879,201606,S.Com./S.C.,1,33000,3
12880,201605,S.Com./S.C.,0,0,3
12881,201604,S.Com./S.C.,0,0,3
12882,201603,S.Com./S.C.,0,0,3
12883,201602,S.Com./S.C.,2,381000,3
12884,201601,S.Com./S.C.,0,0,3
12885,201512,S.Com./S.C.,0,0,3
12886,201511,S.Com./S.C.,0,0,3
12887,201510,S.Com./S.C.,0,0,3
12888,201509,S.Com./S.C.,0,0,3
12889,201508,S.Com./S.C.,0,0,3
12890,201507,S.Com./S.C.,0,0,3
12891,201506,S.Com./S.C.,0,0,3
12892,201505,S.Com./S.C.,0,0,3
12893,201504,S.Com./S.C.,0,0,3
12894,201503,S.Com./S.C.,1,4000,3
12895,201502,S.Com./S.C.,0,0,3
12896,201501,S.Com./S.C.,0,0,3
12897,201412,S.Com./S.C.,0,0,3
12898,201411,S.Com./S.C.,0,0,3
12899,201410,S.Com./S.C.,0,0,3
12900,201409,S.Com./S.C.,0,0,3
12901,201408,S.Com./S.C.,0,0,3
12902,201407,S.Com./S.C.,0,0,3
12903,201406,S.Com./S.C.,0,0,3
12904,201405,S.Com./S.C.,0,0,3
12905,201404,S.Com./S.C.,0,0,3
12906,201403,S.Com./S.C.,0,0,3
12907,201402,S.Com./S.C.,0,0,3
12908,201401,S.Com./S.C.,0,0,3
12909,201312,S.Com./S.C.,0,0,3
12910,201311,S.Com./S.C.,0,0,3
12911,201310,S.Com./S.C.,0,0,3
12912,201309,S.Com./S.C.,0,0,3
12913,201308,S.Com./S.C.,0,0,3
12914,201307,S.Com./S.C.,0,0,3
12915,201306,S.Com./S.C.,0,0,3
12916,201305,S.Com./S.C.,0,0,3
12917,201304,S.Com./S.C.,0,0,3
12918,201303,S.Com./S.C.,0,0,3
12919,201302,S.Com./S.C.,0,0,3
12920,201301,S.Com./S.C.,0,0,3
12921,201212,S.Com./S.C.,0,0,3
12922,201211,S.Com./S.C.,0,0,3
12923,201210,S.Com./S.C.,0,0,3
12924,201209,S.Com./S.C.,0,0,3
12925,201208,S.Com./S.C.,0,0,3
12926,201207,S.Com./S.C.,0,0,3
12927,201206,S.Com./S.C.,0,0,3
12928,201205,S.Com./S.C.,0,0,3
12929,201204,S.Com./S.C.,0,0,3
12930,201203,S.Com./S.C.,0,0,3
12931,201202,S.Com./S.C.,0,0,3
12932,201201,S.Com./S.C.,0,0,3
12933,201112,S.Com./S.C.,0,0,3
12934,201111,S.Com./S.C.,0,0,3
12935,201110,S.Com./S.C.,0,0,3
12936,201109,S.Com./S.C.,0,0,3
12937,201108,S.Com./S.C.,0,0,3
12938,201107,S.Com./S.C.,0,0,3
12939,201106,S.Com./S.C.,0,0,3
12940,201105,S.Com./S.C.,0,0,3
12941,201104,S.Com./S.C.,0,0,3
12942,201103,S.Com./S.C.,0,0,3
12943,201102,S.Com./S.C.,0,0,3
12944,201101,S.Com./S.C.,0,0,3
12945,201012,S.Com./S.C.,0,0,3
12946,201011,S.Com./S.C.,0,0,3
12947,201010,S.Com./S.C.,1,99000,3
12948,201009,S.Com./S.C.,0,0,3
12949,201008,S.Com./S.C.,0,0,3
12950,201007,S.Com./S.C.,0,0,3
12951,201006,S.Com./S.C.,0,0,3
12952,201005,S.Com./S.C.,0,0,3
12953,201004,S.Com./S.C.,0,0,3
12954,201003,S.Com./S.C.,1,56000,3
12955,201002,S.Com./S.C.,0,0,3
12956,201001,S.Com./S.C.,1,154000,3
12957,200912,S.Com./S.C.,2,182000,3
12958,200911,S.Com./S.C.,0,0,3
12959,200910,S.Com./S.C.,0,0,3
12960,200909,S.Com./S.C.,0,0,3
12961,200908,S.Com./S.C.,0,0,3
12962,200907,S.Com./S.C.,0,0,3
12963,200906,S.Com./S.C.,0,0,3
12964,200905,S.Com./S.C.,0,0,3
12965,200904,S.Com./S.C.,0,0,3
12966,200903,S.Com./S.C.,0,0,3
12967,200902,S.Com./S.C.,0,0,3
12968,200901,S.Com./S.C.,0,0,3
12969,200812,S.Com./S.C.,0,0,3
12970,200811,S.Com./S.C.,0,0,3
12971,200810,S.Com./S.C.,0,0,3
12972,200809,S.Com./S.C.,0,0,3
12973,200808,S.Com./S.C.,0,0,3
12974,200807,S.Com./S.C.,1,1000,3
12975,200806,S.Com./S.C.,0,0,3
12976,200805,S.Com./S.C.,0,0,3
12977,200804,S.Com./S.C.,0,0,3
12978,200803,S.Com./S.C.,0,0,3
12979,200802,S.Com./S.C.,1,271000,3
12980,200801,S.Com./S.C.,0,0,3
12981,202604,S.Com./S.C.,0,0,4
12982,202603,S.Com./S.C.,0,0,4
12983,202602,S.Com./S.C.,0,0,4
12984,202601,S.Com./S.C.,0,0,4
12985,202512,S.Com./S.C.,0,0,4
12986,202511,S.Com./S.C.,0,0,4
12987,202510,S.Com./S.C.,0,0,4
12988,202509,S.Com./S.C.,0,0,4
12989,202508,S.Com./S.C.,0,0,4
12990,202507,S.Com./S.C.,0,0,4
12991,202506,S.Com./S.C.,0,0,4
12992,202505,S.Com./S.C.,0,0,4
12993,202504,S.Com./S.C.,0,0,4
12994,202503,S.Com./S.C.,0,0,4
12995,202502,S.Com./S.C.,0,0,4
12996,202501,S.Com./S.C.,0,0,4
12997,202412,S.Com./S.C.,0,0,4
12998,202411,S.Com./S.C.,0,0,4
12999,202410,S.Com./S.C.,0,0,4
13000,202409,S.Com./S.C.,0,0,4
13001,202408,S.Com./S.C.,0,0,4
13002,202407,S.Com./S.C.,0,0,4
13003,202406,S.Com./S.C.,0,0,4
13004,202405,S.Com./S.C.,0,0,4
13005,202404,S.Com./S.C.,0,0,4
13006,202403,S.Com./S.C.,0,0,4
13007,202402,S.Com./S.C.,0,0,4
13008,202401,S.Com./S.C.,0,0,4
13009,202312,S.Com./S.C.,0,0,4
13010,202311,S.Com./S.C.,0,0,4
13011,202310,S.Com./S.C.,0,0,4
13012,202309,S.Com./S.C.,0,0,4
13013,202308,S.Com./S.C.,0,0,4
13014,202307,S.Com./S.C.,0,0,4
13015,202306,S.Com./S.C.,0,0,4
13016,202305,S.Com./S.C.,0,0,4
13017,202304,S.Com./S.C.,0,0,4
13018,202303,S.Com./S.C.,0,0,4
13019,202302,S.Com./S.C.,0,0,4
13020,202301,S.Com./S.C.,0,0,4
13021,202212,S.Com./S.C.,0,0,4
13022,202211,S.Com./S.C.,0,0,4
13023,202210,S.Com./S.C.,0,0,4
13024,202209,S.Com./S.C.,0,0,4
13025,202208,S.Com./S.C.,0,0,4
13026,202207,S.Com./S.C.,0,0,4
13027,202206,S.Com./S.C.,0,0,4
13028,202205,S.Com./S.C.,0,0,4
13029,202204,S.Com./S.C.,0,0,4
13030,202203,S.Com./S.C.,0,0,4
13031,202202,S.Com./S.C.,0,0,4
13032,202201,S.Com./S.C.,0,0,4
13033,202112,S.Com./S.C.,0,0,4
13034,202111,S.Com./S.C.,0,0,4
13035,202110,S.Com./S.C.,0,0,4
13036,202109,S.Com./S.C.,0,0,4
13037,202108,S.Com./S.C.,0,0,4
13038,202107,S.Com./S.C.,0,0,4
13039,202106,S.Com./S.C.,0,0,4
13040,202105,S.Com./S.C.,0,0,4
13041,202104,S.Com./S.C.,0,0,4
13042,202103,S.Com./S.C.,0,0,4
13043,202102,S.Com./S.C.,0,0,4
13044,202101,S.Com./S.C.,0,0,4
13045,202012,S.Com./S.C.,0,0,4
13046,202011,S.Com./S.C.,0,0,4
13047,202010,S.Com./S.C.,1,3000,4
13048,202009,S.Com./S.C.,0,0,4
13049,202008,S.Com./S.C.,0,0,4
13050,202007,S.Com./S.C.,0,0,4
13051,202006,S.Com./S.C.,0,0,4
13052,202005,S.Com./S.C.,0,0,4
13053,202004,S.Com./S.C.,0,0,4
13054,202003,S.Com./S.C.,0,0,4
13055,202002,S.Com./S.C.,0,0,4
13056,202001,S.Com./S.C.,0,0,4
13057,201912,S.Com./S.C.,0,0,4
13058,201911,S.Com./S.C.,0,0,4
13059,201910,S.Com./S.C.,0,0,4
13060,201909,S.Com./S.C.,0,0,4
13061,201908,S.Com./S.C.,0,0,4
13062,201907,S.Com./S.C.,0,0,4
13063,201906,S.Com./S.C.,0,0,4
13064,201905,S.Com./S.C.,0,0,4
13065,201904,S.Com./S.C.,0,0,4
13066,201903,S.Com./S.C.,0,0,4
13067,201902,S.Com./S.C.,0,0,4
13068,201901,S.Com./S.C.,0,0,4
13069,201812,S.Com./S.C.,0,0,4
13070,201811,S.Com./S.C.,0,0,4
13071,201810,S.Com./S.C.,0,0,4
13072,201809,S.Com./S.C.,0,0,4
13073,201808,S.Com./S.C.,0,0,4
13074,201807,S.Com./S.C.,0,0,4
13075,201806,S.Com./S.C.,0,0,4
13076,201805,S.Com./S.C.,0,0,4
13077,201804,S.Com./S.C.,0,0,4
13078,201803,S.Com./S.C.,0,0,4
13079,201802,S.Com./S.C.,0,0,4
13080,201801,S.Com./S.C.,0,0,4
13081,201712,S.Com./S.C.,0,0,4
13082,201711,S.Com./S.C.,0,0,4
13083,201710,S.Com./S.C.,0,0,4
13084,201709,S.Com./S.C.,0,0,4
13085,201708,S.Com./S.C.,0,0,4
13086,201707,S.Com./S.C.,0,0,4
13087,201706,S.Com./S.C.,0,0,4
13088,201705,S.Com./S.C.,0,0,4
13089,201704,S.Com./S.C.,0,0,4
13090,201703,S.Com./S.C.,0,0,4
13091,201702,S.Com./S.C.,0,0,4
13092,201701,S.Com./S.C.,0,0,4
13093,201612,S.Com./S.C.,0,0,4
13094,201611,S.Com./S.C.,0,0,4
13095,201610,S.Com./S.C.,0,0,4
13096,201609,S.Com./S.C.,0,0,4
13097,201608,S.Com./S.C.,0,0,4
13098,201607,S.Com./S.C.,0,0,4
13099,201606,S.Com./S.C.,0,0,4
13100,201605,S.Com./S.C.,2,42000,4
13101,201604,S.Com./S.C.,0,0,4
13102,201603,S.Com./S.C.,0,0,4
13103,201602,S.Com./S.C.,1,3000,4
13104,201601,S.Com./S.C.,0,0,4
13105,201512,S.Com./S.C.,0,0,4
13106,201511,S.Com./S.C.,0,0,4
13107,201510,S.Com./S.C.,0,0,4
13108,201509,S.Com./S.C.,0,0,4
13109,201508,S.Com./S.C.,0,0,4
13110,201507,S.Com./S.C.,0,0,4
13111,201506,S.Com./S.C.,0,0,4
13112,201505,S.Com./S.C.,0,0,4
13113,201504,S.Com./S.C.,0,0,4
13114,201503,S.Com./S.C.,0,0,4
13115,201502,S.Com./S.C.,0,0,4
13116,201501,S.Com./S.C.,0,0,4
13117,201412,S.Com./S.C.,0,0,4
13118,201411,S.Com./S.C.,0,0,4
13119,201410,S.Com./S.C.,0,0,4
13120,201409,S.Com./S.C.,0,0,4
13121,201408,S.Com./S.C.,0,0,4
13122,201407,S.Com./S.C.,0,0,4
13123,201406,S.Com./S.C.,0,0,4
13124,201405,S.Com./S.C.,0,0,4
13125,201404,S.Com./S.C.,0,0,4
13126,201403,S.Com./S.C.,0,0,4
13127,201402,S.Com./S.C.,0,0,4
13128,201401,S.Com./S.C.,0,0,4
13129,201312,S.Com./S.C.,0,0,4
13130,201311,S.Com./S.C.,0,0,4
13131,201310,S.Com./S.C.,0,0,4
13132,201309,S.Com./S.C.,0,0,4
13133,201308,S.Com./S.C.,0,0,4
13134,201307,S.Com./S.C.,0,0,4
13135,201306,S.Com./S.C.,0,0,4
13136,201305,S.Com./S.C.,0,0,4
13137,201304,S.Com./S.C.,0,0,4
13138,201303,S.Com./S.C.,0,0,4
13139,201302,S.Com./S.C.,0,0,4
13140,201301,S.Com./S.C.,0,0,4
13141,201212,S.Com./S.C.,0,0,4
13142,201211,S.Com./S.C.,0,0,4
13143,201210,S.Com./S.C.,0,0,4
13144,201209,S.Com./S.C.,0,0,4
13145,201208,S.Com./S.C.,0,0,4
13146,201207,S.Com./S.C.,0,0,4
13147,201206,S.Com./S.C.,0,0,4
13148,201205,S.Com./S.C.,0,0,4
13149,201204,S.Com./S.C.,0,0,4
13150,201203,S.Com./S.C.,0,0,4
13151,201202,S.Com./S.C.,0,0,4
13152,201201,S.Com./S.C.,0,0,4
13153,201112,S.Com./S.C.,0,0,4
13154,201111,S.Com./S.C.,0,0,4
13155,201110,S.Com./S.C.,0,0,4
13156,201109,S.Com./S.C.,0,0,4
13157,201108,S.Com./S.C.,0,0,4
13158,201107,S.Com./S.C.,0,0,4
13159,201106,S.Com./S.C.,0,0,4
13160,201105,S.Com./S.C.,0,0,4
13161,201104,S.Com./S.C.,0,0,4
13162,201103,S.Com./S.C.,0,0,4
13163,201102,S.Com./S.C.,0,0,4
13164,201101,S.Com./S.C.,0,0,4
13165,201012,S.Com./S.C.,0,0,4
13166,201011,S.Com./S.C.,0,0,4
13167,201010,S.Com./S.C.,0,0,4
13168,201009,S.Com./S.C.,0,0,4
13169,201008,S.Com./S.C.,0,0,4
13170,201007,S.Com./S.C.,0,0,4
13171,201006,S.Com./S.C.,0,0,4
13172,201005,S.Com./S.C.,0,0,4
13173,201004,S.Com./S.C.,0,0,4
13174,201003,S.Com./S.C.,0,0,4
13175,201002,S.Com./S.C.,0,0,4
13176,201001,S.Com./S.C.,0,0,4
13177,200912,S.Com./S.C.,0,0,4
13178,200911,S.Com./S.C.,0,0,4
13179,200910,S.Com./S.C.,0,0,4
13180,200909,S.Com./S.C.,0,0,4
13181,200908,S.Com./S.C.,0,0,4
13182,200907,S.Com./S.C.,0,0,4
13183,200906,S.Com./S.C.,0,0,4
13184,200905,S.Com./S.C.,0,0,4
13185,200904,S.Com./S.C.,0,0,4
13186,200903,S.Com./S.C.,0,0,4
13187,200902,S.Com./S.C.,0,0,4
13188,200901,S.Com./S.C.,0,0,4
13189,200812,S.Com./S.C.,0,0,4
13190,200811,S.Com./S.C.,0,0,4
13191,200810,S.Com./S.C.,0,0,4
13192,200809,S.Com./S.C.,0,0,4
13193,200808,S.Com./S.C.,0,0,4
13194,200807,S.Com./S.C.,0,0,4
13195,200806,S.Com./S.C.,0,0,4
13196,200805,S.Com./S.C.,0,0,4
13197,200804,S.Com./S.C.,0,0,4
13198,200803,S.Com./S.C.,0,0,4
13199,200802,S.Com./S.C.,0,0,4
13200,200801,S.Com./S.C.,0,0,4
13201,202604,S.Com./S.C.,0,0,5
13202,202603,S.Com./S.C.,0,0,5
13203,202602,S.Com./S.C.,0,0,5
13204,202601,S.Com./S.C.,0,0,5
13205,202512,S.Com./S.C.,0,0,5
13206,202511,S.Com./S.C.,0,0,5
13207,202510,S.Com./S.C.,0,0,5
13208,202509,S.Com./S.C.,0,0,5
13209,202508,S.Com./S.C.,0,0,5
13210,202507,S.Com./S.C.,0,0,5
13211,202506,S.Com./S.C.,0,0,5
13212,202505,S.Com./S.C.,1,1000,5
13213,202504,S.Com./S.C.,0,0,5
13214,202503,S.Com./S.C.,0,0,5
13215,202502,S.Com./S.C.,0,0,5
13216,202501,S.Com./S.C.,0,0,5
13217,202412,S.Com./S.C.,0,0,5
13218,202411,S.Com./S.C.,0,0,5
13219,202410,S.Com./S.C.,0,0,5
13220,202409,S.Com./S.C.,0,0,5
13221,202408,S.Com./S.C.,0,0,5
13222,202407,S.Com./S.C.,0,0,5
13223,202406,S.Com./S.C.,0,0,5
13224,202405,S.Com./S.C.,0,0,5
13225,202404,S.Com./S.C.,0,0,5
13226,202403,S.Com./S.C.,0,0,5
13227,202402,S.Com./S.C.,0,0,5
13228,202401,S.Com./S.C.,1,13176000,5
13229,202312,S.Com./S.C.,0,0,5
13230,202311,S.Com./S.C.,0,0,5
13231,202310,S.Com./S.C.,0,0,5
13232,202309,S.Com./S.C.,0,0,5
13233,202308,S.Com./S.C.,0,0,5
13234,202307,S.Com./S.C.,0,0,5
13235,202306,S.Com./S.C.,0,0,5
13236,202305,S.Com./S.C.,0,0,5
13237,202304,S.Com./S.C.,0,0,5
13238,202303,S.Com./S.C.,0,0,5
13239,202302,S.Com./S.C.,0,0,5
13240,202301,S.Com./S.C.,0,0,5
13241,202212,S.Com./S.C.,0,0,5
13242,202211,S.Com./S.C.,0,0,5
13243,202210,S.Com./S.C.,0,0,5
13244,202209,S.Com./S.C.,0,0,5
13245,202208,S.Com./S.C.,0,0,5
13246,202207,S.Com./S.C.,0,0,5
13247,202206,S.Com./S.C.,0,0,5
13248,202205,S.Com./S.C.,0,0,5
13249,202204,S.Com./S.C.,0,0,5
13250,202203,S.Com./S.C.,0,0,5
13251,202202,S.Com./S.C.,0,0,5
13252,202201,S.Com./S.C.,0,0,5
13253,202112,S.Com./S.C.,0,0,5
13254,202111,S.Com./S.C.,0,0,5
13255,202110,S.Com./S.C.,0,0,5
13256,202109,S.Com./S.C.,0,0,5
13257,202108,S.Com./S.C.,0,0,5
13258,202107,S.Com./S.C.,0,0,5
13259,202106,S.Com./S.C.,0,0,5
13260,202105,S.Com./S.C.,0,0,5
13261,202104,S.Com./S.C.,0,0,5
13262,202103,S.Com./S.C.,0,0,5
13263,202102,S.Com./S.C.,0,0,5
13264,202101,S.Com./S.C.,0,0,5
13265,202012,S.Com./S.C.,0,0,5
13266,202011,S.Com./S.C.,0,0,5
13267,202010,S.Com./S.C.,0,0,5
13268,202009,S.Com./S.C.,0,0,5
13269,202008,S.Com./S.C.,0,0,5
13270,202007,S.Com./S.C.,0,0,5
13271,202006,S.Com./S.C.,0,0,5
13272,202005,S.Com./S.C.,0,0,5
13273,202004,S.Com./S.C.,0,0,5
13274,202003,S.Com./S.C.,0,0,5
13275,202002,S.Com./S.C.,0,0,5
13276,202001,S.Com./S.C.,1,3000,5
13277,201912,S.Com./S.C.,0,0,5
13278,201911,S.Com./S.C.,0,0,5
13279,201910,S.Com./S.C.,0,0,5
13280,201909,S.Com./S.C.,0,0,5
13281,201908,S.Com./S.C.,0,0,5
13282,201907,S.Com./S.C.,0,0,5
13283,201906,S.Com./S.C.,0,0,5
13284,201905,S.Com./S.C.,0,0,5
13285,201904,S.Com./S.C.,0,0,5
13286,201903,S.Com./S.C.,0,0,5
13287,201902,S.Com./S.C.,0,0,5
13288,201901,S.Com./S.C.,0,0,5
13289,201812,S.Com./S.C.,0,0,5
13290,201811,S.Com./S.C.,0,0,5
13291,201810,S.Com./S.C.,0,0,5
13292,201809,S.Com./S.C.,0,0,5
13293,201808,S.Com./S.C.,0,0,5
13294,201807,S.Com./S.C.,0,0,5
13295,201806,S.Com./S.C.,0,0,5
13296,201805,S.Com./S.C.,0,0,5
13297,201804,S.Com./S.C.,0,0,5
13298,201803,S.Com./S.C.,0,0,5
13299,201802,S.Com./S.C.,0,0,5
13300,201801,S.Com./S.C.,0,0,5
13301,201712,S.Com./S.C.,0,0,5
13302,201711,S.Com./S.C.,0,0,5
13303,201710,S.Com./S.C.,0,0,5
13304,201709,S.Com./S.C.,0,0,5
13305,201708,S.Com./S.C.,0,0,5
13306,201707,S.Com./S.C.,0,0,5
13307,201706,S.Com./S.C.,0,0,5
13308,201705,S.Com./S.C.,0,0,5
13309,201704,S.Com./S.C.,0,0,5
13310,201703,S.Com./S.C.,0,0,5
13311,201702,S.Com./S.C.,0,0,5
13312,201701,S.Com./S.C.,0,0,5
13313,201612,S.Com./S.C.,0,0,5
13314,201611,S.Com./S.C.,0,0,5
13315,201610,S.Com./S.C.,0,0,5
13316,201609,S.Com./S.C.,0,0,5
13317,201608,S.Com./S.C.,0,0,5
13318,201607,S.Com./S.C.,0,0,5
13319,201606,S.Com./S.C.,0,0,5
13320,201605,S.Com./S.C.,0,0,5
13321,201604,S.Com./S.C.,0,0,5
13322,201603,S.Com./S.C.,0,0,5
13323,201602,S.Com./S.C.,0,0,5
13324,201601,S.Com./S.C.,0,0,5
13325,201512,S.Com./S.C.,0,0,5
13326,201511,S.Com./S.C.,0,0,5
13327,201510,S.Com./S.C.,0,0,5
13328,201509,S.Com./S.C.,0,0,5
13329,201508,S.Com./S.C.,0,0,5
13330,201507,S.Com./S.C.,0,0,5
13331,201506,S.Com./S.C.,0,0,5
13332,201505,S.Com./S.C.,0,0,5
13333,201504,S.Com./S.C.,0,0,5
13334,201503,S.Com./S.C.,0,0,5
13335,201502,S.Com./S.C.,0,0,5
13336,201501,S.Com./S.C.,0,0,5
13337,201412,S.Com./S.C.,0,0,5
13338,201411,S.Com./S.C.,0,0,5
13339,201410,S.Com./S.C.,0,0,5
13340,201409,S.Com./S.C.,0,0,5
13341,201408,S.Com./S.C.,0,0,5
13342,201407,S.Com./S.C.,0,0,5
13343,201406,S.Com./S.C.,0,0,5
13344,201405,S.Com./S.C.,0,0,5
13345,201404,S.Com./S.C.,0,0,5
13346,201403,S.Com./S.C.,0,0,5
13347,201402,S.Com./S.C.,1,636000,5
13348,201401,S.Com./S.C.,0,0,5
13349,201312,S.Com./S.C.,0,0,5
13350,201311,S.Com./S.C.,0,0,5
13351,201310,S.Com./S.C.,0,0,5
13352,201309,S.Com./S.C.,0,0,5
13353,201308,S.Com./S.C.,0,0,5
13354,201307,S.Com./S.C.,0,0,5
13355,201306,S.Com./S.C.,0,0,5
13356,201305,S.Com./S.C.,0,0,5
13357,201304,S.Com./S.C.,0,0,5
13358,201303,S.Com./S.C.,0,0,5
13359,201302,S.Com./S.C.,0,0,5
13360,201301,S.Com./S.C.,0,0,5
13361,201212,S.Com./S.C.,0,0,5
13362,201211,S.Com./S.C.,0,0,5
13363,201210,S.Com./S.C.,0,0,5
13364,201209,S.Com./S.C.,0,0,5
13365,201208,S.Com./S.C.,0,0,5
13366,201207,S.Com./S.C.,0,0,5
13367,201206,S.Com./S.C.,0,0,5
13368,201205,S.Com./S.C.,0,0,5
13369,201204,S.Com./S.C.,0,0,5
13370,201203,S.Com./S.C.,0,0,5
13371,201202,S.Com./S.C.,0,0,5
13372,201201,S.Com./S.C.,0,0,5
13373,201112,S.Com./S.C.,0,0,5
13374,201111,S.Com./S.C.,0,0,5
13375,201110,S.Com./S.C.,0,0,5
13376,201109,S.Com./S.C.,0,0,5
13377,201108,S.Com./S.C.,0,0,5
13378,201107,S.Com./S.C.,0,0,5
13379,201106,S.Com./S.C.,0,0,5
13380,201105,S.Com./S.C.,0,0,5
13381,201104,S.Com./S.C.,0,0,5
13382,201103,S.Com./S.C.,0,0,5
13383,201102,S.Com./S.C.,0,0,5
13384,201101,S.Com./S.C.,0,0,5
13385,201012,S.Com./S.C.,0,0,5
13386,201011,S.Com./S.C.,0,0,5
13387,201010,S.Com./S.C.,0,0,5
13388,201009,S.Com./S.C.,0,0,5
13389,201008,S.Com./S.C.,0,0,5
13390,201007,S.Com./S.C.,0,0,5
13391,201006,S.Com./S.C.,0,0,5
13392,201005,S.Com./S.C.,3,3000,5
13393,201004,S.Com./S.C.,0,0,5
13394,201003,S.Com./S.C.,0,0,5
13395,201002,S.Com./S.C.,1,3000,5
13396,201001,S.Com./S.C.,0,0,5
13397,200912,S.Com./S.C.,1,1000,5
13398,200911,S.Com./S.C.,0,0,5
13399,200910,S.Com./S.C.,0,0,5
13400,200909,S.Com./S.C.,0,0,5
13401,200908,S.Com./S.C.,0,0,5
13402,200907,S.Com./S.C.,0,0,5
13403,200906,S.Com./S.C.,0,0,5
13404,200905,S.Com./S.C.,0,0,5
13405,200904,S.Com./S.C.,0,0,5
13406,200903,S.Com./S.C.,0,0,5
13407,200902,S.Com./S.C.,0,0,5
13408,200901,S.Com./S.C.,0,0,5
13409,200812,S.Com./S.C.,0,0,5
13410,200811,S.Com./S.C.,0,0,5
13411,200810,S.Com./S.C.,0,0,5
13412,200809,S.Com./S.C.,0,0,5
13413,200808,S.Com./S.C.,0,0,5
13414,200807,S.Com./S.C.,0,0,5
13415,200806,S.Com./S.C.,0,0,5
13416,200805,S.Com./S.C.,0,0,5
13417,200804,S.Com./S.C.,0,0,5
13418,200803,S.Com./S.C.,0,0,5
13419,200802,S.Com./S.C.,0,0,5
13420,200801,S.Com./S.C.,0,0,5
13421,202604,S.Com./S.C.,0,0,6
13422,202603,S.Com./S.C.,0,0,6
13423,202602,S.Com./S.C.,0,0,6
13424,202601,S.Com./S.C.,0,0,6
13425,202512,S.Com./S.C.,0,0,6
13426,202511,S.Com./S.C.,0,0,6
13427,202510,S.Com./S.C.,0,0,6
13428,202509,S.Com./S.C.,0,0,6
13429,202508,S.Com./S.C.,0,0,6
13430,202507,S.Com./S.C.,0,0,6
13431,202506,S.Com./S.C.,0,0,6
13432,202505,S.Com./S.C.,0,0,6
13433,202504,S.Com./S.C.,0,0,6
13434,202503,S.Com./S.C.,0,0,6
13435,202502,S.Com./S.C.,0,0,6
13436,202501,S.Com./S.C.,0,0,6
13437,202412,S.Com./S.C.,0,0,6
13438,202411,S.Com./S.C.,0,0,6
13439,202410,S.Com./S.C.,0,0,6
13440,202409,S.Com./S.C.,0,0,6
13441,202408,S.Com./S.C.,0,0,6
13442,202407,S.Com./S.C.,0,0,6
13443,202406,S.Com./S.C.,0,0,6
13444,202405,S.Com./S.C.,0,0,6
13445,202404,S.Com./S.C.,0,0,6
13446,202403,S.Com./S.C.,0,0,6
13447,202402,S.Com./S.C.,0,0,6
13448,202401,S.Com./S.C.,0,0,6
13449,202312,S.Com./S.C.,0,0,6
13450,202311,S.Com./S.C.,0,0,6
13451,202310,S.Com./S.C.,0,0,6
13452,202309,S.Com./S.C.,0,0,6
13453,202308,S.Com./S.C.,0,0,6
13454,202307,S.Com./S.C.,0,0,6
13455,202306,S.Com./S.C.,0,0,6
13456,202305,S.Com./S.C.,0,0,6
13457,202304,S.Com./S.C.,0,0,6
13458,202303,S.Com./S.C.,0,0,6
13459,202302,S.Com./S.C.,0,0,6
13460,202301,S.Com./S.C.,1,3000,6
13461,202212,S.Com./S.C.,1,1396000,6
13462,202211,S.Com./S.C.,0,0,6
13463,202210,S.Com./S.C.,0,0,6
13464,202209,S.Com./S.C.,0,0,6
13465,202208,S.Com./S.C.,0,0,6
13466,202207,S.Com./S.C.,0,0,6
13467,202206,S.Com./S.C.,0,0,6
13468,202205,S.Com./S.C.,0,0,6
13469,202204,S.Com./S.C.,0,0,6
13470,202203,S.Com./S.C.,0,0,6
13471,202202,S.Com./S.C.,1,5000,6
13472,202201,S.Com./S.C.,0,0,6
13473,202112,S.Com./S.C.,0,0,6
13474,202111,S.Com./S.C.,0,0,6
13475,202110,S.Com./S.C.,0,0,6
13476,202109,S.Com./S.C.,0,0,6
13477,202108,S.Com./S.C.,0,0,6
13478,202107,S.Com./S.C.,0,0,6
13479,202106,S.Com./S.C.,1,3000,6
13480,202105,S.Com./S.C.,0,0,6
13481,202104,S.Com./S.C.,0,0,6
13482,202103,S.Com./S.C.,0,0,6
13483,202102,S.Com./S.C.,0,0,6
13484,202101,S.Com./S.C.,0,0,6
13485,202012,S.Com./S.C.,0,0,6
13486,202011,S.Com./S.C.,0,0,6
13487,202010,S.Com./S.C.,0,0,6
13488,202009,S.Com./S.C.,0,0,6
13489,202008,S.Com./S.C.,0,0,6
13490,202007,S.Com./S.C.,0,0,6
13491,202006,S.Com./S.C.,0,0,6
13492,202005,S.Com./S.C.,0,0,6
13493,202004,S.Com./S.C.,0,0,6
13494,202003,S.Com./S.C.,0,0,6
13495,202002,S.Com./S.C.,0,0,6
13496,202001,S.Com./S.C.,0,0,6
13497,201912,S.Com./S.C.,0,0,6
13498,201911,S.Com./S.C.,0,0,6
13499,201910,S.Com./S.C.,0,0,6
13500,201909,S.Com./S.C.,0,0,6
13501,201908,S.Com./S.C.,0,0,6
13502,201907,S.Com./S.C.,0,0,6
13503,201906,S.Com./S.C.,0,0,6
13504,201905,S.Com./S.C.,0,0,6
13505,201904,S.Com./S.C.,0,0,6
13506,201903,S.Com./S.C.,0,0,6
13507,201902,S.Com./S.C.,0,0,6
13508,201901,S.Com./S.C.,0,0,6
13509,201812,S.Com./S.C.,0,0,6
13510,201811,S.Com./S.C.,0,0,6
13511,201810,S.Com./S.C.,0,0,6
13512,201809,S.Com./S.C.,0,0,6
13513,201808,S.Com./S.C.,0,0,6
13514,201807,S.Com./S.C.,0,0,6
13515,201806,S.Com./S.C.,0,0,6
13516,201805,S.Com./S.C.,0,0,6
13517,201804,S.Com./S.C.,0,0,6
13518,201803,S.Com./S.C.,0,0,6
13519,201802,S.Com./S.C.,0,0,6
13520,201801,S.Com./S.C.,0,0,6
13521,201712,S.Com./S.C.,0,0,6
13522,201711,S.Com./S.C.,0,0,6
13523,201710,S.Com./S.C.,0,0,6
13524,201709,S.Com./S.C.,0,0,6
13525,201708,S.Com./S.C.,0,0,6
13526,201707,S.Com./S.C.,0,0,6
13527,201706,S.Com./S.C.,0,0,6
13528,201705,S.Com./S.C.,0,0,6
13529,201704,S.Com./S.C.,0,0,6
13530,201703,S.Com./S.C.,0,0,6
13531,201702,S.Com./S.C.,0,0,6
13532,201701,S.Com./S.C.,0,0,6
13533,201612,S.Com./S.C.,0,0,6
13534,201611,S.Com./S.C.,1,15000,6
13535,201610,S.Com./S.C.,0,0,6
13536,201609,S.Com./S.C.,0,0,6
13537,201608,S.Com./S.C.,0,0,6
13538,201607,S.Com./S.C.,0,0,6
13539,201606,S.Com./S.C.,0,0,6
13540,201605,S.Com./S.C.,0,0,6
13541,201604,S.Com./S.C.,0,0,6
13542,201603,S.Com./S.C.,0,0,6
13543,201602,S.Com./S.C.,0,0,6
13544,201601,S.Com./S.C.,0,0,6
13545,201512,S.Com./S.C.,0,0,6
13546,201511,S.Com./S.C.,0,0,6
13547,201510,S.Com./S.C.,0,0,6
13548,201509,S.Com./S.C.,0,0,6
13549,201508,S.Com./S.C.,0,0,6
13550,201507,S.Com./S.C.,0,0,6
13551,201506,S.Com./S.C.,0,0,6
13552,201505,S.Com./S.C.,0,0,6
13553,201504,S.Com./S.C.,0,0,6
13554,201503,S.Com./S.C.,0,0,6
13555,201502,S.Com./S.C.,0,0,6
13556,201501,S.Com./S.C.,0,0,6
13557,201412,S.Com./S.C.,0,0,6
13558,201411,S.Com./S.C.,0,0,6
13559,201410,S.Com./S.C.,0,0,6
13560,201409,S.Com./S.C.,0,0,6
13561,201408,S.Com./S.C.,0,0,6
13562,201407,S.Com./S.C.,0,0,6
13563,201406,S.Com./S.C.,0,0,6
13564,201405,S.Com./S.C.,0,0,6
13565,201404,S.Com./S.C.,0,0,6
13566,201403,S.Com./S.C.,1,0,6
13567,201402,S.Com./S.C.,0,0,6
13568,201401,S.Com./S.C.,0,0,6
13569,201312,S.Com./S.C.,0,0,6
13570,201311,S.Com./S.C.,0,0,6
13571,201310,S.Com./S.C.,0,0,6
13572,201309,S.Com./S.C.,0,0,6
13573,201308,S.Com./S.C.,0,0,6
13574,201307,S.Com./S.C.,0,0,6
13575,201306,S.Com./S.C.,0,0,6
13576,201305,S.Com./S.C.,0,0,6
13577,201304,S.Com./S.C.,0,0,6
13578,201303,S.Com./S.C.,0,0,6
13579,201302,S.Com./S.C.,0,0,6
13580,201301,S.Com./S.C.,0,0,6
13581,201212,S.Com./S.C.,0,0,6
13582,201211,S.Com./S.C.,1,100000,6
13583,201210,S.Com./S.C.,0,0,6
13584,201209,S.Com./S.C.,0,0,6
13585,201208,S.Com./S.C.,0,0,6
13586,201207,S.Com./S.C.,0,0,6
13587,201206,S.Com./S.C.,0,0,6
13588,201205,S.Com./S.C.,0,0,6
13589,201204,S.Com./S.C.,0,0,6
13590,201203,S.Com./S.C.,1,64000,6
13591,201202,S.Com./S.C.,0,0,6
13592,201201,S.Com./S.C.,0,0,6
13593,201112,S.Com./S.C.,0,0,6
13594,201111,S.Com./S.C.,0,0,6
13595,201110,S.Com./S.C.,0,0,6
13596,201109,S.Com./S.C.,0,0,6
13597,201108,S.Com./S.C.,1,60000,6
13598,201107,S.Com./S.C.,0,0,6
13599,201106,S.Com./S.C.,0,0,6
13600,201105,S.Com./S.C.,1,13000,6
13601,201104,S.Com./S.C.,0,0,6
13602,201103,S.Com./S.C.,0,0,6
13603,201102,S.Com./S.C.,0,0,6
13604,201101,S.Com./S.C.,0,0,6
13605,201012,S.Com./S.C.,0,0,6
13606,201011,S.Com./S.C.,0,0,6
13607,201010,S.Com./S.C.,0,0,6
13608,201009,S.Com./S.C.,0,0,6
13609,201008,S.Com./S.C.,0,0,6
13610,201007,S.Com./S.C.,0,0,6
13611,201006,S.Com./S.C.,0,0,6
13612,201005,S.Com./S.C.,0,0,6
13613,201004,S.Com./S.C.,0,0,6
13614,201003,S.Com./S.C.,0,0,6
13615,201002,S.Com./S.C.,0,0,6
13616,201001,S.Com./S.C.,0,0,6
13617,200912,S.Com./S.C.,0,0,6
13618,200911,S.Com./S.C.,0,0,6
13619,200910,S.Com./S.C.,0,0,6
13620,200909,S.Com./S.C.,0,0,6
13621,200908,S.Com./S.C.,0,0,6
13622,200907,S.Com./S.C.,0,0,6
13623,200906,S.Com./S.C.,0,0,6
13624,200905,S.Com./S.C.,0,0,6
13625,200904,S.Com./S.C.,1,3000,6
13626,200903,S.Com./S.C.,2,1000,6
13627,200902,S.Com./S.C.,0,0,6
13628,200901,S.Com./S.C.,0,0,6
13629,200812,S.Com./S.C.,0,0,6
13630,200811,S.Com./S.C.,0,0,6
13631,200810,S.Com./S.C.,0,0,6
13632,200809,S.Com./S.C.,0,0,6
13633,200808,S.Com./S.C.,0,0,6
13634,200807,S.Com./S.C.,1,10000,6
13635,200806,S.Com./S.C.,0,0,6
13636,200805,S.Com./S.C.,0,0,6
13637,200804,S.Com./S.C.,0,0,6
13638,200803,S.Com./S.C.,0,0,6
13639,200802,S.Com./S.C.,0,0,6
13640,200801,S.Com./S.C.,0,0,6
13641,202604,S.Com./S.C.,0,0,7
13642,202603,S.Com./S.C.,0,0,7
13643,202602,S.Com./S.C.,0,0,7
13644,202601,S.Com./S.C.,0,0,7
13645,202512,S.Com./S.C.,0,0,7
13646,202511,S.Com./S.C.,0,0,7
13647,202510,S.Com./S.C.,0,0,7
13648,202509,S.Com./S.C.,0,0,7
13649,202508,S.Com./S.C.,0,0,7
13650,202507,S.Com./S.C.,0,0,7
13651,202506,S.Com./S.C.,0,0,7
13652,202505,S.Com./S.C.,0,0,7
13653,202504,S.Com./S.C.,0,0,7
13654,202503,S.Com./S.C.,0,0,7
13655,202502,S.Com./S.C.,0,0,7
13656,202501,S.Com./S.C.,0,0,7
13657,202412,S.Com./S.C.,0,0,7
13658,202411,S.Com./S.C.,0,0,7
13659,202410,S.Com./S.C.,0,0,7
13660,202409,S.Com./S.C.,0,0,7
13661,202408,S.Com./S.C.,0,0,7
13662,202407,S.Com./S.C.,0,0,7
13663,202406,S.Com./S.C.,0,0,7
13664,202405,S.Com./S.C.,0,0,7
13665,202404,S.Com./S.C.,0,0,7
13666,202403,S.Com./S.C.,0,0,7
13667,202402,S.Com./S.C.,0,0,7
13668,202401,S.Com./S.C.,0,0,7
13669,202312,S.Com./S.C.,0,0,7
13670,202311,S.Com./S.C.,0,0,7
13671,202310,S.Com./S.C.,0,0,7
13672,202309,S.Com./S.C.,0,0,7
13673,202308,S.Com./S.C.,0,0,7
13674,202307,S.Com./S.C.,0,0,7
13675,202306,S.Com./S.C.,0,0,7
13676,202305,S.Com./S.C.,0,0,7
13677,202304,S.Com./S.C.,0,0,7
13678,202303,S.Com./S.C.,0,0,7
13679,202302,S.Com./S.C.,0,0,7
13680,202301,S.Com./S.C.,0,0,7
13681,202212,S.Com./S.C.,0,0,7
13682,202211,S.Com./S.C.,1,125000,7
13683,202210,S.Com./S.C.,0,0,7
13684,202209,S.Com./S.C.,1,30000,7
13685,202208,S.Com./S.C.,0,0,7
13686,202207,S.Com./S.C.,0,0,7
13687,202206,S.Com./S.C.,0,0,7
13688,202205,S.Com./S.C.,0,0,7
13689,202204,S.Com./S.C.,0,0,7
13690,202203,S.Com./S.C.,0,0,7
13691,202202,S.Com./S.C.,0,0,7
13692,202201,S.Com./S.C.,0,0,7
13693,202112,S.Com./S.C.,0,0,7
13694,202111,S.Com./S.C.,0,0,7
13695,202110,S.Com./S.C.,0,0,7
13696,202109,S.Com./S.C.,0,0,7
13697,202108,S.Com./S.C.,0,0,7
13698,202107,S.Com./S.C.,0,0,7
13699,202106,S.Com./S.C.,0,0,7
13700,202105,S.Com./S.C.,0,0,7
13701,202104,S.Com./S.C.,0,0,7
13702,202103,S.Com./S.C.,0,0,7
13703,202102,S.Com./S.C.,0,0,7
13704,202101,S.Com./S.C.,0,0,7
13705,202012,S.Com./S.C.,0,0,7
13706,202011,S.Com./S.C.,0,0,7
13707,202010,S.Com./S.C.,0,0,7
13708,202009,S.Com./S.C.,0,0,7
13709,202008,S.Com./S.C.,0,0,7
13710,202007,S.Com./S.C.,0,0,7
13711,202006,S.Com./S.C.,0,0,7
13712,202005,S.Com./S.C.,0,0,7
13713,202004,S.Com./S.C.,0,0,7
13714,202003,S.Com./S.C.,0,0,7
13715,202002,S.Com./S.C.,0,0,7
13716,202001,S.Com./S.C.,0,0,7
13717,201912,S.Com./S.C.,0,0,7
13718,201911,S.Com./S.C.,0,0,7
13719,201910,S.Com./S.C.,0,0,7
13720,201909,S.Com./S.C.,1,100000,7
13721,201908,S.Com./S.C.,0,0,7
13722,201907,S.Com./S.C.,0,0,7
13723,201906,S.Com./S.C.,0,0,7
13724,201905,S.Com./S.C.,0,0,7
13725,201904,S.Com./S.C.,0,0,7
13726,201903,S.Com./S.C.,1,50000,7
13727,201902,S.Com./S.C.,0,0,7
13728,201901,S.Com./S.C.,0,0,7
13729,201812,S.Com./S.C.,0,0,7
13730,201811,S.Com./S.C.,0,0,7
13731,201810,S.Com./S.C.,1,10000,7
13732,201809,S.Com./S.C.,0,0,7
13733,201808,S.Com./S.C.,1,27000,7
13734,201807,S.Com./S.C.,0,0,7
13735,201806,S.Com./S.C.,0,0,7
13736,201805,S.Com./S.C.,0,0,7
13737,201804,S.Com./S.C.,0,0,7
13738,201803,S.Com./S.C.,0,0,7
13739,201802,S.Com./S.C.,0,0,7
13740,201801,S.Com./S.C.,0,0,7
13741,201712,S.Com./S.C.,0,0,7
13742,201711,S.Com./S.C.,0,0,7
13743,201710,S.Com./S.C.,0,0,7
13744,201709,S.Com./S.C.,1,3000,7
13745,201708,S.Com./S.C.,0,0,7
13746,201707,S.Com./S.C.,0,0,7
13747,201706,S.Com./S.C.,0,0,7
13748,201705,S.Com./S.C.,0,0,7
13749,201704,S.Com./S.C.,0,0,7
13750,201703,S.Com./S.C.,2,18000,7
13751,201702,S.Com./S.C.,3,15000,7
13752,201701,S.Com./S.C.,0,0,7
13753,201612,S.Com./S.C.,3,47000,7
13754,201611,S.Com./S.C.,2,6000,7
13755,201610,S.Com./S.C.,2,22000,7
13756,201609,S.Com./S.C.,2,11000,7
13757,201608,S.Com./S.C.,8,54000,7
13758,201607,S.Com./S.C.,7,21000,7
13759,201606,S.Com./S.C.,5,25000,7
13760,201605,S.Com./S.C.,10,432000,7
13761,201604,S.Com./S.C.,4,77000,7
13762,201603,S.Com./S.C.,3,71000,7
13763,201602,S.Com./S.C.,2,15000,7
13764,201601,S.Com./S.C.,0,0,7
13765,201512,S.Com./S.C.,0,0,7
13766,201511,S.Com./S.C.,0,0,7
13767,201510,S.Com./S.C.,0,0,7
13768,201509,S.Com./S.C.,0,0,7
13769,201508,S.Com./S.C.,0,0,7
13770,201507,S.Com./S.C.,0,0,7
13771,201506,S.Com./S.C.,0,0,7
13772,201505,S.Com./S.C.,0,0,7
13773,201504,S.Com./S.C.,0,0,7
13774,201503,S.Com./S.C.,0,0,7
13775,201502,S.Com./S.C.,0,0,7
13776,201501,S.Com./S.C.,1,29000,7
13777,201412,S.Com./S.C.,0,0,7
13778,201411,S.Com./S.C.,0,0,7
13779,201410,S.Com./S.C.,0,0,7
13780,201409,S.Com./S.C.,0,0,7
13781,201408,S.Com./S.C.,0,0,7
13782,201407,S.Com./S.C.,0,0,7
13783,201406,S.Com./S.C.,0,0,7
13784,201405,S.Com./S.C.,0,0,7
13785,201404,S.Com./S.C.,0,0,7
13786,201403,S.Com./S.C.,0,0,7
13787,201402,S.Com./S.C.,0,0,7
13788,201401,S.Com./S.C.,0,0,7
13789,201312,S.Com./S.C.,0,0,7
13790,201311,S.Com./S.C.,0,0,7
13791,201310,S.Com./S.C.,0,0,7
13792,201309,S.Com./S.C.,0,0,7
13793,201308,S.Com./S.C.,0,0,7
13794,201307,S.Com./S.C.,0,0,7
13795,201306,S.Com./S.C.,0,0,7
13796,201305,S.Com./S.C.,0,0,7
13797,201304,S.Com./S.C.,0,0,7
13798,201303,S.Com./S.C.,0,0,7
13799,201302,S.Com./S.C.,0,0,7
13800,201301,S.Com./S.C.,0,0,7
13801,201212,S.Com./S.C.,0,0,7
13802,201211,S.Com./S.C.,0,0,7
13803,201210,S.Com./S.C.,0,0,7
13804,201209,S.Com./S.C.,0,0,7
13805,201208,S.Com./S.C.,0,0,7
13806,201207,S.Com./S.C.,0,0,7
13807,201206,S.Com./S.C.,0,0,7
13808,201205,S.Com./S.C.,0,0,7
13809,201204,S.Com./S.C.,0,0,7
13810,201203,S.Com./S.C.,0,0,7
13811,201202,S.Com./S.C.,0,0,7
13812,201201,S.Com./S.C.,0,0,7
13813,201112,S.Com./S.C.,0,0,7
13814,201111,S.Com./S.C.,0,0,7
13815,201110,S.Com./S.C.,0,0,7
13816,201109,S.Com./S.C.,0,0,7
13817,201108,S.Com./S.C.,0,0,7
13818,201107,S.Com./S.C.,0,0,7
13819,201106,S.Com./S.C.,0,0,7
13820,201105,S.Com./S.C.,0,0,7
13821,201104,S.Com./S.C.,1,3000,7
13822,201103,S.Com./S.C.,0,0,7
13823,201102,S.Com./S.C.,0,0,7
13824,201101,S.Com./S.C.,0,0,7
13825,201012,S.Com./S.C.,0,0,7
13826,201011,S.Com./S.C.,0,0,7
13827,201010,S.Com./S.C.,0,0,7
13828,201009,S.Com./S.C.,0,0,7
13829,201008,S.Com./S.C.,0,0,7
13830,201007,S.Com./S.C.,0,0,7
13831,201006,S.Com./S.C.,0,0,7
13832,201005,S.Com./S.C.,0,0,7
13833,201004,S.Com./S.C.,0,0,7
13834,201003,S.Com./S.C.,0,0,7
13835,201002,S.Com./S.C.,0,0,7
13836,201001,S.Com./S.C.,0,0,7
13837,200912,S.Com./S.C.,0,0,7
13838,200911,S.Com./S.C.,0,0,7
13839,200910,S.Com./S.C.,0,0,7
13840,200909,S.Com./S.C.,0,0,7
13841,200908,S.Com./S.C.,0,0,7
13842,200907,S.Com./S.C.,0,0,7
13843,200906,S.Com./S.C.,0,0,7
13844,200905,S.Com./S.C.,0,0,7
13845,200904,S.Com./S.C.,0,0,7
13846,200903,S.Com./S.C.,0,0,7
13847,200902,S.Com./S.C.,0,0,7
13848,200901,S.Com./S.C.,0,0,7
13849,200812,S.Com./S.C.,0,0,7
13850,200811,S.Com./S.C.,0,0,7
13851,200810,S.Com./S.C.,0,0,7
13852,200809,S.Com./S.C.,0,0,7
13853,200808,S.Com./S.C.,1,5000,7
13854,200807,S.Com./S.C.,0,0,7
13855,200806,S.Com./S.C.,0,0,7
13856,200805,S.Com./S.C.,0,0,7
13857,200804,S.Com./S.C.,0,0,7
13858,200803,S.Com./S.C.,1,43000,7
13859,200802,S.Com./S.C.,0,0,7
13860,200801,S.Com./S.C.,0,0,7
13861,202604,S.Com./S.C.,0,0,8
13862,202603,S.Com./S.C.,0,0,8
13863,202602,S.Com./S.C.,0,0,8
13864,202601,S.Com./S.C.,0,0,8
13865,202512,S.Com./S.C.,0,0,8
13866,202511,S.Com./S.C.,0,0,8
13867,202510,S.Com./S.C.,0,0,8
13868,202509,S.Com./S.C.,0,0,8
13869,202508,S.Com./S.C.,0,0,8
13870,202507,S.Com./S.C.,0,0,8
13871,202506,S.Com./S.C.,0,0,8
13872,202505,S.Com./S.C.,0,0,8
13873,202504,S.Com./S.C.,0,0,8
13874,202503,S.Com./S.C.,0,0,8
13875,202502,S.Com./S.C.,0,0,8
13876,202501,S.Com./S.C.,0,0,8
13877,202412,S.Com./S.C.,0,0,8
13878,202411,S.Com./S.C.,0,0,8
13879,202410,S.Com./S.C.,0,0,8
13880,202409,S.Com./S.C.,0,0,8
13881,202408,S.Com./S.C.,0,0,8
13882,202407,S.Com./S.C.,0,0,8
13883,202406,S.Com./S.C.,0,0,8
13884,202405,S.Com./S.C.,0,0,8
13885,202404,S.Com./S.C.,0,0,8
13886,202403,S.Com./S.C.,0,0,8
13887,202402,S.Com./S.C.,0,0,8
13888,202401,S.Com./S.C.,0,0,8
13889,202312,S.Com./S.C.,0,0,8
13890,202311,S.Com./S.C.,0,0,8
13891,202310,S.Com./S.C.,0,0,8
13892,202309,S.Com./S.C.,0,0,8
13893,202308,S.Com./S.C.,0,0,8
13894,202307,S.Com./S.C.,0,0,8
13895,202306,S.Com./S.C.,0,0,8
13896,202305,S.Com./S.C.,0,0,8
13897,202304,S.Com./S.C.,0,0,8
13898,202303,S.Com./S.C.,0,0,8
13899,202302,S.Com./S.C.,0,0,8
13900,202301,S.Com./S.C.,0,0,8
13901,202212,S.Com./S.C.,0,0,8
13902,202211,S.Com./S.C.,0,0,8
13903,202210,S.Com./S.C.,0,0,8
13904,202209,S.Com./S.C.,0,0,8
13905,202208,S.Com./S.C.,0,0,8
13906,202207,S.Com./S.C.,0,0,8
13907,202206,S.Com./S.C.,0,0,8
13908,202205,S.Com./S.C.,0,0,8
13909,202204,S.Com./S.C.,0,0,8
13910,202203,S.Com./S.C.,0,0,8
13911,202202,S.Com./S.C.,0,0,8
13912,202201,S.Com./S.C.,0,0,8
13913,202112,S.Com./S.C.,0,0,8
13914,202111,S.Com./S.C.,0,0,8
13915,202110,S.Com./S.C.,0,0,8
13916,202109,S.Com./S.C.,0,0,8
13917,202108,S.Com./S.C.,0,0,8
13918,202107,S.Com./S.C.,0,0,8
13919,202106,S.Com./S.C.,0,0,8
13920,202105,S.Com./S.C.,0,0,8
13921,202104,S.Com./S.C.,0,0,8
13922,202103,S.Com./S.C.,0,0,8
13923,202102,S.Com./S.C.,0,0,8
13924,202101,S.Com./S.C.,0,0,8
13925,202012,S.Com./S.C.,0,0,8
13926,202011,S.Com./S.C.,0,0,8
13927,202010,S.Com./S.C.,0,0,8
13928,202009,S.Com./S.C.,0,0,8
13929,202008,S.Com./S.C.,0,0,8
13930,202007,S.Com./S.C.,0,0,8
13931,202006,S.Com./S.C.,0,0,8
13932,202005,S.Com./S.C.,0,0,8
13933,202004,S.Com./S.C.,0,0,8
13934,202003,S.Com./S.C.,0,0,8
13935,202002,S.Com./S.C.,0,0,8
13936,202001,S.Com./S.C.,0,0,8
13937,201912,S.Com./S.C.,0,0,8
13938,201911,S.Com./S.C.,0,0,8
13939,201910,S.Com./S.C.,0,0,8
13940,201909,S.Com./S.C.,0,0,8
13941,201908,S.Com./S.C.,0,0,8
13942,201907,S.Com./S.C.,0,0,8
13943,201906,S.Com./S.C.,0,0,8
13944,201905,S.Com./S.C.,0,0,8
13945,201904,S.Com./S.C.,0,0,8
13946,201903,S.Com./S.C.,0,0,8
13947,201902,S.Com./S.C.,0,0,8
13948,201901,S.Com./S.C.,0,0,8
13949,201812,S.Com./S.C.,0,0,8
13950,201811,S.Com./S.C.,0,0,8
13951,201810,S.Com./S.C.,0,0,8
13952,201809,S.Com./S.C.,0,0,8
13953,201808,S.Com./S.C.,0,0,8
13954,201807,S.Com./S.C.,0,0,8
13955,201806,S.Com./S.C.,0,0,8
13956,201805,S.Com./S.C.,0,0,8
13957,201804,S.Com./S.C.,0,0,8
13958,201803,S.Com./S.C.,0,0,8
13959,201802,S.Com./S.C.,0,0,8
13960,201801,S.Com./S.C.,0,0,8
13961,201712,S.Com./S.C.,0,0,8
13962,201711,S.Com./S.C.,0,0,8
13963,201710,S.Com./S.C.,0,0,8
13964,201709,S.Com./S.C.,0,0,8
13965,201708,S.Com./S.C.,0,0,8
13966,201707,S.Com./S.C.,0,0,8
13967,201706,S.Com./S.C.,0,0,8
13968,201705,S.Com./S.C.,0,0,8
13969,201704,S.Com./S.C.,0,0,8
13970,201703,S.Com./S.C.,0,0,8
13971,201702,S.Com./S.C.,0,0,8
13972,201701,S.Com./S.C.,0,0,8
13973,201612,S.Com./S.C.,0,0,8
13974,201611,S.Com./S.C.,0,0,8
13975,201610,S.Com./S.C.,0,0,8
13976,201609,S.Com./S.C.,0,0,8
13977,201608,S.Com./S.C.,0,0,8
13978,201607,S.Com./S.C.,0,0,8
13979,201606,S.Com./S.C.,0,0,8
13980,201605,S.Com./S.C.,0,0,8
13981,201604,S.Com./S.C.,0,0,8
13982,201603,S.Com./S.C.,0,0,8
13983,201602,S.Com./S.C.,2,56000,8
13984,201601,S.Com./S.C.,0,0,8
13985,201512,S.Com./S.C.,0,0,8
13986,201511,S.Com./S.C.,0,0,8
13987,201510,S.Com./S.C.,0,0,8
13988,201509,S.Com./S.C.,0,0,8
13989,201508,S.Com./S.C.,0,0,8
13990,201507,S.Com./S.C.,0,0,8
13991,201506,S.Com./S.C.,0,0,8
13992,201505,S.Com./S.C.,0,0,8
13993,201504,S.Com./S.C.,0,0,8
13994,201503,S.Com./S.C.,1,5000,8
13995,201502,S.Com./S.C.,0,0,8
13996,201501,S.Com./S.C.,0,0,8
13997,201412,S.Com./S.C.,0,0,8
13998,201411,S.Com./S.C.,0,0,8
13999,201410,S.Com./S.C.,0,0,8
14000,201409,S.Com./S.C.,0,0,8
14001,201408,S.Com./S.C.,0,0,8
14002,201407,S.Com./S.C.,0,0,8
14003,201406,S.Com./S.C.,0,0,8
14004,201405,S.Com./S.C.,0,0,8
14005,201404,S.Com./S.C.,0,0,8
14006,201403,S.Com./S.C.,0,0,8
14007,201402,S.Com./S.C.,0,0,8
14008,201401,S.Com./S.C.,0,0,8
14009,201312,S.Com./S.C.,0,0,8
14010,201311,S.Com./S.C.,0,0,8
14011,201310,S.Com./S.C.,0,0,8
14012,201309,S.Com./S.C.,0,0,8
14013,201308,S.Com./S.C.,0,0,8
14014,201307,S.Com./S.C.,0,0,8
14015,201306,S.Com./S.C.,0,0,8
14016,201305,S.Com./S.C.,0,0,8
14017,201304,S.Com./S.C.,0,0,8
14018,201303,S.Com./S.C.,0,0,8
14019,201302,S.Com./S.C.,0,0,8
14020,201301,S.Com./S.C.,0,0,8
14021,201212,S.Com./S.C.,0,0,8
14022,201211,S.Com./S.C.,0,0,8
14023,201210,S.Com./S.C.,0,0,8
14024,201209,S.Com./S.C.,1,3000,8
14025,201208,S.Com./S.C.,0,0,8
14026,201207,S.Com./S.C.,0,0,8
14027,201206,S.Com./S.C.,0,0,8
14028,201205,S.Com./S.C.,0,0,8
14029,201204,S.Com./S.C.,0,0,8
14030,201203,S.Com./S.C.,0,0,8
14031,201202,S.Com./S.C.,0,0,8
14032,201201,S.Com./S.C.,0,0,8
14033,201112,S.Com./S.C.,0,0,8
14034,201111,S.Com./S.C.,0,0,8
14035,201110,S.Com./S.C.,0,0,8
14036,201109,S.Com./S.C.,0,0,8
14037,201108,S.Com./S.C.,0,0,8
14038,201107,S.Com./S.C.,0,0,8
14039,201106,S.Com./S.C.,0,0,8
14040,201105,S.Com./S.C.,0,0,8
14041,201104,S.Com./S.C.,0,0,8
14042,201103,S.Com./S.C.,1,100000,8
14043,201102,S.Com./S.C.,0,0,8
14044,201101,S.Com./S.C.,0,0,8
14045,201012,S.Com./S.C.,0,0,8
14046,201011,S.Com./S.C.,0,0,8
14047,201010,S.Com./S.C.,0,0,8
14048,201009,S.Com./S.C.,0,0,8
14049,201008,S.Com./S.C.,0,0,8
14050,201007,S.Com./S.C.,0,0,8
14051,201006,S.Com./S.C.,0,0,8
14052,201005,S.Com./S.C.,0,0,8
14053,201004,S.Com./S.C.,0,0,8
14054,201003,S.Com./S.C.,0,0,8
14055,201002,S.Com./S.C.,0,0,8
14056,201001,S.Com./S.C.,0,0,8
14057,200912,S.Com./S.C.,0,0,8
14058,200911,S.Com./S.C.,0,0,8
14059,200910,S.Com./S.C.,0,0,8
14060,200909,S.Com./S.C.,0,0,8
14061,200908,S.Com./S.C.,0,0,8
14062,200907,S.Com./S.C.,0,0,8
14063,200906,S.Com./S.C.,0,0,8
14064,200905,S.Com./S.C.,0,0,8
14065,200904,S.Com./S.C.,0,0,8
14066,200903,S.Com./S.C.,0,0,8
14067,200902,S.Com./S.C.,0,0,8
14068,200901,S.Com./S.C.,0,0,8
14069,200812,S.Com./S.C.,0,0,8
14070,200811,S.Com./S.C.,0,0,8
14071,200810,S.Com./S.C.,0,0,8
14072,200809,S.Com./S.C.,0,0,8
14073,200808,S.Com./S.C.,0,0,8
14074,200807,S.Com./S.C.,0,0,8
14075,200806,S.Com./S.C.,0,0,8
14076,200805,S.Com./S.C.,0,0,8
14077,200804,S.Com./S.C.,0,0,8
14078,200803,S.Com./S.C.,0,0,8
14079,200802,S.Com./S.C.,0,0,8
14080,200801,S.Com./S.C.,0,0,8
14081,202604,S.Com./S.C.,0,0,9
14082,202603,S.Com./S.C.,0,0,9
14083,202602,S.Com./S.C.,0,0,9
14084,202601,S.Com./S.C.,0,0,9
14085,202512,S.Com./S.C.,0,0,9
14086,202511,S.Com./S.C.,0,0,9
14087,202510,S.Com./S.C.,0,0,9
14088,202509,S.Com./S.C.,0,0,9
14089,202508,S.Com./S.C.,0,0,9
14090,202507,S.Com./S.C.,0,0,9
14091,202506,S.Com./S.C.,0,0,9
14092,202505,S.Com./S.C.,0,0,9
14093,202504,S.Com./S.C.,0,0,9
14094,202503,S.Com./S.C.,0,0,9
14095,202502,S.Com./S.C.,0,0,9
14096,202501,S.Com./S.C.,0,0,9
14097,202412,S.Com./S.C.,0,0,9
14098,202411,S.Com./S.C.,0,0,9
14099,202410,S.Com./S.C.,0,0,9
14100,202409,S.Com./S.C.,0,0,9
14101,202408,S.Com./S.C.,0,0,9
14102,202407,S.Com./S.C.,0,0,9
14103,202406,S.Com./S.C.,0,0,9
14104,202405,S.Com./S.C.,0,0,9
14105,202404,S.Com./S.C.,0,0,9
14106,202403,S.Com./S.C.,0,0,9
14107,202402,S.Com./S.C.,0,0,9
14108,202401,S.Com./S.C.,0,0,9
14109,202312,S.Com./S.C.,0,0,9
14110,202311,S.Com./S.C.,0,0,9
14111,202310,S.Com./S.C.,0,0,9
14112,202309,S.Com./S.C.,0,0,9
14113,202308,S.Com./S.C.,0,0,9
14114,202307,S.Com./S.C.,0,0,9
14115,202306,S.Com./S.C.,0,0,9
14116,202305,S.Com./S.C.,0,0,9
14117,202304,S.Com./S.C.,0,0,9
14118,202303,S.Com./S.C.,0,0,9
14119,202302,S.Com./S.C.,0,0,9
14120,202301,S.Com./S.C.,0,0,9
14121,202212,S.Com./S.C.,0,0,9
14122,202211,S.Com./S.C.,0,0,9
14123,202210,S.Com./S.C.,0,0,9
14124,202209,S.Com./S.C.,0,0,9
14125,202208,S.Com./S.C.,0,0,9
14126,202207,S.Com./S.C.,0,0,9
14127,202206,S.Com./S.C.,0,0,9
14128,202205,S.Com./S.C.,0,0,9
14129,202204,S.Com./S.C.,0,0,9
14130,202203,S.Com./S.C.,0,0,9
14131,202202,S.Com./S.C.,0,0,9
14132,202201,S.Com./S.C.,0,0,9
14133,202112,S.Com./S.C.,0,0,9
14134,202111,S.Com./S.C.,0,0,9
14135,202110,S.Com./S.C.,0,0,9
14136,202109,S.Com./S.C.,0,0,9
14137,202108,S.Com./S.C.,0,0,9
14138,202107,S.Com./S.C.,0,0,9
14139,202106,S.Com./S.C.,0,0,9
14140,202105,S.Com./S.C.,0,0,9
14141,202104,S.Com./S.C.,0,0,9
14142,202103,S.Com./S.C.,0,0,9
14143,202102,S.Com./S.C.,0,0,9
14144,202101,S.Com./S.C.,0,0,9
14145,202012,S.Com./S.C.,0,0,9
14146,202011,S.Com./S.C.,0,0,9
14147,202010,S.Com./S.C.,0,0,9
14148,202009,S.Com./S.C.,0,0,9
14149,202008,S.Com./S.C.,0,0,9
14150,202007,S.Com./S.C.,0,0,9
14151,202006,S.Com./S.C.,0,0,9
14152,202005,S.Com./S.C.,0,0,9
14153,202004,S.Com./S.C.,0,0,9
14154,202003,S.Com./S.C.,0,0,9
14155,202002,S.Com./S.C.,0,0,9
14156,202001,S.Com./S.C.,0,0,9
14157,201912,S.Com./S.C.,0,0,9
14158,201911,S.Com./S.C.,0,0,9
14159,201910,S.Com./S.C.,0,0,9
14160,201909,S.Com./S.C.,0,0,9
14161,201908,S.Com./S.C.,0,0,9
14162,201907,S.Com./S.C.,0,0,9
14163,201906,S.Com./S.C.,0,0,9
14164,201905,S.Com./S.C.,0,0,9
14165,201904,S.Com./S.C.,0,0,9
14166,201903,S.Com./S.C.,0,0,9
14167,201902,S.Com./S.C.,0,0,9
14168,201901,S.Com./S.C.,0,0,9
14169,201812,S.Com./S.C.,0,0,9
14170,201811,S.Com./S.C.,0,0,9
14171,201810,S.Com./S.C.,0,0,9
14172,201809,S.Com./S.C.,0,0,9
14173,201808,S.Com./S.C.,0,0,9
14174,201807,S.Com./S.C.,0,0,9
14175,201806,S.Com./S.C.,0,0,9
14176,201805,S.Com./S.C.,0,0,9
14177,201804,S.Com./S.C.,0,0,9
14178,201803,S.Com./S.C.,0,0,9
14179,201802,S.Com./S.C.,0,0,9
14180,201801,S.Com./S.C.,0,0,9
14181,201712,S.Com./S.C.,0,0,9
14182,201711,S.Com./S.C.,0,0,9
14183,201710,S.Com./S.C.,0,0,9
14184,201709,S.Com./S.C.,0,0,9
14185,201708,S.Com./S.C.,0,0,9
14186,201707,S.Com./S.C.,0,0,9
14187,201706,S.Com./S.C.,0,0,9
14188,201705,S.Com./S.C.,0,0,9
14189,201704,S.Com./S.C.,0,0,9
14190,201703,S.Com./S.C.,0,0,9
14191,201702,S.Com./S.C.,1,3000,9
14192,201701,S.Com./S.C.,0,0,9
14193,201612,S.Com./S.C.,0,0,9
14194,201611,S.Com./S.C.,0,0,9
14195,201610,S.Com./S.C.,0,0,9
14196,201609,S.Com./S.C.,0,0,9
14197,201608,S.Com./S.C.,0,0,9
14198,201607,S.Com./S.C.,0,0,9
14199,201606,S.Com./S.C.,0,0,9
14200,201605,S.Com./S.C.,0,0,9
14201,201604,S.Com./S.C.,0,0,9
14202,201603,S.Com./S.C.,0,0,9
14203,201602,S.Com./S.C.,0,0,9
14204,201601,S.Com./S.C.,0,0,9
14205,201512,S.Com./S.C.,0,0,9
14206,201511,S.Com./S.C.,0,0,9
14207,201510,S.Com./S.C.,0,0,9
14208,201509,S.Com./S.C.,0,0,9
14209,201508,S.Com./S.C.,0,0,9
14210,201507,S.Com./S.C.,0,0,9
14211,201506,S.Com./S.C.,0,0,9
14212,201505,S.Com./S.C.,0,0,9
14213,201504,S.Com./S.C.,0,0,9
14214,201503,S.Com./S.C.,0,0,9
14215,201502,S.Com./S.C.,0,0,9
14216,201501,S.Com./S.C.,0,0,9
14217,201412,S.Com./S.C.,0,0,9
14218,201411,S.Com./S.C.,0,0,9
14219,201410,S.Com./S.C.,0,0,9
14220,201409,S.Com./S.C.,0,0,9
14221,201408,S.Com./S.C.,0,0,9
14222,201407,S.Com./S.C.,0,0,9
14223,201406,S.Com./S.C.,0,0,9
14224,201405,S.Com./S.C.,0,0,9
14225,201404,S.Com./S.C.,0,0,9
14226,201403,S.Com./S.C.,0,0,9
14227,201402,S.Com./S.C.,0,0,9
14228,201401,S.Com./S.C.,0,0,9
14229,201312,S.Com./S.C.,0,0,9
14230,201311,S.Com./S.C.,0,0,9
14231,201310,S.Com./S.C.,0,0,9
14232,201309,S.Com./S.C.,0,0,9
14233,201308,S.Com./S.C.,0,0,9
14234,201307,S.Com./S.C.,0,0,9
14235,201306,S.Com./S.C.,0,0,9
14236,201305,S.Com./S.C.,0,0,9
14237,201304,S.Com./S.C.,0,0,9
14238,201303,S.Com./S.C.,0,0,9
14239,201302,S.Com./S.C.,0,0,9
14240,201301,S.Com./S.C.,0,0,9
14241,201212,S.Com./S.C.,0,0,9
14242,201211,S.Com./S.C.,0,0,9
14243,201210,S.Com./S.C.,0,0,9
14244,201209,S.Com./S.C.,0,0,9
14245,201208,S.Com./S.C.,0,0,9
14246,201207,S.Com./S.C.,0,0,9
14247,201206,S.Com./S.C.,0,0,9
14248,201205,S.Com./S.C.,0,0,9
14249,201204,S.Com./S.C.,0,0,9
14250,201203,S.Com./S.C.,1,0,9
14251,201202,S.Com./S.C.,0,0,9
14252,201201,S.Com./S.C.,0,0,9
14253,201112,S.Com./S.C.,0,0,9
14254,201111,S.Com./S.C.,0,0,9
14255,201110,S.Com./S.C.,0,0,9
14256,201109,S.Com./S.C.,0,0,9
14257,201108,S.Com./S.C.,0,0,9
14258,201107,S.Com./S.C.,0,0,9
14259,201106,S.Com./S.C.,0,0,9
14260,201105,S.Com./S.C.,0,0,9
14261,201104,S.Com./S.C.,0,0,9
14262,201103,S.Com./S.C.,0,0,9
14263,201102,S.Com./S.C.,0,0,9
14264,201101,S.Com./S.C.,0,0,9
14265,201012,S.Com./S.C.,0,0,9
14266,201011,S.Com./S.C.,0,0,9
14267,201010,S.Com./S.C.,0,0,9
14268,201009,S.Com./S.C.,0,0,9
14269,201008,S.Com./S.C.,0,0,9
14270,201007,S.Com./S.C.,0,0,9
14271,201006,S.Com./S.C.,0,0,9
14272,201005,S.Com./S.C.,0,0,9
14273,201004,S.Com./S.C.,0,0,9
14274,201003,S.Com./S.C.,0,0,9
14275,201002,S.Com./S.C.,0,0,9
14276,201001,S.Com./S.C.,0,0,9
14277,200912,S.Com./S.C.,0,0,9
14278,200911,S.Com./S.C.,0,0,9
14279,200910,S.Com./S.C.,0,0,9
14280,200909,S.Com./S.C.,0,0,9
14281,200908,S.Com./S.C.,0,0,9
14282,200907,S.Com./S.C.,0,0,9
14283,200906,S.Com./S.C.,0,0,9
14284,200905,S.Com./S.C.,0,0,9
14285,200904,S.Com./S.C.,0,0,9
14286,200903,S.Com./S.C.,0,0,9
14287,200902,S.Com./S.C.,0,0,9
14288,200901,S.Com./S.C.,0,0,9
14289,200812,S.Com./S.C.,0,0,9
14290,200811,S.Com./S.C.,0,0,9
14291,200810,S.Com./S.C.,0,0,9
14292,200809,S.Com./S.C.,0,0,9
14293,200808,S.Com./S.C.,0,0,9
14294,200807,S.Com./S.C.,0,0,9
14295,200806,S.Com./S.C.,0,0,9
14296,200805,S.Com./S.C.,0,0,9
14297,200804,S.Com./S.C.,0,0,9
14298,200803,S.Com./S.C.,0,0,9
14299,200802,S.Com./S.C.,0,0,9
14300,200801,S.Com./S.C.,0,0,9
14301,202604,S.Com./S.C.,0,0,10
14302,202603,S.Com./S.C.,4,77000,10
14303,202602,S.Com./S.C.,0,0,10
14304,202601,S.Com./S.C.,0,0,10
14305,202512,S.Com./S.C.,0,0,10
14306,202511,S.Com./S.C.,1,30000,10
14307,202510,S.Com./S.C.,0,0,10
14308,202509,S.Com./S.C.,0,0,10
14309,202508,S.Com./S.C.,0,0,10
14310,202507,S.Com./S.C.,1,10000,10
14311,202506,S.Com./S.C.,0,0,10
14312,202505,S.Com./S.C.,2,13000,10
14313,202504,S.Com./S.C.,0,0,10
14314,202503,S.Com./S.C.,2,107000,10
14315,202502,S.Com./S.C.,0,0,10
14316,202501,S.Com./S.C.,0,0,10
14317,202412,S.Com./S.C.,1,15000,10
14318,202411,S.Com./S.C.,1,5000,10
14319,202410,S.Com./S.C.,0,0,10
14320,202409,S.Com./S.C.,1,3000,10
14321,202408,S.Com./S.C.,0,0,10
14322,202407,S.Com./S.C.,0,0,10
14323,202406,S.Com./S.C.,2,33000,10
14324,202405,S.Com./S.C.,0,0,10
14325,202404,S.Com./S.C.,1,3000,10
14326,202403,S.Com./S.C.,3,66000,10
14327,202402,S.Com./S.C.,3,61000,10
14328,202401,S.Com./S.C.,1,0,10
14329,202312,S.Com./S.C.,0,0,10
14330,202311,S.Com./S.C.,0,0,10
14331,202310,S.Com./S.C.,0,0,10
14332,202309,S.Com./S.C.,0,0,10
14333,202308,S.Com./S.C.,1,120000,10
14334,202307,S.Com./S.C.,2,6000,10
14335,202306,S.Com./S.C.,0,0,10
14336,202305,S.Com./S.C.,3,7000,10
14337,202304,S.Com./S.C.,1,13000,10
14338,202303,S.Com./S.C.,1,30000,10
14339,202302,S.Com./S.C.,1,3000,10
14340,202301,S.Com./S.C.,1,30000,10
14341,202212,S.Com./S.C.,0,0,10
14342,202211,S.Com./S.C.,0,0,10
14343,202210,S.Com./S.C.,0,0,10
14344,202209,S.Com./S.C.,0,0,10
14345,202208,S.Com./S.C.,0,0,10
14346,202207,S.Com./S.C.,0,0,10
14347,202206,S.Com./S.C.,1,3000,10
14348,202205,S.Com./S.C.,1,20000,10
14349,202204,S.Com./S.C.,1,42000,10
14350,202203,S.Com./S.C.,2,13000,10
14351,202202,S.Com./S.C.,0,0,10
14352,202201,S.Com./S.C.,1,3000,10
14353,202112,S.Com./S.C.,1,3000,10
14354,202111,S.Com./S.C.,1,3000,10
14355,202110,S.Com./S.C.,1,3000,10
14356,202109,S.Com./S.C.,0,0,10
14357,202108,S.Com./S.C.,0,0,10
14358,202107,S.Com./S.C.,1,30000,10
14359,202106,S.Com./S.C.,0,0,10
14360,202105,S.Com./S.C.,0,0,10
14361,202104,S.Com./S.C.,0,0,10
14362,202103,S.Com./S.C.,0,0,10
14363,202102,S.Com./S.C.,1,0,10
14364,202101,S.Com./S.C.,2,8000,10
14365,202012,S.Com./S.C.,0,0,10
14366,202011,S.Com./S.C.,0,0,10
14367,202010,S.Com./S.C.,1,33000,10
14368,202009,S.Com./S.C.,0,0,10
14369,202008,S.Com./S.C.,1,9000,10
14370,202007,S.Com./S.C.,0,0,10
14371,202006,S.Com./S.C.,0,0,10
14372,202005,S.Com./S.C.,2,11000,10
14373,202004,S.Com./S.C.,1,290000,10
14374,202003,S.Com./S.C.,0,0,10
14375,202002,S.Com./S.C.,1,3000,10
14376,202001,S.Com./S.C.,1,708000,10
14377,201912,S.Com./S.C.,3,149000,10
14378,201911,S.Com./S.C.,0,0,10
14379,201910,S.Com./S.C.,0,0,10
14380,201909,S.Com./S.C.,1,3000,10
14381,201908,S.Com./S.C.,1,3000,10
14382,201907,S.Com./S.C.,0,0,10
14383,201906,S.Com./S.C.,0,0,10
14384,201905,S.Com./S.C.,2,23000,10
14385,201904,S.Com./S.C.,4,48000,10
14386,201903,S.Com./S.C.,2,9000,10
14387,201902,S.Com./S.C.,3,14000,10
14388,201901,S.Com./S.C.,2,13000,10
14389,201812,S.Com./S.C.,0,0,10
14390,201811,S.Com./S.C.,0,0,10
14391,201810,S.Com./S.C.,1,3000,10
14392,201809,S.Com./S.C.,0,0,10
14393,201808,S.Com./S.C.,1,3000,10
14394,201807,S.Com./S.C.,1,3000,10
14395,201806,S.Com./S.C.,1,43000,10
14396,201805,S.Com./S.C.,1,47000,10
14397,201804,S.Com./S.C.,0,0,10
14398,201803,S.Com./S.C.,0,0,10
14399,201802,S.Com./S.C.,5,2185000,10
14400,201801,S.Com./S.C.,4,16000,10
14401,201712,S.Com./S.C.,0,0,10
14402,201711,S.Com./S.C.,1,18000,10
14403,201710,S.Com./S.C.,0,0,10
14404,201709,S.Com./S.C.,0,0,10
14405,201708,S.Com./S.C.,1,3000,10
14406,201707,S.Com./S.C.,1,3000,10
14407,201706,S.Com./S.C.,1,9000,10
14408,201705,S.Com./S.C.,1,96000,10
14409,201704,S.Com./S.C.,1,15000,10
14410,201703,S.Com./S.C.,4,24000,10
14411,201702,S.Com./S.C.,0,0,10
14412,201701,S.Com./S.C.,7,198000,10
14413,201612,S.Com./S.C.,4,218000,10
14414,201611,S.Com./S.C.,2,27000,10
14415,201610,S.Com./S.C.,2,33000,10
14416,201609,S.Com./S.C.,6,177000,10
14417,201608,S.Com./S.C.,11,65000,10
14418,201607,S.Com./S.C.,23,259000,10
14419,201606,S.Com./S.C.,19,322000,10
14420,201605,S.Com./S.C.,8,320000,10
14421,201604,S.Com./S.C.,24,626000,10
14422,201603,S.Com./S.C.,3,79000,10
14423,201602,S.Com./S.C.,0,0,10
14424,201601,S.Com./S.C.,0,0,10
14425,201512,S.Com./S.C.,1,1000,10
14426,201511,S.Com./S.C.,0,0,10
14427,201510,S.Com./S.C.,1,60000,10
14428,201509,S.Com./S.C.,0,0,10
14429,201508,S.Com./S.C.,0,0,10
14430,201507,S.Com./S.C.,0,0,10
14431,201506,S.Com./S.C.,0,0,10
14432,201505,S.Com./S.C.,0,0,10
14433,201504,S.Com./S.C.,0,0,10
14434,201503,S.Com./S.C.,0,0,10
14435,201502,S.Com./S.C.,0,0,10
14436,201501,S.Com./S.C.,1,1000,10
14437,201412,S.Com./S.C.,0,0,10
14438,201411,S.Com./S.C.,2,6000,10
14439,201410,S.Com./S.C.,0,0,10
14440,201409,S.Com./S.C.,0,0,10
14441,201408,S.Com./S.C.,0,0,10
14442,201407,S.Com./S.C.,0,0,10
14443,201406,S.Com./S.C.,0,0,10
14444,201405,S.Com./S.C.,0,0,10
14445,201404,S.Com./S.C.,0,0,10
14446,201403,S.Com./S.C.,0,0,10
14447,201402,S.Com./S.C.,0,0,10
14448,201401,S.Com./S.C.,0,0,10
14449,201312,S.Com./S.C.,0,0,10
14450,201311,S.Com./S.C.,0,0,10
14451,201310,S.Com./S.C.,0,0,10
14452,201309,S.Com./S.C.,0,0,10
14453,201308,S.Com./S.C.,0,0,10
14454,201307,S.Com./S.C.,0,0,10
14455,201306,S.Com./S.C.,0,0,10
14456,201305,S.Com./S.C.,0,0,10
14457,201304,S.Com./S.C.,0,0,10
14458,201303,S.Com./S.C.,0,0,10
14459,201302,S.Com./S.C.,0,0,10
14460,201301,S.Com./S.C.,0,0,10
14461,201212,S.Com./S.C.,0,0,10
14462,201211,S.Com./S.C.,0,0,10
14463,201210,S.Com./S.C.,0,0,10
14464,201209,S.Com./S.C.,0,0,10
14465,201208,S.Com./S.C.,0,0,10
14466,201207,S.Com./S.C.,3,94000,10
14467,201206,S.Com./S.C.,0,0,10
14468,201205,S.Com./S.C.,0,0,10
14469,201204,S.Com./S.C.,0,0,10
14470,201203,S.Com./S.C.,0,0,10
14471,201202,S.Com./S.C.,0,0,10
14472,201201,S.Com./S.C.,0,0,10
14473,201112,S.Com./S.C.,0,0,10
14474,201111,S.Com./S.C.,0,0,10
14475,201110,S.Com./S.C.,1,0,10
14476,201109,S.Com./S.C.,0,0,10
14477,201108,S.Com./S.C.,0,0,10
14478,201107,S.Com./S.C.,0,0,10
14479,201106,S.Com./S.C.,0,0,10
14480,201105,S.Com./S.C.,0,0,10
14481,201104,S.Com./S.C.,0,0,10
14482,201103,S.Com./S.C.,0,0,10
14483,201102,S.Com./S.C.,0,0,10
14484,201101,S.Com./S.C.,0,0,10
14485,201012,S.Com./S.C.,0,0,10
14486,201011,S.Com./S.C.,0,0,10
14487,201010,S.Com./S.C.,0,0,10
14488,201009,S.Com./S.C.,0,0,10
14489,201008,S.Com./S.C.,0,0,10
14490,201007,S.Com./S.C.,0,0,10
14491,201006,S.Com./S.C.,0,0,10
14492,201005,S.Com./S.C.,0,0,10
14493,201004,S.Com./S.C.,0,0,10
14494,201003,S.Com./S.C.,0,0,10
14495,201002,S.Com./S.C.,0,0,10
14496,201001,S.Com./S.C.,0,0,10
14497,200912,S.Com./S.C.,0,0,10
14498,200911,S.Com./S.C.,0,0,10
14499,200910,S.Com./S.C.,0,0,10
14500,200909,S.Com./S.C.,0,0,10
14501,200908,S.Com./S.C.,0,0,10
14502,200907,S.Com./S.C.,2,1000,10
14503,200906,S.Com./S.C.,0,0,10
14504,200905,S.Com./S.C.,1,1000,10
14505,200904,S.Com./S.C.,1,1000,10
14506,200903,S.Com./S.C.,0,0,10
14507,200902,S.Com./S.C.,1,0,10
14508,200901,S.Com./S.C.,1,0,10
14509,200812,S.Com./S.C.,0,0,10
14510,200811,S.Com./S.C.,0,0,10
14511,200810,S.Com./S.C.,0,0,10
14512,200809,S.Com./S.C.,0,0,10
14513,200808,S.Com./S.C.,0,0,10
14514,200807,S.Com./S.C.,0,0,10
14515,200806,S.Com./S.C.,0,0,10
14516,200805,S.Com./S.C.,0,0,10
14517,200804,S.Com./S.C.,0,0,10
14518,200803,S.Com./S.C.,0,0,10
14519,200802,S.Com./S.C.,0,0,10
14520,200801,S.Com./S.C.,1,0,10
14521,202604,S.Com./S.C.,0,0,11
14522,202603,S.Com./S.C.,0,0,11
14523,202602,S.Com./S.C.,1,6000,11
14524,202601,S.Com./S.C.,0,0,11
14525,202512,S.Com./S.C.,0,0,11
14526,202511,S.Com./S.C.,0,0,11
14527,202510,S.Com./S.C.,0,0,11
14528,202509,S.Com./S.C.,1,60000,11
14529,202508,S.Com./S.C.,0,0,11
14530,202507,S.Com./S.C.,0,0,11
14531,202506,S.Com./S.C.,0,0,11
14532,202505,S.Com./S.C.,0,0,11
14533,202504,S.Com./S.C.,0,0,11
14534,202503,S.Com./S.C.,0,0,11
14535,202502,S.Com./S.C.,0,0,11
14536,202501,S.Com./S.C.,0,0,11
14537,202412,S.Com./S.C.,0,0,11
14538,202411,S.Com./S.C.,0,0,11
14539,202410,S.Com./S.C.,0,0,11
14540,202409,S.Com./S.C.,0,0,11
14541,202408,S.Com./S.C.,0,0,11
14542,202407,S.Com./S.C.,0,0,11
14543,202406,S.Com./S.C.,0,0,11
14544,202405,S.Com./S.C.,0,0,11
14545,202404,S.Com./S.C.,0,0,11
14546,202403,S.Com./S.C.,0,0,11
14547,202402,S.Com./S.C.,0,0,11
14548,202401,S.Com./S.C.,0,0,11
14549,202312,S.Com./S.C.,0,0,11
14550,202311,S.Com./S.C.,0,0,11
14551,202310,S.Com./S.C.,0,0,11
14552,202309,S.Com./S.C.,0,0,11
14553,202308,S.Com./S.C.,0,0,11
14554,202307,S.Com./S.C.,0,0,11
14555,202306,S.Com./S.C.,0,0,11
14556,202305,S.Com./S.C.,0,0,11
14557,202304,S.Com./S.C.,0,0,11
14558,202303,S.Com./S.C.,0,0,11
14559,202302,S.Com./S.C.,0,0,11
14560,202301,S.Com./S.C.,0,0,11
14561,202212,S.Com./S.C.,0,0,11
14562,202211,S.Com./S.C.,0,0,11
14563,202210,S.Com./S.C.,0,0,11
14564,202209,S.Com./S.C.,0,0,11
14565,202208,S.Com./S.C.,0,0,11
14566,202207,S.Com./S.C.,0,0,11
14567,202206,S.Com./S.C.,0,0,11
14568,202205,S.Com./S.C.,0,0,11
14569,202204,S.Com./S.C.,0,0,11
14570,202203,S.Com./S.C.,0,0,11
14571,202202,S.Com./S.C.,0,0,11
14572,202201,S.Com./S.C.,0,0,11
14573,202112,S.Com./S.C.,0,0,11
14574,202111,S.Com./S.C.,0,0,11
14575,202110,S.Com./S.C.,0,0,11
14576,202109,S.Com./S.C.,0,0,11
14577,202108,S.Com./S.C.,0,0,11
14578,202107,S.Com./S.C.,0,0,11
14579,202106,S.Com./S.C.,1,0,11
14580,202105,S.Com./S.C.,0,0,11
14581,202104,S.Com./S.C.,0,0,11
14582,202103,S.Com./S.C.,0,0,11
14583,202102,S.Com./S.C.,0,0,11
14584,202101,S.Com./S.C.,0,0,11
14585,202012,S.Com./S.C.,0,0,11
14586,202011,S.Com./S.C.,0,0,11
14587,202010,S.Com./S.C.,0,0,11
14588,202009,S.Com./S.C.,0,0,11
14589,202008,S.Com./S.C.,0,0,11
14590,202007,S.Com./S.C.,0,0,11
14591,202006,S.Com./S.C.,0,0,11
14592,202005,S.Com./S.C.,0,0,11
14593,202004,S.Com./S.C.,0,0,11
14594,202003,S.Com./S.C.,0,0,11
14595,202002,S.Com./S.C.,0,0,11
14596,202001,S.Com./S.C.,0,0,11
14597,201912,S.Com./S.C.,0,0,11
14598,201911,S.Com./S.C.,0,0,11
14599,201910,S.Com./S.C.,0,0,11
14600,201909,S.Com./S.C.,0,0,11
14601,201908,S.Com./S.C.,0,0,11
14602,201907,S.Com./S.C.,0,0,11
14603,201906,S.Com./S.C.,0,0,11
14604,201905,S.Com./S.C.,0,0,11
14605,201904,S.Com./S.C.,0,0,11
14606,201903,S.Com./S.C.,0,0,11
14607,201902,S.Com./S.C.,0,0,11
14608,201901,S.Com./S.C.,1,57000,11
14609,201812,S.Com./S.C.,0,0,11
14610,201811,S.Com./S.C.,0,0,11
14611,201810,S.Com./S.C.,0,0,11
14612,201809,S.Com./S.C.,0,0,11
14613,201808,S.Com./S.C.,1,1000,11
14614,201807,S.Com./S.C.,0,0,11
14615,201806,S.Com./S.C.,0,0,11
14616,201805,S.Com./S.C.,0,0,11
14617,201804,S.Com./S.C.,0,0,11
14618,201803,S.Com./S.C.,0,0,11
14619,201802,S.Com./S.C.,0,0,11
14620,201801,S.Com./S.C.,0,0,11
14621,201712,S.Com./S.C.,0,0,11
14622,201711,S.Com./S.C.,0,0,11
14623,201710,S.Com./S.C.,0,0,11
14624,201709,S.Com./S.C.,0,0,11
14625,201708,S.Com./S.C.,0,0,11
14626,201707,S.Com./S.C.,0,0,11
14627,201706,S.Com./S.C.,0,0,11
14628,201705,S.Com./S.C.,0,0,11
14629,201704,S.Com./S.C.,0,0,11
14630,201703,S.Com./S.C.,0,0,11
14631,201702,S.Com./S.C.,0,0,11
14632,201701,S.Com./S.C.,0,0,11
14633,201612,S.Com./S.C.,0,0,11
14634,201611,S.Com./S.C.,0,0,11
14635,201610,S.Com./S.C.,0,0,11
14636,201609,S.Com./S.C.,0,0,11
14637,201608,S.Com./S.C.,0,0,11
14638,201607,S.Com./S.C.,0,0,11
14639,201606,S.Com./S.C.,0,0,11
14640,201605,S.Com./S.C.,0,0,11
14641,201604,S.Com./S.C.,0,0,11
14642,201603,S.Com./S.C.,0,0,11
14643,201602,S.Com./S.C.,0,0,11
14644,201601,S.Com./S.C.,1,1000,11
14645,201512,S.Com./S.C.,0,0,11
14646,201511,S.Com./S.C.,0,0,11
14647,201510,S.Com./S.C.,0,0,11
14648,201509,S.Com./S.C.,0,0,11
14649,201508,S.Com./S.C.,0,0,11
14650,201507,S.Com./S.C.,0,0,11
14651,201506,S.Com./S.C.,0,0,11
14652,201505,S.Com./S.C.,0,0,11
14653,201504,S.Com./S.C.,0,0,11
14654,201503,S.Com./S.C.,0,0,11
14655,201502,S.Com./S.C.,0,0,11
14656,201501,S.Com./S.C.,0,0,11
14657,201412,S.Com./S.C.,0,0,11
14658,201411,S.Com./S.C.,0,0,11
14659,201410,S.Com./S.C.,0,0,11
14660,201409,S.Com./S.C.,0,0,11
14661,201408,S.Com./S.C.,0,0,11
14662,201407,S.Com./S.C.,0,0,11
14663,201406,S.Com./S.C.,0,0,11
14664,201405,S.Com./S.C.,0,0,11
14665,201404,S.Com./S.C.,1,3000,11
14666,201403,S.Com./S.C.,0,0,11
14667,201402,S.Com./S.C.,0,0,11
14668,201401,S.Com./S.C.,0,0,11
14669,201312,S.Com./S.C.,0,0,11
14670,201311,S.Com./S.C.,0,0,11
14671,201310,S.Com./S.C.,0,0,11
14672,201309,S.Com./S.C.,0,0,11
14673,201308,S.Com./S.C.,0,0,11
14674,201307,S.Com./S.C.,0,0,11
14675,201306,S.Com./S.C.,0,0,11
14676,201305,S.Com./S.C.,0,0,11
14677,201304,S.Com./S.C.,0,0,11
14678,201303,S.Com./S.C.,0,0,11
14679,201302,S.Com./S.C.,0,0,11
14680,201301,S.Com./S.C.,0,0,11
14681,201212,S.Com./S.C.,0,0,11
14682,201211,S.Com./S.C.,0,0,11
14683,201210,S.Com./S.C.,0,0,11
14684,201209,S.Com./S.C.,0,0,11
14685,201208,S.Com./S.C.,0,0,11
14686,201207,S.Com./S.C.,0,0,11
14687,201206,S.Com./S.C.,0,0,11
14688,201205,S.Com./S.C.,0,0,11
14689,201204,S.Com./S.C.,0,0,11
14690,201203,S.Com./S.C.,0,0,11
14691,201202,S.Com./S.C.,0,0,11
14692,201201,S.Com./S.C.,0,0,11
14693,201112,S.Com./S.C.,0,0,11
14694,201111,S.Com./S.C.,0,0,11
14695,201110,S.Com./S.C.,0,0,11
14696,201109,S.Com./S.C.,0,0,11
14697,201108,S.Com./S.C.,0,0,11
14698,201107,S.Com./S.C.,0,0,11
14699,201106,S.Com./S.C.,0,0,11
14700,201105,S.Com./S.C.,0,0,11
14701,201104,S.Com./S.C.,0,0,11
14702,201103,S.Com./S.C.,0,0,11
14703,201102,S.Com./S.C.,0,0,11
14704,201101,S.Com./S.C.,0,0,11
14705,201012,S.Com./S.C.,0,0,11
14706,201011,S.Com./S.C.,0,0,11
14707,201010,S.Com./S.C.,0,0,11
14708,201009,S.Com./S.C.,0,0,11
14709,201008,S.Com./S.C.,0,0,11
14710,201007,S.Com./S.C.,0,0,11
14711,201006,S.Com./S.C.,0,0,11
14712,201005,S.Com./S.C.,0,0,11
14713,201004,S.Com./S.C.,0,0,11
14714,201003,S.Com./S.C.,0,0,11
14715,201002,S.Com./S.C.,0,0,11
14716,201001,S.Com./S.C.,0,0,11
14717,200912,S.Com./S.C.,0,0,11
14718,200911,S.Com./S.C.,0,0,11
14719,200910,S.Com./S.C.,0,0,11
14720,200909,S.Com./S.C.,0,0,11
14721,200908,S.Com./S.C.,0,0,11
14722,200907,S.Com./S.C.,0,0,11
14723,200906,S.Com./S.C.,0,0,11
14724,200905,S.Com./S.C.,0,0,11
14725,200904,S.Com./S.C.,0,0,11
14726,200903,S.Com./S.C.,0,0,11
14727,200902,S.Com./S.C.,0,0,11
14728,200901,S.Com./S.C.,0,0,11
14729,200812,S.Com./S.C.,0,0,11
14730,200811,S.Com./S.C.,0,0,11
14731,200810,S.Com./S.C.,0,0,11
14732,200809,S.Com./S.C.,0,0,11
14733,200808,S.Com./S.C.,0,0,11
14734,200807,S.Com./S.C.,0,0,11
14735,200806,S.Com./S.C.,0,0,11
14736,200805,S.Com./S.C.,1,1000,11
14737,200804,S.Com./S.C.,0,0,11
14738,200803,S.Com./S.C.,0,0,11
14739,200802,S.Com./S.C.,0,0,11
14740,200801,S.Com./S.C.,0,0,11
14741,202604,S.Com./S.C.,0,0,12
14742,202603,S.Com./S.C.,0,0,12
14743,202602,S.Com./S.C.,0,0,12
14744,202601,S.Com./S.C.,0,0,12
14745,202512,S.Com./S.C.,0,0,12
14746,202511,S.Com./S.C.,0,0,12
14747,202510,S.Com./S.C.,0,0,12
14748,202509,S.Com./S.C.,0,0,12
14749,202508,S.Com./S.C.,0,0,12
14750,202507,S.Com./S.C.,0,0,12
14751,202506,S.Com./S.C.,0,0,12
14752,202505,S.Com./S.C.,0,0,12
14753,202504,S.Com./S.C.,0,0,12
14754,202503,S.Com./S.C.,0,0,12
14755,202502,S.Com./S.C.,0,0,12
14756,202501,S.Com./S.C.,0,0,12
14757,202412,S.Com./S.C.,0,0,12
14758,202411,S.Com./S.C.,0,0,12
14759,202410,S.Com./S.C.,0,0,12
14760,202409,S.Com./S.C.,0,0,12
14761,202408,S.Com./S.C.,0,0,12
14762,202407,S.Com./S.C.,0,0,12
14763,202406,S.Com./S.C.,0,0,12
14764,202405,S.Com./S.C.,0,0,12
14765,202404,S.Com./S.C.,0,0,12
14766,202403,S.Com./S.C.,0,0,12
14767,202402,S.Com./S.C.,0,0,12
14768,202401,S.Com./S.C.,0,0,12
14769,202312,S.Com./S.C.,0,0,12
14770,202311,S.Com./S.C.,0,0,12
14771,202310,S.Com./S.C.,0,0,12
14772,202309,S.Com./S.C.,0,0,12
14773,202308,S.Com./S.C.,0,0,12
14774,202307,S.Com./S.C.,0,0,12
14775,202306,S.Com./S.C.,0,0,12
14776,202305,S.Com./S.C.,0,0,12
14777,202304,S.Com./S.C.,0,0,12
14778,202303,S.Com./S.C.,2,11000,12
14779,202302,S.Com./S.C.,0,0,12
14780,202301,S.Com./S.C.,0,0,12
14781,202212,S.Com./S.C.,0,0,12
14782,202211,S.Com./S.C.,0,0,12
14783,202210,S.Com./S.C.,0,0,12
14784,202209,S.Com./S.C.,0,0,12
14785,202208,S.Com./S.C.,0,0,12
14786,202207,S.Com./S.C.,0,0,12
14787,202206,S.Com./S.C.,0,0,12
14788,202205,S.Com./S.C.,0,0,12
14789,202204,S.Com./S.C.,0,0,12
14790,202203,S.Com./S.C.,0,0,12
14791,202202,S.Com./S.C.,0,0,12
14792,202201,S.Com./S.C.,0,0,12
14793,202112,S.Com./S.C.,0,0,12
14794,202111,S.Com./S.C.,0,0,12
14795,202110,S.Com./S.C.,0,0,12
14796,202109,S.Com./S.C.,0,0,12
14797,202108,S.Com./S.C.,0,0,12
14798,202107,S.Com./S.C.,0,0,12
14799,202106,S.Com./S.C.,0,0,12
14800,202105,S.Com./S.C.,0,0,12
14801,202104,S.Com./S.C.,0,0,12
14802,202103,S.Com./S.C.,0,0,12
14803,202102,S.Com./S.C.,0,0,12
14804,202101,S.Com./S.C.,1,60000,12
14805,202012,S.Com./S.C.,0,0,12
14806,202011,S.Com./S.C.,0,0,12
14807,202010,S.Com./S.C.,0,0,12
14808,202009,S.Com./S.C.,0,0,12
14809,202008,S.Com./S.C.,0,0,12
14810,202007,S.Com./S.C.,0,0,12
14811,202006,S.Com./S.C.,0,0,12
14812,202005,S.Com./S.C.,0,0,12
14813,202004,S.Com./S.C.,0,0,12
14814,202003,S.Com./S.C.,0,0,12
14815,202002,S.Com./S.C.,0,0,12
14816,202001,S.Com./S.C.,0,0,12
14817,201912,S.Com./S.C.,0,0,12
14818,201911,S.Com./S.C.,0,0,12
14819,201910,S.Com./S.C.,0,0,12
14820,201909,S.Com./S.C.,0,0,12
14821,201908,S.Com./S.C.,0,0,12
14822,201907,S.Com./S.C.,1,29000,12
14823,201906,S.Com./S.C.,0,0,12
14824,201905,S.Com./S.C.,0,0,12
14825,201904,S.Com./S.C.,0,0,12
14826,201903,S.Com./S.C.,0,0,12
14827,201902,S.Com./S.C.,0,0,12
14828,201901,S.Com./S.C.,0,0,12
14829,201812,S.Com./S.C.,0,0,12
14830,201811,S.Com./S.C.,0,0,12
14831,201810,S.Com./S.C.,0,0,12
14832,201809,S.Com./S.C.,1,3000,12
14833,201808,S.Com./S.C.,0,0,12
14834,201807,S.Com./S.C.,0,0,12
14835,201806,S.Com./S.C.,0,0,12
14836,201805,S.Com./S.C.,0,0,12
14837,201804,S.Com./S.C.,0,0,12
14838,201803,S.Com./S.C.,0,0,12
14839,201802,S.Com./S.C.,0,0,12
14840,201801,S.Com./S.C.,0,0,12
14841,201712,S.Com./S.C.,0,0,12
14842,201711,S.Com./S.C.,0,0,12
14843,201710,S.Com./S.C.,0,0,12
14844,201709,S.Com./S.C.,0,0,12
14845,201708,S.Com./S.C.,0,0,12
14846,201707,S.Com./S.C.,0,0,12
14847,201706,S.Com./S.C.,0,0,12
14848,201705,S.Com./S.C.,0,0,12
14849,201704,S.Com./S.C.,0,0,12
14850,201703,S.Com./S.C.,0,0,12
14851,201702,S.Com./S.C.,0,0,12
14852,201701,S.Com./S.C.,0,0,12
14853,201612,S.Com./S.C.,0,0,12
14854,201611,S.Com./S.C.,0,0,12
14855,201610,S.Com./S.C.,0,0,12
14856,201609,S.Com./S.C.,0,0,12
14857,201608,S.Com./S.C.,0,0,12
14858,201607,S.Com./S.C.,1,3000,12
14859,201606,S.Com./S.C.,0,0,12
14860,201605,S.Com./S.C.,0,0,12
14861,201604,S.Com./S.C.,0,0,12
14862,201603,S.Com./S.C.,0,0,12
14863,201602,S.Com./S.C.,0,0,12
14864,201601,S.Com./S.C.,0,0,12
14865,201512,S.Com./S.C.,0,0,12
14866,201511,S.Com./S.C.,0,0,12
14867,201510,S.Com./S.C.,0,0,12
14868,201509,S.Com./S.C.,0,0,12
14869,201508,S.Com./S.C.,0,0,12
14870,201507,S.Com./S.C.,0,0,12
14871,201506,S.Com./S.C.,0,0,12
14872,201505,S.Com./S.C.,0,0,12
14873,201504,S.Com./S.C.,0,0,12
14874,201503,S.Com./S.C.,0,0,12
14875,201502,S.Com./S.C.,0,0,12
14876,201501,S.Com./S.C.,0,0,12
14877,201412,S.Com./S.C.,0,0,12
14878,201411,S.Com./S.C.,0,0,12
14879,201410,S.Com./S.C.,0,0,12
14880,201409,S.Com./S.C.,0,0,12
14881,201408,S.Com./S.C.,0,0,12
14882,201407,S.Com./S.C.,0,0,12
14883,201406,S.Com./S.C.,0,0,12
14884,201405,S.Com./S.C.,0,0,12
14885,201404,S.Com./S.C.,0,0,12
14886,201403,S.Com./S.C.,0,0,12
14887,201402,S.Com./S.C.,0,0,12
14888,201401,S.Com./S.C.,0,0,12
14889,201312,S.Com./S.C.,0,0,12
14890,201311,S.Com./S.C.,0,0,12
14891,201310,S.Com./S.C.,0,0,12
14892,201309,S.Com./S.C.,0,0,12
14893,201308,S.Com./S.C.,0,0,12
14894,201307,S.Com./S.C.,1,120000,12
14895,201306,S.Com./S.C.,0,0,12
14896,201305,S.Com./S.C.,0,0,12
14897,201304,S.Com./S.C.,0,0,12
14898,201303,S.Com./S.C.,0,0,12
14899,201302,S.Com./S.C.,0,0,12
14900,201301,S.Com./S.C.,0,0,12
14901,201212,S.Com./S.C.,0,0,12
14902,201211,S.Com./S.C.,0,0,12
14903,201210,S.Com./S.C.,0,0,12
14904,201209,S.Com./S.C.,0,0,12
14905,201208,S.Com./S.C.,0,0,12
14906,201207,S.Com./S.C.,0,0,12
14907,201206,S.Com./S.C.,0,0,12
14908,201205,S.Com./S.C.,0,0,12
14909,201204,S.Com./S.C.,0,0,12
14910,201203,S.Com./S.C.,0,0,12
14911,201202,S.Com./S.C.,0,0,12
14912,201201,S.Com./S.C.,0,0,12
14913,201112,S.Com./S.C.,0,0,12
14914,201111,S.Com./S.C.,0,0,12
14915,201110,S.Com./S.C.,0,0,12
14916,201109,S.Com./S.C.,0,0,12
14917,201108,S.Com./S.C.,0,0,12
14918,201107,S.Com./S.C.,0,0,12
14919,201106,S.Com./S.C.,0,0,12
14920,201105,S.Com./S.C.,0,0,12
14921,201104,S.Com./S.C.,0,0,12
14922,201103,S.Com./S.C.,0,0,12
14923,201102,S.Com./S.C.,0,0,12
14924,201101,S.Com./S.C.,0,0,12
14925,201012,S.Com./S.C.,0,0,12
14926,201011,S.Com./S.C.,0,0,12
14927,201010,S.Com./S.C.,0,0,12
14928,201009,S.Com./S.C.,0,0,12
14929,201008,S.Com./S.C.,0,0,12
14930,201007,S.Com./S.C.,0,0,12
14931,201006,S.Com./S.C.,0,0,12
14932,201005,S.Com./S.C.,0,0,12
14933,201004,S.Com./S.C.,0,0,12
14934,201003,S.Com./S.C.,0,0,12
14935,201002,S.Com./S.C.,0,0,12
14936,201001,S.Com./S.C.,0,0,12
14937,200912,S.Com./S.C.,0,0,12
14938,200911,S.Com./S.C.,0,0,12
14939,200910,S.Com./S.C.,0,0,12
14940,200909,S.Com./S.C.,0,0,12
14941,200908,S.Com./S.C.,0,0,12
14942,200907,S.Com./S.C.,0,0,12
14943,200906,S.Com./S.C.,0,0,12
14944,200905,S.Com./S.C.,0,0,12
14945,200904,S.Com./S.C.,0,0,12
14946,200903,S.Com./S.C.,0,0,12
14947,200902,S.Com./S.C.,0,0,12
14948,200901,S.Com./S.C.,0,0,12
14949,200812,S.Com./S.C.,0,0,12
14950,200811,S.Com./S.C.,0,0,12
14951,200810,S.Com./S.C.,0,0,12
14952,200809,S.Com./S.C.,0,0,12
14953,200808,S.Com./S.C.,0,0,12
14954,200807,S.Com./S.C.,0,0,12
14955,200806,S.Com./S.C.,0,0,12
14956,200805,S.Com./S.C.,0,0,12
14957,200804,S.Com./S.C.,0,0,12
14958,200803,S.Com./S.C.,0,0,12
14959,200802,S.Com./S.C.,0,0,12
14960,200801,S.Com./S.C.,0,0,12
14961,202604,S.Com./S.C.,0,0,13
14962,202603,S.Com./S.C.,0,0,13
14963,202602,S.Com./S.C.,0,0,13
14964,202601,S.Com./S.C.,1,154000,13
14965,202512,S.Com./S.C.,1,3000,13
14966,202511,S.Com./S.C.,1,302000,13
14967,202510,S.Com./S.C.,1,64000,13
14968,202509,S.Com./S.C.,0,0,13
14969,202508,S.Com./S.C.,0,0,13
14970,202507,S.Com./S.C.,0,0,13
14971,202506,S.Com./S.C.,0,0,13
14972,202505,S.Com./S.C.,0,0,13
14973,202504,S.Com./S.C.,2,90000,13
14974,202503,S.Com./S.C.,0,0,13
14975,202502,S.Com./S.C.,0,0,13
14976,202501,S.Com./S.C.,0,0,13
14977,202412,S.Com./S.C.,0,0,13
14978,202411,S.Com./S.C.,1,294000,13
14979,202410,S.Com./S.C.,2,240000,13
14980,202409,S.Com./S.C.,0,0,13
14981,202408,S.Com./S.C.,0,0,13
14982,202407,S.Com./S.C.,1,184000,13
14983,202406,S.Com./S.C.,2,363000,13
14984,202405,S.Com./S.C.,0,0,13
14985,202404,S.Com./S.C.,0,0,13
14986,202403,S.Com./S.C.,0,0,13
14987,202402,S.Com./S.C.,0,0,13
14988,202401,S.Com./S.C.,0,0,13
14989,202312,S.Com./S.C.,1,1000,13
14990,202311,S.Com./S.C.,0,0,13
14991,202310,S.Com./S.C.,0,0,13
14992,202309,S.Com./S.C.,0,0,13
14993,202308,S.Com./S.C.,0,0,13
14994,202307,S.Com./S.C.,0,0,13
14995,202306,S.Com./S.C.,0,0,13
14996,202305,S.Com./S.C.,1,3000,13
14997,202304,S.Com./S.C.,2,137000,13
14998,202303,S.Com./S.C.,0,0,13
14999,202302,S.Com./S.C.,0,0,13
15000,202301,S.Com./S.C.,0,0,13
15001,202212,S.Com./S.C.,0,0,13
15002,202211,S.Com./S.C.,0,0,13
15003,202210,S.Com./S.C.,0,0,13
15004,202209,S.Com./S.C.,0,0,13
15005,202208,S.Com./S.C.,0,0,13
15006,202207,S.Com./S.C.,0,0,13
15007,202206,S.Com./S.C.,0,0,13
15008,202205,S.Com./S.C.,0,0,13
15009,202204,S.Com./S.C.,1,103000,13
15010,202203,S.Com./S.C.,1,71000,13
15011,202202,S.Com./S.C.,0,0,13
15012,202201,S.Com./S.C.,1,3000,13
15013,202112,S.Com./S.C.,0,0,13
15014,202111,S.Com./S.C.,0,0,13
15015,202110,S.Com./S.C.,0,0,13
15016,202109,S.Com./S.C.,0,0,13
15017,202108,S.Com./S.C.,0,0,13
15018,202107,S.Com./S.C.,0,0,13
15019,202106,S.Com./S.C.,0,0,13
15020,202105,S.Com./S.C.,0,0,13
15021,202104,S.Com./S.C.,0,0,13
15022,202103,S.Com./S.C.,0,0,13
15023,202102,S.Com./S.C.,0,0,13
15024,202101,S.Com./S.C.,0,0,13
15025,202012,S.Com./S.C.,0,0,13
15026,202011,S.Com./S.C.,0,0,13
15027,202010,S.Com./S.C.,0,0,13
15028,202009,S.Com./S.C.,0,0,13
15029,202008,S.Com./S.C.,0,0,13
15030,202007,S.Com./S.C.,0,0,13
15031,202006,S.Com./S.C.,0,0,13
15032,202005,S.Com./S.C.,0,0,13
15033,202004,S.Com./S.C.,0,0,13
15034,202003,S.Com./S.C.,0,0,13
15035,202002,S.Com./S.C.,1,902000,13
15036,202001,S.Com./S.C.,1,20000,13
15037,201912,S.Com./S.C.,0,0,13
15038,201911,S.Com./S.C.,0,0,13
15039,201910,S.Com./S.C.,0,0,13
15040,201909,S.Com./S.C.,0,0,13
15041,201908,S.Com./S.C.,0,0,13
15042,201907,S.Com./S.C.,0,0,13
15043,201906,S.Com./S.C.,0,0,13
15044,201905,S.Com./S.C.,0,0,13
15045,201904,S.Com./S.C.,0,0,13
15046,201903,S.Com./S.C.,0,0,13
15047,201902,S.Com./S.C.,0,0,13
15048,201901,S.Com./S.C.,0,0,13
15049,201812,S.Com./S.C.,0,0,13
15050,201811,S.Com./S.C.,0,0,13
15051,201810,S.Com./S.C.,0,0,13
15052,201809,S.Com./S.C.,0,0,13
15053,201808,S.Com./S.C.,0,0,13
15054,201807,S.Com./S.C.,0,0,13
15055,201806,S.Com./S.C.,1,3000,13
15056,201805,S.Com./S.C.,0,0,13
15057,201804,S.Com./S.C.,0,0,13
15058,201803,S.Com./S.C.,0,0,13
15059,201802,S.Com./S.C.,0,0,13
15060,201801,S.Com./S.C.,0,0,13
15061,201712,S.Com./S.C.,0,0,13
15062,201711,S.Com./S.C.,1,3000,13
15063,201710,S.Com./S.C.,0,0,13
15064,201709,S.Com./S.C.,0,0,13
15065,201708,S.Com./S.C.,0,0,13
15066,201707,S.Com./S.C.,0,0,13
15067,201706,S.Com./S.C.,0,0,13
15068,201705,S.Com./S.C.,0,0,13
15069,201704,S.Com./S.C.,3,162000,13
15070,201703,S.Com./S.C.,0,0,13
15071,201702,S.Com./S.C.,0,0,13
15072,201701,S.Com./S.C.,1,3000,13
15073,201612,S.Com./S.C.,0,0,13
15074,201611,S.Com./S.C.,0,0,13
15075,201610,S.Com./S.C.,1,233000,13
15076,201609,S.Com./S.C.,0,0,13
15077,201608,S.Com./S.C.,1,2000,13
15078,201607,S.Com./S.C.,0,0,13
15079,201606,S.Com./S.C.,1,0,13
15080,201605,S.Com./S.C.,1,55000,13
15081,201604,S.Com./S.C.,0,0,13
15082,201603,S.Com./S.C.,2,72000,13
15083,201602,S.Com./S.C.,0,0,13
15084,201601,S.Com./S.C.,2,13000,13
15085,201512,S.Com./S.C.,0,0,13
15086,201511,S.Com./S.C.,1,10000,13
15087,201510,S.Com./S.C.,0,0,13
15088,201509,S.Com./S.C.,0,0,13
15089,201508,S.Com./S.C.,0,0,13
15090,201507,S.Com./S.C.,0,0,13
15091,201506,S.Com./S.C.,0,0,13
15092,201505,S.Com./S.C.,0,0,13
15093,201504,S.Com./S.C.,0,0,13
15094,201503,S.Com./S.C.,0,0,13
15095,201502,S.Com./S.C.,1,80000,13
15096,201501,S.Com./S.C.,0,0,13
15097,201412,S.Com./S.C.,0,0,13
15098,201411,S.Com./S.C.,0,0,13
15099,201410,S.Com./S.C.,0,0,13
15100,201409,S.Com./S.C.,0,0,13
15101,201408,S.Com./S.C.,0,0,13
15102,201407,S.Com./S.C.,0,0,13
15103,201406,S.Com./S.C.,0,0,13
15104,201405,S.Com./S.C.,0,0,13
15105,201404,S.Com./S.C.,0,0,13
15106,201403,S.Com./S.C.,0,0,13
15107,201402,S.Com./S.C.,0,0,13
15108,201401,S.Com./S.C.,0,0,13
15109,201312,S.Com./S.C.,0,0,13
15110,201311,S.Com./S.C.,0,0,13
15111,201310,S.Com./S.C.,0,0,13
15112,201309,S.Com./S.C.,0,0,13
15113,201308,S.Com./S.C.,0,0,13
15114,201307,S.Com./S.C.,0,0,13
15115,201306,S.Com./S.C.,0,0,13
15116,201305,S.Com./S.C.,0,0,13
15117,201304,S.Com./S.C.,0,0,13
15118,201303,S.Com./S.C.,0,0,13
15119,201302,S.Com./S.C.,0,0,13
15120,201301,S.Com./S.C.,0,0,13
15121,201212,S.Com./S.C.,0,0,13
15122,201211,S.Com./S.C.,0,0,13
15123,201210,S.Com./S.C.,0,0,13
15124,201209,S.Com./S.C.,0,0,13
15125,201208,S.Com./S.C.,0,0,13
15126,201207,S.Com./S.C.,0,0,13
15127,201206,S.Com./S.C.,0,0,13
15128,201205,S.Com./S.C.,0,0,13
15129,201204,S.Com./S.C.,0,0,13
15130,201203,S.Com./S.C.,0,0,13
15131,201202,S.Com./S.C.,0,0,13
15132,201201,S.Com./S.C.,0,0,13
15133,201112,S.Com./S.C.,0,0,13
15134,201111,S.Com./S.C.,0,0,13
15135,201110,S.Com./S.C.,0,0,13
15136,201109,S.Com./S.C.,0,0,13
15137,201108,S.Com./S.C.,0,0,13
15138,201107,S.Com./S.C.,0,0,13
15139,201106,S.Com./S.C.,0,0,13
15140,201105,S.Com./S.C.,0,0,13
15141,201104,S.Com./S.C.,0,0,13
15142,201103,S.Com./S.C.,0,0,13
15143,201102,S.Com./S.C.,0,0,13
15144,201101,S.Com./S.C.,0,0,13
15145,201012,S.Com./S.C.,0,0,13
15146,201011,S.Com./S.C.,0,0,13
15147,201010,S.Com./S.C.,0,0,13
15148,201009,S.Com./S.C.,0,0,13
15149,201008,S.Com./S.C.,0,0,13
15150,201007,S.Com./S.C.,0,0,13
15151,201006,S.Com./S.C.,0,0,13
15152,201005,S.Com./S.C.,0,0,13
15153,201004,S.Com./S.C.,0,0,13
15154,201003,S.Com./S.C.,0,0,13
15155,201002,S.Com./S.C.,0,0,13
15156,201001,S.Com./S.C.,0,0,13
15157,200912,S.Com./S.C.,0,0,13
15158,200911,S.Com./S.C.,0,0,13
15159,200910,S.Com./S.C.,0,0,13
15160,200909,S.Com./S.C.,0,0,13
15161,200908,S.Com./S.C.,0,0,13
15162,200907,S.Com./S.C.,0,0,13
15163,200906,S.Com./S.C.,0,0,13
15164,200905,S.Com./S.C.,0,0,13
15165,200904,S.Com./S.C.,0,0,13
15166,200903,S.Com./S.C.,0,0,13
15167,200902,S.Com./S.C.,0,0,13
15168,200901,S.Com./S.C.,0,0,13
15169,200812,S.Com./S.C.,0,0,13
15170,200811,S.Com./S.C.,0,0,13
15171,200810,S.Com./S.C.,0,0,13
15172,200809,S.Com./S.C.,0,0,13
15173,200808,S.Com./S.C.,0,0,13
15174,200807,S.Com./S.C.,0,0,13
15175,200806,S.Com./S.C.,0,0,13
15176,200805,S.Com./S.C.,0,0,13
15177,200804,S.Com./S.C.,0,0,13
15178,200803,S.Com./S.C.,0,0,13
15179,200802,S.Com./S.C.,0,0,13
15180,200801,S.Com./S.C.,0,0,13
15181,202604,S.Com./S.C.,0,0,14
15182,202603,S.Com./S.C.,0,0,14
15183,202602,S.Com./S.C.,0,0,14
15184,202601,S.Com./S.C.,0,0,14
15185,202512,S.Com./S.C.,0,0,14
15186,202511,S.Com./S.C.,0,0,14
15187,202510,S.Com./S.C.,0,0,14
15188,202509,S.Com./S.C.,0,0,14
15189,202508,S.Com./S.C.,0,0,14
15190,202507,S.Com./S.C.,0,0,14
15191,202506,S.Com./S.C.,0,0,14
15192,202505,S.Com./S.C.,0,0,14
15193,202504,S.Com./S.C.,0,0,14
15194,202503,S.Com./S.C.,0,0,14
15195,202502,S.Com./S.C.,0,0,14
15196,202501,S.Com./S.C.,0,0,14
15197,202412,S.Com./S.C.,0,0,14
15198,202411,S.Com./S.C.,0,0,14
15199,202410,S.Com./S.C.,0,0,14
15200,202409,S.Com./S.C.,0,0,14
15201,202408,S.Com./S.C.,0,0,14
15202,202407,S.Com./S.C.,0,0,14
15203,202406,S.Com./S.C.,0,0,14
15204,202405,S.Com./S.C.,0,0,14
15205,202404,S.Com./S.C.,0,0,14
15206,202403,S.Com./S.C.,0,0,14
15207,202402,S.Com./S.C.,0,0,14
15208,202401,S.Com./S.C.,0,0,14
15209,202312,S.Com./S.C.,0,0,14
15210,202311,S.Com./S.C.,0,0,14
15211,202310,S.Com./S.C.,0,0,14
15212,202309,S.Com./S.C.,0,0,14
15213,202308,S.Com./S.C.,0,0,14
15214,202307,S.Com./S.C.,0,0,14
15215,202306,S.Com./S.C.,0,0,14
15216,202305,S.Com./S.C.,0,0,14
15217,202304,S.Com./S.C.,0,0,14
15218,202303,S.Com./S.C.,0,0,14
15219,202302,S.Com./S.C.,0,0,14
15220,202301,S.Com./S.C.,0,0,14
15221,202212,S.Com./S.C.,1,914000,14
15222,202211,S.Com./S.C.,0,0,14
15223,202210,S.Com./S.C.,0,0,14
15224,202209,S.Com./S.C.,0,0,14
15225,202208,S.Com./S.C.,0,0,14
15226,202207,S.Com./S.C.,0,0,14
15227,202206,S.Com./S.C.,0,0,14
15228,202205,S.Com./S.C.,0,0,14
15229,202204,S.Com./S.C.,0,0,14
15230,202203,S.Com./S.C.,0,0,14
15231,202202,S.Com./S.C.,0,0,14
15232,202201,S.Com./S.C.,0,0,14
15233,202112,S.Com./S.C.,0,0,14
15234,202111,S.Com./S.C.,0,0,14
15235,202110,S.Com./S.C.,0,0,14
15236,202109,S.Com./S.C.,0,0,14
15237,202108,S.Com./S.C.,0,0,14
15238,202107,S.Com./S.C.,0,0,14
15239,202106,S.Com./S.C.,0,0,14
15240,202105,S.Com./S.C.,0,0,14
15241,202104,S.Com./S.C.,0,0,14
15242,202103,S.Com./S.C.,0,0,14
15243,202102,S.Com./S.C.,0,0,14
15244,202101,S.Com./S.C.,0,0,14
15245,202012,S.Com./S.C.,0,0,14
15246,202011,S.Com./S.C.,0,0,14
15247,202010,S.Com./S.C.,0,0,14
15248,202009,S.Com./S.C.,0,0,14
15249,202008,S.Com./S.C.,0,0,14
15250,202007,S.Com./S.C.,0,0,14
15251,202006,S.Com./S.C.,0,0,14
15252,202005,S.Com./S.C.,0,0,14
15253,202004,S.Com./S.C.,0,0,14
15254,202003,S.Com./S.C.,0,0,14
15255,202002,S.Com./S.C.,0,0,14
15256,202001,S.Com./S.C.,0,0,14
15257,201912,S.Com./S.C.,0,0,14
15258,201911,S.Com./S.C.,0,0,14
15259,201910,S.Com./S.C.,0,0,14
15260,201909,S.Com./S.C.,0,0,14
15261,201908,S.Com./S.C.,0,0,14
15262,201907,S.Com./S.C.,0,0,14
15263,201906,S.Com./S.C.,0,0,14
15264,201905,S.Com./S.C.,0,0,14
15265,201904,S.Com./S.C.,0,0,14
15266,201903,S.Com./S.C.,0,0,14
15267,201902,S.Com./S.C.,0,0,14
15268,201901,S.Com./S.C.,0,0,14
15269,201812,S.Com./S.C.,0,0,14
15270,201811,S.Com./S.C.,0,0,14
15271,201810,S.Com./S.C.,0,0,14
15272,201809,S.Com./S.C.,0,0,14
15273,201808,S.Com./S.C.,0,0,14
15274,201807,S.Com./S.C.,0,0,14
15275,201806,S.Com./S.C.,0,0,14
15276,201805,S.Com./S.C.,0,0,14
15277,201804,S.Com./S.C.,0,0,14
15278,201803,S.Com./S.C.,0,0,14
15279,201802,S.Com./S.C.,1,8000,14
15280,201801,S.Com./S.C.,0,0,14
15281,201712,S.Com./S.C.,0,0,14
15282,201711,S.Com./S.C.,0,0,14
15283,201710,S.Com./S.C.,0,0,14
15284,201709,S.Com./S.C.,0,0,14
15285,201708,S.Com./S.C.,0,0,14
15286,201707,S.Com./S.C.,0,0,14
15287,201706,S.Com./S.C.,0,0,14
15288,201705,S.Com./S.C.,1,1000,14
15289,201704,S.Com./S.C.,0,0,14
15290,201703,S.Com./S.C.,0,0,14
15291,201702,S.Com./S.C.,0,0,14
15292,201701,S.Com./S.C.,0,0,14
15293,201612,S.Com./S.C.,0,0,14
15294,201611,S.Com./S.C.,0,0,14
15295,201610,S.Com./S.C.,0,0,14
15296,201609,S.Com./S.C.,0,0,14
15297,201608,S.Com./S.C.,0,0,14
15298,201607,S.Com./S.C.,0,0,14
15299,201606,S.Com./S.C.,0,0,14
15300,201605,S.Com./S.C.,0,0,14
15301,201604,S.Com./S.C.,0,0,14
15302,201603,S.Com./S.C.,0,0,14
15303,201602,S.Com./S.C.,0,0,14
15304,201601,S.Com./S.C.,1,3000,14
15305,201512,S.Com./S.C.,0,0,14
15306,201511,S.Com./S.C.,0,0,14
15307,201510,S.Com./S.C.,1,60000,14
15308,201509,S.Com./S.C.,0,0,14
15309,201508,S.Com./S.C.,0,0,14
15310,201507,S.Com./S.C.,0,0,14
15311,201506,S.Com./S.C.,0,0,14
15312,201505,S.Com./S.C.,0,0,14
15313,201504,S.Com./S.C.,0,0,14
15314,201503,S.Com./S.C.,0,0,14
15315,201502,S.Com./S.C.,0,0,14
15316,201501,S.Com./S.C.,1,3000,14
15317,201412,S.Com./S.C.,0,0,14
15318,201411,S.Com./S.C.,1,12000,14
15319,201410,S.Com./S.C.,0,0,14
15320,201409,S.Com./S.C.,1,0,14
15321,201408,S.Com./S.C.,1,10000,14
15322,201407,S.Com./S.C.,1,25000,14
15323,201406,S.Com./S.C.,0,0,14
15324,201405,S.Com./S.C.,0,0,14
15325,201404,S.Com./S.C.,0,0,14
15326,201403,S.Com./S.C.,0,0,14
15327,201402,S.Com./S.C.,0,0,14
15328,201401,S.Com./S.C.,0,0,14
15329,201312,S.Com./S.C.,0,0,14
15330,201311,S.Com./S.C.,0,0,14
15331,201310,S.Com./S.C.,0,0,14
15332,201309,S.Com./S.C.,0,0,14
15333,201308,S.Com./S.C.,0,0,14
15334,201307,S.Com./S.C.,0,0,14
15335,201306,S.Com./S.C.,0,0,14
15336,201305,S.Com./S.C.,0,0,14
15337,201304,S.Com./S.C.,0,0,14
15338,201303,S.Com./S.C.,0,0,14
15339,201302,S.Com./S.C.,0,0,14
15340,201301,S.Com./S.C.,0,0,14
15341,201212,S.Com./S.C.,2,30000,14
15342,201211,S.Com./S.C.,1,0,14
15343,201210,S.Com./S.C.,0,0,14
15344,201209,S.Com./S.C.,0,0,14
15345,201208,S.Com./S.C.,0,0,14
15346,201207,S.Com./S.C.,1,1000,14
15347,201206,S.Com./S.C.,0,0,14
15348,201205,S.Com./S.C.,0,0,14
15349,201204,S.Com./S.C.,0,0,14
15350,201203,S.Com./S.C.,1,1000,14
15351,201202,S.Com./S.C.,1,3000,14
15352,201201,S.Com./S.C.,0,0,14
15353,201112,S.Com./S.C.,0,0,14
15354,201111,S.Com./S.C.,1,344000,14
15355,201110,S.Com./S.C.,0,0,14
15356,201109,S.Com./S.C.,1,10000,14
15357,201108,S.Com./S.C.,0,0,14
15358,201107,S.Com./S.C.,0,0,14
15359,201106,S.Com./S.C.,1,10000,14
15360,201105,S.Com./S.C.,0,0,14
15361,201104,S.Com./S.C.,1,7000,14
15362,201103,S.Com./S.C.,0,0,14
15363,201102,S.Com./S.C.,0,0,14
15364,201101,S.Com./S.C.,0,0,14
15365,201012,S.Com./S.C.,0,0,14
15366,201011,S.Com./S.C.,0,0,14
15367,201010,S.Com./S.C.,0,0,14
15368,201009,S.Com./S.C.,0,0,14
15369,201008,S.Com./S.C.,0,0,14
15370,201007,S.Com./S.C.,1,34000,14
15371,201006,S.Com./S.C.,1,1000,14
15372,201005,S.Com./S.C.,0,0,14
15373,201004,S.Com./S.C.,0,0,14
15374,201003,S.Com./S.C.,0,0,14
15375,201002,S.Com./S.C.,0,0,14
15376,201001,S.Com./S.C.,0,0,14
15377,200912,S.Com./S.C.,0,0,14
15378,200911,S.Com./S.C.,1,15000,14
15379,200910,S.Com./S.C.,0,0,14
15380,200909,S.Com./S.C.,0,0,14
15381,200908,S.Com./S.C.,0,0,14
15382,200907,S.Com./S.C.,0,0,14
15383,200906,S.Com./S.C.,0,0,14
15384,200905,S.Com./S.C.,0,0,14
15385,200904,S.Com./S.C.,0,0,14
15386,200903,S.Com./S.C.,1,0,14
15387,200902,S.Com./S.C.,0,0,14
15388,200901,S.Com./S.C.,0,0,14
15389,200812,S.Com./S.C.,1,1000,14
15390,200811,S.Com./S.C.,0,0,14
15391,200810,S.Com./S.C.,0,0,14
15392,200809,S.Com./S.C.,0,0,14
15393,200808,S.Com./S.C.,0,0,14
15394,200807,S.Com./S.C.,1,3000,14
15395,200806,S.Com./S.C.,0,0,14
15396,200805,S.Com./S.C.,0,0,14
15397,200804,S.Com./S.C.,0,0,14
15398,200803,S.Com./S.C.,0,0,14
15399,200802,S.Com./S.C.,1,8000,14
15400,200801,S.Com./S.C.,3,1306000,14
15401,202604,S.Com./S.C.,0,0,15
15402,202603,S.Com./S.C.,0,0,15
15403,202602,S.Com./S.C.,0,0,15
15404,202601,S.Com./S.C.,0,0,15
15405,202512,S.Com./S.C.,0,0,15
15406,202511,S.Com./S.C.,0,0,15
15407,202510,S.Com./S.C.,0,0,15
15408,202509,S.Com./S.C.,0,0,15
15409,202508,S.Com./S.C.,0,0,15
15410,202507,S.Com./S.C.,0,0,15
15411,202506,S.Com./S.C.,0,0,15
15412,202505,S.Com./S.C.,0,0,15
15413,202504,S.Com./S.C.,0,0,15
15414,202503,S.Com./S.C.,0,0,15
15415,202502,S.Com./S.C.,0,0,15
15416,202501,S.Com./S.C.,0,0,15
15417,202412,S.Com./S.C.,0,0,15
15418,202411,S.Com./S.C.,0,0,15
15419,202410,S.Com./S.C.,0,0,15
15420,202409,S.Com./S.C.,0,0,15
15421,202408,S.Com./S.C.,0,0,15
15422,202407,S.Com./S.C.,0,0,15
15423,202406,S.Com./S.C.,0,0,15
15424,202405,S.Com./S.C.,0,0,15
15425,202404,S.Com./S.C.,0,0,15
15426,202403,S.Com./S.C.,0,0,15
15427,202402,S.Com./S.C.,0,0,15
15428,202401,S.Com./S.C.,0,0,15
15429,202312,S.Com./S.C.,0,0,15
15430,202311,S.Com./S.C.,0,0,15
15431,202310,S.Com./S.C.,0,0,15
15432,202309,S.Com./S.C.,0,0,15
15433,202308,S.Com./S.C.,0,0,15
15434,202307,S.Com./S.C.,0,0,15
15435,202306,S.Com./S.C.,0,0,15
15436,202305,S.Com./S.C.,0,0,15
15437,202304,S.Com./S.C.,0,0,15
15438,202303,S.Com./S.C.,0,0,15
15439,202302,S.Com./S.C.,0,0,15
15440,202301,S.Com./S.C.,0,0,15
15441,202212,S.Com./S.C.,0,0,15
15442,202211,S.Com./S.C.,0,0,15
15443,202210,S.Com./S.C.,0,0,15
15444,202209,S.Com./S.C.,0,0,15
15445,202208,S.Com./S.C.,0,0,15
15446,202207,S.Com./S.C.,0,0,15
15447,202206,S.Com./S.C.,0,0,15
15448,202205,S.Com./S.C.,0,0,15
15449,202204,S.Com./S.C.,0,0,15
15450,202203,S.Com./S.C.,0,0,15
15451,202202,S.Com./S.C.,0,0,15
15452,202201,S.Com./S.C.,0,0,15
15453,202112,S.Com./S.C.,0,0,15
15454,202111,S.Com./S.C.,0,0,15
15455,202110,S.Com./S.C.,0,0,15
15456,202109,S.Com./S.C.,0,0,15
15457,202108,S.Com./S.C.,0,0,15
15458,202107,S.Com./S.C.,0,0,15
15459,202106,S.Com./S.C.,0,0,15
15460,202105,S.Com./S.C.,0,0,15
15461,202104,S.Com./S.C.,0,0,15
15462,202103,S.Com./S.C.,0,0,15
15463,202102,S.Com./S.C.,0,0,15
15464,202101,S.Com./S.C.,0,0,15
15465,202012,S.Com./S.C.,0,0,15
15466,202011,S.Com./S.C.,0,0,15
15467,202010,S.Com./S.C.,0,0,15
15468,202009,S.Com./S.C.,0,0,15
15469,202008,S.Com./S.C.,0,0,15
15470,202007,S.Com./S.C.,0,0,15
15471,202006,S.Com./S.C.,0,0,15
15472,202005,S.Com./S.C.,0,0,15
15473,202004,S.Com./S.C.,0,0,15
15474,202003,S.Com./S.C.,0,0,15
15475,202002,S.Com./S.C.,0,0,15
15476,202001,S.Com./S.C.,0,0,15
15477,201912,S.Com./S.C.,0,0,15
15478,201911,S.Com./S.C.,0,0,15
15479,201910,S.Com./S.C.,0,0,15
15480,201909,S.Com./S.C.,0,0,15
15481,201908,S.Com./S.C.,0,0,15
15482,201907,S.Com./S.C.,0,0,15
15483,201906,S.Com./S.C.,0,0,15
15484,201905,S.Com./S.C.,0,0,15
15485,201904,S.Com./S.C.,0,0,15
15486,201903,S.Com./S.C.,0,0,15
15487,201902,S.Com./S.C.,0,0,15
15488,201901,S.Com./S.C.,0,0,15
15489,201812,S.Com./S.C.,0,0,15
15490,201811,S.Com./S.C.,0,0,15
15491,201810,S.Com./S.C.,0,0,15
15492,201809,S.Com./S.C.,0,0,15
15493,201808,S.Com./S.C.,0,0,15
15494,201807,S.Com./S.C.,0,0,15
15495,201806,S.Com./S.C.,0,0,15
15496,201805,S.Com./S.C.,0,0,15
15497,201804,S.Com./S.C.,0,0,15
15498,201803,S.Com./S.C.,0,0,15
15499,201802,S.Com./S.C.,0,0,15
15500,201801,S.Com./S.C.,0,0,15
15501,201712,S.Com./S.C.,0,0,15
15502,201711,S.Com./S.C.,0,0,15
15503,201710,S.Com./S.C.,0,0,15
15504,201709,S.Com./S.C.,0,0,15
15505,201708,S.Com./S.C.,0,0,15
15506,201707,S.Com./S.C.,0,0,15
15507,201706,S.Com./S.C.,0,0,15
15508,201705,S.Com./S.C.,0,0,15
15509,201704,S.Com./S.C.,0,0,15
15510,201703,S.Com./S.C.,0,0,15
15511,201702,S.Com./S.C.,0,0,15
15512,201701,S.Com./S.C.,0,0,15
15513,201612,S.Com./S.C.,0,0,15
15514,201611,S.Com./S.C.,0,0,15
15515,201610,S.Com./S.C.,0,0,15
15516,201609,S.Com./S.C.,0,0,15
15517,201608,S.Com./S.C.,0,0,15
15518,201607,S.Com./S.C.,0,0,15
15519,201606,S.Com./S.C.,0,0,15
15520,201605,S.Com./S.C.,0,0,15
15521,201604,S.Com./S.C.,0,0,15
15522,201603,S.Com./S.C.,0,0,15
15523,201602,S.Com./S.C.,0,0,15
15524,201601,S.Com./S.C.,0,0,15
15525,201512,S.Com./S.C.,0,0,15
15526,201511,S.Com./S.C.,0,0,15
15527,201510,S.Com./S.C.,0,0,15
15528,201509,S.Com./S.C.,0,0,15
15529,201508,S.Com./S.C.,0,0,15
15530,201507,S.Com./S.C.,0,0,15
15531,201506,S.Com./S.C.,0,0,15
15532,201505,S.Com./S.C.,0,0,15
15533,201504,S.Com./S.C.,0,0,15
15534,201503,S.Com./S.C.,0,0,15
15535,201502,S.Com./S.C.,0,0,15
15536,201501,S.Com./S.C.,0,0,15
15537,201412,S.Com./S.C.,0,0,15
15538,201411,S.Com./S.C.,0,0,15
15539,201410,S.Com./S.C.,0,0,15
15540,201409,S.Com./S.C.,0,0,15
15541,201408,S.Com./S.C.,0,0,15
15542,201407,S.Com./S.C.,0,0,15
15543,201406,S.Com./S.C.,0,0,15
15544,201405,S.Com./S.C.,0,0,15
15545,201404,S.Com./S.C.,0,0,15
15546,201403,S.Com./S.C.,0,0,15
15547,201402,S.Com./S.C.,0,0,15
15548,201401,S.Com./S.C.,0,0,15
15549,201312,S.Com./S.C.,0,0,15
15550,201311,S.Com./S.C.,0,0,15
15551,201310,S.Com./S.C.,0,0,15
15552,201309,S.Com./S.C.,0,0,15
15553,201308,S.Com./S.C.,0,0,15
15554,201307,S.Com./S.C.,0,0,15
15555,201306,S.Com./S.C.,0,0,15
15556,201305,S.Com./S.C.,0,0,15
15557,201304,S.Com./S.C.,0,0,15
15558,201303,S.Com./S.C.,0,0,15
15559,201302,S.Com./S.C.,0,0,15
15560,201301,S.Com./S.C.,0,0,15
15561,201212,S.Com./S.C.,0,0,15
15562,201211,S.Com./S.C.,0,0,15
15563,201210,S.Com./S.C.,0,0,15
15564,201209,S.Com./S.C.,0,0,15
15565,201208,S.Com./S.C.,0,0,15
15566,201207,S.Com./S.C.,0,0,15
15567,201206,S.Com./S.C.,0,0,15
15568,201205,S.Com./S.C.,0,0,15
15569,201204,S.Com./S.C.,0,0,15
15570,201203,S.Com./S.C.,0,0,15
15571,201202,S.Com./S.C.,0,0,15
15572,201201,S.Com./S.C.,0,0,15
15573,201112,S.Com./S.C.,0,0,15
15574,201111,S.Com./S.C.,0,0,15
15575,201110,S.Com./S.C.,0,0,15
15576,201109,S.Com./S.C.,0,0,15
15577,201108,S.Com./S.C.,0,0,15
15578,201107,S.Com./S.C.,0,0,15
15579,201106,S.Com./S.C.,0,0,15
15580,201105,S.Com./S.C.,0,0,15
15581,201104,S.Com./S.C.,0,0,15
15582,201103,S.Com./S.C.,0,0,15
15583,201102,S.Com./S.C.,0,0,15
15584,201101,S.Com./S.C.,0,0,15
15585,201012,S.Com./S.C.,0,0,15
15586,201011,S.Com./S.C.,0,0,15
15587,201010,S.Com./S.C.,0,0,15
15588,201009,S.Com./S.C.,0,0,15
15589,201008,S.Com./S.C.,0,0,15
15590,201007,S.Com./S.C.,0,0,15
15591,201006,S.Com./S.C.,0,0,15
15592,201005,S.Com./S.C.,0,0,15
15593,201004,S.Com./S.C.,0,0,15
15594,201003,S.Com./S.C.,0,0,15
15595,201002,S.Com./S.C.,0,0,15
15596,201001,S.Com./S.C.,0,0,15
15597,200912,S.Com./S.C.,0,0,15
15598,200911,S.Com./S.C.,0,0,15
15599,200910,S.Com./S.C.,0,0,15
15600,200909,S.Com./S.C.,0,0,15
15601,200908,S.Com./S.C.,0,0,15
15602,200907,S.Com./S.C.,0,0,15
15603,200906,S.Com./S.C.,0,0,15
15604,200905,S.Com./S.C.,0,0,15
15605,200904,S.Com./S.C.,0,0,15
15606,200903,S.Com./S.C.,0,0,15
15607,200902,S.Com./S.C.,0,0,15
15608,200901,S.Com./S.C.,0,0,15
15609,200812,S.Com./S.C.,0,0,15
15610,200811,S.Com./S.C.,0,0,15
15611,200810,S.Com./S.C.,0,0,15
15612,200809,S.Com./S.C.,0,0,15
15613,200808,S.Com./S.C.,0,0,15
15614,200807,S.Com./S.C.,0,0,15
15615,200806,S.Com./S.C.,0,0,15
15616,200805,S.Com./S.C.,0,0,15
15617,200804,S.Com./S.C.,0,0,15
15618,200803,S.Com./S.C.,0,0,15
15619,200802,S.Com./S.C.,0,0,15
15620,200801,S.Com./S.C.,0,0,15
15621,202604,S.Com./S.C.,0,0,16
15622,202603,S.Com./S.C.,0,0,16
15623,202602,S.Com./S.C.,0,0,16
15624,202601,S.Com./S.C.,0,0,16
15625,202512,S.Com./S.C.,0,0,16
15626,202511,S.Com./S.C.,0,0,16
15627,202510,S.Com./S.C.,0,0,16
15628,202509,S.Com./S.C.,0,0,16
15629,202508,S.Com./S.C.,0,0,16
15630,202507,S.Com./S.C.,0,0,16
15631,202506,S.Com./S.C.,0,0,16
15632,202505,S.Com./S.C.,0,0,16
15633,202504,S.Com./S.C.,0,0,16
15634,202503,S.Com./S.C.,0,0,16
15635,202502,S.Com./S.C.,0,0,16
15636,202501,S.Com./S.C.,0,0,16
15637,202412,S.Com./S.C.,0,0,16
15638,202411,S.Com./S.C.,0,0,16
15639,202410,S.Com./S.C.,0,0,16
15640,202409,S.Com./S.C.,0,0,16
15641,202408,S.Com./S.C.,0,0,16
15642,202407,S.Com./S.C.,0,0,16
15643,202406,S.Com./S.C.,0,0,16
15644,202405,S.Com./S.C.,0,0,16
15645,202404,S.Com./S.C.,0,0,16
15646,202403,S.Com./S.C.,0,0,16
15647,202402,S.Com./S.C.,0,0,16
15648,202401,S.Com./S.C.,0,0,16
15649,202312,S.Com./S.C.,0,0,16
15650,202311,S.Com./S.C.,0,0,16
15651,202310,S.Com./S.C.,0,0,16
15652,202309,S.Com./S.C.,0,0,16
15653,202308,S.Com./S.C.,0,0,16
15654,202307,S.Com./S.C.,0,0,16
15655,202306,S.Com./S.C.,0,0,16
15656,202305,S.Com./S.C.,0,0,16
15657,202304,S.Com./S.C.,0,0,16
15658,202303,S.Com./S.C.,0,0,16
15659,202302,S.Com./S.C.,0,0,16
15660,202301,S.Com./S.C.,0,0,16
15661,202212,S.Com./S.C.,0,0,16
15662,202211,S.Com./S.C.,0,0,16
15663,202210,S.Com./S.C.,0,0,16
15664,202209,S.Com./S.C.,0,0,16
15665,202208,S.Com./S.C.,0,0,16
15666,202207,S.Com./S.C.,0,0,16
15667,202206,S.Com./S.C.,0,0,16
15668,202205,S.Com./S.C.,0,0,16
15669,202204,S.Com./S.C.,0,0,16
15670,202203,S.Com./S.C.,0,0,16
15671,202202,S.Com./S.C.,0,0,16
15672,202201,S.Com./S.C.,0,0,16
15673,202112,S.Com./S.C.,0,0,16
15674,202111,S.Com./S.C.,0,0,16
15675,202110,S.Com./S.C.,0,0,16
15676,202109,S.Com./S.C.,0,0,16
15677,202108,S.Com./S.C.,0,0,16
15678,202107,S.Com./S.C.,0,0,16
15679,202106,S.Com./S.C.,0,0,16
15680,202105,S.Com./S.C.,0,0,16
15681,202104,S.Com./S.C.,0,0,16
15682,202103,S.Com./S.C.,0,0,16
15683,202102,S.Com./S.C.,0,0,16
15684,202101,S.Com./S.C.,0,0,16
15685,202012,S.Com./S.C.,0,0,16
15686,202011,S.Com./S.C.,0,0,16
15687,202010,S.Com./S.C.,0,0,16
15688,202009,S.Com./S.C.,0,0,16
15689,202008,S.Com./S.C.,0,0,16
15690,202007,S.Com./S.C.,0,0,16
15691,202006,S.Com./S.C.,0,0,16
15692,202005,S.Com./S.C.,0,0,16
15693,202004,S.Com./S.C.,0,0,16
15694,202003,S.Com./S.C.,1,3000,16
15695,202002,S.Com./S.C.,2,6000,16
15696,202001,S.Com./S.C.,1,3000,16
15697,201912,S.Com./S.C.,0,0,16
15698,201911,S.Com./S.C.,0,0,16
15699,201910,S.Com./S.C.,0,0,16
15700,201909,S.Com./S.C.,0,0,16
15701,201908,S.Com./S.C.,0,0,16
15702,201907,S.Com./S.C.,1,3000,16
15703,201906,S.Com./S.C.,2,6000,16
15704,201905,S.Com./S.C.,0,0,16
15705,201904,S.Com./S.C.,0,0,16
15706,201903,S.Com./S.C.,0,0,16
15707,201902,S.Com./S.C.,0,0,16
15708,201901,S.Com./S.C.,0,0,16
15709,201812,S.Com./S.C.,0,0,16
15710,201811,S.Com./S.C.,0,0,16
15711,201810,S.Com./S.C.,0,0,16
15712,201809,S.Com./S.C.,0,0,16
15713,201808,S.Com./S.C.,0,0,16
15714,201807,S.Com./S.C.,0,0,16
15715,201806,S.Com./S.C.,0,0,16
15716,201805,S.Com./S.C.,0,0,16
15717,201804,S.Com./S.C.,0,0,16
15718,201803,S.Com./S.C.,0,0,16
15719,201802,S.Com./S.C.,0,0,16
15720,201801,S.Com./S.C.,0,0,16
15721,201712,S.Com./S.C.,0,0,16
15722,201711,S.Com./S.C.,0,0,16
15723,201710,S.Com./S.C.,0,0,16
15724,201709,S.Com./S.C.,0,0,16
15725,201708,S.Com./S.C.,0,0,16
15726,201707,S.Com./S.C.,0,0,16
15727,201706,S.Com./S.C.,0,0,16
15728,201705,S.Com./S.C.,0,0,16
15729,201704,S.Com./S.C.,0,0,16
15730,201703,S.Com./S.C.,0,0,16
15731,201702,S.Com./S.C.,0,0,16
15732,201701,S.Com./S.C.,0,0,16
15733,201612,S.Com./S.C.,0,0,16
15734,201611,S.Com./S.C.,0,0,16
15735,201610,S.Com./S.C.,0,0,16
15736,201609,S.Com./S.C.,0,0,16
15737,201608,S.Com./S.C.,0,0,16
15738,201607,S.Com./S.C.,0,0,16
15739,201606,S.Com./S.C.,0,0,16
15740,201605,S.Com./S.C.,0,0,16
15741,201604,S.Com./S.C.,0,0,16
15742,201603,S.Com./S.C.,0,0,16
15743,201602,S.Com./S.C.,0,0,16
15744,201601,S.Com./S.C.,0,0,16
15745,201512,S.Com./S.C.,0,0,16
15746,201511,S.Com./S.C.,0,0,16
15747,201510,S.Com./S.C.,0,0,16
15748,201509,S.Com./S.C.,0,0,16
15749,201508,S.Com./S.C.,0,0,16
15750,201507,S.Com./S.C.,0,0,16
15751,201506,S.Com./S.C.,0,0,16
15752,201505,S.Com./S.C.,0,0,16
15753,201504,S.Com./S.C.,0,0,16
15754,201503,S.Com./S.C.,0,0,16
15755,201502,S.Com./S.C.,0,0,16
15756,201501,S.Com./S.C.,0,0,16
15757,201412,S.Com./S.C.,0,0,16
15758,201411,S.Com./S.C.,0,0,16
15759,201410,S.Com./S.C.,0,0,16
15760,201409,S.Com./S.C.,0,0,16
15761,201408,S.Com./S.C.,0,0,16
15762,201407,S.Com./S.C.,0,0,16
15763,201406,S.Com./S.C.,0,0,16
15764,201405,S.Com./S.C.,0,0,16
15765,201404,S.Com./S.C.,0,0,16
15766,201403,S.Com./S.C.,0,0,16
15767,201402,S.Com./S.C.,0,0,16
15768,201401,S.Com./S.C.,0,0,16
15769,201312,S.Com./S.C.,0,0,16
15770,201311,S.Com./S.C.,0,0,16
15771,201310,S.Com./S.C.,0,0,16
15772,201309,S.Com./S.C.,0,0,16
15773,201308,S.Com./S.C.,0,0,16
15774,201307,S.Com./S.C.,0,0,16
15775,201306,S.Com./S.C.,0,0,16
15776,201305,S.Com./S.C.,0,0,16
15777,201304,S.Com./S.C.,0,0,16
15778,201303,S.Com./S.C.,0,0,16
15779,201302,S.Com./S.C.,0,0,16
15780,201301,S.Com./S.C.,0,0,16
15781,201212,S.Com./S.C.,0,0,16
15782,201211,S.Com./S.C.,0,0,16
15783,201210,S.Com./S.C.,0,0,16
15784,201209,S.Com./S.C.,0,0,16
15785,201208,S.Com./S.C.,0,0,16
15786,201207,S.Com./S.C.,0,0,16
15787,201206,S.Com./S.C.,0,0,16
15788,201205,S.Com./S.C.,0,0,16
15789,201204,S.Com./S.C.,0,0,16
15790,201203,S.Com./S.C.,0,0,16
15791,201202,S.Com./S.C.,0,0,16
15792,201201,S.Com./S.C.,0,0,16
15793,201112,S.Com./S.C.,0,0,16
15794,201111,S.Com./S.C.,0,0,16
15795,201110,S.Com./S.C.,0,0,16
15796,201109,S.Com./S.C.,0,0,16
15797,201108,S.Com./S.C.,0,0,16
15798,201107,S.Com./S.C.,0,0,16
15799,201106,S.Com./S.C.,0,0,16
15800,201105,S.Com./S.C.,0,0,16
15801,201104,S.Com./S.C.,0,0,16
15802,201103,S.Com./S.C.,0,0,16
15803,201102,S.Com./S.C.,0,0,16
15804,201101,S.Com./S.C.,0,0,16
15805,201012,S.Com./S.C.,0,0,16
15806,201011,S.Com./S.C.,0,0,16
15807,201010,S.Com./S.C.,0,0,16
15808,201009,S.Com./S.C.,0,0,16
15809,201008,S.Com./S.C.,0,0,16
15810,201007,S.Com./S.C.,0,0,16
15811,201006,S.Com./S.C.,0,0,16
15812,201005,S.Com./S.C.,0,0,16
15813,201004,S.Com./S.C.,0,0,16
15814,201003,S.Com./S.C.,0,0,16
15815,201002,S.Com./S.C.,0,0,16
15816,201001,S.Com./S.C.,0,0,16
15817,200912,S.Com./S.C.,0,0,16
15818,200911,S.Com./S.C.,0,0,16
15819,200910,S.Com./S.C.,0,0,16
15820,200909,S.Com./S.C.,0,0,16
15821,200908,S.Com./S.C.,0,0,16
15822,200907,S.Com./S.C.,0,0,16
15823,200906,S.Com./S.C.,0,0,16
15824,200905,S.Com./S.C.,0,0,16
15825,200904,S.Com./S.C.,0,0,16
15826,200903,S.Com./S.C.,0,0,16
15827,200902,S.Com./S.C.,0,0,16
15828,200901,S.Com./S.C.,0,0,16
15829,200812,S.Com./S.C.,0,0,16
15830,200811,S.Com./S.C.,0,0,16
15831,200810,S.Com./S.C.,0,0,16
15832,200809,S.Com./S.C.,0,0,16
15833,200808,S.Com./S.C.,0,0,16
15834,200807,S.Com./S.C.,0,0,16
15835,200806,S.Com./S.C.,0,0,16
15836,200805,S.Com./S.C.,0,0,16
15837,200804,S.Com./S.C.,0,0,16
15838,200803,S.Com./S.C.,0,0,16
15839,200802,S.Com./S.C.,0,0,16
15840,200801,S.Com./S.C.,0,0,16
15841,202604,S.Com./S.C.,0,0,17
15842,202603,S.Com./S.C.,0,0,17
15843,202602,S.Com./S.C.,0,0,17
15844,202601,S.Com./S.C.,0,0,17
15845,202512,S.Com./S.C.,0,0,17
15846,202511,S.Com./S.C.,0,0,17
15847,202510,S.Com./S.C.,0,0,17
15848,202509,S.Com./S.C.,0,0,17
15849,202508,S.Com./S.C.,0,0,17
15850,202507,S.Com./S.C.,0,0,17
15851,202506,S.Com./S.C.,0,0,17
15852,202505,S.Com./S.C.,0,0,17
15853,202504,S.Com./S.C.,0,0,17
15854,202503,S.Com./S.C.,0,0,17
15855,202502,S.Com./S.C.,0,0,17
15856,202501,S.Com./S.C.,0,0,17
15857,202412,S.Com./S.C.,0,0,17
15858,202411,S.Com./S.C.,0,0,17
15859,202410,S.Com./S.C.,0,0,17
15860,202409,S.Com./S.C.,0,0,17
15861,202408,S.Com./S.C.,0,0,17
15862,202407,S.Com./S.C.,0,0,17
15863,202406,S.Com./S.C.,0,0,17
15864,202405,S.Com./S.C.,0,0,17
15865,202404,S.Com./S.C.,0,0,17
15866,202403,S.Com./S.C.,0,0,17
15867,202402,S.Com./S.C.,0,0,17
15868,202401,S.Com./S.C.,0,0,17
15869,202312,S.Com./S.C.,0,0,17
15870,202311,S.Com./S.C.,0,0,17
15871,202310,S.Com./S.C.,0,0,17
15872,202309,S.Com./S.C.,0,0,17
15873,202308,S.Com./S.C.,0,0,17
15874,202307,S.Com./S.C.,0,0,17
15875,202306,S.Com./S.C.,0,0,17
15876,202305,S.Com./S.C.,0,0,17
15877,202304,S.Com./S.C.,0,0,17
15878,202303,S.Com./S.C.,0,0,17
15879,202302,S.Com./S.C.,0,0,17
15880,202301,S.Com./S.C.,0,0,17
15881,202212,S.Com./S.C.,0,0,17
15882,202211,S.Com./S.C.,0,0,17
15883,202210,S.Com./S.C.,0,0,17
15884,202209,S.Com./S.C.,0,0,17
15885,202208,S.Com./S.C.,0,0,17
15886,202207,S.Com./S.C.,0,0,17
15887,202206,S.Com./S.C.,0,0,17
15888,202205,S.Com./S.C.,0,0,17
15889,202204,S.Com./S.C.,0,0,17
15890,202203,S.Com./S.C.,1,1000000,17
15891,202202,S.Com./S.C.,0,0,17
15892,202201,S.Com./S.C.,0,0,17
15893,202112,S.Com./S.C.,0,0,17
15894,202111,S.Com./S.C.,0,0,17
15895,202110,S.Com./S.C.,0,0,17
15896,202109,S.Com./S.C.,0,0,17
15897,202108,S.Com./S.C.,0,0,17
15898,202107,S.Com./S.C.,0,0,17
15899,202106,S.Com./S.C.,0,0,17
15900,202105,S.Com./S.C.,0,0,17
15901,202104,S.Com./S.C.,0,0,17
15902,202103,S.Com./S.C.,0,0,17
15903,202102,S.Com./S.C.,0,0,17
15904,202101,S.Com./S.C.,0,0,17
15905,202012,S.Com./S.C.,0,0,17
15906,202011,S.Com./S.C.,0,0,17
15907,202010,S.Com./S.C.,0,0,17
15908,202009,S.Com./S.C.,0,0,17
15909,202008,S.Com./S.C.,0,0,17
15910,202007,S.Com./S.C.,0,0,17
15911,202006,S.Com./S.C.,0,0,17
15912,202005,S.Com./S.C.,0,0,17
15913,202004,S.Com./S.C.,0,0,17
15914,202003,S.Com./S.C.,0,0,17
15915,202002,S.Com./S.C.,0,0,17
15916,202001,S.Com./S.C.,0,0,17
15917,201912,S.Com./S.C.,0,0,17
15918,201911,S.Com./S.C.,0,0,17
15919,201910,S.Com./S.C.,0,0,17
15920,201909,S.Com./S.C.,0,0,17
15921,201908,S.Com./S.C.,0,0,17
15922,201907,S.Com./S.C.,0,0,17
15923,201906,S.Com./S.C.,0,0,17
15924,201905,S.Com./S.C.,0,0,17
15925,201904,S.Com./S.C.,0,0,17
15926,201903,S.Com./S.C.,0,0,17
15927,201902,S.Com./S.C.,0,0,17
15928,201901,S.Com./S.C.,0,0,17
15929,201812,S.Com./S.C.,0,0,17
15930,201811,S.Com./S.C.,0,0,17
15931,201810,S.Com./S.C.,0,0,17
15932,201809,S.Com./S.C.,0,0,17
15933,201808,S.Com./S.C.,0,0,17
15934,201807,S.Com./S.C.,0,0,17
15935,201806,S.Com./S.C.,0,0,17
15936,201805,S.Com./S.C.,0,0,17
15937,201804,S.Com./S.C.,0,0,17
15938,201803,S.Com./S.C.,0,0,17
15939,201802,S.Com./S.C.,0,0,17
15940,201801,S.Com./S.C.,0,0,17
15941,201712,S.Com./S.C.,0,0,17
15942,201711,S.Com./S.C.,0,0,17
15943,201710,S.Com./S.C.,0,0,17
15944,201709,S.Com./S.C.,0,0,17
15945,201708,S.Com./S.C.,0,0,17
15946,201707,S.Com./S.C.,0,0,17
15947,201706,S.Com./S.C.,0,0,17
15948,201705,S.Com./S.C.,0,0,17
15949,201704,S.Com./S.C.,0,0,17
15950,201703,S.Com./S.C.,0,0,17
15951,201702,S.Com./S.C.,0,0,17
15952,201701,S.Com./S.C.,0,0,17
15953,201612,S.Com./S.C.,0,0,17
15954,201611,S.Com./S.C.,1,103000,17
15955,201610,S.Com./S.C.,0,0,17
15956,201609,S.Com./S.C.,0,0,17
15957,201608,S.Com./S.C.,0,0,17
15958,201607,S.Com./S.C.,0,0,17
15959,201606,S.Com./S.C.,0,0,17
15960,201605,S.Com./S.C.,0,0,17
15961,201604,S.Com./S.C.,0,0,17
15962,201603,S.Com./S.C.,0,0,17
15963,201602,S.Com./S.C.,0,0,17
15964,201601,S.Com./S.C.,0,0,17
15965,201512,S.Com./S.C.,0,0,17
15966,201511,S.Com./S.C.,0,0,17
15967,201510,S.Com./S.C.,0,0,17
15968,201509,S.Com./S.C.,0,0,17
15969,201508,S.Com./S.C.,0,0,17
15970,201507,S.Com./S.C.,0,0,17
15971,201506,S.Com./S.C.,0,0,17
15972,201505,S.Com./S.C.,0,0,17
15973,201504,S.Com./S.C.,0,0,17
15974,201503,S.Com./S.C.,0,0,17
15975,201502,S.Com./S.C.,0,0,17
15976,201501,S.Com./S.C.,0,0,17
15977,201412,S.Com./S.C.,0,0,17
15978,201411,S.Com./S.C.,0,0,17
15979,201410,S.Com./S.C.,0,0,17
15980,201409,S.Com./S.C.,0,0,17
15981,201408,S.Com./S.C.,0,0,17
15982,201407,S.Com./S.C.,0,0,17
15983,201406,S.Com./S.C.,0,0,17
15984,201405,S.Com./S.C.,0,0,17
15985,201404,S.Com./S.C.,0,0,17
15986,201403,S.Com./S.C.,0,0,17
15987,201402,S.Com./S.C.,0,0,17
15988,201401,S.Com./S.C.,0,0,17
15989,201312,S.Com./S.C.,0,0,17
15990,201311,S.Com./S.C.,0,0,17
15991,201310,S.Com./S.C.,0,0,17
15992,201309,S.Com./S.C.,0,0,17
15993,201308,S.Com./S.C.,0,0,17
15994,201307,S.Com./S.C.,0,0,17
15995,201306,S.Com./S.C.,0,0,17
15996,201305,S.Com./S.C.,0,0,17
15997,201304,S.Com./S.C.,0,0,17
15998,201303,S.Com./S.C.,0,0,17
15999,201302,S.Com./S.C.,0,0,17
16000,201301,S.Com./S.C.,0,0,17
16001,201212,S.Com./S.C.,0,0,17
16002,201211,S.Com./S.C.,0,0,17
16003,201210,S.Com./S.C.,0,0,17
16004,201209,S.Com./S.C.,0,0,17
16005,201208,S.Com./S.C.,0,0,17
16006,201207,S.Com./S.C.,0,0,17
16007,201206,S.Com./S.C.,0,0,17
16008,201205,S.Com./S.C.,0,0,17
16009,201204,S.Com./S.C.,0,0,17
16010,201203,S.Com./S.C.,0,0,17
16011,201202,S.Com./S.C.,0,0,17
16012,201201,S.Com./S.C.,0,0,17
16013,201112,S.Com./S.C.,0,0,17
16014,201111,S.Com./S.C.,0,0,17
16015,201110,S.Com./S.C.,0,0,17
16016,201109,S.Com./S.C.,0,0,17
16017,201108,S.Com./S.C.,0,0,17
16018,201107,S.Com./S.C.,0,0,17
16019,201106,S.Com./S.C.,0,0,17
16020,201105,S.Com./S.C.,0,0,17
16021,201104,S.Com./S.C.,0,0,17
16022,201103,S.Com./S.C.,0,0,17
16023,201102,S.Com./S.C.,0,0,17
16024,201101,S.Com./S.C.,0,0,17
16025,201012,S.Com./S.C.,0,0,17
16026,201011,S.Com./S.C.,0,0,17
16027,201010,S.Com./S.C.,0,0,17
16028,201009,S.Com./S.C.,1,0,17
16029,201008,S.Com./S.C.,0,0,17
16030,201007,S.Com./S.C.,0,0,17
16031,201006,S.Com./S.C.,0,0,17
16032,201005,S.Com./S.C.,0,0,17
16033,201004,S.Com./S.C.,0,0,17
16034,201003,S.Com./S.C.,0,0,17
16035,201002,S.Com./S.C.,0,0,17
16036,201001,S.Com./S.C.,0,0,17
16037,200912,S.Com./S.C.,0,0,17
16038,200911,S.Com./S.C.,0,0,17
16039,200910,S.Com./S.C.,0,0,17
16040,200909,S.Com./S.C.,0,0,17
16041,200908,S.Com./S.C.,0,0,17
16042,200907,S.Com./S.C.,0,0,17
16043,200906,S.Com./S.C.,0,0,17
16044,200905,S.Com./S.C.,0,0,17
16045,200904,S.Com./S.C.,0,0,17
16046,200903,S.Com./S.C.,0,0,17
16047,200902,S.Com./S.C.,0,0,17
16048,200901,S.Com./S.C.,0,0,17
16049,200812,S.Com./S.C.,0,0,17
16050,200811,S.Com./S.C.,0,0,17
16051,200810,S.Com./S.C.,0,0,17
16052,200809,S.Com./S.C.,0,0,17
16053,200808,S.Com./S.C.,0,0,17
16054,200807,S.Com./S.C.,0,0,17
16055,200806,S.Com./S.C.,0,0,17
16056,200805,S.Com./S.C.,0,0,17
16057,200804,S.Com./S.C.,0,0,17
16058,200803,S.Com./S.C.,0,0,17
16059,200802,S.Com./S.C.,0,0,17
16060,200801,S.Com./S.C.,0,0,17
16061,202604,S.Com./S.C.,0,0,18
16062,202603,S.Com./S.C.,0,0,18
16063,202602,S.Com./S.C.,0,0,18
16064,202601,S.Com./S.C.,0,0,18
16065,202512,S.Com./S.C.,0,0,18
16066,202511,S.Com./S.C.,0,0,18
16067,202510,S.Com./S.C.,0,0,18
16068,202509,S.Com./S.C.,0,0,18
16069,202508,S.Com./S.C.,0,0,18
16070,202507,S.Com./S.C.,0,0,18
16071,202506,S.Com./S.C.,0,0,18
16072,202505,S.Com./S.C.,0,0,18
16073,202504,S.Com./S.C.,0,0,18
16074,202503,S.Com./S.C.,0,0,18
16075,202502,S.Com./S.C.,0,0,18
16076,202501,S.Com./S.C.,0,0,18
16077,202412,S.Com./S.C.,0,0,18
16078,202411,S.Com./S.C.,0,0,18
16079,202410,S.Com./S.C.,0,0,18
16080,202409,S.Com./S.C.,0,0,18
16081,202408,S.Com./S.C.,0,0,18
16082,202407,S.Com./S.C.,0,0,18
16083,202406,S.Com./S.C.,0,0,18
16084,202405,S.Com./S.C.,0,0,18
16085,202404,S.Com./S.C.,0,0,18
16086,202403,S.Com./S.C.,0,0,18
16087,202402,S.Com./S.C.,0,0,18
16088,202401,S.Com./S.C.,0,0,18
16089,202312,S.Com./S.C.,0,0,18
16090,202311,S.Com./S.C.,0,0,18
16091,202310,S.Com./S.C.,0,0,18
16092,202309,S.Com./S.C.,0,0,18
16093,202308,S.Com./S.C.,0,0,18
16094,202307,S.Com./S.C.,0,0,18
16095,202306,S.Com./S.C.,0,0,18
16096,202305,S.Com./S.C.,0,0,18
16097,202304,S.Com./S.C.,0,0,18
16098,202303,S.Com./S.C.,0,0,18
16099,202302,S.Com./S.C.,0,0,18
16100,202301,S.Com./S.C.,0,0,18
16101,202212,S.Com./S.C.,0,0,18
16102,202211,S.Com./S.C.,0,0,18
16103,202210,S.Com./S.C.,0,0,18
16104,202209,S.Com./S.C.,0,0,18
16105,202208,S.Com./S.C.,0,0,18
16106,202207,S.Com./S.C.,0,0,18
16107,202206,S.Com./S.C.,0,0,18
16108,202205,S.Com./S.C.,0,0,18
16109,202204,S.Com./S.C.,0,0,18
16110,202203,S.Com./S.C.,0,0,18
16111,202202,S.Com./S.C.,0,0,18
16112,202201,S.Com./S.C.,0,0,18
16113,202112,S.Com./S.C.,0,0,18
16114,202111,S.Com./S.C.,0,0,18
16115,202110,S.Com./S.C.,0,0,18
16116,202109,S.Com./S.C.,0,0,18
16117,202108,S.Com./S.C.,0,0,18
16118,202107,S.Com./S.C.,0,0,18
16119,202106,S.Com./S.C.,0,0,18
16120,202105,S.Com./S.C.,0,0,18
16121,202104,S.Com./S.C.,0,0,18
16122,202103,S.Com./S.C.,0,0,18
16123,202102,S.Com./S.C.,0,0,18
16124,202101,S.Com./S.C.,0,0,18
16125,202012,S.Com./S.C.,0,0,18
16126,202011,S.Com./S.C.,0,0,18
16127,202010,S.Com./S.C.,0,0,18
16128,202009,S.Com./S.C.,0,0,18
16129,202008,S.Com./S.C.,0,0,18
16130,202007,S.Com./S.C.,0,0,18
16131,202006,S.Com./S.C.,0,0,18
16132,202005,S.Com./S.C.,0,0,18
16133,202004,S.Com./S.C.,0,0,18
16134,202003,S.Com./S.C.,0,0,18
16135,202002,S.Com./S.C.,0,0,18
16136,202001,S.Com./S.C.,0,0,18
16137,201912,S.Com./S.C.,0,0,18
16138,201911,S.Com./S.C.,0,0,18
16139,201910,S.Com./S.C.,0,0,18
16140,201909,S.Com./S.C.,0,0,18
16141,201908,S.Com./S.C.,0,0,18
16142,201907,S.Com./S.C.,0,0,18
16143,201906,S.Com./S.C.,0,0,18
16144,201905,S.Com./S.C.,0,0,18
16145,201904,S.Com./S.C.,0,0,18
16146,201903,S.Com./S.C.,0,0,18
16147,201902,S.Com./S.C.,0,0,18
16148,201901,S.Com./S.C.,0,0,18
16149,201812,S.Com./S.C.,0,0,18
16150,201811,S.Com./S.C.,0,0,18
16151,201810,S.Com./S.C.,0,0,18
16152,201809,S.Com./S.C.,0,0,18
16153,201808,S.Com./S.C.,0,0,18
16154,201807,S.Com./S.C.,0,0,18
16155,201806,S.Com./S.C.,0,0,18
16156,201805,S.Com./S.C.,0,0,18
16157,201804,S.Com./S.C.,0,0,18
16158,201803,S.Com./S.C.,0,0,18
16159,201802,S.Com./S.C.,0,0,18
16160,201801,S.Com./S.C.,0,0,18
16161,201712,S.Com./S.C.,0,0,18
16162,201711,S.Com./S.C.,0,0,18
16163,201710,S.Com./S.C.,0,0,18
16164,201709,S.Com./S.C.,0,0,18
16165,201708,S.Com./S.C.,0,0,18
16166,201707,S.Com./S.C.,0,0,18
16167,201706,S.Com./S.C.,0,0,18
16168,201705,S.Com./S.C.,0,0,18
16169,201704,S.Com./S.C.,0,0,18
16170,201703,S.Com./S.C.,0,0,18
16171,201702,S.Com./S.C.,0,0,18
16172,201701,S.Com./S.C.,0,0,18
16173,201612,S.Com./S.C.,0,0,18
16174,201611,S.Com./S.C.,0,0,18
16175,201610,S.Com./S.C.,0,0,18
16176,201609,S.Com./S.C.,0,0,18
16177,201608,S.Com./S.C.,0,0,18
16178,201607,S.Com./S.C.,0,0,18
16179,201606,S.Com./S.C.,0,0,18
16180,201605,S.Com./S.C.,0,0,18
16181,201604,S.Com./S.C.,0,0,18
16182,201603,S.Com./S.C.,0,0,18
16183,201602,S.Com./S.C.,0,0,18
16184,201601,S.Com./S.C.,0,0,18
16185,201512,S.Com./S.C.,0,0,18
16186,201511,S.Com./S.C.,0,0,18
16187,201510,S.Com./S.C.,0,0,18
16188,201509,S.Com./S.C.,0,0,18
16189,201508,S.Com./S.C.,0,0,18
16190,201507,S.Com./S.C.,0,0,18
16191,201506,S.Com./S.C.,0,0,18
16192,201505,S.Com./S.C.,0,0,18
16193,201504,S.Com./S.C.,0,0,18
16194,201503,S.Com./S.C.,0,0,18
16195,201502,S.Com./S.C.,0,0,18
16196,201501,S.Com./S.C.,0,0,18
16197,201412,S.Com./S.C.,0,0,18
16198,201411,S.Com./S.C.,0,0,18
16199,201410,S.Com./S.C.,0,0,18
16200,201409,S.Com./S.C.,0,0,18
16201,201408,S.Com./S.C.,0,0,18
16202,201407,S.Com./S.C.,0,0,18
16203,201406,S.Com./S.C.,0,0,18
16204,201405,S.Com./S.C.,0,0,18
16205,201404,S.Com./S.C.,0,0,18
16206,201403,S.Com./S.C.,0,0,18
16207,201402,S.Com./S.C.,0,0,18
16208,201401,S.Com./S.C.,0,0,18
16209,201312,S.Com./S.C.,0,0,18
16210,201311,S.Com./S.C.,0,0,18
16211,201310,S.Com./S.C.,0,0,18
16212,201309,S.Com./S.C.,0,0,18
16213,201308,S.Com./S.C.,0,0,18
16214,201307,S.Com./S.C.,0,0,18
16215,201306,S.Com./S.C.,0,0,18
16216,201305,S.Com./S.C.,0,0,18
16217,201304,S.Com./S.C.,0,0,18
16218,201303,S.Com./S.C.,0,0,18
16219,201302,S.Com./S.C.,0,0,18
16220,201301,S.Com./S.C.,0,0,18
16221,201212,S.Com./S.C.,0,0,18
16222,201211,S.Com./S.C.,0,0,18
16223,201210,S.Com./S.C.,0,0,18
16224,201209,S.Com./S.C.,0,0,18
16225,201208,S.Com./S.C.,0,0,18
16226,201207,S.Com./S.C.,0,0,18
16227,201206,S.Com./S.C.,0,0,18
16228,201205,S.Com./S.C.,0,0,18
16229,201204,S.Com./S.C.,0,0,18
16230,201203,S.Com./S.C.,0,0,18
16231,201202,S.Com./S.C.,0,0,18
16232,201201,S.Com./S.C.,0,0,18
16233,201112,S.Com./S.C.,0,0,18
16234,201111,S.Com./S.C.,0,0,18
16235,201110,S.Com./S.C.,0,0,18
16236,201109,S.Com./S.C.,0,0,18
16237,201108,S.Com./S.C.,0,0,18
16238,201107,S.Com./S.C.,0,0,18
16239,201106,S.Com./S.C.,0,0,18
16240,201105,S.Com./S.C.,0,0,18
16241,201104,S.Com./S.C.,0,0,18
16242,201103,S.Com./S.C.,0,0,18
16243,201102,S.Com./S.C.,0,0,18
16244,201101,S.Com./S.C.,0,0,18
16245,201012,S.Com./S.C.,0,0,18
16246,201011,S.Com./S.C.,0,0,18
16247,201010,S.Com./S.C.,0,0,18
16248,201009,S.Com./S.C.,0,0,18
16249,201008,S.Com./S.C.,0,0,18
16250,201007,S.Com./S.C.,0,0,18
16251,201006,S.Com./S.C.,0,0,18
16252,201005,S.Com./S.C.,0,0,18
16253,201004,S.Com./S.C.,0,0,18
16254,201003,S.Com./S.C.,0,0,18
16255,201002,S.Com./S.C.,0,0,18
16256,201001,S.Com./S.C.,0,0,18
16257,200912,S.Com./S.C.,0,0,18
16258,200911,S.Com./S.C.,0,0,18
16259,200910,S.Com./S.C.,0,0,18
16260,200909,S.Com./S.C.,0,0,18
16261,200908,S.Com./S.C.,0,0,18
16262,200907,S.Com./S.C.,0,0,18
16263,200906,S.Com./S.C.,0,0,18
16264,200905,S.Com./S.C.,0,0,18
16265,200904,S.Com./S.C.,0,0,18
16266,200903,S.Com./S.C.,0,0,18
16267,200902,S.Com./S.C.,0,0,18
16268,200901,S.Com./S.C.,0,0,18
16269,200812,S.Com./S.C.,0,0,18
16270,200811,S.Com./S.C.,0,0,18
16271,200810,S.Com./S.C.,0,0,18
16272,200809,S.Com./S.C.,0,0,18
16273,200808,S.Com./S.C.,0,0,18
16274,200807,S.Com./S.C.,0,0,18
16275,200806,S.Com./S.C.,0,0,18
16276,200805,S.Com./S.C.,0,0,18
16277,200804,S.Com./S.C.,0,0,18
16278,200803,S.Com./S.C.,0,0,18
16279,200802,S.Com./S.C.,0,0,18
16280,200801,S.Com./S.C.,0,0,18
16281,202604,S.Com./S.C.,0,0,19
16282,202603,S.Com./S.C.,0,0,19
16283,202602,S.Com./S.C.,0,0,19
16284,202601,S.Com./S.C.,0,0,19
16285,202512,S.Com./S.C.,0,0,19
16286,202511,S.Com./S.C.,0,0,19
16287,202510,S.Com./S.C.,0,0,19
16288,202509,S.Com./S.C.,0,0,19
16289,202508,S.Com./S.C.,0,0,19
16290,202507,S.Com./S.C.,0,0,19
16291,202506,S.Com./S.C.,0,0,19
16292,202505,S.Com./S.C.,0,0,19
16293,202504,S.Com./S.C.,0,0,19
16294,202503,S.Com./S.C.,0,0,19
16295,202502,S.Com./S.C.,0,0,19
16296,202501,S.Com./S.C.,0,0,19
16297,202412,S.Com./S.C.,0,0,19
16298,202411,S.Com./S.C.,0,0,19
16299,202410,S.Com./S.C.,0,0,19
16300,202409,S.Com./S.C.,0,0,19
16301,202408,S.Com./S.C.,0,0,19
16302,202407,S.Com./S.C.,0,0,19
16303,202406,S.Com./S.C.,0,0,19
16304,202405,S.Com./S.C.,0,0,19
16305,202404,S.Com./S.C.,0,0,19
16306,202403,S.Com./S.C.,0,0,19
16307,202402,S.Com./S.C.,0,0,19
16308,202401,S.Com./S.C.,0,0,19
16309,202312,S.Com./S.C.,0,0,19
16310,202311,S.Com./S.C.,0,0,19
16311,202310,S.Com./S.C.,0,0,19
16312,202309,S.Com./S.C.,0,0,19
16313,202308,S.Com./S.C.,0,0,19
16314,202307,S.Com./S.C.,0,0,19
16315,202306,S.Com./S.C.,0,0,19
16316,202305,S.Com./S.C.,0,0,19
16317,202304,S.Com./S.C.,0,0,19
16318,202303,S.Com./S.C.,0,0,19
16319,202302,S.Com./S.C.,0,0,19
16320,202301,S.Com./S.C.,0,0,19
16321,202212,S.Com./S.C.,0,0,19
16322,202211,S.Com./S.C.,0,0,19
16323,202210,S.Com./S.C.,0,0,19
16324,202209,S.Com./S.C.,0,0,19
16325,202208,S.Com./S.C.,0,0,19
16326,202207,S.Com./S.C.,0,0,19
16327,202206,S.Com./S.C.,0,0,19
16328,202205,S.Com./S.C.,0,0,19
16329,202204,S.Com./S.C.,0,0,19
16330,202203,S.Com./S.C.,0,0,19
16331,202202,S.Com./S.C.,0,0,19
16332,202201,S.Com./S.C.,0,0,19
16333,202112,S.Com./S.C.,0,0,19
16334,202111,S.Com./S.C.,0,0,19
16335,202110,S.Com./S.C.,0,0,19
16336,202109,S.Com./S.C.,0,0,19
16337,202108,S.Com./S.C.,0,0,19
16338,202107,S.Com./S.C.,0,0,19
16339,202106,S.Com./S.C.,0,0,19
16340,202105,S.Com./S.C.,0,0,19
16341,202104,S.Com./S.C.,0,0,19
16342,202103,S.Com./S.C.,0,0,19
16343,202102,S.Com./S.C.,0,0,19
16344,202101,S.Com./S.C.,0,0,19
16345,202012,S.Com./S.C.,0,0,19
16346,202011,S.Com./S.C.,0,0,19
16347,202010,S.Com./S.C.,0,0,19
16348,202009,S.Com./S.C.,0,0,19
16349,202008,S.Com./S.C.,0,0,19
16350,202007,S.Com./S.C.,0,0,19
16351,202006,S.Com./S.C.,0,0,19
16352,202005,S.Com./S.C.,0,0,19
16353,202004,S.Com./S.C.,0,0,19
16354,202003,S.Com./S.C.,0,0,19
16355,202002,S.Com./S.C.,0,0,19
16356,202001,S.Com./S.C.,0,0,19
16357,201912,S.Com./S.C.,0,0,19
16358,201911,S.Com./S.C.,0,0,19
16359,201910,S.Com./S.C.,0,0,19
16360,201909,S.Com./S.C.,0,0,19
16361,201908,S.Com./S.C.,0,0,19
16362,201907,S.Com./S.C.,0,0,19
16363,201906,S.Com./S.C.,0,0,19
16364,201905,S.Com./S.C.,0,0,19
16365,201904,S.Com./S.C.,0,0,19
16366,201903,S.Com./S.C.,0,0,19
16367,201902,S.Com./S.C.,0,0,19
16368,201901,S.Com./S.C.,0,0,19
16369,201812,S.Com./S.C.,0,0,19
16370,201811,S.Com./S.C.,0,0,19
16371,201810,S.Com./S.C.,0,0,19
16372,201809,S.Com./S.C.,0,0,19
16373,201808,S.Com./S.C.,0,0,19
16374,201807,S.Com./S.C.,0,0,19
16375,201806,S.Com./S.C.,0,0,19
16376,201805,S.Com./S.C.,0,0,19
16377,201804,S.Com./S.C.,0,0,19
16378,201803,S.Com./S.C.,0,0,19
16379,201802,S.Com./S.C.,0,0,19
16380,201801,S.Com./S.C.,0,0,19
16381,201712,S.Com./S.C.,0,0,19
16382,201711,S.Com./S.C.,0,0,19
16383,201710,S.Com./S.C.,0,0,19
16384,201709,S.Com./S.C.,0,0,19
16385,201708,S.Com./S.C.,0,0,19
16386,201707,S.Com./S.C.,0,0,19
16387,201706,S.Com./S.C.,0,0,19
16388,201705,S.Com./S.C.,0,0,19
16389,201704,S.Com./S.C.,0,0,19
16390,201703,S.Com./S.C.,0,0,19
16391,201702,S.Com./S.C.,0,0,19
16392,201701,S.Com./S.C.,0,0,19
16393,201612,S.Com./S.C.,0,0,19
16394,201611,S.Com./S.C.,0,0,19
16395,201610,S.Com./S.C.,0,0,19
16396,201609,S.Com./S.C.,0,0,19
16397,201608,S.Com./S.C.,0,0,19
16398,201607,S.Com./S.C.,0,0,19
16399,201606,S.Com./S.C.,0,0,19
16400,201605,S.Com./S.C.,0,0,19
16401,201604,S.Com./S.C.,0,0,19
16402,201603,S.Com./S.C.,0,0,19
16403,201602,S.Com./S.C.,0,0,19
16404,201601,S.Com./S.C.,0,0,19
16405,201512,S.Com./S.C.,0,0,19
16406,201511,S.Com./S.C.,0,0,19
16407,201510,S.Com./S.C.,0,0,19
16408,201509,S.Com./S.C.,0,0,19
16409,201508,S.Com./S.C.,0,0,19
16410,201507,S.Com./S.C.,0,0,19
16411,201506,S.Com./S.C.,0,0,19
16412,201505,S.Com./S.C.,0,0,19
16413,201504,S.Com./S.C.,0,0,19
16414,201503,S.Com./S.C.,0,0,19
16415,201502,S.Com./S.C.,0,0,19
16416,201501,S.Com./S.C.,0,0,19
16417,201412,S.Com./S.C.,0,0,19
16418,201411,S.Com./S.C.,0,0,19
16419,201410,S.Com./S.C.,0,0,19
16420,201409,S.Com./S.C.,0,0,19
16421,201408,S.Com./S.C.,0,0,19
16422,201407,S.Com./S.C.,0,0,19
16423,201406,S.Com./S.C.,0,0,19
16424,201405,S.Com./S.C.,0,0,19
16425,201404,S.Com./S.C.,0,0,19
16426,201403,S.Com./S.C.,0,0,19
16427,201402,S.Com./S.C.,0,0,19
16428,201401,S.Com./S.C.,0,0,19
16429,201312,S.Com./S.C.,0,0,19
16430,201311,S.Com./S.C.,0,0,19
16431,201310,S.Com./S.C.,0,0,19
16432,201309,S.Com./S.C.,0,0,19
16433,201308,S.Com./S.C.,0,0,19
16434,201307,S.Com./S.C.,0,0,19
16435,201306,S.Com./S.C.,0,0,19
16436,201305,S.Com./S.C.,0,0,19
16437,201304,S.Com./S.C.,0,0,19
16438,201303,S.Com./S.C.,0,0,19
16439,201302,S.Com./S.C.,0,0,19
16440,201301,S.Com./S.C.,0,0,19
16441,201212,S.Com./S.C.,0,0,19
16442,201211,S.Com./S.C.,0,0,19
16443,201210,S.Com./S.C.,0,0,19
16444,201209,S.Com./S.C.,0,0,19
16445,201208,S.Com./S.C.,0,0,19
16446,201207,S.Com./S.C.,0,0,19
16447,201206,S.Com./S.C.,0,0,19
16448,201205,S.Com./S.C.,0,0,19
16449,201204,S.Com./S.C.,0,0,19
16450,201203,S.Com./S.C.,0,0,19
16451,201202,S.Com./S.C.,0,0,19
16452,201201,S.Com./S.C.,0,0,19
16453,201112,S.Com./S.C.,0,0,19
16454,201111,S.Com./S.C.,0,0,19
16455,201110,S.Com./S.C.,0,0,19
16456,201109,S.Com./S.C.,0,0,19
16457,201108,S.Com./S.C.,0,0,19
16458,201107,S.Com./S.C.,0,0,19
16459,201106,S.Com./S.C.,0,0,19
16460,201105,S.Com./S.C.,0,0,19
16461,201104,S.Com./S.C.,0,0,19
16462,201103,S.Com./S.C.,0,0,19
16463,201102,S.Com./S.C.,0,0,19
16464,201101,S.Com./S.C.,0,0,19
16465,201012,S.Com./S.C.,0,0,19
16466,201011,S.Com./S.C.,0,0,19
16467,201010,S.Com./S.C.,0,0,19
16468,201009,S.Com./S.C.,0,0,19
16469,201008,S.Com./S.C.,0,0,19
16470,201007,S.Com./S.C.,0,0,19
16471,201006,S.Com./S.C.,0,0,19
16472,201005,S.Com./S.C.,0,0,19
16473,201004,S.Com./S.C.,0,0,19
16474,201003,S.Com./S.C.,0,0,19
16475,201002,S.Com./S.C.,0,0,19
16476,201001,S.Com./S.C.,0,0,19
16477,200912,S.Com./S.C.,0,0,19
16478,200911,S.Com./S.C.,0,0,19
16479,200910,S.Com./S.C.,0,0,19
16480,200909,S.Com./S.C.,0,0,19
16481,200908,S.Com./S.C.,0,0,19
16482,200907,S.Com./S.C.,0,0,19
16483,200906,S.Com./S.C.,0,0,19
16484,200905,S.Com./S.C.,0,0,19
16485,200904,S.Com./S.C.,0,0,19
16486,200903,S.Com./S.C.,0,0,19
16487,200902,S.Com./S.C.,0,0,19
16488,200901,S.Com./S.C.,0,0,19
16489,200812,S.Com./S.C.,0,0,19
16490,200811,S.Com./S.C.,0,0,19
16491,200810,S.Com./S.C.,0,0,19
16492,200809,S.Com./S.C.,0,0,19
16493,200808,S.Com./S.C.,0,0,19
16494,200807,S.Com./S.C.,0,0,19
16495,200806,S.Com./S.C.,0,0,19
16496,200805,S.Com./S.C.,0,0,19
16497,200804,S.Com./S.C.,0,0,19
16498,200803,S.Com./S.C.,0,0,19
16499,200802,S.Com./S.C.,0,0,19
16500,200801,S.Com./S.C.,0,0,19
16501,202604,S.Com./S.C.,0,0,20
16502,202603,S.Com./S.C.,0,0,20
16503,202602,S.Com./S.C.,0,0,20
16504,202601,S.Com./S.C.,0,0,20
16505,202512,S.Com./S.C.,0,0,20
16506,202511,S.Com./S.C.,0,0,20
16507,202510,S.Com./S.C.,0,0,20
16508,202509,S.Com./S.C.,0,0,20
16509,202508,S.Com./S.C.,0,0,20
16510,202507,S.Com./S.C.,0,0,20
16511,202506,S.Com./S.C.,0,0,20
16512,202505,S.Com./S.C.,0,0,20
16513,202504,S.Com./S.C.,0,0,20
16514,202503,S.Com./S.C.,0,0,20
16515,202502,S.Com./S.C.,0,0,20
16516,202501,S.Com./S.C.,0,0,20
16517,202412,S.Com./S.C.,0,0,20
16518,202411,S.Com./S.C.,0,0,20
16519,202410,S.Com./S.C.,0,0,20
16520,202409,S.Com./S.C.,0,0,20
16521,202408,S.Com./S.C.,0,0,20
16522,202407,S.Com./S.C.,0,0,20
16523,202406,S.Com./S.C.,0,0,20
16524,202405,S.Com./S.C.,0,0,20
16525,202404,S.Com./S.C.,0,0,20
16526,202403,S.Com./S.C.,0,0,20
16527,202402,S.Com./S.C.,0,0,20
16528,202401,S.Com./S.C.,0,0,20
16529,202312,S.Com./S.C.,0,0,20
16530,202311,S.Com./S.C.,0,0,20
16531,202310,S.Com./S.C.,0,0,20
16532,202309,S.Com./S.C.,0,0,20
16533,202308,S.Com./S.C.,0,0,20
16534,202307,S.Com./S.C.,0,0,20
16535,202306,S.Com./S.C.,0,0,20
16536,202305,S.Com./S.C.,0,0,20
16537,202304,S.Com./S.C.,0,0,20
16538,202303,S.Com./S.C.,0,0,20
16539,202302,S.Com./S.C.,0,0,20
16540,202301,S.Com./S.C.,0,0,20
16541,202212,S.Com./S.C.,0,0,20
16542,202211,S.Com./S.C.,0,0,20
16543,202210,S.Com./S.C.,0,0,20
16544,202209,S.Com./S.C.,0,0,20
16545,202208,S.Com./S.C.,0,0,20
16546,202207,S.Com./S.C.,0,0,20
16547,202206,S.Com./S.C.,0,0,20
16548,202205,S.Com./S.C.,0,0,20
16549,202204,S.Com./S.C.,0,0,20
16550,202203,S.Com./S.C.,0,0,20
16551,202202,S.Com./S.C.,0,0,20
16552,202201,S.Com./S.C.,0,0,20
16553,202112,S.Com./S.C.,0,0,20
16554,202111,S.Com./S.C.,0,0,20
16555,202110,S.Com./S.C.,0,0,20
16556,202109,S.Com./S.C.,0,0,20
16557,202108,S.Com./S.C.,0,0,20
16558,202107,S.Com./S.C.,0,0,20
16559,202106,S.Com./S.C.,0,0,20
16560,202105,S.Com./S.C.,0,0,20
16561,202104,S.Com./S.C.,0,0,20
16562,202103,S.Com./S.C.,0,0,20
16563,202102,S.Com./S.C.,0,0,20
16564,202101,S.Com./S.C.,0,0,20
16565,202012,S.Com./S.C.,0,0,20
16566,202011,S.Com./S.C.,0,0,20
16567,202010,S.Com./S.C.,0,0,20
16568,202009,S.Com./S.C.,0,0,20
16569,202008,S.Com./S.C.,0,0,20
16570,202007,S.Com./S.C.,0,0,20
16571,202006,S.Com./S.C.,0,0,20
16572,202005,S.Com./S.C.,0,0,20
16573,202004,S.Com./S.C.,0,0,20
16574,202003,S.Com./S.C.,0,0,20
16575,202002,S.Com./S.C.,0,0,20
16576,202001,S.Com./S.C.,0,0,20
16577,201912,S.Com./S.C.,0,0,20
16578,201911,S.Com./S.C.,0,0,20
16579,201910,S.Com./S.C.,0,0,20
16580,201909,S.Com./S.C.,0,0,20
16581,201908,S.Com./S.C.,0,0,20
16582,201907,S.Com./S.C.,0,0,20
16583,201906,S.Com./S.C.,0,0,20
16584,201905,S.Com./S.C.,0,0,20
16585,201904,S.Com./S.C.,0,0,20
16586,201903,S.Com./S.C.,0,0,20
16587,201902,S.Com./S.C.,0,0,20
16588,201901,S.Com./S.C.,0,0,20
16589,201812,S.Com./S.C.,0,0,20
16590,201811,S.Com./S.C.,0,0,20
16591,201810,S.Com./S.C.,0,0,20
16592,201809,S.Com./S.C.,0,0,20
16593,201808,S.Com./S.C.,0,0,20
16594,201807,S.Com./S.C.,0,0,20
16595,201806,S.Com./S.C.,0,0,20
16596,201805,S.Com./S.C.,0,0,20
16597,201804,S.Com./S.C.,0,0,20
16598,201803,S.Com./S.C.,0,0,20
16599,201802,S.Com./S.C.,0,0,20
16600,201801,S.Com./S.C.,0,0,20
16601,201712,S.Com./S.C.,0,0,20
16602,201711,S.Com./S.C.,0,0,20
16603,201710,S.Com./S.C.,0,0,20
16604,201709,S.Com./S.C.,0,0,20
16605,201708,S.Com./S.C.,0,0,20
16606,201707,S.Com./S.C.,0,0,20
16607,201706,S.Com./S.C.,0,0,20
16608,201705,S.Com./S.C.,0,0,20
16609,201704,S.Com./S.C.,0,0,20
16610,201703,S.Com./S.C.,0,0,20
16611,201702,S.Com./S.C.,0,0,20
16612,201701,S.Com./S.C.,0,0,20
16613,201612,S.Com./S.C.,0,0,20
16614,201611,S.Com./S.C.,0,0,20
16615,201610,S.Com./S.C.,0,0,20
16616,201609,S.Com./S.C.,0,0,20
16617,201608,S.Com./S.C.,0,0,20
16618,201607,S.Com./S.C.,0,0,20
16619,201606,S.Com./S.C.,0,0,20
16620,201605,S.Com./S.C.,0,0,20
16621,201604,S.Com./S.C.,0,0,20
16622,201603,S.Com./S.C.,0,0,20
16623,201602,S.Com./S.C.,0,0,20
16624,201601,S.Com./S.C.,0,0,20
16625,201512,S.Com./S.C.,0,0,20
16626,201511,S.Com./S.C.,0,0,20
16627,201510,S.Com./S.C.,0,0,20
16628,201509,S.Com./S.C.,0,0,20
16629,201508,S.Com./S.C.,0,0,20
16630,201507,S.Com./S.C.,0,0,20
16631,201506,S.Com./S.C.,0,0,20
16632,201505,S.Com./S.C.,0,0,20
16633,201504,S.Com./S.C.,0,0,20
16634,201503,S.Com./S.C.,0,0,20
16635,201502,S.Com./S.C.,0,0,20
16636,201501,S.Com./S.C.,0,0,20
16637,201412,S.Com./S.C.,0,0,20
16638,201411,S.Com./S.C.,0,0,20
16639,201410,S.Com./S.C.,0,0,20
16640,201409,S.Com./S.C.,0,0,20
16641,201408,S.Com./S.C.,0,0,20
16642,201407,S.Com./S.C.,0,0,20
16643,201406,S.Com./S.C.,0,0,20
16644,201405,S.Com./S.C.,0,0,20
16645,201404,S.Com./S.C.,0,0,20
16646,201403,S.Com./S.C.,0,0,20
16647,201402,S.Com./S.C.,0,0,20
16648,201401,S.Com./S.C.,0,0,20
16649,201312,S.Com./S.C.,0,0,20
16650,201311,S.Com./S.C.,0,0,20
16651,201310,S.Com./S.C.,0,0,20
16652,201309,S.Com./S.C.,0,0,20
16653,201308,S.Com./S.C.,0,0,20
16654,201307,S.Com./S.C.,0,0,20
16655,201306,S.Com./S.C.,0,0,20
16656,201305,S.Com./S.C.,0,0,20
16657,201304,S.Com./S.C.,0,0,20
16658,201303,S.Com./S.C.,0,0,20
16659,201302,S.Com./S.C.,0,0,20
16660,201301,S.Com./S.C.,0,0,20
16661,201212,S.Com./S.C.,0,0,20
16662,201211,S.Com./S.C.,0,0,20
16663,201210,S.Com./S.C.,0,0,20
16664,201209,S.Com./S.C.,0,0,20
16665,201208,S.Com./S.C.,0,0,20
16666,201207,S.Com./S.C.,0,0,20
16667,201206,S.Com./S.C.,0,0,20
16668,201205,S.Com./S.C.,0,0,20
16669,201204,S.Com./S.C.,0,0,20
16670,201203,S.Com./S.C.,0,0,20
16671,201202,S.Com./S.C.,0,0,20
16672,201201,S.Com./S.C.,0,0,20
16673,201112,S.Com./S.C.,0,0,20
16674,201111,S.Com./S.C.,0,0,20
16675,201110,S.Com./S.C.,0,0,20
16676,201109,S.Com./S.C.,0,0,20
16677,201108,S.Com./S.C.,0,0,20
16678,201107,S.Com./S.C.,0,0,20
16679,201106,S.Com./S.C.,0,0,20
16680,201105,S.Com./S.C.,0,0,20
16681,201104,S.Com./S.C.,0,0,20
16682,201103,S.Com./S.C.,0,0,20
16683,201102,S.Com./S.C.,0,0,20
16684,201101,S.Com./S.C.,0,0,20
16685,201012,S.Com./S.C.,0,0,20
16686,201011,S.Com./S.C.,0,0,20
16687,201010,S.Com./S.C.,0,0,20
16688,201009,S.Com./S.C.,0,0,20
16689,201008,S.Com./S.C.,0,0,20
16690,201007,S.Com./S.C.,0,0,20
16691,201006,S.Com./S.C.,0,0,20
16692,201005,S.Com./S.C.,0,0,20
16693,201004,S.Com./S.C.,0,0,20
16694,201003,S.Com./S.C.,0,0,20
16695,201002,S.Com./S.C.,0,0,20
16696,201001,S.Com./S.C.,0,0,20
16697,200912,S.Com./S.C.,0,0,20
16698,200911,S.Com./S.C.,0,0,20
16699,200910,S.Com./S.C.,0,0,20
16700,200909,S.Com./S.C.,0,0,20
16701,200908,S.Com./S.C.,0,0,20
16702,200907,S.Com./S.C.,0,0,20
16703,200906,S.Com./S.C.,0,0,20
16704,200905,S.Com./S.C.,0,0,20
16705,200904,S.Com./S.C.,0,0,20
16706,200903,S.Com./S.C.,0,0,20
16707,200902,S.Com./S.C.,0,0,20
16708,200901,S.Com./S.C.,0,0,20
16709,200812,S.Com./S.C.,0,0,20
16710,200811,S.Com./S.C.,0,0,20
16711,200810,S.Com./S.C.,0,0,20
16712,200809,S.Com./S.C.,0,0,20
16713,200808,S.Com./S.C.,0,0,20
16714,200807,S.Com./S.C.,0,0,20
16715,200806,S.Com./S.C.,0,0,20
16716,200805,S.Com./S.C.,0,0,20
16717,200804,S.Com./S.C.,0,0,20
16718,200803,S.Com./S.C.,0,0,20
16719,200802,S.Com./S.C.,0,0,20
16720,200801,S.Com./S.C.,0,0,20
